groupId,severity,issueCode,variantClassification,variantConfidence,variantSignals,variantAttributes,intentKey,signals,pageCount,pageTypes,primaryUrl,primaryInboundInternalLinks,competingUrls,sampleTitles,sharedTitle,sharedMetaDescription,sharedContentHash,recommendation
CAN-0001,high,content_cannibalization_duplicate_content,true_cannibalization,none,,,buy 3 for ₹799 online - pick any 3 for 799 rs – tripr,duplicate_title|duplicate_meta_description|duplicate_content,4,page,https://triprindia.com/pages/buy-3-for-799,965,,Buy 3 for ₹799 Online - Pick any 3 for 799 Rs – TRIPR,buy 3 for ₹799 online - pick any 3 for 799 rs – tripr,"buy any 3 for 799 rs. bundle sale online, mix and match your favorite cloths and enjoy fastest delivery only at triprindia.com",0a762c6b5ed58fa084b41002a838c485d94af8a0,"Consolidate near-identical pages, add unique content, or canonicalize/noindex weaker variants when they should not rank separately."
CAN-0002,high,content_cannibalization_duplicate_content,true_cannibalization,none,,,buy shirts for men online at ₹249 – tripr,duplicate_title|duplicate_meta_description|duplicate_content,3,collection,https://triprindia.com/collections/shirts,966,,Buy Shirts For Men Online at ₹249 – TRIPR,buy shirts for men online at ₹249 – tripr,shop shirts for men at just ₹249 online. huge collections of mens shirts available on smart casuals and formals at affordable prices. get the fastest shipping & easy returns for 7 days.,e04ab25cdd123d97037905bd29de698a37968228,"Consolidate near-identical pages, add unique content, or canonicalize/noindex weaker variants when they should not rank separately."
CAN-0003,high,content_cannibalization_duplicate_content,true_cannibalization,none,,,affordable clothes fashion,duplicate_title|duplicate_meta_description|duplicate_content|shared_keyword_intent,2,collection,https://triprindia.com/collections/all,967,,Men's Fashion | Shop Men Clothes Online At Affordable Prices – TRIPR,men's fashion | shop men clothes online at affordable prices – tripr,shop men's apparels starts from 209 rs. online. explore various clothes and combo apparels at tripr india and get quick delivery | 7 days returns,e33ada7af37fbcb112979d67e353da9ab0fe351b,"Consolidate near-identical pages, add unique content, or canonicalize/noindex weaker variants when they should not rank separately."
CAN-0004,high,content_cannibalization_duplicate_content,true_cannibalization,none,,,arrival latest new tshirt,duplicate_title|duplicate_meta_description|duplicate_content|shared_keyword_intent,2,collection,https://triprindia.com/collections/all-tshirt,6,,Buy New Arrival T-Shirts For Men Online – TRIPR,buy new arrival t-shirts for men online – tripr,shop newly dropped tshirts online. explore latest collections of tshirts for men at tripr india. shop now and enjoy ✓fastest delivery ✓easy return & exchanges.,c6a1368f15b8374f850506543ee419252acf1f32,"Consolidate near-identical pages, add unique content, or canonicalize/noindex weaker variants when they should not rank separately."
CAN-0005,high,content_cannibalization_duplicate_content,true_cannibalization,none,,,clothes combo combos sets,duplicate_title|duplicate_meta_description|duplicate_content|shared_keyword_intent,2,collection,https://triprindia.com/collections/combos,967,,Buy Combo Clothes For Men Online | Combo sets – TRIPR,buy combo clothes for men online | combo sets – tripr,shop combo dresses for men online starts from ₹309. explore various combo dress sets for men at affordable prices from tripr india.,15d9281eb80332d01bd93ad80701f95350199c95,"Consolidate near-identical pages, add unique content, or canonicalize/noindex weaker variants when they should not rank separately."
CAN-0006,high,content_cannibalization_duplicate_content,true_cannibalization,none,,,combos printed starting vest,duplicate_title|duplicate_meta_description|duplicate_content|shared_keyword_intent,2,collection,https://triprindia.com/collections/printed-vest,967,,Buy Men’s Vest Starting At ₹169 | Vest Combos For ₹299 Online – TRIPR,buy men’s vest starting at ₹169 | vest combos for ₹299 online – tripr,"buy vests for men online at just ₹169, vest combos for ₹299. shop graphic printed, sleeveless and casual vests from tripr india.",d6e47b53391c4541fd12777b5e4211453c817e2d,"Consolidate near-identical pages, add unique content, or canonicalize/noindex weaker variants when they should not rank separately."
CAN-0007,medium,content_cannibalization_duplicate_title,true_cannibalization,none,,,privacy policy – tripr,duplicate_title,2,page|policy,https://triprindia.com/pages/privacy-policy,948,https://triprindia.com/policies/privacy-policy,Privacy Policy – TRIPR|Privacy policy – TRIPR,privacy policy – tripr,,,"Choose a primary URL for the shared intent, strengthen its internal links, and rewrite competing pages for more specific long-tail intent."
CAN-0008,medium,content_cannibalization_duplicate_title,true_cannibalization,none,,,travel jacket – tripr,duplicate_title,2,collection|page,https://triprindia.com/pages/travel-jacket,968,https://triprindia.com/collections/travel-jacket,Travel Jacket – TRIPR,travel jacket – tripr,,,"Choose a primary URL for the shared intent, strengthen its internal links, and rewrite competing pages for more specific long-tail intent."
CAN-0009,medium,content_cannibalization_duplicate_description,true_cannibalization,none,,,high neck quarter sweatshirts tagged zip,duplicate_meta_description,13,collection,https://triprindia.com/collections/sweatshirt-for-mens,968,https://triprindia.com/collections/sweatshirt-for-mens/high-neck-quarter-zip-sweatshirts|https://triprindia.com/collections/sweatshirt-for-mens/printed-sweatshirts|https://triprindia.com/collections/sweatshirt-for-mens/collar-sweatshirts|https://triprindia.com/collections/sweatshirt-for-mens/round-neck-sweatshirts|https://triprindia.com/collections/sweatshirt-for-mens/combo-sweatshirts|https://triprindia.com/collections/sweatshirt-for-mens/black-sweatshirts|https://triprindia.com/collections/sweatshirt-for-mens/grey-sweatshirts|https://triprindia.com/collections/sweatshirt-for-mens/beige-sweatshirts|https://triprindia.com/collections/sweatshirt-for-mens/white-sweatshirts|https://triprindia.com/collections/sweatshirt-for-mens/maroon-sweatshirts|https://triprindia.com/collections/sweatshirt-for-mens/olive-green-sweatshirts|https://triprindia.com/collections/sweatshirt-for-mens/navy-blue-sweatshirts,"Buy Sweatshirts For Men Online at ₹389 – TRIPR|Buy Sweatshirts For Men Online at ₹389 – Tagged ""high neck quarter zip sweatshirts"" – T...|Buy Sweatshirts For Men Online at ₹389 – Tagged ""printed sweatshirts"" – TRIPR|Buy Sweatshirts For Men Online at ₹389 – Tagged ""collar sweatshirts"" – TRIPR|Buy Sweatshirts For Men Online at ₹389 – Tagged ""round neck sweatshirts"" – TRIPR",,keep the chill off in style with winter sweatshirts starting at just ₹389. find warm sweatshirts featuring trendy styles at tripr india. enjoy your perfect winter look is waiting for you.,,"Choose a primary URL for the shared intent, strengthen its internal links, and rewrite competing pages for more specific long-tail intent."
CAN-0010,medium,content_cannibalization_duplicate_description,true_cannibalization,none,,,combo pant track,duplicate_meta_description,6,collection,https://triprindia.com/collections/track-pants-for-men,968,https://triprindia.com/collections/track-pants-for-men/baggy-track-pants|https://triprindia.com/collections/track-pants-for-men/colour-blocked-track-pants|https://triprindia.com/collections/track-pants-for-men/printed-track-pants|https://triprindia.com/collections/track-pants-for-men/track-pants-combo|https://triprindia.com/collections/track-pants-for-men/plain-track-pants,"Buy Track Pants For Men & Track pants Combo Online – TRIPR|Buy Track Pants For Men & Track pants Combo Online – Tagged ""baggy track pants"" – TRIPR|Buy Track Pants For Men & Track pants Combo Online – Tagged ""colour blocked track pants...|Buy Track Pants For Men & Track pants Combo Online – Tagged ""printed track pants"" – TRIPR|Buy Track Pants For Men & Track pants Combo Online – Tagged ""track pants combo"" – TRIPR",,"shop men's track pants starting at ₹249 & combos at ₹399 online affordable sale. explore solid, printed, multi colour, cuffed & baggy track pants in one place and get coupons offers at checkout.",,"Choose a primary URL for the shared intent, strengthen its internal links, and rewrite competing pages for more specific long-tail intent."
CAN-0011,medium,content_cannibalization_duplicate_description,true_cannibalization,none,,,starting suit suite suits track,duplicate_meta_description,5,collection,https://triprindia.com/collections/track-suite,968,https://triprindia.com/collections/track-suite/half-sleeve-tracksuit|https://triprindia.com/collections/track-suite/full-sleeve-tracksuit|https://triprindia.com/collections/track-suite/hooded-tracksuit|https://triprindia.com/collections/track-suite/combo-tracksuit,"Buy Track Suit For Men Starting at Rs.379 Online – TRIPR|Buy Track Suit For Men Starting at Rs.379 Online – Tagged ""half sleeve tracksuit"" – TRIPR|Buy Track Suit For Men Starting at Rs.379 Online – Tagged ""full sleeve tracksuit"" – TRIPR|Buy Track Suit For Men Starting at Rs.379 Online – Tagged ""hooded tracksuit"" – TRIPR|Buy Track Suit For Men Starting at Rs.379 Online – Tagged ""combo tracksuit"" – TRIPR",,shop track suit for men starting at ₹379 online. explore various top and bottom matching sets of track suits at budget friendly prices.,,"Choose a primary URL for the shared intent, strengthen its internal links, and rewrite competing pages for more specific long-tail intent."
CAN-0012,medium,content_cannibalization_duplicate_description,true_cannibalization,none,,,fit loose neck pant plain round suit track tracksuit tshirt,duplicate_meta_description,4,product,https://triprindia.com/products/track-suit-for-loose-fit-t-shirt-matching-plain-track-pant,42,https://triprindia.com/products/track-suit-for-round-neck-plain-t-shirt-plain-loose-fit-track-pant|https://triprindia.com/products/track-suit-for-round-neck-printed-t-shirt-plain-loose-fit-track-pant|https://triprindia.com/products/high-neck-t-shirt-with-plain-track-pant-track-suit,Men Tracksuit Round Neck Plain Tshirts Loose Fit Plain Trackpants – TRIPR|Men Tracksuit Round Neck Printed Tshirts Loose Fit Plain Trackpants – TRIPR|Men Tracksuit High Neck Tshirts Loose Fit Plain Trackpants – TRIPR|Men Tracksuit Oversized Back Printed Tshirts Loose Fit Plain Trackpant – TRIPR,,"product description: stylish men’s tracksuits featuring printed and solid t-shirts, oversized tees, polos, and matching bottom wear for a trendy coordinated look. crafted from soft, breathable premium fabric ensuring maximum comfort and durability for every...",,"Choose a primary URL for the shared intent, strengthen its internal links, and rewrite competing pages for more specific long-tail intent."
CAN-0013,medium,content_cannibalization_duplicate_description,true_cannibalization,none,,,back graphic matching outfit oversize oversized pant plain printed sets track tracksuit tshirt,duplicate_meta_description,3,product,https://triprindia.com/products/outfit-set-for-men-over-sized-tshirt-matching-plain-trackpant-10-variants,1,https://triprindia.com/products/graphic-printed-oversize-t-shirts-and-track-pants-tracksuit-for-men|https://triprindia.com/products/graphics-printed-oversize-t-shirts-and-track-pants-tracksuit,Oversized Back Printed Tshirts Plain Matching Trackpants Outfit Sets – TRIPR|Men Tracksuit Oversized Back Printed Tshirts Plain Trackpants – TRIPR|Men Outfit Set - Oversized Printed T shirts & Plain Track Pants - 11 V – TRIPR,,"product description: trendy men’s oversized tracksuit featuring a stylish printed t-shirt paired with comfortable jogger pants designed for a clean, sporty look made from soft, breathable fabric for all-day comfort and ease of movement perfect for casual we...",,"Choose a primary URL for the shared intent, strengthen its internal links, and rewrite competing pages for more specific long-tail intent."
CAN-0014,medium,content_cannibalization_duplicate_description,true_cannibalization,none,,,cargo jogger pant,duplicate_meta_description,2,collection,https://triprindia.com/collections/cargo-pants-for-men,968,https://triprindia.com/collections/cargo-pants-for-men/cargo-pants-combo,"Buy Cargo Pants and Joggers For Men Online – TRIPR|Buy Cargo Pants and Joggers For Men Online – Tagged ""cargo pants combo"" – TRIPR",,buy cargo pants & joggers for men starting at rs.299. online sale on huge variety of men cargo pants & joggers at tripr india - get the perfect cargo pant and enjoy ✓fastest delivery,,"Choose a primary URL for the shared intent, strengthen its internal links, and rewrite competing pages for more specific long-tail intent."
CAN-0015,medium,content_cannibalization_duplicate_description,true_cannibalization,none,,,collar copy full mandarin neck seelve sleeve solid tshirt zip,duplicate_meta_description,2,product,https://triprindia.com/products/men-solid-dark-grey-mandarin-collar-full-seelve-t-shirt-copy,1,https://triprindia.com/products/men-mandarin-collar-full-sleeve-zip-neck-contrast-t-shirts,Men Brown Mandarin Collar Full Sleeve Zip Neck T-Shirt – TRIPR|Men Mandarin Collar Full Sleeve Zip Neck Contrast T-Shirts – TRIPR,,"fabric & care: cotton blend fabric. 170 to 180 gsm ,regular machine wash.shipping/delivery: the order will be dispatched within 24-48 hours, and you can expect to receive your order within 4-5 business days.return and exchange: we have an easy 7 days return...",,"Choose a primary URL for the shared intent, strengthen its internal links, and rewrite competing pages for more specific long-tail intent."
CAN-0016,medium,content_cannibalization_duplicate_description,true_cannibalization,none,,,tripr is an online fashion portal which offers stylish and trendy clothing for men. we ...,duplicate_meta_description,2,home|unknown,https://triprindia.com/,968,https://triprindia.com/collections,TRIPR - The Power of Fashion|Collections – TRIPR,,"tripr is an online fashion portal which offers stylish and trendy clothing for men. we provide the customers with a wide range of designer wear, branded clothes, t-shirts, tops, jeans, shorts, jackets & coats for men at unbeat . imagine the next level of fa...",,"Choose a primary URL for the shared intent, strengthen its internal links, and rewrite competing pages for more specific long-tail intent."
CAN-0017,medium,content_cannibalization_variant_serp_risk,variant_serp_risk,high,color_variant|model_code_variant|variant_family,code:os10|code:os11|code:os3|code:os5|code:os6|code:os8|code:os9|color:beige|color:black|color:blue|color:brown|color:green|color:grey|color:maroon|color:multi|color:navy|color:navyblue|color:olive|color:olivegreen|color:white|variant_family,baggy cargo fit jogger over oversized pocket pockets printed,duplicate_title,28,product,https://triprindia.com/products/men-4-pockets-dual-color-baggy-cargo-pant-black-beige-os8,3,https://triprindia.com/products/mens-multi-pockets-all-over-printed-baggy-fit-oversized-cargo-jogger-grey-os6|https://triprindia.com/products/mens-multi-pockets-all-over-printed-baggy-fit-oversized-cargo-jogger-black-brown-os5|https://triprindia.com/products/men-multi-pockets-anime-printed-baggy-cargo-grey-os9|https://triprindia.com/products/men-multi-pockets-colorblocked-plain-baggy-cargo-grey|https://triprindia.com/products/multi-pockets-colorblocked-plain-baggy-cargo-black-os11|https://triprindia.com/products/men-multi-pockets-designing-printed-baggy-cargo-olive-green-os10|https://triprindia.com/products/men-4-pockets-dual-color-baggy-cargo-pant-navyblue-grey-os8|https://triprindia.com/products/men-4-pockets-dual-color-baggy-cargo-pant-grey-black-os8|https://triprindia.com/products/men-multi-pockets-designing-printed-baggy-cargo-grey-os10|https://triprindia.com/products/men-multi-pockets-designing-printed-baggy-cargo-maroon|https://triprindia.com/products/men-4-pockets-dual-color-baggy-cargo-pant-maroon-black-os8|https://triprindia.com/products/men-4-pockets-dual-color-baggy-cargo-pant-olivegreen-grey-os8|https://triprindia.com/products/men-multi-pockets-anime-printed-baggy-cargo-olivegreen-os9|https://triprindia.com/products/men-multi-pockets-anime-printed-baggy-cargo-black-os9|https://triprindia.com/products/men-multi-pockets-designing-printed-baggy-cargo-black-os10|https://triprindia.com/products/men-multi-pockets-designing-printed-baggy-cargo-beige-os10|https://triprindia.com/products/men-4-pockets-dual-color-baggy-cargo-pant-black-grey-os8|https://triprindia.com/products/mens-multi-pockets-plain-baggy-fit-solid-cargo-jogger-5-colors|https://triprindia.com/products/mens-multi-pockets-all-over-printed-baggy-cargo-pants-os6|https://triprindia.com/products/mens-multi-pockets-plain-baggy-fit-oversized-cargo-jogger-grey|https://triprindia.com/products/mens-multi-pockets-plain-baggy-fit-oversized-cargo-jogger-black|https://triprindia.com/products/mens-multi-pockets-plain-baggy-fit-oversized-cargo-jogger-white|https://triprindia.com/products/mens-multi-pockets-plain-baggy-fit-oversized-cargo-jogger-beige|https://triprindia.com/products/mens-multi-pockets-plain-baggy-fit-oversized-cargo-jogger-olive-green|https://triprindia.com/products/mens-multi-pockets-all-over-printed-baggy-fit-oversized-cargo-jogger-maroon-os6|https://triprindia.com/products/mens-multi-pockets-all-over-printed-baggy-fit-oversized-cargo-jogger-black-os3|https://triprindia.com/products/mens-multi-pockets-all-over-printed-baggy-fit-oversized-cargo-jogger-black-os6,Buy Navy Blue Baggy fit Multi Pocket Cargo Joggers Online – TRIPR,buy navy blue baggy fit multi pocket cargo joggers online – tripr,,,"Keep the variant pages only if they serve distinct demand; otherwise consolidate, canonicalize, or rewrite variant titles, meta descriptions, and body copy with clear color, pack, design, or use-case differences."
CAN-0018,medium,content_cannibalization_variant_serp_risk,variant_serp_risk,high,color_variant|combo_variant|model_code_variant|pack_variant|variant_family,code:vt10|code:vt11|code:vt2|code:vt4|code:vt5|code:vt6|color:beige|color:black|color:blue|color:charcoal|color:green|color:grey|color:maroon|color:navy|color:olive|color:olivegreen|color:red|color:white|combo|pack_of_2|pack_of_3|pack_of_4|variant_family,neck olivegreen plain top vest,duplicate_meta_description,26,product,https://triprindia.com/products/men-top-printed-round-neck-vest-vt5-black-all-over-print,4,https://triprindia.com/products/pack-of-2-men-plain-v-neck-top-vest-vt2-beige-vt2-olive-green|https://triprindia.com/products/pack-of-2-plain-vest-vt2-olive-vt2-navy-blue|https://triprindia.com/products/pack-of-2-plain-v-neck-vest-vt2-grey-olive-green|https://triprindia.com/products/plain-gym-vest-for-men-black|https://triprindia.com/products/men-v-neck-plain-vest-grey-vt2|https://triprindia.com/products/men-v-neck-plain-vest-beige-vt2|https://triprindia.com/products/mens-top-printed-vest-pack-of-4-black-grey-navy-charcoal-black|https://triprindia.com/products/mens-combo-pack-back-print-sleeve-less-baniyans|https://triprindia.com/products/pack-of-3-men-round-neck-plain-waffle-vest-vt10-maroon-red-white|https://triprindia.com/products/men-v-neck-plain-vest-navy-blue-vt2|https://triprindia.com/products/plain-gym-vest-for-men-olive-green|https://triprindia.com/products/pack-of-4-mens-printed-vests-grey|https://triprindia.com/products/pack-of-4-mens-baniyans-black-grey|https://triprindia.com/products/pack-of-4-mens-round-neck-printed-vest-vt-7-black-vt-4-black-vt-8-black-vt-5-black|https://triprindia.com/products/pack-of-4-mens-round-neck-printed-vest-vt-4-black-vt-5-black-vt-6-black-vt-8-black|https://triprindia.com/products/pack-of-3-black-beige-round-neck-printed-sleeveless-vest-combo-1|https://triprindia.com/products/pack-of-3-round-neck-printed-vest-vt4-black-vt6-black-vt5-black|https://triprindia.com/products/pack-of-2-men-round-neck-printed-vest-black-04|https://triprindia.com/products/men-top-printed-round-neck-vest-vt6-black|https://triprindia.com/products/men-casual-round-neck-all-over-printed-top-vest-black-vt11|https://triprindia.com/products/men-casual-printed-vest-beige|https://triprindia.com/products/men-printed-top-tank-beige|https://triprindia.com/products/men-printed-top-tank-black-02|https://triprindia.com/products/men-printed-top-tank-black-01|https://triprindia.com/products/casual-round-neck-printed-sleeve-less-vest-black,(Pack Of 2) Mens Beige & Olivegreen Plain V-Neck Vests – TRIPR|(Pack Of 2) Men Printed Top Tank Olive & Navy – TRIPR|(Pack Of 2) Plain Grey & Olive V-Neck Vests – TRIPR|Men Black V-neck Plain Vest – TRIPR|Men V-neck Plain Grey Vest – TRIPR,,"product description: fabric: crafted with a soft and breathable cotton blend for all-day comfort. stylish printed design: trendy prints that add a touch of personality to your daily gym look. versatile gym wear: perfectly designed for workouts, casual outin...",,"Keep the variant pages only if they serve distinct demand; otherwise consolidate, canonicalize, or rewrite variant titles, meta descriptions, and body copy with clear color, pack, design, or use-case differences."
CAN-0019,medium,content_cannibalization_variant_serp_risk,variant_serp_risk,high,color_variant|model_code_variant|pack_variant|variant_family,code:j59|code:j61|code:j62|code:j63|color:beige|color:black|color:blue|color:charcoal|color:green|color:grey|color:maroon|color:navy|color:olive|color:olivegreen|pack_of_2|variant_family,ankle charcoal cuffed fit jogger printed,duplicate_meta_description,23,product,https://triprindia.com/products/pack-of-2-men-printed-track-pant-black-grey,2,https://triprindia.com/products/men-printed-ankle-fit-cuffed-jogger-charcoal-grey-j62|https://triprindia.com/products/men-printed-ankle-fit-cuffed-jogger-j62-olivegreen-grey|https://triprindia.com/products/men-printed-ankle-fit-cuffed-jogger-j62-darkgrey-grey|https://triprindia.com/products/men-color-cuffed-jogger-pant-j63-olive-green|https://triprindia.com/products/men-color-cuffed-jogger-pant-j63-beige|https://triprindia.com/products/men-color-cuffed-jogger-pant-j63-grey|https://triprindia.com/products/men-color-cuffed-jogger-pant-j63-navy|https://triprindia.com/products/men-cuffed-printed-jogger-black-j61|https://triprindia.com/products/6-color-variants-with-mens-design-printed-trackpants-j59|https://triprindia.com/products/men-printed-ankle-fit-cuffed-jogger-j62-grey-black|https://triprindia.com/products/men-printed-ankle-fit-cuffed-jogger-j62-navy-grey|https://triprindia.com/products/men-printed-ankle-fit-cuffed-jogger-j62-beige-black|https://triprindia.com/products/men-cuffed-jogger-with-printed-j61-olivegreen|https://triprindia.com/products/men-printed-cuffed-jogger-navy-blue|https://triprindia.com/products/men-printed-cuffed-jogger-maroon|https://triprindia.com/products/men-printed-cuffed-jogger-grey|https://triprindia.com/products/men-printed-cuffed-jogger-pant-j62-black|https://triprindia.com/products/men-maroon-printed-jogger|https://triprindia.com/products/men-color-blocked-cuffed-jogger-pant-j63-black|https://triprindia.com/products/men-printed-cuffed-jogger-olive-green|https://triprindia.com/products/men-printed-cuffed-jogger-black|https://triprindia.com/products/men-printed-cuffed-jogger-beige,Men Printed Ankle Fit Cuffed Jogger / Charcoal & Grey – TRIPR|Men Printed Ankle Fit Cuffed Olivegreen & Grey Jogger – TRIPR|Men Printed Ankle Fit Cuffed Darkgrey & Grey Jogger – TRIPR|Men Plain Ankle Fit Cuffed Olive Green Jogger – TRIPR|Men Plain Ankle Fit Cuffed Beige Jogger – TRIPR,,"product description: trendy ankle-fit design – modern slim-fit style with cuffed bottoms for a sharp and stylish look. fabric – crafted from soft, breathable, and durable material for all-day comfort. stylish prints – features eye-catching prints that add a...",,"Keep the variant pages only if they serve distinct demand; otherwise consolidate, canonicalize, or rewrite variant titles, meta descriptions, and body copy with clear color, pack, design, or use-case differences."
CAN-0020,medium,content_cannibalization_variant_serp_risk,variant_serp_risk,high,color_variant|model_code_variant|variant_family,code:os10|code:os11|code:os5|code:os8|code:os9|color:beige|color:black|color:blue|color:brown|color:green|color:grey|color:maroon|color:multi|color:navy|color:navyblue|color:olive|color:olivegreen|color:white|variant_family,baggy cargo fit jogger over oversized pocket pockets printed,duplicate_meta_description,23,product,https://triprindia.com/products/men-4-pockets-dual-color-baggy-cargo-pant-black-beige-os8,3,https://triprindia.com/products/mens-multi-pockets-all-over-printed-baggy-fit-oversized-cargo-jogger-black-brown-os5|https://triprindia.com/products/men-multi-pockets-anime-printed-baggy-cargo-grey-os9|https://triprindia.com/products/men-multi-pockets-colorblocked-plain-baggy-cargo-grey|https://triprindia.com/products/multi-pockets-colorblocked-plain-baggy-cargo-black-os11|https://triprindia.com/products/men-multi-pockets-designing-printed-baggy-cargo-olive-green-os10|https://triprindia.com/products/men-4-pockets-dual-color-baggy-cargo-pant-navyblue-grey-os8|https://triprindia.com/products/men-4-pockets-dual-color-baggy-cargo-pant-grey-black-os8|https://triprindia.com/products/men-multi-pockets-designing-printed-baggy-cargo-grey-os10|https://triprindia.com/products/men-multi-pockets-designing-printed-baggy-cargo-maroon|https://triprindia.com/products/men-4-pockets-dual-color-baggy-cargo-pant-maroon-black-os8|https://triprindia.com/products/men-4-pockets-dual-color-baggy-cargo-pant-olivegreen-grey-os8|https://triprindia.com/products/men-multi-pockets-anime-printed-baggy-cargo-olivegreen-os9|https://triprindia.com/products/men-multi-pockets-anime-printed-baggy-cargo-black-os9|https://triprindia.com/products/men-multi-pockets-designing-printed-baggy-cargo-black-os10|https://triprindia.com/products/men-multi-pockets-designing-printed-baggy-cargo-beige-os10|https://triprindia.com/products/men-4-pockets-dual-color-baggy-cargo-pant-black-grey-os8|https://triprindia.com/products/mens-multi-pockets-plain-baggy-fit-solid-cargo-jogger-5-colors|https://triprindia.com/products/mens-multi-pockets-plain-baggy-fit-oversized-cargo-jogger-grey|https://triprindia.com/products/mens-multi-pockets-plain-baggy-fit-oversized-cargo-jogger-black|https://triprindia.com/products/mens-multi-pockets-plain-baggy-fit-oversized-cargo-jogger-white|https://triprindia.com/products/mens-multi-pockets-plain-baggy-fit-oversized-cargo-jogger-beige|https://triprindia.com/products/mens-multi-pockets-plain-baggy-fit-oversized-cargo-jogger-olive-green,Buy Navy Blue Baggy fit Multi Pocket Cargo Joggers Online – TRIPR,,"buy baggy cargo jogger for men on clearance sale for ₹399 online. heavy fabric, multi pockets, baggy oversized cargo jogger with cuff ankle. explore huge collections of trendy cargo joggers under 300 or 500 only at tripr india and enjoy fastest delivery | e...",,"Keep the variant pages only if they serve distinct demand; otherwise consolidate, canonicalize, or rewrite variant titles, meta descriptions, and body copy with clear color, pack, design, or use-case differences."
CAN-0021,medium,content_cannibalization_variant_serp_risk,variant_serp_risk,high,color_variant|combo_variant|pack_variant|variant_family,color:beige|color:black|color:blue|color:brown|color:charcoal|color:dark|color:green|color:grey|color:maroon|color:navy|color:olive|color:white|combo|pack_of_2|pack_of_3|pack_of_4|variant_family,full neck plain round sleeve tshirt variants,duplicate_meta_description,21,product,https://triprindia.com/products/mens-round-neck-full-sleeve-plain-t-shirts-pack-of-4-2-variants,4,https://triprindia.com/products/mens-round-neck-full-sleeve-plain-t-shirts-pack-of-3|https://triprindia.com/products/men-full-sleeve-plain-round-neck-pack-of-3-t-shirts-maroon-white-navy|https://triprindia.com/products/men-full-sleeve-plain-round-neck-pack-of-2-t-shirts-black-beige|https://triprindia.com/products/men-full-sleeve-plain-round-neck-pack-of-2-t-shirts-brown-black|https://triprindia.com/products/men-full-sleeve-plain-round-neck-pack-of-2-t-shirts-navy-charcoal-black|https://triprindia.com/products/men-full-sleeve-plain-round-neck-pack-of-2-t-shirts-grey-charcoal-black|https://triprindia.com/products/men-full-sleeve-plain-round-neck-t-shirt-charcoal-black|https://triprindia.com/products/men-full-sleeve-plain-round-neck-t-shirt-brown|https://triprindia.com/products/men-full-sleeve-plain-round-neck-t-shirt-beige|https://triprindia.com/products/men-full-sleeve-plain-round-neck-pack-of-2-t-shirts-black-white|https://triprindia.com/products/men-full-sleeve-plain-round-neck-t-shirt-white|https://triprindia.com/products/mens-round-neck-full-sleeve-plain-t-shirts-9-colours|https://triprindia.com/products/men-full-sleeve-plain-round-neck-t-shirt-dark-grey|https://triprindia.com/products/mens-round-neck-full-sleeve-plain-t-shirts-pack-of-2-3-variants|https://triprindia.com/products/men-full-sleeve-plain-round-neck-pack-of-2-t-shirts-olive-navy|https://triprindia.com/products/men-full-sleeve-plain-round-neck-t-shirt-maroon|https://triprindia.com/products/men-full-sleeve-plain-round-neck-t-shirt-navy-blue|https://triprindia.com/products/men-full-sleeve-plain-t-shirt-03|https://triprindia.com/products/men-full-sleeve-plain-t-shirt-01|https://triprindia.com/products/men-full-sleeve-plain-t-shirt-02,Mens Round Neck Full Sleeve Plain T-shirts (Pack Of 3) - 2 Variants – TRIPR|Mens Round Neck Full Sleeve Plain T-shirts (Pack Of 3) – TRIPR|Mens Round Neck Full Sleeve Plain Black & Beige T-shirts (Pack Of 2) – TRIPR|Mens Round Neck Full Sleeve Plain T-shirts (Pack Of 2) Brown & Black – TRIPR|Mens Round Neck Full Sleeve Plain T-shirts Navy & Charcoalblack (Pack – TRIPR,,"product description: classic round neck design: features a versatile round neck that suits all casual and semi-casual occasions. comfortable daily wear: made with breathable, soft fabric to ensure all-day comfort. full sleeve style: offers added coverage fo...",,"Keep the variant pages only if they serve distinct demand; otherwise consolidate, canonicalize, or rewrite variant titles, meta descriptions, and body copy with clear color, pack, design, or use-case differences."
CAN-0022,medium,content_cannibalization_variant_serp_risk,variant_serp_risk,high,color_variant|combo_variant|model_code_variant|pack_variant|variant_family,code:st162|code:st163|color:beige|color:black|color:blue|color:green|color:grey|color:maroon|color:navy|color:olive|color:olivegreen|color:white|combo|pack_of_2|pack_of_3|variant_family,full henley high neck sleeve sweatshirt,duplicate_meta_description,18,product,https://triprindia.com/products/pack-of-3-mens-quarter-zip-high-neck-plain-combo-sweatshirts,4,https://triprindia.com/products/sweatshirt-for-men-henley-neck-maroon-full-sleeve-st163|https://triprindia.com/products/sweatshirt-for-men-henley-neck-black-full-sleeve-st163|https://triprindia.com/products/pack-of-2-quarter-zip-high-neck-plain-combo-sweatshirts|https://triprindia.com/products/pack-of-2-logo-printed-mens-quarter-zip-high-neck-combo-sweatshirts-st163|https://triprindia.com/products/pack-of-2-quarter-zip-high-neck-plain-combo-sweatshirts-st162|https://triprindia.com/products/pack-of-3-high-neck-white-navy-maroon-plain-sweatshirts-st162|https://triprindia.com/products/pack-of-3-high-neck-black-white-maroon-plain-sweatshirts-st162|https://triprindia.com/products/sweatshirt-for-men-henley-neck-navy-blue-full-sleeve-st163|https://triprindia.com/products/men-full-sleeve-high-neck-quarter-zip-5-variants-sweatshirt|https://triprindia.com/products/men-high-neck-quarter-zip-up-5-variants-sweatshirts-st162|https://triprindia.com/products/sweatshirt-for-men-henley-neck-plain-olive-green-full-sleeve-st162|https://triprindia.com/products/sweatshirt-for-men-henley-neck-plain-grey-full-sleeve-st162|https://triprindia.com/products/sweatshirt-for-men-henley-neck-plain-black-full-sleeve-st162|https://triprindia.com/products/sweatshirt-for-men-henley-neck-plain-maroon-full-sleeve-st163|https://triprindia.com/products/sweatshirt-for-men-henley-neck-olive-green-full-sleeve-st163|https://triprindia.com/products/sweatshirt-for-men-henley-neck-plain-beige-full-sleeve-st162|https://triprindia.com/products/sweatshirt-for-men-henley-neck-beige-full-sleeve-st163,Men Full Sleeve High Neck Sweatshirt Grey – TRIPR|Men Full Sleeve High Neck Sweatshirt Black – TRIPR|Pack Of 2 Quarter Zip High Neck Plain Combo Sweatshirts – TRIPR|Pack Of 2 Logo Printed Mens Quarter Zip High Neck Combo Sweatshirts – TRIPR|Pack Of 3 Mens Quarter Zip High Neck Plain Combo Sweatshirts – TRIPR,,"product description: elevate your winter style with these plain sweatshirts crafted from soft, breathable cotton fabric for all-day comfort available in both high neck and round neck styles for versatile looks full sleeves provide added warmth during chilly...",,"Keep the variant pages only if they serve distinct demand; otherwise consolidate, canonicalize, or rewrite variant titles, meta descriptions, and body copy with clear color, pack, design, or use-case differences."
CAN-0023,medium,content_cannibalization_variant_serp_risk,variant_serp_risk,high,color_variant|model_code_variant|pack_variant|variant_family,code:s38|code:s39|code:s40|code:s42|code:s44|color:black|color:brown|color:grey|color:maroon|color:navyblue|color:olivegreen|color:red|pack_of_2|variant_family,fit navyblue printed regular short,duplicate_meta_description,17,product,https://triprindia.com/products/pack-of-2-men-printed-regular-fit-shorts,2,https://triprindia.com/products/men-printed-regular-fit-shorts-navyblue-s44|https://triprindia.com/products/men-all-over-printed-short-black-s40|https://triprindia.com/products/men-pack-of-2-all-over-printed-design-regular-fit-shorts|https://triprindia.com/products/men-printed-regular-fit-shorts-maroon-s44|https://triprindia.com/products/men-all-over-printed-short-maroon-s39|https://triprindia.com/products/men-all-over-printed-short-red-s39|https://triprindia.com/products/men-all-over-printed-short-olivegreen-s39|https://triprindia.com/products/men-all-over-printed-short-maroon-s42|https://triprindia.com/products/men-all-over-printed-short-navyblue-s42|https://triprindia.com/products/men-all-over-printed-short-olivegreen-s42|https://triprindia.com/products/men-all-over-printed-short-grey|https://triprindia.com/products/men-all-over-printed-short-black-s39|https://triprindia.com/products/men-grey-design-printed-shorts-s38|https://triprindia.com/products/men-all-over-printed-short-black-s38|https://triprindia.com/products/men-all-over-printed-short-black-brown|https://triprindia.com/products/men-all-over-printed-short-black-s42,Men Printed Regular Fit Shorts Navyblue – TRIPR|Men All Over Printed Short Black – TRIPR|Men (Pack Of 2) All Over Printed Design Regular Fit Shorts – TRIPR|Men Printed Regular Fit Shorts Maroon – TRIPR|Men All Over Printed Short Maroon – TRIPR,,"product description: made from smooth and breathable fabric for all-day comfort. features a stylish printed and printed design for a trendy look. available in multiple vibrant colors to match your style. designed for casual wear, gym, sports, or lounging. e...",,"Keep the variant pages only if they serve distinct demand; otherwise consolidate, canonicalize, or rewrite variant titles, meta descriptions, and body copy with clear color, pack, design, or use-case differences."
CAN-0024,medium,content_cannibalization_variant_serp_risk,variant_serp_risk,high,color_variant|combo_variant|pack_variant|variant_family,color:beige|color:black|color:grey|color:white|combo|pack_of_2|variant_family,blaocked color full neck polo quarter sleeve striped tshirt vertical zip,duplicate_meta_description,15,product,https://triprindia.com/products/pack-of-2-quarter-zip-polo-neck-vertical-striped-full-sleeve-t-shirts-white-black-p58,5,https://triprindia.com/products/color-blaocked-quarter-zip-polo-neck-vertical-striped-full-sleeve-t-shirt-p73|https://triprindia.com/products/color-blaocked-quarter-zip-polo-neck-vertical-striped-full-sleeve-t-shirt-white-black-p73|https://triprindia.com/products/color-blaocked-quarter-zip-polo-neck-vertical-striped-full-sleeve-t-shirt-white-darkgrey-p73|https://triprindia.com/products/color-blaocked-quarter-zip-polo-neck-full-sleeve-t-shirt-white-darkgrey-p74|https://triprindia.com/products/men-quarter-zip-polo-neck-vertical-striped-full-sleeve-t-shirt-beige-p58|https://triprindia.com/products/men-quarter-zip-polo-neck-vertical-striped-full-sleeve-t-shirt-grey-p58|https://triprindia.com/products/men-quarter-zip-polo-neck-vertical-striped-full-sleeve-t-shirt-darkgrey-p58|https://triprindia.com/products/men-quarter-zip-polo-neck-dual-color-printed-t-shirt-beige-black-p55|https://triprindia.com/products/men-quarter-zip-polo-neck-vertical-striped-full-sleeve-t-shirt-white-p58|https://triprindia.com/products/men-quarter-zip-polo-neck-dual-color-printed-t-shirt-black-grey-p55|https://triprindia.com/products/men-quarter-zip-polo-neck-ful-sleeve-printed-t-shirt-black-white-p60|https://triprindia.com/products/men-quarter-zip-polo-neck-full-sleeve-printed-t-shirt-white-black-p68|https://triprindia.com/products/pack-of-2-quarter-zip-polo-neck-full-sleeve-combo-tshirts|https://triprindia.com/products/men-quarter-zip-polo-neck-dual-color-printed-t-shirt-darkgrey-white-p55,Color Blaocked Quarter Zip Polo Neck Vertical Striped Full Sleeve T-sh – TRIPR|Color Blaocked Quarter Zip Polo Neck Full Sleeve T-shirt White & Darkg – TRIPR|Men Quarter Zip Polo Neck Vertical Striped Full Sleeve T-shirt Beige – TRIPR|Men Quarter Zip Polo Neck Vertical Striped Full Sleeve T-shirt Grey – TRIPR|Men Quarter Zip Polo Neck Vertical Striped Full Sleeve T-shirt Black – TRIPR,,product description: stylish men’s full sleeve polo t-shirt with bold vertical striped – “versatile printed” made from soft cotton blend fabric for all-day comfort and breathability polo neck design with ribbed hem and cuffs for a neat finish perfect for ca...,,"Keep the variant pages only if they serve distinct demand; otherwise consolidate, canonicalize, or rewrite variant titles, meta descriptions, and body copy with clear color, pack, design, or use-case differences."
CAN-0025,medium,content_cannibalization_variant_serp_risk,variant_serp_risk,high,color_variant|combo_variant|model_code_variant|pack_variant|variant_family,code:d184|code:d185|color:beige|color:black|color:grey|color:maroon|color:multi|color:multicolor|color:navyblue|color:olivegreen|combo|pack_of_3|variant_family,blend cotton half navyblue neck printed round sleeve tshirt,duplicate_meta_description,15,product,https://triprindia.com/products/men-printed-half-sleeve-round-neck-cotton-blend-black-t-shirt-d184,1,https://triprindia.com/products/men-printed-half-sleeve-round-neck-cotton-blend-t-shirt-d185-navyblue|https://triprindia.com/products/men-printed-half-sleeve-round-neck-cotton-blend-t-shirt-d185-maroon|https://triprindia.com/products/men-printed-half-sleeve-round-neck-cotton-blend-t-shirt-d185-grey|https://triprindia.com/products/pack-of-3-half-sleeve-printed-tshirts-12-variants|https://triprindia.com/products/pack-of-3-half-sleeve-printed-tshirts-17-variants|https://triprindia.com/products/pack-of-3-printed-half-sleeve-tshirts-12-variants|https://triprindia.com/products/men-printed-half-sleeve-round-neck-cotton-blend-t-shirt-d185-olivegreen|https://triprindia.com/products/men-printed-half-sleeve-t-shirt-maroon|https://triprindia.com/products/men-printed-half-sleeve-round-neck-cotton-blend-black-t-shirt-1|https://triprindia.com/products/men-printed-half-sleeve-round-neck-cotton-blend-grey-t-shirt|https://triprindia.com/products/men-printed-half-sleeve-round-neck-cotton-blend-olivegreen-t-shirt|https://triprindia.com/products/men-printed-half-sleeve-round-neck-cotton-blend-t-shirt-black|https://triprindia.com/products/men-printed-half-sleeve-t-shirt-beige|https://triprindia.com/products/men-printed-half-sleeve-round-neck-cotton-blend-black-t-shirt,Men Printed Half Sleeve Round Neck Navyblue Cotton Blend T-Shirt – TRIPR|Men Printed Half Sleeve Round Neck Cotton Blend T-Shirts Multi Variant – TRIPR|Men Printed Half Sleeve Round Neck Cotton Blend T-Shirt / Maroon – TRIPR|Men Printed Half Sleeve Round Neck Cotton Blend Grey T-Shirt – TRIPR|Men Pack Of 3 Half Sleeve Printed Multicolor Combo Tshirts 12 Variants – TRIPR,,"product description: trendy half sleeve t-shirt with a unique printed design for a stylish look. available in black, beige, and maroon to match your personality. crafted from soft and breathable fabric for all-day comfort. perfect for casual outings, weeken...",,"Keep the variant pages only if they serve distinct demand; otherwise consolidate, canonicalize, or rewrite variant titles, meta descriptions, and body copy with clear color, pack, design, or use-case differences."
CAN-0026,medium,content_cannibalization_variant_serp_risk,variant_serp_risk,high,color_variant|model_code_variant,code:d216|code:d218|code:d233|code:d234|code:d235|code:d236|code:d237|code:d238|code:z157|color:beige|color:black|color:white,half neck print printed round simple sleeve tshirt,duplicate_meta_description,15,product,https://triprindia.com/products/men-half-sleeve-round-neck-t-shirt-black-d238,2,https://triprindia.com/products/men-half-sleeve-simple-printed-round-neck-t-shirt-black-z157|https://triprindia.com/products/men-half-sleeve-round-neck-t-shirt-white-d233|https://triprindia.com/products/men-half-sleeve-round-neck-t-shirt-black-d233|https://triprindia.com/products/men-half-sleeve-round-neck-t-shirt-black-d234|https://triprindia.com/products/men-half-sleeve-round-neck-t-shirt-white-d237|https://triprindia.com/products/men-half-sleeve-round-neck-t-shirt-black-d237|https://triprindia.com/products/men-half-sleeve-round-neck-t-shirt-black-d235|https://triprindia.com/products/men-half-sleeve-round-neck-t-shirt-black-d236|https://triprindia.com/products/men-half-sleeve-round-neck-t-shirt-beige-d235|https://triprindia.com/products/men-half-sleeve-round-neck-t-shirt-beige-d236|https://triprindia.com/products/men-half-sleeve-rebel-printed-cotton-blend-tshirt-beige-d216|https://triprindia.com/products/men-half-sleeve-rebel-printed-cotton-blend-tshirt-black-d216|https://triprindia.com/products/half-sleeve-printed-round-neck-cotton-blend-tshirt-beige-d218|https://triprindia.com/products/half-sleeve-printed-round-neck-cotton-blend-tshirt-black-d218,Men Simple Print Half Sleeve T-shirt Black – TRIPR|Men Half Sleeve Printed Tshirt White – TRIPR|Men Half Sleeve Printed Tshirt Black – TRIPR|Men Half Sleeve Typography Printed Tshirts – TRIPR|Men Half Sleeve Printed Tshirt Beige – TRIPR,,"product description: stylish half sleeve round neck t-shirt for a trendy and versatile look. features a unique printed design, adding a modern and fashionable touch. made from soft and breathable fabric for all-day comfort. perfect for casual wear, outings,...",,"Keep the variant pages only if they serve distinct demand; otherwise consolidate, canonicalize, or rewrite variant titles, meta descriptions, and body copy with clear color, pack, design, or use-case differences."
CAN-0027,medium,content_cannibalization_variant_serp_risk,variant_serp_risk,high,color_variant|variant_family,color:beige|color:black|color:blue|color:dark|color:green|color:grey|color:maroon|color:navy|color:navyblue|color:olive|color:red|variant_family,color dual full hooded neck printed sleeve tshirt,duplicate_meta_description,13,product,https://triprindia.com/products/full-sleeve-hooded-neck-printed-t-shirt-navy-blue,2,https://triprindia.com/products/full-sleeve-hooded-neck-dual-color-printed-t-shirt-beige-red|https://triprindia.com/products/full-sleeve-hooded-neck-dual-color-printed-t-shirt-black-red|https://triprindia.com/products/men-printed-hooded-neck-full-sleeve-t-shirt-black|https://triprindia.com/products/men-printed-hooded-neck-full-sleeve-t-shirt-navy|https://triprindia.com/products/full-sleeve-hooded-neck-printed-t-shirt-black|https://triprindia.com/products/full-sleeve-hooded-neck-printed-t-shirt-olive-green|https://triprindia.com/products/men-printed-hooded-neck-full-sleeve-t-shirt-olive-green|https://triprindia.com/products/mens-full-sleeve-hooded-neck-dual-color-printed-t-shirt-7-colors|https://triprindia.com/products/full-sleeve-hooded-neck-dual-color-printed-t-shirt-red-dark-grey|https://triprindia.com/products/mens-full-sleeve-hooded-neck-printed-t-shirts-5-colours|https://triprindia.com/products/men-printed-hooded-neck-full-sleeve-t-shirt-maroon|https://triprindia.com/products/full-sleeve-hooded-neck-printed-t-shirt-maroon,Mens Full Sleeve Hooded Neck Dual Color Printed T-shirt Beige & Red – TRIPR|Mens Full Sleeve Hooded Neck Dual Color Printed T-shirt / Black & Red – TRIPR|Men Full Sleeve Zig Zag Printed Hooded T-shirt / Black – TRIPR|Men Full Sleeve Zig Zag Printed Hooded Navyblue T-shirt – TRIPR|Mens Full Sleeve Hooded Neck Printed T-shirt Black – TRIPR,,"product description: stylish full sleeve hooded t-shirt designed for comfort and versatility. features a unique printed design at the chest, adding a trendy touch to your look. colorblock style for a bold and modern appearance. available in a variety of vib...",,"Keep the variant pages only if they serve distinct demand; otherwise consolidate, canonicalize, or rewrite variant titles, meta descriptions, and body copy with clear color, pack, design, or use-case differences."
CAN-0028,medium,content_cannibalization_variant_serp_risk,variant_serp_risk,high,color_variant|model_code_variant,code:d184|code:j61|color:beige|color:black|color:green|color:grey|color:maroon|color:olive|color:olivegreen,half pant printed sleeve suit track trackp tshirt,duplicate_meta_description,13,product,https://triprindia.com/products/track-suit-printed-d184-black-t-shirt-with-printed-track-pant-j61-maroon,1,https://triprindia.com/products/track-suit-printed-d184-maroon-t-shirt-with-printed-track-pant-j61-grey|https://triprindia.com/products/track-suit-printed-d184-olive-green-t-shirt-with-printed-track-pant-j61-grey|https://triprindia.com/products/track-suit-printed-d184-grey-t-shirt-with-printed-track-pant-j61-maroon|https://triprindia.com/products/track-suit-printed-d184-black-t-shirt-with-printed-track-pant-j61-olive-green|https://triprindia.com/products/track-suit-printed-d184-black-t-shirt-with-printed-track-pant-j61-beige|https://triprindia.com/products/track-suit-printed-d184-olive-green-t-shirt-with-printed-track-pant-j61-black|https://triprindia.com/products/track-suit-printed-d184-maroon-t-shirt-with-printed-track-pant-j61-black|https://triprindia.com/products/track-suit-printed-d184-grey-t-shirt-with-printed-track-pant-j61-olive-green|https://triprindia.com/products/track-suit-printed-d184-beige-t-shirt-with-printed-track-pant-j61-olive-green|https://triprindia.com/products/track-suit-printed-d184-beige-t-shirt-with-printed-track-pant-j61-black|https://triprindia.com/products/track-suit-printed-d184-grey-t-shirt-with-printed-track-pant-j61-black|https://triprindia.com/products/track-suit-printed-d184-black-t-shirt-with-printed-track-pant-j61-grey,Track Suit Half Sleeve Maroon Printed T-shirt with Grey Printed Trackp – TRIPR|Track Suit Half Sleeve Olive Printed T-shirt with Grey Printed Trackpa – TRIPR|Track Suit Half Sleeve Grey Printed T-shirt with Maroon Printed Trackp – TRIPR|Track Suit Half Sleeve Black Printed T-shirt with Olive Green Printed – TRIPR|Track Suit Half Sleeve Black Printed T-shirt with Beige Printed Trackp – TRIPR,,"product description: design: features bold typography printed designs for a trendy and modern look. complete set: includes a coordinated half-sleeve t-shirt and jogger pants. size range: available in sizes s to 2xl, ensuring a perfect fit for everyone. tren...",,"Keep the variant pages only if they serve distinct demand; otherwise consolidate, canonicalize, or rewrite variant titles, meta descriptions, and body copy with clear color, pack, design, or use-case differences."
CAN-0029,medium,content_cannibalization_variant_serp_risk,variant_serp_risk,high,color_variant|model_code_variant,code:vt14|code:vt15|code:vt17|code:vt24|code:vt25|color:beige|color:black|color:blue|color:white,back itachi neck printed round vest,duplicate_meta_description,11,product,https://triprindia.com/products/men-scoop-neck-legendary-printed-vest-white-blue,2,https://triprindia.com/products/men-round-neck-itachi-back-printed-vest-black-vs1|https://triprindia.com/products/men-graphic-design-back-printed-round-neck-vest-white-vs3|https://triprindia.com/products/men-scoop-neck-itachi-printed-vest-black-vs4|https://triprindia.com/products/men-graphic-design-back-printed-vest-beige-vs2|https://triprindia.com/products/men-scoop-neck-graphic-design-printed-vest-white-vs6|https://triprindia.com/products/men-printed-round-neck-vest-white-vt25|https://triprindia.com/products/men-samurai-printed-round-neck-vest-black-vt24|https://triprindia.com/products/men-back-printed-round-neck-vest-black-vt15|https://triprindia.com/products/men-back-printed-round-neck-vest-black-vt17|https://triprindia.com/products/men-back-printed-round-neck-vest-black-vt14,Men Round Neck 'itachi' Back Printed Vest Black – TRIPR|Men Graphic Design Back Printed Round Neck Vest White – TRIPR|Men Scoop Neck 'ITACHI' Printed Vest Black – TRIPR|Men Graphic Design Back Printed Vest Beige – TRIPR|Men Scoop Neck Graphic Design Printed Vest White – TRIPR,,"product description: trendy men’s sleeveless vest designed for a bold and modern streetwear look features a striking back print graphic with a unique artistic design crafted from soft, breathable fabric for all-day comfort and ease sleeveless cut allows fre...",,"Keep the variant pages only if they serve distinct demand; otherwise consolidate, canonicalize, or rewrite variant titles, meta descriptions, and body copy with clear color, pack, design, or use-case differences."
CAN-0030,medium,content_cannibalization_variant_serp_risk,variant_serp_risk,high,color_variant|model_code_variant|pack_variant|variant_family,code:st160|color:beige|color:blue|color:grey|color:maroon|color:navy|color:olive|color:olivegreen|pack_of_2|variant_family,high neck plain sweatshirts,duplicate_meta_description,11,product,https://triprindia.com/products/men-plain-zipper-high-neck-casual-sweatshirt-beige,4,https://triprindia.com/products/pack-of-2-mens-plain-high-neck-plain-sweatshirts-olive-beige-st160|https://triprindia.com/products/pack-of-2-mens-plain-high-neck-plain-sweatshirts-maroon-olivegreen-st160|https://triprindia.com/products/pack-of-2-mens-plain-high-neck-plain-sweatshirts-6-variants-st160|https://triprindia.com/products/mens-high-neck-sweatshirt-maroon|https://triprindia.com/products/men-winter-grey-high-necksweatshirt|https://triprindia.com/products/men-plain-zipper-high-neck-casual-sweatshirt-maroon|https://triprindia.com/products/men-winter-navy-blue-high-neck-sweatshirt|https://triprindia.com/products/men-sweat-shirt-highneck-olivegreen|https://triprindia.com/products/men-high-neck-sweatshirt-beige|https://triprindia.com/products/men-plain-zipper-high-neck-casual-sweatshirt-olivegreen,(Pack of 2) Mens Plain High Neck Plain Sweatshirts Olive-Beige – TRIPR|(Pack of 2) Mens Plain High Neck Plain Sweatshirts Maroon-Olivegreen – TRIPR|(Pack of 2) Mens Plain High Neck Plain Sweatshirts 6 Variants – TRIPR|Men Zipper High Neck Maroon Sweatshirt – TRIPR|Men Zip-Top High Neck Grey Sweatshirt – TRIPR,,"men's sweatshirt (no hoodie) - perfect for casual wear key features: classic design: sleek and simple, this sweatshirt is ideal for a clean, timeless look. comfortable fit: made with soft, breathable fabric for all-day comfort. versatile style: perfect for ...",,"Keep the variant pages only if they serve distinct demand; otherwise consolidate, canonicalize, or rewrite variant titles, meta descriptions, and body copy with clear color, pack, design, or use-case differences."
CAN-0031,medium,content_cannibalization_variant_serp_risk,variant_serp_risk,high,color_variant|combo_variant|model_code_variant|pack_variant|variant_family,code:cargo31|code:os6|color:beige|color:black|color:green|color:grey|color:maroon|color:multi|color:olive|color:white|combo|pack_of_2|variant_family,cargo jogger plain,duplicate_meta_description,10,product,https://triprindia.com/products/pack-of-2-multi-pockets-plain-cargo-joggers-olive-grey,4,https://triprindia.com/products/men-white-plain-cargo-jogger|https://triprindia.com/products/pack-of-2-multi-pockets-printed-baggy-black-cargo31-black-os6|https://triprindia.com/products/pack-of-2-multi-pockets-plain-baggy-cargos-beige-black|https://triprindia.com/products/men-plain-cargo-jogger-beige|https://triprindia.com/products/mens-multi-pockets-plain-cargo-jogger-6-colors|https://triprindia.com/products/men-multi-pocket-plain-cargo-jogger-grey|https://triprindia.com/products/men-multi-pocket-plain-cargo-jogger-maroon|https://triprindia.com/products/men-multi-pocket-plain-cargo-jogger-black|https://triprindia.com/products/men-multi-pocket-plain-cargo-jogger-olive-green,Mens Plain White Cargo Jogger – TRIPR|Men Pack Of 2 Cuffed Ankle Combo Cargos – TRIPR|(Pack Of 2) Multi Pockets Loose Fit Printed Baggy Cargos – TRIPR|Pack Of 2 Plain Baggy Cargo Pant Combos For Men - 10 Variants – TRIPR|Men Plain Beige Cargo Jogger – TRIPR,,product description: cuffed bottoms: features ribbed cuffs at the ankles for a snug fit and trendy appearance. multiple pockets: equipped with spacious and functional pockets to keep your essentials handy. solid colors: available in versatile solid shades t...,,"Keep the variant pages only if they serve distinct demand; otherwise consolidate, canonicalize, or rewrite variant titles, meta descriptions, and body copy with clear color, pack, design, or use-case differences."
CAN-0032,medium,content_cannibalization_variant_serp_risk,variant_serp_risk,high,color_variant|pack_variant,color:beige|color:black|color:blue|color:brown|color:charcoal|color:green|color:grey|color:maroon|color:navy|color:olive|color:white|pack_of_1|pack_of_2,charcoal half neck plain round sleeve tshirt,duplicate_meta_description,10,product,https://triprindia.com/products/pack-of-1-men-half-sleeve-round-neck-plain-t-shirt-olive-green,1,https://triprindia.com/products/pack-of-1-men-half-sleeve-round-neck-plain-t-shirt-charcoal-black|https://triprindia.com/products/pack-of-1-men-half-sleeve-round-neck-plain-t-shirt-white|https://triprindia.com/products/pack-of-1-men-half-sleeve-round-neck-plain-t-shirt-grey|https://triprindia.com/products/pack-of-1-men-half-sleeve-round-neck-plain-t-shirt-beige|https://triprindia.com/products/men-half-sleeve-pack-of-2-round-neck-plain-t-shirts-grey-navy|https://triprindia.com/products/pack-of-1-men-half-sleeve-round-neck-plain-t-shirt-brown|https://triprindia.com/products/pack-of-1-men-half-sleeve-round-neck-plain-t-shirt-maroon|https://triprindia.com/products/pack-of-1-men-half-sleeve-round-neck-plain-t-shirt-black|https://triprindia.com/products/pack-of-1-men-half-sleeve-round-neck-plain-t-shirt-navy-blue,(Pack Of 1) Men Half Sleeve Round Neck Plain Charcoal Black T-shirt – TRIPR|(Pack Of 1) Men Half Sleeve Round Neck Plain White T-shirt – TRIPR|Men Half Sleeve Round Neck Plain Grey T-shirt – TRIPR|(Pack Of 1) Men Half Sleeve Round Neck Plain Beige T-shirt – TRIPR|Mens Round Neck Half Sleeve Grey & Navy T-shirts (Pack Of 2) – TRIPR,,"product description: cotton blend: made from good-quality cotton blend fabric for a soft and breathable experience, perfect for all-day comfort. round neck design: classic round neck style offering a versatile and timeless look for daily wear. half-sleeve s...",,"Keep the variant pages only if they serve distinct demand; otherwise consolidate, canonicalize, or rewrite variant titles, meta descriptions, and body copy with clear color, pack, design, or use-case differences."
CAN-0033,medium,content_cannibalization_variant_serp_risk,variant_serp_risk,high,color_variant|model_code_variant|pack_variant|variant_family,code:j62|code:j63|code:j68|color:beige|color:black|color:grey|color:maroon|color:navyblue|color:olivegreen|color:white|pack_of_2|variant_family,cuffed darkgrey pant printed star track,duplicate_meta_description,10,product,https://triprindia.com/products/men-star-printed-with-cuffed-trackpant-grey-black-j68,1,https://triprindia.com/products/men-star-printed-with-cuffed-trackpant-darkgrey-white-j68|https://triprindia.com/products/mens-star-printed-trackpants-6-color-variants-j68|https://triprindia.com/products/men-star-printed-with-cuffed-trackpant-beige-black-j68|https://triprindia.com/products/men-star-printed-with-cuffed-trackpant-maroon-white-j68|https://triprindia.com/products/pack-of-2-men-printed-black-grey-j62-black-grey-j63-trackpants|https://triprindia.com/products/men-star-printed-with-cuffed-trackpant-navyblue-white-j68|https://triprindia.com/products/men-star-printed-with-cuffed-trackpant-olivegreen-white-j68|https://triprindia.com/products/pack-of-2-men-star-printed-black-trackpants|https://triprindia.com/products/men-printed-track-pant-j68-black-white,Men Star Printed With Cuffed Trackpant / Darkgrey & White – TRIPR|Mens Star Printed Trackpants 6 Color Variants – TRIPR|Men Beige & Black Star Printed Cuffed Trackpant – TRIPR|Men Star Printed With Cuffed Trackpant Maroon & White – TRIPR|(Pack Of 2) Men Printed Black & Grey Trackpants – TRIPR,,"product description: trendy ankle-fit design – modern slim-fit with cuffed bottoms for a sharp and stylish silhouette. eye-catching all-over prints – unique and fashionable prints that elevate your casual look. fabric – made from soft, breathable, and durab...",,"Keep the variant pages only if they serve distinct demand; otherwise consolidate, canonicalize, or rewrite variant titles, meta descriptions, and body copy with clear color, pack, design, or use-case differences."
CAN-0034,medium,content_cannibalization_variant_serp_risk,variant_serp_risk,high,color_variant|model_code_variant|pack_variant|variant_family,code:d189|color:beige|color:black|color:grey|color:maroon|color:navyblue|color:olivegreen|color:white|pack_of_2|variant_family,blend cotton full high neck quarter sleeve tshirt zip,duplicate_meta_description,9,product,https://triprindia.com/products/men-full-sleeve-round-neck-cotton-blend-darkgrey-white-t-shirt-d189,2,https://triprindia.com/products/high-neck-full-sleeve-quarter-zip-t-shirt-white-black-d189|https://triprindia.com/products/high-neck-full-sleeve-quarter-zip-t-shirt-grey-black-d189|https://triprindia.com/products/pack-of-2-mens-full-sleeve-high-neck-printed-t-shirts-black-white-d189|https://triprindia.com/products/men-full-sleeve-round-neck-cotton-blend-navyblue-white-t-shirt-d189|https://triprindia.com/products/men-full-sleeve-round-neck-cotton-blend-maroon-white-t-shirt-d189|https://triprindia.com/products/men-full-sleeve-round-neck-cotton-blend-olivegreen-white-t-shirt-d189|https://triprindia.com/products/men-full-sleeve-round-neck-cotton-blend-beige-black-t-shirt-d189|https://triprindia.com/products/high-neck-full-sleeve-quarter-zip-t-shirt-black-white-d189,Men Full Sleeve High Neck Cotton Blend White-Black T-Shirt – TRIPR|Men Full Sleeve High Neck Cotton Blend Grey-Black T-Shirt – TRIPR|(Pack Of 2) Full Sleeve Round Neck & Quarter Zip Neck T-shirts 18 Vari – TRIPR|Men Full Sleeve High Neck Cotton Blend Darkgrey-White T-shirt – TRIPR|Men Full Sleeve High Neck Cotton Blend Navyblue-White T-shirt – TRIPR,,"product description: upgrade your casual collection with men’s full sleeve printed t-shirts designed in both high neck and round neck styles for a trendy, versatile look crafted from soft and breathable fabric for all-day comfort and ease perfect for casual...",,"Keep the variant pages only if they serve distinct demand; otherwise consolidate, canonicalize, or rewrite variant titles, meta descriptions, and body copy with clear color, pack, design, or use-case differences."
CAN-0035,medium,content_cannibalization_variant_serp_risk,variant_serp_risk,high,color_variant|model_code_variant|variant_family,code:sh100|code:sh101|code:sh102|code:sh93|code:sh99|color:beige|color:black|color:green|color:maroon|color:multi|color:olive|color:olivegreen|color:white|variant_family,casual double full hooded pocket shir shirt sleeve smart textured,duplicate_meta_description,9,product,https://triprindia.com/products/full-sleeve-color-blocked-shirt-beige-black-sh99,3,https://triprindia.com/products/men-smart-casual-double-pocket-full-sleeve-hooded-maroon-textured-shirt-sh93|https://triprindia.com/products/men-smart-casual-double-pocket-full-sleeve-hooded-olive-textured-shirt-sh93|https://triprindia.com/products/men-smart-casual-double-pocket-full-sleeve-hooded-black-textured-shirt-sh93|https://triprindia.com/products/men-color-blocked-multi-color-shirt-beige-sh101|https://triprindia.com/products/beige-hooded-neck-full-sleeve-shirt-beige-sh93|https://triprindia.com/products/men-color-blocked-multi-color-shirt-olive-green-sh101|https://triprindia.com/products/men-color-blocked-half-sleeve-shirt-loose-fit-white-sh100|https://triprindia.com/products/men-textured-pattren-full-sleeve-shirt-white-sh102,Men Smart Casual Double Pocket Full Sleeve Hooded Maroon Textured Shir – TRIPR|Men Smart Casual Double Pocket Full Sleeve Hooded Olive Textured Shirt – TRIPR|Men Smart Casual Double Pocket Full Sleeve Hooded Black Textured Shirt – TRIPR|Men Smart Casual Black Beige white Full Sleeve Multi Color Shirt – TRIPR|Men Smart Casual Double Pocket Full Sleeve Hooded Beige Textured Shirt – TRIPR,,product description: full sleeve style: ideal for both casual and semi-formal wear color variety: available in multiple vibrant and classic multicolor options comfortable fit: designed with a relaxed silhouette for all-day comfort quality fabric: made from ...,,"Keep the variant pages only if they serve distinct demand; otherwise consolidate, canonicalize, or rewrite variant titles, meta descriptions, and body copy with clear color, pack, design, or use-case differences."
CAN-0036,medium,content_cannibalization_variant_serp_risk,variant_serp_risk,high,color_variant|model_code_variant|variant_family,code:d184|code:d186|code:d189|color:beige|color:black|color:green|color:grey|color:maroon|color:olive|variant_family,colorblocked half pant plain printed sleeve suit suuit tackpants track tshirt variants,duplicate_meta_description,9,product,https://triprindia.com/products/track-suuit-half-sleeve-d189-grey-printed-t-shirt-with-plain-grey-track-pant,1,https://triprindia.com/products/track-suuit-half-sleeve-d186-olive-green-printed-t-shirt-with-plain-track-pant-grey|https://triprindia.com/products/track-suit-printed-d184-olive-green-t-shirt-with-plain-track-pant-grey|https://triprindia.com/products/track-suit-printed-d184-beige-t-shirt-with-plain-track-pant-black|https://triprindia.com/products/track-suit-printed-d184-black-t-shirt-with-plain-track-pant-grey|https://triprindia.com/products/track-suit-printed-d184-grey-t-shirt-with-plain-track-pant-black|https://triprindia.com/products/track-suit-printed-d184-olive-green-t-shirt-with-plain-track-pant-black|https://triprindia.com/products/track-suit-printed-d184-maroon-t-shirt-with-plain-track-pant-grey|https://triprindia.com/products/track-suit-printed-d184-maroon-t-shirt-with-plain-track-pant-black,Track Suit Half Sleeve Colorblocked T-shirt with Plain Tackpants- 17 V – TRIPR|Track Suit Half Sleeve Printed Tshirts & Plain Trackpants 14 Variants – TRIPR|Track Suit Half Sleeve Olive Green Printed T-shirt with Plain Grey Tra – TRIPR|Track Suit Half Sleeve Beige Printed T-shirt with Plain Black Trackpan – TRIPR|Track Suit Half Sleeve Black Printed T-shirt with Plain Grey Trackpant – TRIPR,,"product description: trendy printed t-shirts: half sleeve, round neck tees with bold, eye-catching prints that add a fresh touch to your everyday style. plain trackpants for a balanced look: minimalist design trackpants provide a clean contrast to the print...",,"Keep the variant pages only if they serve distinct demand; otherwise consolidate, canonicalize, or rewrite variant titles, meta descriptions, and body copy with clear color, pack, design, or use-case differences."
CAN-0037,medium,content_cannibalization_variant_serp_risk,variant_serp_risk,medium,color_variant,color:beige|color:black|color:grey|color:olivegreen,cargo colorblocked jogger multipockets,duplicate_meta_description,8,product,https://triprindia.com/products/designer-cargo-beige-jogger-with-side-print-panel,1,https://triprindia.com/products/colorblocked-multipockets-cargo-43-jogger-beige-black|https://triprindia.com/products/designer-cargo-olivegreen-jogger-with-side-print-panel|https://triprindia.com/products/designer-cargo-black-jogger-with-side-print-panel|https://triprindia.com/products/designer-cargo-grey-jogger-with-side-print-panel|https://triprindia.com/products/colorblocked-multipockets-cargo-42-jogger-olivegreen-grey|https://triprindia.com/products/colorblocked-multipockets-cargo-jogger-beige-black|https://triprindia.com/products/colorblocked-multipockets-cargo-42-jogger-black-grey,Colorblocked Multipockets Cargo Jogger Beige & Black – TRIPR|Designer Cargo Beige Jogger with Side Print Panel – TRIPR|Designer Cargo Olivegreen Jogger with Side Print Panel – TRIPR|Designer Cargo Black Jogger with Side Print Panel – TRIPR|Designer Cargo Grey Jogger with Side Print Panel – TRIPR,,"product description: trendy men’s cargo pants available in printed, solid, and color-blocked designs stylish cuffed bottom hems for a modern streetwear finish crafted from durable yet breathable fabric for lasting comfort functional multiple cargo pockets f...",,"Keep the variant pages only if they serve distinct demand; otherwise consolidate, canonicalize, or rewrite variant titles, meta descriptions, and body copy with clear color, pack, design, or use-case differences."
CAN-0038,medium,content_cannibalization_variant_serp_risk,variant_serp_risk,high,color_variant|combo_variant|pack_variant,color:beige|color:black|color:blue|color:grey|color:maroon|color:navy|combo|pack_of_2,combo plain trunk,duplicate_meta_description,8,product,https://triprindia.com/products/men-combo-plain-trunk-beige-navy,1,https://triprindia.com/products/men-combo-plain-trunk-maroon-beige|https://triprindia.com/products/men-plain-trunk-black-21|https://triprindia.com/products/men-plain-trunk-navy-blue-22|https://triprindia.com/products/men-plain-trunk-beige-25|https://triprindia.com/products/men-plain-trunk-maroon-23|https://triprindia.com/products/men-plain-trunk-grey-24|https://triprindia.com/products/men-combo-plain-trunk-navy-gery,Combo Pack Of 2 Maroon & Beige Men Plain Trunks – TRIPR|Men Plain Black Trunk – TRIPR|Men Plain Navy Blue Trunk – TRIPR|Combo Pack Of 2 Beige & Navy Men Plain Trunks – TRIPR|Men Plain Beige Trunk – TRIPR,,"product description: classic plain trunk designed for ultimate comfort and everyday wear. made from soft, breathable, and stretchable fabric for a perfect fit. a comfortable waistband that provides a secure yet flexible fit. available in a variety of colors...",,"Keep the variant pages only if they serve distinct demand; otherwise consolidate, canonicalize, or rewrite variant titles, meta descriptions, and body copy with clear color, pack, design, or use-case differences."
CAN-0039,medium,content_cannibalization_variant_serp_risk,variant_serp_risk,medium,color_variant,color:black|color:blue|color:green|color:grey|color:maroon|color:navy|color:olive,full pant plain sleeve track tracksuit tshirt,duplicate_meta_description,8,product,https://triprindia.com/products/mens-track-suit-full-sleeve-grey-t-shirt-grey-track-pant,1,https://triprindia.com/products/mens-tracksuit-full-sleeve-navy-t-shirt-plain-grey-trackpant|https://triprindia.com/products/mens-track-suit-full-sleeve-maroon-t-shirt-navy-track-pant|https://triprindia.com/products/mens-track-suit-full-sleeve-navy-blue-t-shirt-navy-track-pant|https://triprindia.com/products/mens-track-suit-full-sleeve-black-t-shirt-grey-track-pant|https://triprindia.com/products/mens-track-suit-full-sleeve-olive-green-t-shirt-black-track-pant|https://triprindia.com/products/mens-track-suit-full-sleeve-grey-t-shirt-black-track-pant|https://triprindia.com/products/mens-track-suit-full-sleeve-black-t-shirt-black-track-pant,Men Tracksuit - Full Sleeve Navy t-shirt Plain Grey Trackpant – TRIPR|Mens Tracksuit - Full Sleeve Maroon t-shirt / Navy Blue Trackpant – TRIPR|Mens Tracksuit - Full Sleeve Navy t-shirt / Navy Trackpant – TRIPR|Mens Tracksuit - Full Sleeve Black t-shirt / Grey Trackpant – TRIPR|Mens Tracksuit - Full Sleeve Grey t-shirt / Grey Trackpant – TRIPR,,"product description: ✅ cotton fabric: crafted from high-quality cotton, ensuring breathability, comfort, and durability for all-day wear.✅ all-weather wear: ideal for any season – whether it's a chilly morning jog or a relaxed evening, this tracksuit keeps ...",,"Keep the variant pages only if they serve distinct demand; otherwise consolidate, canonicalize, or rewrite variant titles, meta descriptions, and body copy with clear color, pack, design, or use-case differences."
CAN-0040,medium,content_cannibalization_variant_serp_risk,variant_serp_risk,high,color_variant|model_code_variant|pack_variant|variant_family,code:s32|color:beige|color:black|color:blue|color:green|color:maroon|color:navy|color:olive|color:white|pack_of_2|pack_of_3|variant_family,plain short waffle,duplicate_meta_description,8,product,https://triprindia.com/products/men-plain-waffle-shorts-6-color-variants-s32,1,https://triprindia.com/products/men-plain-waffle-short-s32-white|https://triprindia.com/products/pack-of-3-men-plain-black-beige-maroon-waffle-shorts|https://triprindia.com/products/men-plain-textured-pattern-short-olive-green|https://triprindia.com/products/men-plain-waffle-short-navy-blue-s32|https://triprindia.com/products/men-plain-textured-pattern-short-maroon|https://triprindia.com/products/men-plain-textured-pattern-short-black|https://triprindia.com/products/men-plain-textured-pattern-short-beige,"Men Plain White Waffle Short – TRIPR|Pack Of 3 Men Plain Black, Beige and Maroon Waffle Shorts – TRIPR|Men Plain Olive Green Waffle Short – TRIPR|Men Plain Waffle Short Navy Blue – TRIPR|Men Plain Maroon Waffle Short – TRIPR",,"product description: trendy waffle pattern shorts with a unique and eye-catching pattern. crafted for ultimate comfort, perfect for summer wear. lightweight and breathable fabric keeps you cool and relaxed all day. versatile design ideal for casual outings,...",,"Keep the variant pages only if they serve distinct demand; otherwise consolidate, canonicalize, or rewrite variant titles, meta descriptions, and body copy with clear color, pack, design, or use-case differences."
CAN-0041,medium,content_cannibalization_variant_serp_risk,variant_serp_risk,high,color_variant|combo_variant|model_code_variant|pack_variant,code:d214|code:d215|code:d219|code:z141|color:beige|color:black|color:multicolor|color:white|combo|pack_of_2,back combo designing drop oversized print printed shoulder tshirt,duplicate_meta_description,7,product,https://triprindia.com/products/mens-oversized-round-neck-printed-tshirt-white-d219,4,https://triprindia.com/products/back-print-drop-shoulder-t-shirts-combo-for-men-multicolor|https://triprindia.com/products/samurai-dragon-graphic-design-printed-oversized-tshirt-black-d215|https://triprindia.com/products/mens-oversized-round-neck-printed-tshirt-black-d219|https://triprindia.com/products/mens-loose-fit-back-printed-oversized-tshirt-white-z141|https://triprindia.com/products/dragon-graphic-design-printed-oversized-tshirt-d215|https://triprindia.com/products/japanese-design-dragon-printed-oversized-tshirt-d214,(Pack Of 2) Men Designing Back Printed Oversized T-shirts – TRIPR|Samurai Dragon Graphic Design Printed Oversized Tshirt Black – TRIPR|Mens Oversized Round Neck Printed TShirt White – TRIPR|Men Black Legendary 26 Printed Oversized T-Shirt – TRIPR|Mens Loose Fit Back Printed Oversized Tshirt White – TRIPR,,"product description: trendy oversized men’s t-shirt with bold printed design. made from soft, breathable cotton fabric ensuring all-day comfort. features a relaxed drop-shoulder fit for a stylish, streetwear-inspired look. perfect for casual outings, weeken...",,"Keep the variant pages only if they serve distinct demand; otherwise consolidate, canonicalize, or rewrite variant titles, meta descriptions, and body copy with clear color, pack, design, or use-case differences."
CAN-0042,medium,content_cannibalization_variant_serp_risk,variant_serp_risk,high,color_variant|combo_variant|pack_variant|variant_family,color:black|color:multicolor|combo|pack_of_1|pack_of_2|variant_family,bricked combo printed trunk,duplicate_meta_description,7,product,https://triprindia.com/products/pack-of-1-mens-printed-trunks-14-color-variants,2,https://triprindia.com/products/combo-trunks-bricked|https://triprindia.com/products/pack-of-2-men-multicolor-printed-trunk|https://triprindia.com/products/pack-of-2-men-printed-multicolor-trunks|https://triprindia.com/products/men-printed-multicolor-trunk|https://triprindia.com/products/men-printed-trunk-black|https://triprindia.com/products/men-trunk,Trunk For Men Online | Men TRIPR Trunk Online|Trunk For Men Online | Men Trunk Online – TRIPR,,clearance | s a l e | men trunk for @ 179 online black printed trunk from tripr india. comfy soft cotton blend ideal for innerwears. best online rate.,,"Keep the variant pages only if they serve distinct demand; otherwise consolidate, canonicalize, or rewrite variant titles, meta descriptions, and body copy with clear color, pack, design, or use-case differences."
CAN-0043,medium,content_cannibalization_variant_serp_risk,variant_serp_risk,high,color_variant|combo_variant|model_code_variant|pack_variant,code:j95|color:beige|color:black|color:grey|color:maroon|color:olivegreen|combo|pack_of_2,combo fit loose multicolors pant plain track,duplicate_meta_description,7,product,https://triprindia.com/products/tripr-men-solid-loose-fit-trackpant-beige-plainj95,5,https://triprindia.com/products/mens-plain-combo-pack-track-pants-plain-j95|https://triprindia.com/products/tripr-men-solid-loose-fit-trackpant-nayblue-plainj95|https://triprindia.com/products/tripr-men-solid-loose-fit-trackpant-grey-plainj95|https://triprindia.com/products/tripr-men-solid-loose-fit-trackpant-maroon-plainj95|https://triprindia.com/products/tripr-men-solid-loose-fit-trackpant-olivegreen-plainj95|https://triprindia.com/products/tripr-men-solid-loose-fit-track-pant-black-plainj95,(Pack Of 2) Loose Fit Plain Trackpants Multicolors – TRIPR|TRIPR Men Solid Loose Fit TrackPant Nayblue|TRIPR Men Solid Loose Fit TrackPant Grey|TRIPR Men Solid Loose Fit TrackPant Maroon|TRIPR Men Solid Loose Fit TrackPant Olivegreen,,"product description: comfortable men’s loose fit baggy track pants designed for a relaxed and modern look crafted from soft, breathable fabric for all-day ease and comfort features a wide-leg silhouette for extra room and freedom of movement elastic waistba...",,"Keep the variant pages only if they serve distinct demand; otherwise consolidate, canonicalize, or rewrite variant titles, meta descriptions, and body copy with clear color, pack, design, or use-case differences."
CAN-0044,medium,content_cannibalization_variant_serp_risk,variant_serp_risk,medium,color_variant,color:beige|color:black|color:blue|color:dark|color:green|color:grey|color:maroon|color:navy|color:navyblue|color:olive|color:olivegreen,darkgrey full pant plain printed sleeve star suit track tracksuit tshirt,duplicate_meta_description,7,product,https://triprindia.com/products/track-suit-star-printed-full-sleeve-black-t-shirt-plain-grey-track-pant,0,https://triprindia.com/products/track-suit-star-printed-full-sleeve-dark-grey-t-shirt-plain-grey-track-pant|https://triprindia.com/products/track-suit-star-printed-full-sleeve-maroon-t-shirt-plain-grey-track-pant|https://triprindia.com/products/track-suit-star-printed-full-sleeve-maroon-t-shirt-plain-black-track-pant|https://triprindia.com/products/track-suit-star-printed-full-sleeve-olive-green-t-shirt-plain-black-track-pant|https://triprindia.com/products/track-suit-star-printed-full-sleeve-navy-blue-t-shirt-plain-grey-track-pant|https://triprindia.com/products/track-suit-star-printed-full-sleeve-beige-t-shirt-plain-black-track-pant,Tracksuit For Men Full Sleeve Printed Darkgrey T-shirt / Plain Grey Tr – TRIPR|Tracksuit For Men Full Sleeve Printed Maroon T-shirt Plain Grey Trackp – TRIPR|Tracksuit For Men Full Sleeve Printed Maroon T-shirt Plain Black Track – TRIPR|Full Sleeve Printed Olivegreen T-shirt with Plain Black Trackpant Trac – TRIPR|Full Sleeve Printed Navyblue T-shirt with Plain Grey Trackpant Tracksu – TRIPR,,"product description: printed full sleeve t-shirt: eye-catching designs on a round-neck full-sleeve tee for a bold, fashionable look. stylish plain trackpants: clean, minimal trackpants perfectly balance the vibrant t-shirt for a modern outfit. cotton fabric...",,"Keep the variant pages only if they serve distinct demand; otherwise consolidate, canonicalize, or rewrite variant titles, meta descriptions, and body copy with clear color, pack, design, or use-case differences."
CAN-0045,medium,content_cannibalization_variant_serp_risk,variant_serp_risk,high,color_variant|model_code_variant|pack_variant,code:d173|color:beige|color:black|color:blue|color:charcoal|color:green|color:maroon|color:navy|color:olive|pack_of_2,feather half neck printed round sleeve tshirt,duplicate_meta_description,7,product,https://triprindia.com/products/feather-printed-half-sleeve-round-neck-mens-t-shirt-black,2,https://triprindia.com/products/feather-printed-half-sleeve-round-neck-mens-t-shirt-beige-d173|https://triprindia.com/products/feather-printed-half-sleeve-round-neck-mens-t-shirt-charcoal-black-d173|https://triprindia.com/products/pack-of-2-half-sleeve-printed-round-neck-t-shirts-d173-black-d173-charcoal-black|https://triprindia.com/products/feather-printed-half-sleeve-round-neck-mens-t-shirt-maroon-d173|https://triprindia.com/products/feather-printed-half-sleeve-round-neck-mens-t-shirt-navy-blue-d173|https://triprindia.com/products/feather-printed-half-sleeve-round-neck-mens-t-shirt-olive-green-d173,Feather Printed Half Sleeve Round Neck Mens T-shirt / Beige – TRIPR|Feather Printed Half Sleeve Round Neck Mens T-shirt / Charcoal Black – TRIPR|(Pack Of 2) Hlaf Sleeve Floral Printed T-shirts / Black & Charcoal Bla – TRIPR|Feather Printed Half Sleeve Round Neck Maroon Mens T-shirt – TRIPR|Feather Printed Half Sleeve Navy Blue Round Neck Mens T-shirt – TRIPR,,"product description: classic black color: timeless black shade that pairs effortlessly with any outfit for a sleek, stylish look. comfortable round neck: designed with a round neck for a relaxed fit, making it ideal for casual daily wear. soft cotton blend ...",,"Keep the variant pages only if they serve distinct demand; otherwise consolidate, canonicalize, or rewrite variant titles, meta descriptions, and body copy with clear color, pack, design, or use-case differences."
CAN-0046,medium,content_cannibalization_variant_serp_risk,variant_serp_risk,high,color_variant|model_code_variant|pack_variant,code:z133|color:beige|color:black|color:grey|color:olive|color:olivegreen|pack_of_2,full hooded plain sleeve tshirt,duplicate_meta_description,7,product,https://triprindia.com/products/mens-black-full-sleeve-plain-hooded-t-shirt,1,https://triprindia.com/products/mens-beige-full-sleeve-plain-hooded-t-shirt|https://triprindia.com/products/pack-of-2-mens-full-sleeve-plain-hooded-t-shirts-z133-grey-black|https://triprindia.com/products/pack-of-2-mens-full-sleeve-plain-hooded-t-shirts-z133-grey-olivegreen|https://triprindia.com/products/pack-of-2-mens-full-sleeve-plain-hooded-t-shirts-z133-olive-black|https://triprindia.com/products/mens-grey-full-sleeve-plain-hooded-t-shirt|https://triprindia.com/products/mens-olivegreen-full-sleeve-plain-hooded-t-shirt,Mens Beige Full Sleeve Plain Hooded T-shirt – TRIPR|(Pack Of 2) Mens Full Sleeve Plain Grey & Black Hooded T-shirts – TRIPR|(Pack Of 2) Mens Full Sleeve Plain Grey & Olivegreen Hooded T-shirts – TRIPR|(Pack Of 2) Mens Full Sleeve Plain Olive & Black Hooded T-shirts – TRIPR|Mens Grey Full Sleeve Plain Hooded T-shirt – TRIPR,,"tripr india full sleeve plain hooded t-shirt✔ versatile design: full-sleeve hooded t-shirt, perfect for outings, casual streetwear, and everyday comfort.✔ solid colors to choose from: available in a range of vibrant and classic solid shades to match your st...",,"Keep the variant pages only if they serve distinct demand; otherwise consolidate, canonicalize, or rewrite variant titles, meta descriptions, and body copy with clear color, pack, design, or use-case differences."
CAN-0047,medium,content_cannibalization_variant_serp_risk,variant_serp_risk,high,color_variant|pack_variant,color:beige|color:black|color:green|color:grey|color:olive|pack_of_2,hooded matching pant track tracksuit tshirt,duplicate_meta_description,7,product,https://triprindia.com/products/pack-of-2-tracksuit-olive-grey-hooded-t-shirts-matching-trackpants,1,https://triprindia.com/products/tracksuit-for-men-beige-hooded-full-sleeve-t-shirt-black-plain-trackpant|https://triprindia.com/products/mens-track-suit-black-hooded-full-sleeve-t-shirt-grey-jogger-pant|https://triprindia.com/products/mens-track-suit-olive-green-hooded-full-sleeve-t-shirt-black-jogger-pant|https://triprindia.com/products/mens-track-suit-grey-hooded-full-sleeve-t-shirt-grey-jogger-pant|https://triprindia.com/products/mens-track-suit-grey-hooded-full-sleeve-t-shirt-black-jogger-pant|https://triprindia.com/products/mens-track-suit-black-hooded-full-sleeve-t-shirt-black-jogger-pant,(Pack Of 2) T-shirts And Matching Trackpants Tracksuit For Men – TRIPR|Tracksuit For Men Beige Hooded Full Sleeve T-shirt Black Plain Trackpa – TRIPR|Tracksuit For Men Black Hooded Full Sleeve T-shirt / Grey Trackpant – TRIPR|Olive Green Hooded Full Sleeve T-shirt with Black Trackpant Tracksuit – TRIPR|Tracksuit For Men Grey Hooded Full Sleeve T-shirt with Grey Trackpant – TRIPR,,"product description: cotton fabric: made with high-quality, breathable cotton for maximum comfort and durability. versatile design: includes a plain hooded t-shirt and plain trackpants, offering a sleek and stylish look. all-weather wear: designed for year-...",,"Keep the variant pages only if they serve distinct demand; otherwise consolidate, canonicalize, or rewrite variant titles, meta descriptions, and body copy with clear color, pack, design, or use-case differences."
CAN-0048,medium,content_cannibalization_variant_serp_risk,variant_serp_risk,high,color_variant|model_code_variant|variant_family,code:j84|code:j85|code:j86|color:beige|color:black|color:grey|variant_family,ankle bottom cuffed deisgn jogger pant printed track,duplicate_meta_description,6,product,https://triprindia.com/products/men-beige-track-pant-bottom-with-cuffed-j84,2,https://triprindia.com/products/men-dual-color-cotton-blend-track-pant-j85-grey-black|https://triprindia.com/products/men-anime-print-track-pant-j86-black|https://triprindia.com/products/men-dual-color-cotton-blend-track-pant-j85-black-grey|https://triprindia.com/products/men-grey-track-pant-bottom-with-cuffed-j84|https://triprindia.com/products/men-black-track-pant-bottom-with-cuffed-j84,Men's Ankle Deisgn Printed Beige Jogger Track Pant – TRIPR|Men Colorblocked Casual Jogger Trackpant Grey – TRIPR|Men Anime Printed Casual Trackpant Black – TRIPR|Men Colorblocked Casual Jogger Trackpant Black – TRIPR|Men's Ankle Deisgn Printed Grey Jogger Track Pant – TRIPR,,"product description: stylish men’s track pants available in printed, solid, and color-blocked patterns designed with cuffed bottom hems for a modern and sporty finish made from soft, breathable fabric that ensures all-day comfort features an elastic waistba...",,"Keep the variant pages only if they serve distinct demand; otherwise consolidate, canonicalize, or rewrite variant titles, meta descriptions, and body copy with clear color, pack, design, or use-case differences."
CAN-0049,medium,content_cannibalization_variant_serp_risk,variant_serp_risk,high,color_variant|combo_variant|pack_variant|variant_family,color:black|color:multicolor|combo|pack_of_1|pack_of_2|variant_family,bricked combo printed trunk,duplicate_title,6,product,https://triprindia.com/products/pack-of-1-mens-printed-trunks-14-color-variants,2,https://triprindia.com/products/combo-trunks-bricked|https://triprindia.com/products/pack-of-2-men-multicolor-printed-trunk|https://triprindia.com/products/pack-of-2-men-printed-multicolor-trunks|https://triprindia.com/products/men-printed-multicolor-trunk|https://triprindia.com/products/men-printed-trunk-black,Trunk For Men Online | Men TRIPR Trunk Online,trunk for men online | men tripr trunk online,,,"Keep the variant pages only if they serve distinct demand; otherwise consolidate, canonicalize, or rewrite variant titles, meta descriptions, and body copy with clear color, pack, design, or use-case differences."
CAN-0050,medium,content_cannibalization_variant_serp_risk,variant_serp_risk,high,color_variant|model_code_variant,code:cargo36|code:cargo37|color:black|color:brown|color:multi,cargo jogger over pockets print,duplicate_meta_description,6,product,https://triprindia.com/products/men-black-printed-corgo-jogger,2,https://triprindia.com/products/mens-all-over-print-4-pockets-black-cargo-jogger|https://triprindia.com/products/mens-all-over-print-multi-pockets-black-cargo-39-jogger|https://triprindia.com/products/mens-all-over-print-multi-pockets-black-brown-cargo-40-jogger|https://triprindia.com/products/mens-all-over-print-4-pockets-cargo-jogger-black-cargo37|https://triprindia.com/products/mens-all-over-print-4-pockets-cargo-jogger-black-cargo36,Mens All Over Print Multi Pockets Black Cargo Jogger – TRIPR|Mens All Over Print Multi Pockets Black & Brown Cargo Jogger – TRIPR|Mens All Over Print 4 Pockets Cargo Jogger Black – TRIPR|Men All Over Printed Multi Pockets Black Cargo Jogger – TRIPR,,product description: trendy ankle-fit with cuffed bottoms – modern fit with ribbed cuffs for a sharp and stylish finish. all-over printed design – bold black base with striking prints for a standout streetwear vibe. available in cargo ; jogger styles – choo...,,"Keep the variant pages only if they serve distinct demand; otherwise consolidate, canonicalize, or rewrite variant titles, meta descriptions, and body copy with clear color, pack, design, or use-case differences."
CAN-0051,medium,content_cannibalization_variant_serp_risk,variant_serp_risk,high,color_variant|model_code_variant|variant_family,code:sh91|code:sh92|code:sh94|code:sh95|code:sh96|color:beige|color:black|color:multicolor|color:olivegreen|color:white|variant_family,casual full pattern pattren shirt sleeve smart stripes textured vertical,duplicate_meta_description,6,product,https://triprindia.com/products/mens-textured-pattren-full-sleeve-plain-black-shirt-sh92,5,https://triprindia.com/products/mens-textured-pattren-full-sleeve-white-shirt-sh94|https://triprindia.com/products/mens-textured-pattren-striped-casual-shirt-multicolor-sh95|https://triprindia.com/products/mens-color-block-zipper-shirt-white-beige-sh96|https://triprindia.com/products/mens-color-block-zipper-shirt-white-olivegreen-sh96|https://triprindia.com/products/mens-textured-pattren-full-sleeve-white-beige-shirt-sh91,Men Smart Casual Full Sleeve Textured Pattern Vertical Stripes White S – TRIPR|Men Smart Casual Textured Pattren Multicolor Striped Shirt – TRIPR|Men Smart Casual Colorblock Full Sleeve Zipper Shirt White & Beige – TRIPR|Men Smart Casual Full Sleeve Zipper Shirt White & Olivegreen – TRIPR|Men Smart Casual Half Sleeve Textured Pattern White Beige Colorblock S – TRIPR,,product description: plain textured design: elegant solid color pattern with subtle texture for a rich look full sleeve style: ideal for both casual and semi-formal wear color variety: available in multiple vibrant and classic multicolor options comfortable...,,"Keep the variant pages only if they serve distinct demand; otherwise consolidate, canonicalize, or rewrite variant titles, meta descriptions, and body copy with clear color, pack, design, or use-case differences."
CAN-0052,medium,content_cannibalization_variant_serp_risk,variant_serp_risk,high,color_variant|combo_variant|pack_variant,color:black|color:charcoal|color:grey|color:maroon|color:multicolor|color:navy|color:navyblue|color:yellow|combo|pack_of_10|pack_of_2|pack_of_5|pack_of_6|pack_of_9,charcoal printed tank top tops,duplicate_meta_description,6,product,https://triprindia.com/products/men-tank-tops-pack-of-5,0,https://triprindia.com/products/men-tank-tops-pack-of-6|https://triprindia.com/products/men-tank-tops-pack-of-2|https://triprindia.com/products/tank-tops-combo-pack-of-2-navyblue|https://triprindia.com/products/men-tank-tops-pack-of-9|https://triprindia.com/products/men-tank-tops-pack-of-10,Men Printed Tank Top (Pack of 2) / Charcoal Black & Grey – TRIPR|(Pack of 2) Men Believer Printed Vest / Grey & Navyblue – TRIPR|(Pack of 2) Men Printed Vest / Multicolor – TRIPR|Men Colorblock Tank Tops Pack of 2 Navy Maroon & Navy Yellow – TRIPR|Men Tank Tops (Pack of 2) – TRIPR,,sun is shining bright and temperature is rising everyday and summers are officially here. buy this pack of 2 printed tank tops for men from tripr india. you can buy best tank tops for men at our website at lowest prices. our tank tops are made of best quali...,,"Keep the variant pages only if they serve distinct demand; otherwise consolidate, canonicalize, or rewrite variant titles, meta descriptions, and body copy with clear color, pack, design, or use-case differences."
CAN-0053,medium,content_cannibalization_variant_serp_risk,variant_serp_risk,high,color_variant|variant_family,color:beige|color:black|color:dark|color:green|color:grey|color:olive|variant_family,colors full neck printed round sleeve tshirt zag zig,duplicate_meta_description,6,product,https://triprindia.com/products/round-neck-full-sleeve-zig-zag-printed-tshirts-with-6-colors,1,https://triprindia.com/products/men-hooded-full-sleeve-zig-zag-printed-t-shirt-beige|https://triprindia.com/products/men-hooded-full-sleeve-zig-zag-printed-t-shirt-black|https://triprindia.com/products/men-hooded-full-sleeve-zig-zag-printed-t-shirt-grey|https://triprindia.com/products/men-hooded-full-sleeve-zig-zag-printed-t-shirt-dark-grey|https://triprindia.com/products/men-hooded-full-sleeve-zig-zag-printed-t-shirt-olive-green,Round Neck Full Sleeve Zig Zag Printed Tshirts with 6 Colors – TRIPR|Round Neck Full Sleeve Zig Zag Printed Beige T-shirt – TRIPR|Round Neck Full Sleeve Zig Zag Printed Black T-shirt – TRIPR|Round Neck Full Sleeve Zig Zag Printed Grey T-shirt – TRIPR|Round Neck Full Sleeve Zig Zag Printed Dark Grey T-shirt – TRIPR,,"product description: stylish full sleeve round neck t-shirt designed for a trendy and comfortable fit. features a unique zig-zag printed design, adding a bold and modern touch. available in a variety of attractive colors to match your style. made from soft ...",,"Keep the variant pages only if they serve distinct demand; otherwise consolidate, canonicalize, or rewrite variant titles, meta descriptions, and body copy with clear color, pack, design, or use-case differences."
CAN-0054,medium,content_cannibalization_variant_serp_risk,variant_serp_risk,high,color_variant|combo_variant|model_code_variant|pack_variant|variant_family,code:d144|color:black|color:brown|color:dark|color:green|color:grey|color:maroon|color:olive|color:olivegreen|combo|pack_of_2|variant_family,combo full high logo neck printed sleeve tshirt varia variants,duplicate_meta_description,6,product,https://triprindia.com/products/pack-of-2-mens-henely-high-neck-full-sleeve-t-shirts-6-variants-combo,3,https://triprindia.com/products/pack-of-2-high-neck-printed-full-sleeve-tshirts-d144|https://triprindia.com/products/men-full-sleeve-high-neck-pack-of-2-t-shirts-brown-maroon|https://triprindia.com/products/men-full-sleeve-high-neck-pack-of-2-t-shirts-black-dark-grey|https://triprindia.com/products/men-full-sleeve-high-neck-t-shirt-pack-of-2-maroon-black|https://triprindia.com/products/men-full-sleeve-high-neck-t-shirt-pack-of-2-dark-grey-olive-green,Pack Of 2 High Neck Logo Printed Full Sleeve Combo T-shirts - 13 Varia – TRIPR|Mens High Neck Full Sleeve Brown & Maroon T-shirts (Pack Of 2) – TRIPR|Mens High Neck Full Sleeve Black & Dark Grey T-shirts (Pack Of 2) – TRIPR|(Pack Of 2) Full Sleeve Mens High & Henley Neck T-shirts with 6 Varian – TRIPR|Mens High Neck Full Sleeve Maroon & Black T-shirts (Pack Of 2) – TRIPR,,"product description: stylish design: crafted with a high neck and eye-catching prints, perfect for adding a trendy touch to your wardrobe. premium quality fabric: made with soft, breathable, and durable fabric for ultimate comfort throughout the day. pack o...",,"Keep the variant pages only if they serve distinct demand; otherwise consolidate, canonicalize, or rewrite variant titles, meta descriptions, and body copy with clear color, pack, design, or use-case differences."
CAN-0055,medium,content_cannibalization_variant_serp_risk,variant_serp_risk,high,color_variant|model_code_variant,code:d194|code:j68|color:beige|color:black|color:blue|color:dark|color:green|color:grey|color:maroon|color:navy|color:navyblue|color:olive|color:olivegreen,darkgrey full pant printed sleeve star suit track tracksuit tshirt,duplicate_meta_description,6,product,https://triprindia.com/products/track-suit-black-wite-full-sleeve-d194-t-shirt-j68-black-track-pant,0,https://triprindia.com/products/track-suit-star-printed-dark-grey-full-sleeve-t-shirt-with-star-printed-track-pant-dark-grey|https://triprindia.com/products/track-suit-star-printed-navy-blue-full-sleeve-t-shirt-with-star-printed-track-pant-navy-blue|https://triprindia.com/products/track-suit-star-printed-maroon-full-sleeve-t-shirt-with-star-printed-track-pant-maroon|https://triprindia.com/products/track-suit-star-printed-beige-full-sleeve-t-shirt-with-star-printed-track-pant-beige|https://triprindia.com/products/track-suit-star-printed-olive-green-full-sleeve-t-shirt-with-star-printed-track-pant-olive-green,Tracksuit Full Sleeve Star Printed Darkgrey T-shirt / Darkgrey Printed – TRIPR|Tracksuit Full Sleeve Star Printed Navyblue T-shirt with Navyblue Prin – TRIPR|Tracksuit Full Sleeve Star Printed Maroon T-shirt / Maroon Printed Tra – TRIPR|Tracksuit Full Sleeve Star Printed Beige T-shirt with Beige Printed Tr – TRIPR|Tracksuit Full Sleeve Star Printed Olivegreen T-shirt with Olivegreen – TRIPR,,"product description: stylish star print design: full-sleeve round-neck black t-shirt with matching star-printed cuffed trackpants for a trendy look. cotton fabric: made from good-quality cotton for a soft, breathable, and skin-friendly feel. comfortable cuf...",,"Keep the variant pages only if they serve distinct demand; otherwise consolidate, canonicalize, or rewrite variant titles, meta descriptions, and body copy with clear color, pack, design, or use-case differences."
CAN-0056,medium,content_cannibalization_variant_serp_risk,variant_serp_risk,medium,color_variant,color:beige|color:black|color:green|color:grey|color:maroon|color:olive|color:white,full jogger pant sleeve tracksuit tshirt,duplicate_meta_description,6,product,https://triprindia.com/products/mens-tracksuit-olive-green-t-shirt-black-track-pant,0,https://triprindia.com/products/mens-tracksuit-21|https://triprindia.com/products/mens-tracksuit-24|https://triprindia.com/products/mens-tracksuit-17|https://triprindia.com/products/men-tracksuit-018|https://triprindia.com/products/mens-tracksuit-8,Men Full Sleeve T-shirt with Jogger Pant (Beige & Black Tracksuit) – TRIPR|mens tracksuit FULL SLEEVE - WHITE BLACK – TRIPR|mens tracksuit FULL SLEEVE - BLACK GREY – TRIPR|mens tracksuit OLIVE GREEN-BLACK – TRIPR|mens tracksuit FULL SLEEVE -OLIVE GREEN Henley Neck T-shirt & BLACK Jo – TRIPR,,""" product description introducing the ultimate pair of matching tracksuits from tripr india! elevate your style with our fashionable tracksuit combo for men. enjoy the perfect blend of comfort and trendiness with our t-shirt and trackpant set, designed for ...",,"Keep the variant pages only if they serve distinct demand; otherwise consolidate, canonicalize, or rewrite variant titles, meta descriptions, and body copy with clear color, pack, design, or use-case differences."
CAN-0057,medium,content_cannibalization_variant_serp_risk,variant_serp_risk,high,color_variant|model_code_variant,code:d194|color:beige|color:black|color:blue|color:dark|color:green|color:grey|color:maroon|color:navy|color:olive,full neck printed round sleeve star tshirt,duplicate_meta_description|shared_keyword_intent,6,product,https://triprindia.com/products/men-full-sleeve-star-printed-round-neck-t-shirts-black-d194,1,https://triprindia.com/products/men-full-sleeve-star-printed-round-neck-t-shirts-dark-grey-d194|https://triprindia.com/products/men-full-sleeve-star-printed-round-neck-t-shirts-maroon-d194|https://triprindia.com/products/men-full-sleeve-star-printed-round-neck-t-shirts-beige-d194|https://triprindia.com/products/men-full-sleeve-star-printed-round-neck-t-shirts-olive-green-d194|https://triprindia.com/products/men-full-sleeve-star-printed-round-neck-t-shirts-navy-blue-d194,Men Full Sleeve Star Printed Round Neck T-Shirt / Dark Grey – TRIPR|Men Full Sleeve Star Printed Round Neck T-Shirt Maroon – TRIPR|Men Full Sleeve Star Printed Beige Round Neck T-Shirt – TRIPR|Men Full Sleeve Star Printed Olive Green Round Neck T-Shirt – TRIPR|Men Full Sleeve Star Printed Navy Blue Round Neck T-Shirt – TRIPR,,"product description: stylish full sleeve round neck t-shirt for a trendy and versatile look. features a unique printed design, adding a modern and fashionable touch. available in a variety of attractive colors to match your style. made from soft and breatha...",,"Keep the variant pages only if they serve distinct demand; otherwise consolidate, canonicalize, or rewrite variant titles, meta descriptions, and body copy with clear color, pack, design, or use-case differences."
CAN-0058,medium,content_cannibalization_variant_serp_risk,variant_serp_risk,high,color_variant|model_code_variant,code:d197|code:d198|code:d199|code:d201|code:d204|code:d205|color:black|color:blue|color:multicolor|color:white,over oversized printed size tshirt,duplicate_meta_description,6,product,https://triprindia.com/products/men-multicolor-all-over-printed-over-size-t-shirt-white-d205,1,https://triprindia.com/products/men-printed-over-size-t-shirt-d201-black|https://triprindia.com/products/men-printed-over-size-t-shirt-d198-white|https://triprindia.com/products/men-over-all-printed-over-size-t-shirt-white-d204|https://triprindia.com/products/men-printed-over-size-t-shirt-d199-white-blue|https://triprindia.com/products/men-rock-rebel-printed-over-size-t-shirt-black-d197,Black Men Printed Oversized T-shirt – TRIPR|Men White Multicolor All Over Printed Oversized T-shirt – TRIPR|Men Printed White Over Size T-shirt – TRIPR|Men Over All Printed White Oversized T-shirt – TRIPR|White & Blue Men Printed Oversized T-shirt – TRIPR,,"product description: trendy oversized t-shirts with bold all-over printed designs. perfect blend of style and streetwear for a relaxed, edgy look. made from soft, breathable fabric for maximum comfort. machine washable for easy maintenance. available in mul...",,"Keep the variant pages only if they serve distinct demand; otherwise consolidate, canonicalize, or rewrite variant titles, meta descriptions, and body copy with clear color, pack, design, or use-case differences."
CAN-0059,medium,content_cannibalization_variant_serp_risk,variant_serp_risk,high,color_variant|pack_variant,color:black|color:blue|color:grey|color:navy|pack_of_2,pant plain tarackpants track,duplicate_meta_description,6,product,https://triprindia.com/products/pack-of-2-plain-track-pant-black,2,https://triprindia.com/products/pack-of-2-plain-track-pant-grey-navy|https://triprindia.com/products/pack-of-2-plain-track-pant-navy-blue|https://triprindia.com/products/pack-of-2-plain-track-pant-black-navy-blue|https://triprindia.com/products/pack-of-2-plain-track-pant-balck-grey|https://triprindia.com/products/pack-of-2-plain-track-pant-grey,(Pack Of 2) Mens Plain Grey & Navy Tarackpants – TRIPR|(Pack Of 2) Mens Plain Navy Blue Tarackpants – TRIPR|(Pack Of 2) Mens Plain Black & Navy Blue Tarackpants – TRIPR|(Pack Of 2) Mens Plain Black & Grey Tarackpants – TRIPR|(Pack Of 2) Mens Plain Grey Tarackpants – TRIPR,,"product description: (pack of 2) high quality men's trackpants with cuffed bottoms for a trendy and snug fit. available in solid colors, perfect for casual wear, gym sessions, or lounging at home. made from soft and breathable fabric, ensuring all-day comfo...",,"Keep the variant pages only if they serve distinct demand; otherwise consolidate, canonicalize, or rewrite variant titles, meta descriptions, and body copy with clear color, pack, design, or use-case differences."
CAN-0060,medium,content_cannibalization_variant_serp_risk,variant_serp_risk,high,color_variant|model_code_variant,code:d208|code:d209|code:d210|code:d211|color:beige|color:black|color:navyblue,back baggy fit loose printed tshirt,duplicate_meta_description,5,product,https://triprindia.com/products/anime-graphic-back-printed-oversized-tshirt-black-d211,1,https://triprindia.com/products/men-back-printed-loose-fit-baggy-tshirt-beige-d208|https://triprindia.com/products/men-back-printed-loose-fit-baggy-tshirt-black-d208|https://triprindia.com/products/back-printed-loose-fit-baggy-tshirt-black-for-mens-d209|https://triprindia.com/products/contrast-back-printed-oversized-tshirt-navyblue-d210,Men Back Printed Loose Fit Baggy Tshirt Beige – TRIPR|Anime Graphic Back Printed Oversized Tshirt Black – TRIPR|Men Back Printed Loose Fit Baggy Tshirt Black – TRIPR|Back Printed Loose Fit Baggy Tshirt Black For Mens – TRIPR|Contrast Back Printed Oversized Tshirt Navyblue – TRIPR,,"product description: fashion-forward round neck oversized t-shirt designed for a relaxed, street-style silhouette eye-catching back print design that adds a bold and modern statement to everyday wear crafted from soft, breathable fabric for lasting comfort ...",,"Keep the variant pages only if they serve distinct demand; otherwise consolidate, canonicalize, or rewrite variant titles, meta descriptions, and body copy with clear color, pack, design, or use-case differences."
CAN-0061,medium,content_cannibalization_variant_serp_risk,variant_serp_risk,high,color_variant|combo_variant|pack_variant,color:black|color:blue|color:green|color:grey|color:multicolor|color:navy|color:olive|color:white|combo|pack_of_3,combo printed three vest,duplicate_meta_description,5,product,https://triprindia.com/products/tripr-men-vest-combo-of-black-white-olive-green,0,https://triprindia.com/products/printed-men-vest-combo-pack-of-three|https://triprindia.com/products/men-vest-combo-pack-of-3|https://triprindia.com/products/men-vest-pack-of-3-combo|https://triprindia.com/products/tripr-men-vest-combo-of-black-grey-navy-blue,(Pack of 3) Mens Multicolor Printed Vests – TRIPR|Men Vest Printed (Pack of 3) – TRIPR|Men Believer Printed Vest (Pack of 3) | black - grey- green – TRIPR|Mens Multicolor Printed Vest (Pack of 3) – TRIPR|(Pack of 3) Men Printed Vest / Multicolor – TRIPR,,"with summers reaching to its peak, we understand you need clothes which are comfortable and soothing. buy this pack of 3 printed tank tops for men in green, white and black from tripr india. you can buy best tank tops for men at our website at lowest prices...",,"Keep the variant pages only if they serve distinct demand; otherwise consolidate, canonicalize, or rewrite variant titles, meta descriptions, and body copy with clear color, pack, design, or use-case differences."
CAN-0062,medium,content_cannibalization_variant_serp_risk,variant_serp_risk,high,color_variant|model_code_variant,code:j89|code:j90|code:j91|code:j93|code:j94|color:black,fit loose pant printed track,duplicate_meta_description,5,product,https://triprindia.com/products/mens-loose-fit-dragon-ball-anime-printed-trackpant-black-j94,3,https://triprindia.com/products/mens-loose-fit-printed-trackpant-black-j93|https://triprindia.com/products/mens-baggy-fit-printed-trackpant-black-j89|https://triprindia.com/products/mens-baggy-fit-warm-less-printed-trackpant-black-j90|https://triprindia.com/products/mens-baggy-fit-myself-printed-trackpant-black-j91,"Mens Loose Fit Printed Trackpant Black – TRIPR|Mens Loose Fit ""Dragon Ball"" Anime Printed Trackpant Black – TRIPR|Mens Baggy Fit Printed Trackpant Black – TRIPR|Mens Baggy Fit ""WARM LESS"" Printed Trackpant Black – TRIPR|Mens Baggy Fit ""MYSELF"" Printed Trackpant Black – TRIPR",,"product description: comfortable loose fit design: relaxed silhouette for maximum comfort and freedom of movement. waffle cotton fabric: soft, breathable, and textured fabric that keeps you cool and comfortable all day. stylish printed look: minimalist desi...",,"Keep the variant pages only if they serve distinct demand; otherwise consolidate, canonicalize, or rewrite variant titles, meta descriptions, and body copy with clear color, pack, design, or use-case differences."
CAN-0063,medium,content_cannibalization_variant_serp_risk,variant_serp_risk,high,color_variant|pack_variant|variant_family,color:black|color:brown|color:dark|color:green|color:grey|color:maroon|color:multicolor|color:olive|pack_of_2|variant_family,full henely henley neck sleeve tshirt,duplicate_meta_description,5,product,https://triprindia.com/products/pack-of-2-mandarin-neck-full-sleeve-multicolor-tshirts-10-variants,1,https://triprindia.com/products/men-full-sleeve-henley-t-shirt-pack-of-2-dark-grey-maroon|https://triprindia.com/products/men-full-sleeve-henley-neck-pack-of-2-t-shirts-dark-grey-brown|https://triprindia.com/products/men-full-sleeve-henley-neck-pack-of-2-t-shirts-brown-black|https://triprindia.com/products/men-full-sleeve-henley-neck-pack-of-2-t-shirts-maroon-olive-green,Mens Henely Neck Full Sleeve Dark Grey & Maroon T-shirts (Pack Of 2) – TRIPR|Mens Henely Neck Full Sleeve Dark Grey & Brown T-shirts (Pack Of 2) – TRIPR|(Pack Of 2) Mandarin Neck Full Sleeve Multicolor Tshirts- 10 Variants – TRIPR|Mens Henely Neck Full Sleeve Brown & Black T-shirts (Pack Of 2) – TRIPR|Mens Henely Neck Full Sleeve T-shirts Maroon & Olive (Pack Of 2) – TRIPR,,"product description: stylish design: crafted with a henley neck and eye-catching prints, perfect for adding a trendy touch to your wardrobe. premium quality fabric: made with soft, breathable, and durable fabric for ultimate comfort throughout the day. pack...",,"Keep the variant pages only if they serve distinct demand; otherwise consolidate, canonicalize, or rewrite variant titles, meta descriptions, and body copy with clear color, pack, design, or use-case differences."
CAN-0064,medium,content_cannibalization_variant_serp_risk,variant_serp_risk,medium,color_variant,color:beige|color:dark|color:green|color:grey|color:maroon|color:olive|color:olivegreen,full neck pant round sleeve suit track tracksu tracksuit tshirt,duplicate_meta_description,5,product,https://triprindia.com/products/track-suit-for-men-maroon-t-shirt-maroon-track-pant,1,https://triprindia.com/products/track-suit-for-men-beige-t-shirt-beige-track-pant|https://triprindia.com/products/track-suit-for-men-olive-green-t-shirt-olive-green-track-pant|https://triprindia.com/products/track-suit-for-men-grey-t-shirt-grey-track-pant|https://triprindia.com/products/track-suit-for-men-dark-grey-t-shirt-dark-grey-track-pant,Round Neck Full Sleeve Beige T-shirt with Beige Trackpant Mens Tracksu – TRIPR|Round Neck Full Sleeve Olivegreen T-shirt with Olivegreen Trackpant Me – TRIPR|Round Neck Full Sleeve Maroon T-shirt with Maroon Trackpant Mens Track – TRIPR|Round Neck Full Sleeve Grey T-shirt with Grey Trackpant Mens Tracksuit – TRIPR|Round Neck Full Sleeve Darkgrey T-shirt with Darkgrey Trackpant Mens T – TRIPR,,"product description: trendy zig-zag printed full-sleeve t-shirt: features a stylish round-neck design with a unique zig-zag print, adding a modern touch to your casual look. printed cuffed trackpants: designed with matching prints and elasticated cuffs for ...",,"Keep the variant pages only if they serve distinct demand; otherwise consolidate, canonicalize, or rewrite variant titles, meta descriptions, and body copy with clear color, pack, design, or use-case differences."
CAN-0065,medium,content_cannibalization_variant_serp_risk,variant_serp_risk,high,color_variant|model_code_variant,code:d233|code:d234|code:d235|code:d236|code:d237|color:black,half neck printed round sleeve tshirt,duplicate_title,5,product,https://triprindia.com/products/men-half-sleeve-round-neck-t-shirt-black-d233,0,https://triprindia.com/products/men-half-sleeve-round-neck-t-shirt-black-d234|https://triprindia.com/products/men-half-sleeve-round-neck-t-shirt-black-d237|https://triprindia.com/products/men-half-sleeve-round-neck-t-shirt-black-d235|https://triprindia.com/products/men-half-sleeve-round-neck-t-shirt-black-d236,Men Half Sleeve Printed Tshirt Black – TRIPR,men half sleeve printed tshirt black – tripr,,,"Keep the variant pages only if they serve distinct demand; otherwise consolidate, canonicalize, or rewrite variant titles, meta descriptions, and body copy with clear color, pack, design, or use-case differences."
CAN-0066,medium,content_cannibalization_variant_serp_risk,variant_serp_risk,high,color_variant|pack_variant|variant_family,color:beige|color:grey|color:olivegreen|pack_of_2|variant_family,abstarct olivegreen printed short,duplicate_meta_description,4,product,https://triprindia.com/products/men-short-pack-of-2-1,1,https://triprindia.com/products/men-short-1|https://triprindia.com/products/men-short-3|https://triprindia.com/products/men-short-2,Mens Abstarct Printed OLIVEGREEN short – TRIPR|Mens Abstract Printed Shorts Beige – TRIPR|Mens Grey Printed Short – TRIPR|(Pack Of 2) Printed And Colorblocked Shorts 15 Variants – TRIPR,,"step out in style with our shorts having pockets on the both sides, adjustable drawstring on the waistband and straight fit. this is classy, comfortable and versatile. pair it with nice bold & bright t-shirt. amazing combo packs available. fabric & care: co...",,"Keep the variant pages only if they serve distinct demand; otherwise consolidate, canonicalize, or rewrite variant titles, meta descriptions, and body copy with clear color, pack, design, or use-case differences."
CAN-0067,medium,content_cannibalization_variant_serp_risk,variant_serp_risk,high,color_variant|model_code_variant,code:os6|color:black|color:blue|color:grey|color:maroon|color:multi|color:navy,baggy cargo fit jogger over oversized pocket pockets printed,duplicate_meta_description,4,product,https://triprindia.com/products/mens-multi-pockets-all-over-printed-baggy-fit-oversized-cargo-jogger-black-os6,2,https://triprindia.com/products/mens-multi-pockets-all-over-printed-baggy-fit-oversized-cargo-jogger-grey-os6|https://triprindia.com/products/mens-multi-pockets-all-over-printed-baggy-cargo-pants-os6|https://triprindia.com/products/mens-multi-pockets-all-over-printed-baggy-fit-oversized-cargo-jogger-maroon-os6,Buy Navy Blue Baggy fit Multi Pocket Cargo Joggers Online – TRIPR,,"buy baggy cargo jogger for men on clearance sale for ₹399 online. heavy fabric, multi pockets, baggy oversized cargo jogger with cuff ankle. explore huge collections of trendy cargo joggers under 300 or 500 and enjoy fastest delivery | easy 7 days returns",,"Keep the variant pages only if they serve distinct demand; otherwise consolidate, canonicalize, or rewrite variant titles, meta descriptions, and body copy with clear color, pack, design, or use-case differences."
CAN-0068,medium,content_cannibalization_variant_serp_risk,variant_serp_risk,high,color_variant|model_code_variant,code:d185|code:d186|color:black|color:charcoal|color:grey|color:navyblue|color:olivegreen,blend cotton half neck olivegreen printed round sleeve tshirt,duplicate_meta_description,4,product,https://triprindia.com/products/men-printed-half-sleeve-round-neck-d186-cotton-blend-olivegreen-t-shirt-1,0,https://triprindia.com/products/men-printed-half-sleeve-round-neck-d186-cotton-blend-navyblue-t-shirt|https://triprindia.com/products/men-printed-half-sleeve-round-neck-d186-cotton-blend-grey-t-shirt|https://triprindia.com/products/men-printed-half-sleeve-round-neck-d185-cotton-blend-t-shirt-charcoal-black,Men Printed Half Sleeve Round Neck Cotton Blend Olivegreen T-Shirt – TRIPR|Men Printed Half Sleeve Round Neck Cotton Blend Navyblue T-Shirt – TRIPR|Men Printed Half Sleeve Round Neck Cotton Blend Grey T-Shirt – TRIPR|Men Printed Half Sleeve Round Neck Cotton Blend Charcoal Black T-Shirt – TRIPR,,"product description: trendy half sleeve t-shirt with a unique printed design for a stylish look. crafted from soft and breathable fabric for all-day comfort. perfect for casual outings, weekend wear, or everyday styling. available in sizes s, m, l, xl, and ...",,"Keep the variant pages only if they serve distinct demand; otherwise consolidate, canonicalize, or rewrite variant titles, meta descriptions, and body copy with clear color, pack, design, or use-case differences."
CAN-0069,medium,content_cannibalization_variant_serp_risk,variant_serp_risk,high,color_variant|model_code_variant,code:d189|color:black|color:grey|color:maroon|color:olivegreen|color:white,blend cotton half neck printed round sleeve tshirt,duplicate_meta_description,4,product,https://triprindia.com/products/men-half-sleeve-printed-t-shirt-grey-d189,1,https://triprindia.com/products/men-half-sleeve-printed-t-shirt-white-d189|https://triprindia.com/products/men-half-sleeve-round-neck-cotton-blend-t-shirt-maroon-white-d189|https://triprindia.com/products/men-half-sleeve-round-neck-cotton-blend-t-shirt-olivegreen-whited189,Men Half Sleeve Round Neck Cotton Blend White-Black T-Shirt – TRIPR|Men Half Sleeve Round Neck Maroon - White Cotton Blend T-Shirt – TRIPR|Men Half Sleeve Round Neck Olivegreen - White Cotton Blend T-Shirt – TRIPR|Men Half Sleeve Round Neck Cotton Blend Grey-Black T-Shirt – TRIPR,,"product description: trendy printed half sleeve t-shirts designed for a stylish casual look. crafted from soft, breathable fabric for everyday comfort. machine washable for easy care and durability. combines style and comfort effortlessly. available in mult...",,"Keep the variant pages only if they serve distinct demand; otherwise consolidate, canonicalize, or rewrite variant titles, meta descriptions, and body copy with clear color, pack, design, or use-case differences."
CAN-0070,medium,content_cannibalization_variant_serp_risk,variant_serp_risk,high,color_variant|pack_variant,color:black|color:grey|color:navyblue|color:olive|pack_of_2,blend cotton jogger navyblue solid,duplicate_meta_description,4,product,https://triprindia.com/products/pack-of-2-mens-cotton-blend-solid-grey-black-joggers,5,https://triprindia.com/products/pack-of-2-mens-cotton-blend-solid-olive-navyblue-joggers|https://triprindia.com/products/pack-of-2-mens-cotton-blend-solid-navyblue-black-joggers|https://triprindia.com/products/pack-of-2-mens-cotton-blend-solid-olive-black-joggers,(Pack Of 2) Mens Cotton Blend Solid Olive & Navyblue Joggers – TRIPR|(Pack Of 2) Mens Cotton Blend Solid Navyblue & Black Joggers – TRIPR|(Pack Of 2) Mens Cotton Blend Solid Olive & Black Joggers – TRIPR|(Pack Of 2) Mens Cotton Blend Solid Grey & Black Trackpants – TRIPR,,product description: elevate your casual style with this premium plain jogger combo pack designed for everyday comfort and versatility. made from soft and breathable cotton-blend fabric for a relaxed fit and long-lasting wear. features elastic waistband wit...,,"Keep the variant pages only if they serve distinct demand; otherwise consolidate, canonicalize, or rewrite variant titles, meta descriptions, and body copy with clear color, pack, design, or use-case differences."
CAN-0071,medium,content_cannibalization_variant_serp_risk,variant_serp_risk,high,color_variant|combo_variant|model_code_variant|pack_variant|variant_family,code:d173|code:d184|code:d186|code:d189|color:beige|color:black|color:green|color:grey|color:olive|color:white|combo|pack_of_2|pack_of_3|variant_family,graphic half parinted printed sleeve tshirt,duplicate_meta_description,4,product,https://triprindia.com/products/pack-of-2-half-sleeve-printed-t-shirts-d173-olive-green-d184-beige,2,https://triprindia.com/products/men-half-sleeve-graphic-parinted-t-shirts|https://triprindia.com/products/pack-of-2-half-sleeve-printed-t-shirts-d186-black-d173-white|https://triprindia.com/products/pack-of-2-half-sleeve-printed-t-shirts-d189-grey-d186-black,Mens (Pack Of 3) Half Sleeve Printed Tshirts – TRIPR|Combo pack Half Sleeve Printed T-shirts black and white – TRIPR|Men Half Sleeve Printed Pack of 2 Combo Tshirts 18 Variants – TRIPR|(Pack Of 2) Half Sleeve Printed Tshirts- 20 Variants – TRIPR,,"product description: upgrade your wardrobe with this combo pack of stylish half sleeve printed t-shirts. each t-shirt features unique and eye-catching patterns, perfect for everyday wear. crafted from soft, breathable fabric that ensures comfort all day lon...",,"Keep the variant pages only if they serve distinct demand; otherwise consolidate, canonicalize, or rewrite variant titles, meta descriptions, and body copy with clear color, pack, design, or use-case differences."
CAN-0072,medium,content_cannibalization_variant_serp_risk,variant_serp_risk,medium,color_variant,color:beige|color:black|color:olivegreen|color:white,half neck olivegr olivegreen polo quarter sleeve striped tshirt vertical zip,duplicate_meta_description,4,product,https://triprindia.com/products/men-quarter-zip-polo-neck-vertical-striped-half-sleeve-t-shirt-white-p58,3,https://triprindia.com/products/men-quarter-zip-polo-neck-vertical-striped-half-sleeve-t-shirt-olivegreen-p58|https://triprindia.com/products/men-quarter-zip-polo-neck-vertical-striped-half-sleeve-t-shirt-black-p58|https://triprindia.com/products/men-quarter-zip-polo-neck-vertical-striped-half-sleeve-t-shirt-beige-p58,Men Quarter Zip Polo Neck Vertical Striped Half Sleeve T-shirt Olivegr – TRIPR|Men Quarter Zip Polo Neck Vertical Striped Half Sleeve T-shirt White – TRIPR|Men Quarter Zip Polo Neck Vertical Striped Half Sleeve T-shirt Black – TRIPR|Men Quarter Zip Polo Neck Vertical Striped Half Sleeve T-shirt Beige – TRIPR,,product description: stylish men’s half sleeve polo t-shirt with bold vertical striped – “versatile printed” made from soft cotton blend fabric for all-day comfort and breathability polo neck design with ribbed hem and cuffs for a neat finish perfect for ca...,,"Keep the variant pages only if they serve distinct demand; otherwise consolidate, canonicalize, or rewrite variant titles, meta descriptions, and body copy with clear color, pack, design, or use-case differences."
CAN-0073,medium,content_cannibalization_variant_serp_risk,variant_serp_risk,high,color_variant|model_code_variant,code:d221|code:d222|code:d223|color:beige|color:black,half neck printed round tshirt,duplicate_meta_description,4,product,https://triprindia.com/products/mens-half-round-neck-printed-tshirt-black-d222,0,https://triprindia.com/products/mens-half-round-neck-xo-printed-tshirt-black-d223|https://triprindia.com/products/mens-half-round-neck-printed-tshirt-black-d221|https://triprindia.com/products/mens-half-round-neck-dream-printed-tshirt-beige-d222,Mens Half Round Neck XO Printed Tshirt Black – TRIPR|Mens Half Round Neck Printed Tshirt Black – TRIPR|Mens Half Round Neck DREAM Printed Tshirt Black – TRIPR|Mens Half Round Neck DREAM Printed Tshirt Beige – TRIPR,,"fabric & care: cotton blend fabric; 170-180 gsm. regular machine wash. shipping/delivery: the order will be dispatched within 24-48 hours, and you can expect to receive your order within 4-5 business days. return and exchange: we have an easy 7 days return ...",,"Keep the variant pages only if they serve distinct demand; otherwise consolidate, canonicalize, or rewrite variant titles, meta descriptions, and body copy with clear color, pack, design, or use-case differences."
CAN-0074,medium,content_cannibalization_variant_serp_risk,variant_serp_risk,high,color_variant|model_code_variant,code:d225|code:d226|code:d227|code:d228|color:black,half neck printed round tshirt,duplicate_meta_description,4,product,https://triprindia.com/products/mens-half-round-neck-printed-tshirt-black-d228,1,https://triprindia.com/products/mens-half-round-neck-printed-tshirt-black-d225|https://triprindia.com/products/mens-half-round-neck-rock-star-printed-tshirt-black-d226|https://triprindia.com/products/mens-half-round-neck-hangover-printed-tshirt-black-d227,Mens Half Round Neck Printed Tshirt Black – TRIPR|Mens Half Round Neck ROCK STAR Printed Tshirt Black – TRIPR|Mens Half Round Neck HANGOVER Printed Tshirt Black – TRIPR,,"product description: stylish men’s half sleeve t-shirts available in printed, plain, and color-blocked designs designed with a classic round neck fit for everyday comfort and easy wear made from soft, breathable fabric that feels light and comfortable all d...",,"Keep the variant pages only if they serve distinct demand; otherwise consolidate, canonicalize, or rewrite variant titles, meta descriptions, and body copy with clear color, pack, design, or use-case differences."
CAN-0075,medium,content_cannibalization_variant_serp_risk,variant_serp_risk,medium,color_variant,color:black|color:grey|color:maroon|color:olivegreen,half olivegreen pant pri printed sleeve track tracksuit tshirt,duplicate_meta_description,4,product,https://triprindia.com/products/tracksuit-for-men-half-sleeve-black-t-shirt-black-printed-trackpant,0,https://triprindia.com/products/tracksuit-for-men-half-sleeve-olivegreen-t-shirt-olivegreen-printed-trackpant|https://triprindia.com/products/tracksuit-for-men-half-sleeve-grey-t-shirt-grey-printed-trackpant|https://triprindia.com/products/men-track-suit-round-neck-printed-jogger-02,Tracksuit For Men - Half Sleeve Olivegreen T-shirt with Olivegreen Pri – TRIPR|Tracksuit For Men - Half Sleeve Black T-shirt with Black Printed Track – TRIPR|Tracksuit For Men - Half Sleeve Grey T-shirt with Grey Printed Trackpa – TRIPR|Half Sleeve Maroon T-shirt with Maroon Printed Trackpant Tracksuit – TRIPR,,"product description: design: features bold typography printed designs for a trendy and modern look. complete set: includes a coordinated full-sleeve t-shirt and jogger pants. size range: available in sizes s to 2xl, ensuring a perfect fit for everyone. tren...",,"Keep the variant pages only if they serve distinct demand; otherwise consolidate, canonicalize, or rewrite variant titles, meta descriptions, and body copy with clear color, pack, design, or use-case differences."
CAN-0076,medium,content_cannibalization_variant_serp_risk,variant_serp_risk,high,color_variant|model_code_variant,code:s38|code:s39|code:s40|code:s42|color:black,over printed short,duplicate_title,4,product,https://triprindia.com/products/men-all-over-printed-short-black-s40,0,https://triprindia.com/products/men-all-over-printed-short-black-s39|https://triprindia.com/products/men-all-over-printed-short-black-s38|https://triprindia.com/products/men-all-over-printed-short-black-s42,Men All Over Printed Short Black – TRIPR,men all over printed short black – tripr,,,"Keep the variant pages only if they serve distinct demand; otherwise consolidate, canonicalize, or rewrite variant titles, meta descriptions, and body copy with clear color, pack, design, or use-case differences."
CAN-0077,medium,content_cannibalization_variant_serp_risk,variant_serp_risk,high,color_variant|model_code_variant,code:j79|code:j81|code:j82|color:black|color:olivegreen|color:white,pant printd track,duplicate_meta_description,4,product,https://triprindia.com/products/men-printed-loose-fit-printed-black-trackpant,1,https://triprindia.com/products/men-printd-trackpant-black-j81|https://triprindia.com/products/men-on-off-printd-trackpant-black-j82|https://triprindia.com/products/men-striped-pattern-trackpant-olivegreen-j79,Men Printd Trackpant Black – TRIPR|Men On-Off Printd Trackpant Black – TRIPR|Men White Striped Cuffed ankle Olivegreen Track Pant – TRIPR|Men Printed Loose Fit Printed Black Trackpant – TRIPR,,"product description: men’s stylish black trackpant designed with classic dual white side stripes for a sporty yet trendy look. made from soft and breathable fabric, ensuring all-day comfort and durability. relaxed fit with an adjustable drawstring waist for...",,"Keep the variant pages only if they serve distinct demand; otherwise consolidate, canonicalize, or rewrite variant titles, meta descriptions, and body copy with clear color, pack, design, or use-case differences."
CAN-0078,medium,content_cannibalization_variant_serp_risk,variant_serp_risk,high,color_variant|model_code_variant,code:vt14|code:vt15|code:vt17|color:black,back neck printed round vest,duplicate_title|shared_keyword_intent,3,product,https://triprindia.com/products/men-back-printed-round-neck-vest-black-vt15,2,https://triprindia.com/products/men-back-printed-round-neck-vest-black-vt17|https://triprindia.com/products/men-back-printed-round-neck-vest-black-vt14,Men Back Printed Round Neck Vest Black – TRIPR,men back printed round neck vest black – tripr,,,"Keep the variant pages only if they serve distinct demand; otherwise consolidate, canonicalize, or rewrite variant titles, meta descriptions, and body copy with clear color, pack, design, or use-case differences."
CAN-0079,medium,content_cannibalization_variant_serp_risk,variant_serp_risk,high,color_variant|model_code_variant,code:j72|color:black|color:grey|color:white,baggy cargo fit loose pant plain track,duplicate_meta_description|shared_keyword_intent,3,product,https://triprindia.com/products/loose-fit-plain-baggy-cargo-j72-white,1,https://triprindia.com/products/loose-fit-plain-baggy-cargo-j72-grey|https://triprindia.com/products/loose-fit-plain-baggy-cargo-j72-black,Plain Baggy Track Pant Grey – TRIPR|Plain Baggy Track Pant Black – TRIPR|Plain Baggy Track Pant White – TRIPR,,"product description: product: baggy oversized fit cargo jogger pant brand: tripr india material: cotton blend for comfort and durability design: solid color with a stylish, oversized fit for a relaxed look ankle style: cuffed ankles for a modern, tapered si...",,"Keep the variant pages only if they serve distinct demand; otherwise consolidate, canonicalize, or rewrite variant titles, meta descriptions, and body copy with clear color, pack, design, or use-case differences."
CAN-0080,medium,content_cannibalization_variant_serp_risk,variant_serp_risk,low,color_variant|variant_family,color:green|color:olive|color:olivegreen|variant_family,baggy cargo high neck olivegreen plain sweatshirt tracks tracksuit,duplicate_meta_description,3,product,https://triprindia.com/products/plain-round-neck-sweatshirts-and-cargo-joggers-outfit-sets,1,https://triprindia.com/products/olive-green-high-neck-sweatshirt-olivegreen-plain-baggy-cargo-tracksuit|https://triprindia.com/products/high-neck-sweatshirts-and-cargo-joggers-outfit-sets,Olive Green High Neck Sweatshirt & Olivegreen Plain Baggy Cargo Tracks – TRIPR|High Neck Sweatshirts and Cargo Joggers Outfit Sets 20 Variants – TRIPR|Men's Plain Round Neck Sweatshirts and Cargo Joggers Outfit Sets – TRIPR,,"product description: trendy men’s tracksuit set featuring a mix of printed and solid sweatshirts and jackets paired with matching bottom wear for a coordinated, fashionable look. made from good quality, soft cotton fabric offering excellent comfort, breatha...",,"Keep the variant pages only if they serve distinct demand; otherwise consolidate, canonicalize, or rewrite variant titles, meta descriptions, and body copy with clear color, pack, design, or use-case differences."
CAN-0081,medium,content_cannibalization_variant_serp_risk,variant_serp_risk,high,color_variant|variant_family,color:beige|color:black|color:white|variant_family,blaocked color full neck polo quarter sleeve striped tshirt vertical zip,duplicate_title,3,product,https://triprindia.com/products/color-blaocked-quarter-zip-polo-neck-vertical-striped-full-sleeve-t-shirt-p73,0,https://triprindia.com/products/color-blaocked-quarter-zip-polo-neck-vertical-striped-full-sleeve-t-shirt-white-black-p73|https://triprindia.com/products/color-blaocked-quarter-zip-polo-neck-vertical-striped-full-sleeve-t-shirt-white-darkgrey-p73,Color Blaocked Quarter Zip Polo Neck Vertical Striped Full Sleeve T-sh – TRIPR,color blaocked quarter zip polo neck vertical striped full sleeve t-sh – tripr,,,"Keep the variant pages only if they serve distinct demand; otherwise consolidate, canonicalize, or rewrite variant titles, meta descriptions, and body copy with clear color, pack, design, or use-case differences."
CAN-0082,medium,content_cannibalization_variant_serp_risk,variant_serp_risk,high,color_variant|model_code_variant|pack_variant,code:s46|color:multicolor|pack_of_2|pack_of_3,blend cotton plain short,duplicate_meta_description,3,product,https://triprindia.com/products/mens-solied-cotton-blend-shorts-multicolor-s46,3,https://triprindia.com/products/pack-of-3-plain-cotton-blend-shorts-men-s46|https://triprindia.com/products/pack-of-2-men-plain-shorts-s46,(Pack Of 3) Plain Cotton Blend Shorts – TRIPR|(Pack Of 2) Plain Cotton Blend Shorts – TRIPR|Mens Plain Cotton Blend Shorts – TRIPR,,"product description: made from smooth and breathable fabric for all-day comfort. features a stylish solid design for a trendy look. available in multiple vibrant colors to match your style. designed for casual wear, gym, sports, or lounging. elastic waistba...",,"Keep the variant pages only if they serve distinct demand; otherwise consolidate, canonicalize, or rewrite variant titles, meta descriptions, and body copy with clear color, pack, design, or use-case differences."
CAN-0083,medium,content_cannibalization_variant_serp_risk,variant_serp_risk,high,color_variant|variant_family,color:beige|color:green|color:maroon|color:olive|variant_family,casual fit plain regular sweatshirt,duplicate_meta_description,3,product,https://triprindia.com/products/olive-green-plain-color-sweatshirt-for-men,2,https://triprindia.com/products/maroon-plain-sweatshirt-for-men|https://triprindia.com/products/beige-plain-sweatshirt-for-men,PLAIN MAROON MEN REGULAR FIT CASUAL SWEATSHIRT – TRIPR|PLAIN BEIGE MEN REGULAR FIT CASUAL SWEATSHIRT – TRIPR|PLAIN OLIVE GREEN MEN REGULAR FIT CASUAL SWEATSHIRT – TRIPR,,"product description: premium cotton blend fabric: made with a soft and durable cotton blend (270-280 gsm) for all-day comfort and warmth. regular fit: designed for a relaxed yet tailored fit, offering ease of movement and a sleek silhouette. solid colors: a...",,"Keep the variant pages only if they serve distinct demand; otherwise consolidate, canonicalize, or rewrite variant titles, meta descriptions, and body copy with clear color, pack, design, or use-case differences."
CAN-0084,medium,content_cannibalization_variant_serp_risk,variant_serp_risk,high,color_variant|model_code_variant,code:sh103|code:sh105|code:sh106|color:beige|color:black|color:blue|color:white,checked cotton darkgrey fit regular shirt,duplicate_meta_description,3,product,https://triprindia.com/products/mens-regular-fit-cotton-checked-shirt-darkgrey-beige-sh106,3,https://triprindia.com/products/mens-regular-fit-cotton-checked-shirt-blue-beige-sh103|https://triprindia.com/products/mens-regular-fit-cotton-checked-shirt-white-black-sh105,Mens Regular Fit Cotton Checked Shirt Darkgrey & Beige – TRIPR|Mens Regular Fit Cotton Checked Shirt Blue & Beige – TRIPR|Mens Regular Fit Cotton Checked Shirt White & Black – TRIPR,,"product description: stylish men’s casual shirt featuring a classic checked pattern for a timeless look designed with a regular fit that offers comfort and a sharp appearance made from soft, breathable fabric suitable for all-day wear features a button-down...",,"Keep the variant pages only if they serve distinct demand; otherwise consolidate, canonicalize, or rewrite variant titles, meta descriptions, and body copy with clear color, pack, design, or use-case differences."
CAN-0085,medium,content_cannibalization_variant_serp_risk,variant_serp_risk,high,color_variant|model_code_variant|pack_variant|variant_family,code:z137|color:black|color:dark|color:green|color:grey|color:navy|color:olive|pack_of_2|variant_family,color combos dual full hooded plain printed sleeve tshirt variants,duplicate_meta_description,3,product,https://triprindia.com/products/pack-of-2-full-sleeve-dual-color-printed-hooded-t-shirts-7-variants-z137,2,https://triprindia.com/products/full-sleeve-hooded-neck-dual-color-printed-t-shirt-black-olive-green|https://triprindia.com/products/full-sleeve-hooded-neck-dual-color-printed-t-shirt-navy-dark-grey,Pack of 2 Hooded Printed and Plain T-shirt Combos – TRIPR|Mens Full Sleeve Hooded Neck Dual Color Printed T-shirt Black & Olive – TRIPR|Mens Full Sleeve Hooded Neck Dual Color Printed T-shirt / Navy & Darkg – TRIPR,,"product description: stylish full sleeve hooded t-shirt designed for comfort and versatility. features a unique printed design at the chest, adding a trendy touch to your look. colorblock style for a bold and modern appearance. available in a variety of vib...",,"Keep the variant pages only if they serve distinct demand; otherwise consolidate, canonicalize, or rewrite variant titles, meta descriptions, and body copy with clear color, pack, design, or use-case differences."
CAN-0086,medium,content_cannibalization_variant_serp_risk,variant_serp_risk,medium,color_variant,color:black|color:maroon,half jogger pant sleeve track tracksuit tshirt,duplicate_meta_description,3,product,https://triprindia.com/products/mens-tracksuit-set-black-tshirt-jogger-2,1,https://triprindia.com/products/mens-tracksuit-maroon-tshirt-black-jogger-7|https://triprindia.com/products/mens-tracksuit-maroon-black-4,Mens Tracksuit Half Sleeve Maroon T-shirt with Black Trackpant – TRIPR|Tracksuit - High Neck BLACK T-shirt & Jogger Pant – TRIPR|Mens tracksuit - High Neck MAROON Tshirt & BLACK Jogger Pant – TRIPR,,"product description introducing the ultimate pair of matching tracksuits from tripr india! elevate your style with our fashionable tracksuit combo for men. enjoy the perfect blend of comfort and trendiness with our t-shirt and trackpant set, designed for th...",,"Keep the variant pages only if they serve distinct demand; otherwise consolidate, canonicalize, or rewrite variant titles, meta descriptions, and body copy with clear color, pack, design, or use-case differences."
CAN-0087,medium,content_cannibalization_variant_serp_risk,variant_serp_risk,high,pack_variant|variant_family,pack_of_2|pack_of_3|pack_of_4|variant_family,half neck plain round sleeve tshirt variants,duplicate_meta_description|shared_keyword_intent,3,product,https://triprindia.com/products/mens-half-sleeve-plain-round-neck-t-shirts-pack-of-4-4-variants,3,https://triprindia.com/products/mens-half-sleeve-plain-round-neck-t-shirts-pack-of-3-variants|https://triprindia.com/products/mens-half-sleeve-plain-round-neck-t-shirts-pack-of-2-variants,Mens Half Sleeve Plain Round Neck T-shirts (Pack Of 3) - 11 Variants – TRIPR|Mens Half Sleeve Plain Round Neck T-shirts (Pack Of 2) - 19 Variants – TRIPR|Mens Half Sleeve Plain Round Neck T-shirts (Pack Of 4) - 13 Variants – TRIPR,,"product description: cotton blend: made from high-quality cotton blend fabric for a soft and breathable experience, perfect for all-day comfort. round neck design: classic round neck style offering a versatile and timeless look for daily wear. half-sleeve s...",,"Keep the variant pages only if they serve distinct demand; otherwise consolidate, canonicalize, or rewrite variant titles, meta descriptions, and body copy with clear color, pack, design, or use-case differences."
CAN-0088,medium,content_cannibalization_variant_serp_risk,variant_serp_risk,high,color_variant|model_code_variant,code:d221|code:d225|code:d228|color:black,half neck printed round tshirt,duplicate_title,3,product,https://triprindia.com/products/mens-half-round-neck-printed-tshirt-black-d228,1,https://triprindia.com/products/mens-half-round-neck-printed-tshirt-black-d221|https://triprindia.com/products/mens-half-round-neck-printed-tshirt-black-d225,Mens Half Round Neck Printed Tshirt Black – TRIPR,mens half round neck printed tshirt black – tripr,,,"Keep the variant pages only if they serve distinct demand; otherwise consolidate, canonicalize, or rewrite variant titles, meta descriptions, and body copy with clear color, pack, design, or use-case differences."
CAN-0089,medium,content_cannibalization_variant_serp_risk,variant_serp_risk,medium,color_variant,color:grey|color:white,printed sleeveless vest,duplicate_title,3,product,https://triprindia.com/products/grey-printed-men-vest,1,https://triprindia.com/products/men-sleeveless-men-printed-vest-white|https://triprindia.com/products/tripr-men-vest-grey-1,Buy Men Sleeveless Printed Grey Vest Online – TRIPR,buy men sleeveless printed grey vest online – tripr,,,"Keep the variant pages only if they serve distinct demand; otherwise consolidate, canonicalize, or rewrite variant titles, meta descriptions, and body copy with clear color, pack, design, or use-case differences."
CAN-0090,medium,content_cannibalization_variant_serp_risk,variant_serp_risk,medium,color_variant,color:black|color:pink|color:red,"structured in a combination of print and solid, this multicolor combo trunk for men is ...",duplicate_meta_description,3,product,https://triprindia.com/products/pink-trunk-for-men-u9,0,https://triprindia.com/products/black-trunk-for-men-u13|https://triprindia.com/products/red-trunk-for-men-u11,Men Pink Printed Trunk – TRIPR|Men Black Printed Trunk – TRIPR|Men Red Printed Trunk – TRIPR,,"structured in a combination of print and solid, this multicolor combo trunk for men is offered at best price on our website. we ensure customer feels comfortable and stylish at the same time and enjoy time without worrying about other things. fabric & care:...",,"Keep the variant pages only if they serve distinct demand; otherwise consolidate, canonicalize, or rewrite variant titles, meta descriptions, and body copy with clear color, pack, design, or use-case differences."
CAN-0091,medium,content_cannibalization_variant_serp_risk,variant_serp_risk,high,color_variant|model_code_variant,code:vt15|code:vt17|color:black,back neck printed round vest,duplicate_content,2,product,https://triprindia.com/products/men-back-printed-round-neck-vest-black-vt15,2,https://triprindia.com/products/men-back-printed-round-neck-vest-black-vt17,Men Back Printed Round Neck Vest Black – TRIPR,,,0b54430fd18b8dd06f90b0b7c975a69f2771375d,"Keep the variant pages only if they serve distinct demand; otherwise consolidate, canonicalize, or rewrite variant titles, meta descriptions, and body copy with clear color, pack, design, or use-case differences."
CAN-0092,medium,content_cannibalization_variant_serp_risk,variant_serp_risk,medium,color_variant,color:grey|color:olive|color:white,baggy cargo fit high jacket neck out pant plain printed round set star sweatshirt,duplicate_title|duplicate_meta_description|shared_keyword_intent,2,product,https://triprindia.com/products/out-fit-set-star-printed-round-neck-jacket-grey-plain-baggy-cargo-pant,1,https://triprindia.com/products/out-fit-set-star-printed-round-neck-jacket-plain-baggy-cargo-pant,White Printed High Neck Sweatshirt & Olive Plain Baggy Pant – TRIPR,white printed high neck sweatshirt & olive plain baggy pant – tripr,"product description: round neck jacket : available in plain and printed designs for a versatile streetwear look. plain baggy cargopants: loose fit cargo style offers comfort with a trendy edge. cotton fabric: soft, breathable, and skin-friendly for all-day ...",,"Keep the variant pages only if they serve distinct demand; otherwise consolidate, canonicalize, or rewrite variant titles, meta descriptions, and body copy with clear color, pack, design, or use-case differences."
CAN-0093,medium,content_cannibalization_variant_serp_risk,variant_serp_risk,high,color_variant|model_code_variant|pack_variant,code:os6|color:black|color:grey|color:maroon|color:multi|pack_of_2,baggy cargo pocket printed,duplicate_meta_description|shared_keyword_intent,2,product,https://triprindia.com/products/pack-of-2-printed-multi-pocket-baggy-cargo-black-grey-os6,1,https://triprindia.com/products/pack-of-2-printed-multi-pocket-baggy-cargo-maroon-black-os6,(Pack Of 2) Printed Multi Pocket Baggy Cargo Black & Grey – TRIPR|(Pack Of 2) Printed Multi Pocket Baggy Cargo Maroon & Black – TRIPR,,"product description product: baggy oversized fit cargo jogger pant brand: tripr india material: cotton blend for comfort and durability design: solid color with a stylish, oversized fit for a relaxed look ankle style: cuffed ankles for a modern, tapered sil...",,"Keep the variant pages only if they serve distinct demand; otherwise consolidate, canonicalize, or rewrite variant titles, meta descriptions, and body copy with clear color, pack, design, or use-case differences."
CAN-0094,medium,content_cannibalization_variant_serp_risk,variant_serp_risk,high,color_variant|model_code_variant|variant_family,code:d231|color:beige|color:black|color:dark|color:grey|color:white|variant_family,baggy color dual over oversized printed sized tshirt,duplicate_meta_description|shared_keyword_intent,2,product,https://triprindia.com/products/men-over-sized-dual-color-baggy-t-shirt-d231-beige-dark-grey,1,https://triprindia.com/products/men-over-sized-dual-color-baggy-t-shirt-d231-black-white,Men Printed Oversized Tshirt Beige – TRIPR|Men Printed Oversized Tshirt Black – TRIPR,,"product description: stylish men’s loose fit t-shirt designed for a relaxed and modern streetwear look features a unique all-over printed pattern for a bold and trendy appeal crafted from soft, breathable fabric ensuring all-day comfort offers a comfortable...",,"Keep the variant pages only if they serve distinct demand; otherwise consolidate, canonicalize, or rewrite variant titles, meta descriptions, and body copy with clear color, pack, design, or use-case differences."
CAN-0095,medium,content_cannibalization_variant_serp_risk,variant_serp_risk,high,color_variant|pack_variant,color:black|color:grey|color:multicolor|pack_of_4,believer printed vest,duplicate_meta_description,2,product,https://triprindia.com/products/men-vest-pack-of-4-grey-black,0,https://triprindia.com/products/men-vest-believer-printed-pack-of-4,Men Vest Believer Printed (Pack of 4) – TRIPR|Men Printed Vest (Pack of 4) / Multicolor – TRIPR,,"with summers reaching to its peak, we understand you need clothes which are comfortable and soothing. buy this pack of 4 printed tank tops for men from tripr india. you can buy best tank tops for men at our website at lowest prices. our tank tops are made o...",,"Keep the variant pages only if they serve distinct demand; otherwise consolidate, canonicalize, or rewrite variant titles, meta descriptions, and body copy with clear color, pack, design, or use-case differences."
CAN-0096,medium,content_cannibalization_variant_serp_risk,variant_serp_risk,high,color_variant|model_code_variant,code:d185|code:d186|color:olivegreen,blend cotton half neck olivegreen printed round sleeve tshirt,duplicate_title,2,product,https://triprindia.com/products/men-printed-half-sleeve-round-neck-d186-cotton-blend-olivegreen-t-shirt-1,0,https://triprindia.com/products/men-printed-half-sleeve-round-neck-cotton-blend-t-shirt-d185-olivegreen,Men Printed Half Sleeve Round Neck Cotton Blend Olivegreen T-Shirt – TRIPR,men printed half sleeve round neck cotton blend olivegreen t-shirt – tripr,,,"Keep the variant pages only if they serve distinct demand; otherwise consolidate, canonicalize, or rewrite variant titles, meta descriptions, and body copy with clear color, pack, design, or use-case differences."
CAN-0097,medium,content_cannibalization_variant_serp_risk,variant_serp_risk,high,color_variant|model_code_variant,code:d185|code:d186|color:grey,blend cotton half neck printed round sleeve tshirt,duplicate_title,2,product,https://triprindia.com/products/men-printed-half-sleeve-round-neck-cotton-blend-t-shirt-d185-grey,0,https://triprindia.com/products/men-printed-half-sleeve-round-neck-d186-cotton-blend-grey-t-shirt,Men Printed Half Sleeve Round Neck Cotton Blend Grey T-Shirt – TRIPR,men printed half sleeve round neck cotton blend grey t-shirt – tripr,,,"Keep the variant pages only if they serve distinct demand; otherwise consolidate, canonicalize, or rewrite variant titles, meta descriptions, and body copy with clear color, pack, design, or use-case differences."
CAN-0098,medium,content_cannibalization_variant_serp_risk,variant_serp_risk,medium,color_variant,color:beige|color:black|color:grey,cargo colorblocked jogger multipockets,duplicate_title,2,product,https://triprindia.com/products/colorblocked-multipockets-cargo-43-jogger-beige-black,0,https://triprindia.com/products/colorblocked-multipockets-cargo-42-jogger-black-grey,Colorblocked Multipockets Cargo Jogger Beige & Black – TRIPR,colorblocked multipockets cargo jogger beige & black – tripr,,,"Keep the variant pages only if they serve distinct demand; otherwise consolidate, canonicalize, or rewrite variant titles, meta descriptions, and body copy with clear color, pack, design, or use-case differences."
CAN-0099,medium,content_cannibalization_variant_serp_risk,variant_serp_risk,medium,color_variant,color:black|color:multi,cargo jogger over pockets print,duplicate_title,2,product,https://triprindia.com/products/mens-all-over-print-multi-pockets-black-cargo-39-jogger,1,https://triprindia.com/products/mens-all-over-print-4-pockets-black-cargo-jogger,Mens All Over Print Multi Pockets Black Cargo Jogger – TRIPR,mens all over print multi pockets black cargo jogger – tripr,,,"Keep the variant pages only if they serve distinct demand; otherwise consolidate, canonicalize, or rewrite variant titles, meta descriptions, and body copy with clear color, pack, design, or use-case differences."
CAN-0100,medium,content_cannibalization_variant_serp_risk,variant_serp_risk,high,color_variant|model_code_variant,code:cargo36|code:cargo37|color:black,cargo jogger over pockets print,duplicate_title,2,product,https://triprindia.com/products/mens-all-over-print-4-pockets-cargo-jogger-black-cargo37,0,https://triprindia.com/products/mens-all-over-print-4-pockets-cargo-jogger-black-cargo36,Mens All Over Print 4 Pockets Cargo Jogger Black – TRIPR,mens all over print 4 pockets cargo jogger black – tripr,,,"Keep the variant pages only if they serve distinct demand; otherwise consolidate, canonicalize, or rewrite variant titles, meta descriptions, and body copy with clear color, pack, design, or use-case differences."
CAN-0101,medium,content_cannibalization_variant_serp_risk,variant_serp_risk,high,color_variant|variant_family,color:multicolor|variant_family,casual full high mandarin neck pant set sleeve track tracksuit tshirt zip,duplicate_meta_description,2,product,https://triprindia.com/products/high-neck-mandarin-zip-full-sleeve-t-shirts-with-track-pants-multicolor-tracksuit,0,https://triprindia.com/products/mens-casual-co-ord-tracksuit-set-with-zip-neck-t-shirt,Mens Casual Tracksuit Set with Zip Neck T-Shirts – TRIPR|Mens Casual Co-Ord Tracksuit Set with Zip Neck T-Shirt- 11 Variants – TRIPR,,"product description: stylish men’s tracksuit set featuring a zip-neck t-shirt and matching jogger pants. made from soft, breathable fabric ensuring all-day comfort and flexibility. solid color design offers a clean, modern, and versatile look. elastic waist...",,"Keep the variant pages only if they serve distinct demand; otherwise consolidate, canonicalize, or rewrite variant titles, meta descriptions, and body copy with clear color, pack, design, or use-case differences."
CAN-0102,medium,content_cannibalization_variant_serp_risk,variant_serp_risk,medium,color_variant,color:beige|color:brown|color:olive|color:olivegreen,collar dual polo tone tshirt zip,duplicate_meta_description,2,product,https://triprindia.com/products/mens-dual-tone-polo-t-shirt-with-zip-collar-olive-brown-p49,0,https://triprindia.com/products/mens-dual-tone-polo-t-shirt-with-zip-collar-olive-beige-p49,Men’s Dual Tone Olive Brown Polo TShirt with Zip Collar – TRIPR|Men’s Dual Tone Polo T-Shirt with Zip Collar Olivegreen – TRIPR,,"product description: trendy men’s half sleeve polo t-shirt designed with a stylish quarter zip pattern and eye-catching color block panels. made from soft and breathable cotton fabric for all-day comfort and durability. perfect for casual outings, weekend w...",,"Keep the variant pages only if they serve distinct demand; otherwise consolidate, canonicalize, or rewrite variant titles, meta descriptions, and body copy with clear color, pack, design, or use-case differences."
CAN-0103,medium,content_cannibalization_variant_serp_risk,variant_serp_risk,medium,color_variant,color:dark|color:green|color:olive,collar full half mandarin tshirt,duplicate_meta_description,2,product,https://triprindia.com/products/men-mandarin-collar-olive-green-full-half-tshirts,1,https://triprindia.com/products/men-solid-mandarin-collar-cotton-blend-dark-green-t-shirt,Men Mandarin Collar Olive Green Full/Half TShirts – TRIPR|Men Solid Mandarin Collar Cotton Blend Olive Green T-Shirt – TRIPR,,product description men solid mandarin collar and logo print at front adds a playful and trendy element. olive green black colour with mandarin collar t-shirt provides a stylish contrast. designed to deliver both style and functionality with fashionable one...,,"Keep the variant pages only if they serve distinct demand; otherwise consolidate, canonicalize, or rewrite variant titles, meta descriptions, and body copy with clear color, pack, design, or use-case differences."
CAN-0104,medium,content_cannibalization_variant_serp_risk,variant_serp_risk,medium,color_variant,color:blue|color:grey|color:navy,collar half high neck plain round sleeve tshirt zip zipper,duplicate_title|duplicate_meta_description|shared_keyword_intent,2,product,https://triprindia.com/products/navy-blue-high-collar-t-shirt-for-men,1,https://triprindia.com/products/men-plain-grey-zipper-high-neck-half-sleeve-t-shirt,Buy Men Navy Blue Zip High Collar Half Sleeve Round Neck T-shirt Online – TRIPR,buy men navy blue zip high collar half sleeve round neck t-shirt online – tripr,"buy beige high collar zip tshirt printed for men online clearance sale at just 129 rs. lowest price, finest online low budget high collar neck tshirt. explore tshirts under 100 at triprindia.com",,"Keep the variant pages only if they serve distinct demand; otherwise consolidate, canonicalize, or rewrite variant titles, meta descriptions, and body copy with clear color, pack, design, or use-case differences."
CAN-0105,medium,content_cannibalization_variant_serp_risk,variant_serp_risk,high,color_variant|model_code_variant|variant_family,code:d189|color:black|color:grey|color:white|variant_family,color dual half high neck printed quarter sleeve tshirt zip,duplicate_meta_description|shared_keyword_intent,2,product,https://triprindia.com/products/quarter-zip-dual-color-half-sleeve-high-neck-t-shirt-d189-grey-black,0,https://triprindia.com/products/quarter-zip-dual-color-half-sleeve-high-neck-t-shirt-d189-black-white,Dual Color High Neck Printed Tshirt Black & White – TRIPR|Dual Color High Neck Printed Tshirt Grey & Black – TRIPR,,"product description: stylish men’s high-neck t-shirt featuring a modern printed design for a premium look unique half-zip neckline adds a smart and contemporary touch crafted from soft, breathable fabric for all-day comfort and easy wear tailored regular fi...",,"Keep the variant pages only if they serve distinct demand; otherwise consolidate, canonicalize, or rewrite variant titles, meta descriptions, and body copy with clear color, pack, design, or use-case differences."
CAN-0106,medium,content_cannibalization_variant_serp_risk,variant_serp_risk,high,color_variant|model_code_variant|variant_family,code:j61|color:beige|variant_family,color pant printed track variants,duplicate_meta_description,2,product,https://triprindia.com/products/men-printed-trackpants-6-color-variants-j61,1,https://triprindia.com/products/men-beige-printed-jogger,Men Printed Trackpants 6 Color Variants – TRIPR|Men Cuffed Printed Beige Jogger – TRIPR,,casual comfort reimagined: beige joggers with subtle prints. elastic waist and soft cotton blend for effortless wear.,,"Keep the variant pages only if they serve distinct demand; otherwise consolidate, canonicalize, or rewrite variant titles, meta descriptions, and body copy with clear color, pack, design, or use-case differences."
CAN-0107,medium,content_cannibalization_variant_serp_risk,variant_serp_risk,medium,color_variant,color:beige|color:black,colorblock full neck polo quarter sleeve tshirt zip,duplicate_meta_description|shared_keyword_intent,2,product,https://triprindia.com/products/men-colorblock-quarter-zip-polo-neck-full-sleeve-t-shirt-p52,2,https://triprindia.com/products/men-colorblock-quarter-zip-polo-neck-full-sleeve-t-shirt-black-p52,Men Colorblock Quarter Zip Polo Neck Full Sleeve T-shirt Beige – TRIPR|Men Colorblock Quarter Zip Polo Neck Full Sleeve T-shirt Black – TRIPR,,product description: stylish men’s full sleeve polo t-shirt with bold text print – “versatile printed” made from soft cotton blend fabric for all-day comfort and breathability polo neck design with ribbed hem and cuffs for a neat finish perfect for casual o...,,"Keep the variant pages only if they serve distinct demand; otherwise consolidate, canonicalize, or rewrite variant titles, meta descriptions, and body copy with clear color, pack, design, or use-case differences."
CAN-0108,medium,content_cannibalization_variant_serp_risk,variant_serp_risk,medium,color_variant,color:beige|color:black,colorblock half neck polo quarter sleeve tshirt zip,duplicate_meta_description|shared_keyword_intent,2,product,https://triprindia.com/products/men-colorblock-quarter-zip-polo-neck-half-sleeve-t-shirt-beige-p52,2,https://triprindia.com/products/men-colorblock-quarter-zip-polo-neck-half-sleeve-t-shirt-black-p52,Men Colorblock Quarter Zip Polo Neck Half Sleeve T-shirt Beige – TRIPR|Men Colorblock Quarter Zip Polo Neck Half Sleeve T-shirt Black – TRIPR,,product description: stylish men’s half sleeve polo t-shirt with bold text print – “versatile printed” made from soft cotton blend fabric for all-day comfort and breathability polo neck design with ribbed hem and cuffs for a neat finish perfect for casual o...,,"Keep the variant pages only if they serve distinct demand; otherwise consolidate, canonicalize, or rewrite variant titles, meta descriptions, and body copy with clear color, pack, design, or use-case differences."
CAN-0109,medium,content_cannibalization_variant_serp_risk,variant_serp_risk,high,combo_variant|pack_variant|variant_family,combo|pack_of_2|variant_family,combo half high logo neck printed sleeve tshirt varia variants,duplicate_meta_description,2,product,https://triprindia.com/products/mens-henely-high-neck-half-sleeve-t-shirts-pack-of-2,2,https://triprindia.com/products/pack-of-2-high-neck-printed-half-sleeve-t-shirts-13-variants,Pack Of 2 High Neck Logo Printed Half Sleeve Combo T-shirts - 13 Varia – TRIPR|Mens Henely & High Neck Half Sleeve T-shirts (Pack Of 2) - 10 Variants – TRIPR,,product description henley neck & high neck collar adds a playful and trendy element. contrast colors at sleeves & neck provides a stylish look. designed to deliver both style and functionality with fashionable one visually appealing and versatile ensemble ...,,"Keep the variant pages only if they serve distinct demand; otherwise consolidate, canonicalize, or rewrite variant titles, meta descriptions, and body copy with clear color, pack, design, or use-case differences."
CAN-0110,medium,content_cannibalization_variant_serp_risk,variant_serp_risk,high,combo_variant|model_code_variant|pack_variant,code:st162|combo|pack_of_2,combo high neck plain quarter sweatshirts zip,duplicate_title,2,product,https://triprindia.com/products/pack-of-2-quarter-zip-high-neck-plain-combo-sweatshirts-st162,2,https://triprindia.com/products/pack-of-2-quarter-zip-high-neck-plain-combo-sweatshirts,Pack Of 2 Quarter Zip High Neck Plain Combo Sweatshirts – TRIPR,pack of 2 quarter zip high neck plain combo sweatshirts – tripr,,,"Keep the variant pages only if they serve distinct demand; otherwise consolidate, canonicalize, or rewrite variant titles, meta descriptions, and body copy with clear color, pack, design, or use-case differences."
CAN-0111,medium,content_cannibalization_variant_serp_risk,variant_serp_risk,medium,color_variant,color:black|color:white,fit half polo quarter sleeve tshirt type zip,duplicate_meta_description,2,product,https://triprindia.com/products/half-sleeve-polo-zip-type-white-contrast-collar-t-shirt-p69,0,https://triprindia.com/products/polo-fit-half-sleeve-zip-type-t-shirt-p46,Half Sleeve Polo Quarter Zip Type Black T-shirt – TRIPR|Half Sleeve Polo Zip Type White Contrast Collar T-shirt – TRIPR,,product description: stylish polo half sleeve t-shirt designed with both plain and color-blocked patterns for a versatile and modern look features a unique quarter-zip design that adds a fresh twist to the classic polo style made from soft and breathable fa...,,"Keep the variant pages only if they serve distinct demand; otherwise consolidate, canonicalize, or rewrite variant titles, meta descriptions, and body copy with clear color, pack, design, or use-case differences."
CAN-0112,medium,content_cannibalization_variant_serp_risk,variant_serp_risk,medium,color_variant,color:black|color:green|color:navy|color:olive|color:white,half jogger pant plain sleeve suit track tracksuit tshirt,duplicate_meta_description|shared_keyword_intent,2,product,https://triprindia.com/products/mens-track-suit-olive-green-plain-half-sleeve-t-shirt-plain-jogger,0,https://triprindia.com/products/mens-track-suit-white-plain-half-sleeve-t-shirt-plain-jogger,Half Sleeve White t-shirt with Navy Trackpant Mens Tracksuit – TRIPR|Mens Tracksuit - Half Sleeve Olive Green t-shirt / Black Trackpant – TRIPR,,"product description: 🔹 cotton fabric – crafted from high-quality breathable cotton, ensuring comfort throughout the day. 🔹 stylish & minimalist design – a plain half-sleeve t-shirt paired with plain track pants for a sleek, modern look. 🔹 perfect fit & c...",,"Keep the variant pages only if they serve distinct demand; otherwise consolidate, canonicalize, or rewrite variant titles, meta descriptions, and body copy with clear color, pack, design, or use-case differences."
CAN-0113,medium,content_cannibalization_variant_serp_risk,variant_serp_risk,high,color_variant|copy_variant,color:black|color:white|copy,half neck piping sleeve tshirt zip,duplicate_title,2,product,https://triprindia.com/products/mens-zip-half-sleeve-white-t-shirt,1,https://triprindia.com/products/men-white-zip-neck-half-sleeve-black-piping-t-shirt-copy,Buy Men White V-neck Half Sleeve Zip Black Piping T-shirt Online – TRIPR,buy men white v-neck half sleeve zip black piping t-shirt online – tripr,,,"Keep the variant pages only if they serve distinct demand; otherwise consolidate, canonicalize, or rewrite variant titles, meta descriptions, and body copy with clear color, pack, design, or use-case differences."
CAN-0114,medium,content_cannibalization_variant_serp_risk,variant_serp_risk,medium,color_variant,color:black|color:white,half neck polo quarter sleeve tshirt zip,duplicate_meta_description|shared_keyword_intent,2,product,https://triprindia.com/products/men-quarter-zip-polo-neck-half-sleeve-t-shirt-black-white-p68,0,https://triprindia.com/products/men-quarter-zip-polo-neck-half-sleeve-t-shirt-white-black,Men Quarter Zip Polo Neck Half Sleeve T-SHIRT Black & White – TRIPR|Men Quarter Zip Polo Neck Half Sleeve T-SHIRT White & Black – TRIPR,,"product description: stylish men’s half sleeve polo t-shirt with bold printed” made from soft cotton blend fabric for all-day comfort and breathability polo neck design with ribbed hem and cuffs for a neat finish perfect for casual outings, streetwear style...",,"Keep the variant pages only if they serve distinct demand; otherwise consolidate, canonicalize, or rewrite variant titles, meta descriptions, and body copy with clear color, pack, design, or use-case differences."
CAN-0115,medium,content_cannibalization_variant_serp_risk,variant_serp_risk,high,color_variant|model_code_variant,code:d233|code:d237|color:white,half neck printed round sleeve tshirt,duplicate_title,2,product,https://triprindia.com/products/men-half-sleeve-round-neck-t-shirt-white-d233,1,https://triprindia.com/products/men-half-sleeve-round-neck-t-shirt-white-d237,Men Half Sleeve Printed Tshirt White – TRIPR,men half sleeve printed tshirt white – tripr,,,"Keep the variant pages only if they serve distinct demand; otherwise consolidate, canonicalize, or rewrite variant titles, meta descriptions, and body copy with clear color, pack, design, or use-case differences."
CAN-0116,medium,content_cannibalization_variant_serp_risk,variant_serp_risk,high,color_variant|model_code_variant,code:d235|code:d236|color:beige,half neck printed round sleeve tshirt,duplicate_title,2,product,https://triprindia.com/products/men-half-sleeve-round-neck-t-shirt-beige-d236,1,https://triprindia.com/products/men-half-sleeve-round-neck-t-shirt-beige-d235,Men Half Sleeve Printed Tshirt Beige – TRIPR,men half sleeve printed tshirt beige – tripr,,,"Keep the variant pages only if they serve distinct demand; otherwise consolidate, canonicalize, or rewrite variant titles, meta descriptions, and body copy with clear color, pack, design, or use-case differences."
CAN-0117,medium,content_cannibalization_variant_serp_risk,variant_serp_risk,high,color_variant|model_code_variant,code:d235|code:d236|color:black,half neck printed round sleeve tshirt,duplicate_content,2,product,https://triprindia.com/products/men-half-sleeve-round-neck-t-shirt-black-d235,0,https://triprindia.com/products/men-half-sleeve-round-neck-t-shirt-black-d236,Men Half Sleeve Printed Tshirt Black – TRIPR,,,bc76cc1f59a8d63941d033eb0cbcb0de08797fdd,"Keep the variant pages only if they serve distinct demand; otherwise consolidate, canonicalize, or rewrite variant titles, meta descriptions, and body copy with clear color, pack, design, or use-case differences."
CAN-0118,medium,content_cannibalization_variant_serp_risk,variant_serp_risk,medium,color_variant,color:beige|color:black|color:grey,half over pant plain size sleeve track tracksuit tshirt,duplicate_meta_description|shared_keyword_intent,2,product,https://triprindia.com/products/mens-tracksuit-half-sleeve-over-size-grey-t-shirt-grey-plain-trackpant,1,https://triprindia.com/products/mens-tracksuit-half-sleeve-over-size-beige-t-shirt-black-plain-trackpant,Mens Tracksuit - Half Sleeve Grey t-shirt / Grey plain Trackpant – TRIPR|Mens Tracksuit - Half Sleeve Beige t-shirt / Black Plain Trackpant – TRIPR,,"product description: 🔹 cotton fabric – crafted from good-quality breathable cotton, ensuring comfort throughout the day. 🔹 stylish & minimalist design – a plain half-sleeve t-shirt paired with plain track pants for a sleek, modern look. 🔹 perfect fit & c...",,"Keep the variant pages only if they serve distinct demand; otherwise consolidate, canonicalize, or rewrite variant titles, meta descriptions, and body copy with clear color, pack, design, or use-case differences."
CAN-0119,medium,content_cannibalization_variant_serp_risk,variant_serp_risk,medium,pack_variant,pack_of_2|pack_of_3,half printed sleeve tshirt typography,duplicate_meta_description|shared_keyword_intent,2,product,https://triprindia.com/products/half-sleeve-pack-of-3-typography-printed-t-shirts-for-men,0,https://triprindia.com/products/half-sleeve-typography-printed-t-shirts-for-men,(Pack Of 3) Mens Half Sleeve Typography Printed T-shirts – TRIPR|(Pack Of 2) Half Sleeve Typography Printed T-shirts – TRIPR,,"product description: trendy half sleeve t-shirt with a unique printed design for a stylish look. available in black, beige, and white to match your personality. crafted from soft and breathable fabric for all-day comfort. perfect for casual outings, weekend...",,"Keep the variant pages only if they serve distinct demand; otherwise consolidate, canonicalize, or rewrite variant titles, meta descriptions, and body copy with clear color, pack, design, or use-case differences."
CAN-0120,medium,content_cannibalization_variant_serp_risk,variant_serp_risk,medium,pack_variant,pack_of_10|pack_of_2|pack_of_9,men tank tops (pack of 2) – tripr,duplicate_title,2,product,https://triprindia.com/products/men-tank-tops-pack-of-9,0,https://triprindia.com/products/men-tank-tops-pack-of-10,Men Tank Tops (Pack of 2) – TRIPR,men tank tops (pack of 2) – tripr,,,"Keep the variant pages only if they serve distinct demand; otherwise consolidate, canonicalize, or rewrite variant titles, meta descriptions, and body copy with clear color, pack, design, or use-case differences."
CAN-0121,medium,content_cannibalization_variant_serp_risk,variant_serp_risk,high,color_variant|model_code_variant|pack_variant,code:vt2|color:beige|color:grey|color:navy|pack_of_2,neck plain top vest,duplicate_meta_description|shared_keyword_intent,2,product,https://triprindia.com/products/pack-of-2-men-plain-v-neck-top-vest-vt2-navy-vt2-grey,0,https://triprindia.com/products/pack-of-2-men-plain-v-neck-top-vest-vt2-navy-vt2-beige,(Pack Of 2) Mens Navy & Grey Plain V-Neck Vests – TRIPR|(Pack Of 2) Mens Navy & Beige Plain V-Neck Vests – TRIPR,,"product description:fabric: crafted with a soft and breathable cotton blend for all-day comfort.stylish printed design: trendy prints that add a touch of personality to your daily gym look.versatile gym wear: perfectly designed for workouts, casual outings,...",,"Keep the variant pages only if they serve distinct demand; otherwise consolidate, canonicalize, or rewrite variant titles, meta descriptions, and body copy with clear color, pack, design, or use-case differences."
CAN-0122,medium,content_cannibalization_variant_serp_risk,variant_serp_risk,high,color_variant|model_code_variant,code:s39|code:s42|color:olivegreen,olivegreen over printed short,duplicate_title|shared_keyword_intent,2,product,https://triprindia.com/products/men-all-over-printed-short-olivegreen-s39,0,https://triprindia.com/products/men-all-over-printed-short-olivegreen-s42,Men All Over Printed Short Olivegreen – TRIPR,men all over printed short olivegreen – tripr,,,"Keep the variant pages only if they serve distinct demand; otherwise consolidate, canonicalize, or rewrite variant titles, meta descriptions, and body copy with clear color, pack, design, or use-case differences."
CAN-0123,medium,content_cannibalization_variant_serp_risk,variant_serp_risk,high,color_variant|model_code_variant,code:s39|code:s42|color:maroon,over printed short,duplicate_title,2,product,https://triprindia.com/products/men-all-over-printed-short-maroon-s39,0,https://triprindia.com/products/men-all-over-printed-short-maroon-s42,Men All Over Printed Short Maroon – TRIPR,men all over printed short maroon – tripr,,,"Keep the variant pages only if they serve distinct demand; otherwise consolidate, canonicalize, or rewrite variant titles, meta descriptions, and body copy with clear color, pack, design, or use-case differences."
CAN-0124,medium,content_cannibalization_variant_serp_risk,variant_serp_risk,high,color_variant|model_code_variant,code:s38|code:s39|color:black,over printed short,duplicate_content,2,product,https://triprindia.com/products/men-all-over-printed-short-black-s39,0,https://triprindia.com/products/men-all-over-printed-short-black-s38,Men All Over Printed Short Black – TRIPR,,,fae58dd568f731cb63663a4b26934ca75fdfe5cd,"Keep the variant pages only if they serve distinct demand; otherwise consolidate, canonicalize, or rewrite variant titles, meta descriptions, and body copy with clear color, pack, design, or use-case differences."
CAN-0125,medium,content_cannibalization_variant_serp_risk,variant_serp_risk,high,color_variant|pack_variant,color:black|color:blue|color:dark|color:grey|color:navy|pack_of_2,pant solid track,duplicate_meta_description,2,product,https://triprindia.com/products/tripr-solid-men-dark-blue-grey-track-pants,3,https://triprindia.com/products/solid-men-black-navy-blue-track-pants-pack-of-2,"Solid Men Black , Navy Blue Track Pants (Pack Of 2) – TRIPR|Solid Men Dark Blue, Grey Track Pants (Pack Of 2) – TRIPR",,"buy this combo pack of 2 trackpants from tripr india. crafted in blue and grey color, these are solid patterned trackpants meant for comfort and feel good. our trackpants are made using the best quality cotton blend material. you can buy this combo pack at ...",,"Keep the variant pages only if they serve distinct demand; otherwise consolidate, canonicalize, or rewrite variant titles, meta descriptions, and body copy with clear color, pack, design, or use-case differences."
CAN-0126,medium,content_cannibalization_variant_serp_risk,variant_serp_risk,medium,color_variant,color:grey|color:white,printed sleeveless vest,duplicate_meta_description,2,product,https://triprindia.com/products/tripr-men-vest-grey-1,1,https://triprindia.com/products/men-sleeveless-men-printed-vest-white,Buy Men Sleeveless Printed Grey Vest Online – TRIPR,,"buy tripr men's printed vest - sleeveless printed grey vest with 87% off - online clearance sale discount. absorbs summer sweats easily & keep you cool, very soft to wear, ideal for all activities. shop now",,"Keep the variant pages only if they serve distinct demand; otherwise consolidate, canonicalize, or rewrite variant titles, meta descriptions, and body copy with clear color, pack, design, or use-case differences."
CAN-0127,medium,content_cannibalization_variant_serp_risk,variant_serp_risk,medium,color_variant,color:light|color:orange|color:red,shop men trunk for 179 online black printed trunk from tripr india. comfy soft cotton b...,duplicate_meta_description,2,product,https://triprindia.com/products/men-red-printed-trunk,1,https://triprindia.com/products/men-printed-trunk-light-orange,Printed Red Trunk For Men Online – TRIPR|Printed Trunk For Men Online – TRIPR,,shop men trunk for 179 online black printed trunk from tripr india. comfy soft cotton blend ideal for innerwears. best online rate.,,"Keep the variant pages only if they serve distinct demand; otherwise consolidate, canonicalize, or rewrite variant titles, meta descriptions, and body copy with clear color, pack, design, or use-case differences."
CAN-0128,recommended,content_cannibalization_keyword_overlap,true_cannibalization,none,,,blogs casual jacket tagged,shared_keyword_intent,2,article,https://triprindia.com/blogs/news/tagged/casual-jackets-for-men,1,https://triprindia.com/blogs/news/tagged/men-s-casual-jackets,"Blogs – Tagged ""Casual Jackets for Men"" – TRIPR|Blogs – Tagged ""men’s casual jackets"" – TRIPR",,,,"Choose a primary URL for the shared intent, strengthen its internal links, and rewrite competing pages for more specific long-tail intent."
CAN-0129,recommended,content_cannibalization_keyword_overlap,true_cannibalization,none,,,blogs casual shirt tagged,shared_keyword_intent,2,article,https://triprindia.com/blogs/news/tagged/best-casual-shirts,4,https://triprindia.com/blogs/news/tagged/best-casual-shirts-for-men,"Blogs – Tagged ""best casual shirts for men"" – TRIPR|Blogs – Tagged ""best casual shirts"" – TRIPR",,,,"Choose a primary URL for the shared intent, strengthen its internal links, and rewrite competing pages for more specific long-tail intent."
CAN-0130,recommended,content_cannibalization_keyword_overlap,true_cannibalization,none,,,blogs clothing stores tagged,shared_keyword_intent,2,article,https://triprindia.com/blogs/news/tagged/best-online-clothing-stores,3,https://triprindia.com/blogs/news/tagged/best-online-clothing-stores-in-india,"Blogs – Tagged ""best online clothing stores"" – TRIPR|Blogs – Tagged ""best online clothing stores in India"" – TRIPR",,,,"Choose a primary URL for the shared intent, strengthen its internal links, and rewrite competing pages for more specific long-tail intent."
CAN-0131,recommended,content_cannibalization_keyword_overlap,true_cannibalization,none,,,blogs combo pant tagged track,shared_keyword_intent,2,article,https://triprindia.com/blogs/news/tagged/track-pants-combo-for-men,2,https://triprindia.com/blogs/news/tagged/trackpants-combo,"Blogs – Tagged ""trackpants combo"" – TRIPR|Blogs – Tagged ""track pants combo for men"" – TRIPR",,,,"Choose a primary URL for the shared intent, strengthen its internal links, and rewrite competing pages for more specific long-tail intent."
CAN-0132,recommended,content_cannibalization_keyword_overlap,true_cannibalization,none,,,blogs oversized tagged tshirt,shared_keyword_intent,2,article,https://triprindia.com/blogs/news/tagged/buy-oversized-t-shirts-for-men-online,1,https://triprindia.com/blogs/news/tagged/buy-oversized-t-shirts-online-in-india,"Blogs – Tagged ""Buy Oversized T-shirts online in India"" – TRIPR|Blogs – Tagged ""buy oversized t-shirts for men online"" – TRIPR",,,,"Choose a primary URL for the shared intent, strengthen its internal links, and rewrite competing pages for more specific long-tail intent."
CAN-0133,recommended,content_cannibalization_keyword_overlap,true_cannibalization,none,,,blogs pant tagged track,shared_keyword_intent,2,article,https://triprindia.com/blogs/news/tagged/track-pants-for-men,5,https://triprindia.com/blogs/news/tagged/mens-trackpants,"Blogs – Tagged ""Men's Trackpants"" – TRIPR|Blogs – Tagged ""track pants for men"" – TRIPR",,,,"Choose a primary URL for the shared intent, strengthen its internal links, and rewrite competing pages for more specific long-tail intent."
CAN-0134,recommended,content_cannibalization_keyword_overlap,true_cannibalization,none,,,blogs party shirt tagged wear,shared_keyword_intent,2,article,https://triprindia.com/blogs/news/tagged/party-wear-shirt,3,https://triprindia.com/blogs/news/tagged/party-wear-shirts-for-men,"Blogs – Tagged ""party wear shirts for men"" – TRIPR|Blogs – Tagged ""Party wear shirt"" – TRIPR",,,,"Choose a primary URL for the shared intent, strengthen its internal links, and rewrite competing pages for more specific long-tail intent."
CAN-0135,info,content_cannibalization_variant_cluster,variant_cluster,high,color_variant|pack_variant,color:beige|color:black|color:blue|color:brown|color:dark|color:green|color:grey|color:maroon|color:navy|color:olive|color:white|pack_of_2|pack_of_3,full neck plain round sleeve tshirt,shared_keyword_intent,14,product,https://triprindia.com/products/men-full-sleeve-plain-round-neck-t-shirt-white,2,https://triprindia.com/products/men-full-sleeve-plain-round-neck-pack-of-3-t-shirts-maroon-white-navy|https://triprindia.com/products/men-full-sleeve-plain-round-neck-pack-of-2-t-shirts-black-beige|https://triprindia.com/products/men-full-sleeve-plain-round-neck-pack-of-2-t-shirts-brown-black|https://triprindia.com/products/men-full-sleeve-plain-round-neck-t-shirt-brown|https://triprindia.com/products/men-full-sleeve-plain-round-neck-t-shirt-beige|https://triprindia.com/products/men-full-sleeve-plain-round-neck-pack-of-2-t-shirts-black-white|https://triprindia.com/products/men-full-sleeve-plain-round-neck-t-shirt-dark-grey|https://triprindia.com/products/men-full-sleeve-plain-round-neck-pack-of-2-t-shirts-olive-navy|https://triprindia.com/products/men-full-sleeve-plain-round-neck-t-shirt-maroon|https://triprindia.com/products/men-full-sleeve-plain-round-neck-t-shirt-navy-blue|https://triprindia.com/products/men-full-sleeve-plain-t-shirt-03|https://triprindia.com/products/men-full-sleeve-plain-t-shirt-01|https://triprindia.com/products/men-full-sleeve-plain-t-shirt-02,Mens Round Neck Full Sleeve Plain T-shirts (Pack Of 3) – TRIPR|Mens Round Neck Full Sleeve Plain Black & Beige T-shirts (Pack Of 2) – TRIPR|Mens Round Neck Full Sleeve Plain T-shirts (Pack Of 2) Brown & Black – TRIPR|Mens Round Neck Full Sleeve Plain Brown T-shirt – TRIPR|Mens Round Neck Full Sleeve Plain Beige T-shirt – TRIPR,,,,"Review as a Shopify variant cluster. If each URL should rank separately, keep unique titles, meta descriptions, content, images, and internal links; otherwise consolidate or canonicalize weaker variants."
CAN-0136,info,content_cannibalization_variant_cluster,variant_cluster,high,color_variant|model_code_variant,code:d185|code:d186|code:d189|code:d218|color:beige|color:black|color:grey|color:maroon|color:white,blend cotton half neck printed round sleeve tshirt,shared_keyword_intent,11,product,https://triprindia.com/products/men-printed-half-sleeve-t-shirt-maroon,1,https://triprindia.com/products/men-half-sleeve-printed-t-shirt-white-d189|https://triprindia.com/products/men-printed-half-sleeve-round-neck-cotton-blend-t-shirt-d185-maroon|https://triprindia.com/products/half-sleeve-printed-round-neck-cotton-blend-tshirt-beige-d218|https://triprindia.com/products/half-sleeve-printed-round-neck-cotton-blend-tshirt-black-d218|https://triprindia.com/products/men-printed-half-sleeve-round-neck-d186-cotton-blend-grey-t-shirt|https://triprindia.com/products/men-printed-half-sleeve-round-neck-cotton-blend-t-shirt-d185-grey|https://triprindia.com/products/men-printed-half-sleeve-round-neck-cotton-blend-black-t-shirt-1|https://triprindia.com/products/men-half-sleeve-printed-t-shirt-grey-d189|https://triprindia.com/products/men-printed-half-sleeve-round-neck-cotton-blend-grey-t-shirt|https://triprindia.com/products/men-printed-half-sleeve-t-shirt-beige,Men Half Sleeve Round Neck Cotton Blend White-Black T-Shirt – TRIPR|Men Printed Half Sleeve Round Neck Cotton Blend T-Shirt / Maroon – TRIPR|Half Sleeve Printed Round Neck Cotton Blend TShirt Beige – TRIPR|Half Sleeve Printed Round Neck Cotton Blend TShirt Black – TRIPR|Men Printed Half Sleeve Round Neck Cotton Blend Grey T-Shirt – TRIPR,,,,"Review as a Shopify variant cluster. If each URL should rank separately, keep unique titles, meta descriptions, content, images, and internal links; otherwise consolidate or canonicalize weaker variants."
CAN-0137,info,content_cannibalization_variant_cluster,variant_cluster,high,color_variant|pack_variant,color:beige|color:black|color:blue|color:brown|color:dark|color:green|color:grey|color:maroon|color:navy|color:olive|color:white|pack_of_1|pack_of_2,half neck plain round sleeve tshirt,shared_keyword_intent,10,product,https://triprindia.com/products/pack-of-1-men-half-sleeve-round-neck-plain-t-shirt-olive-green,1,https://triprindia.com/products/pack-of-1-men-half-sleeve-round-neck-plain-t-shirt-white|https://triprindia.com/products/pack-of-1-men-half-sleeve-round-neck-plain-t-shirt-grey|https://triprindia.com/products/pack-of-1-men-half-sleeve-round-neck-plain-t-shirt-beige|https://triprindia.com/products/men-half-sleeve-pack-of-2-round-neck-plain-t-shirts-grey-navy|https://triprindia.com/products/pack-of-1-men-half-sleeve-round-neck-plain-t-shirt-dark-grey|https://triprindia.com/products/pack-of-1-men-half-sleeve-round-neck-plain-t-shirt-brown|https://triprindia.com/products/pack-of-1-men-half-sleeve-round-neck-plain-t-shirt-maroon|https://triprindia.com/products/pack-of-1-men-half-sleeve-round-neck-plain-t-shirt-black|https://triprindia.com/products/pack-of-1-men-half-sleeve-round-neck-plain-t-shirt-navy-blue,(Pack Of 1) Men Half Sleeve Round Neck Plain White T-shirt – TRIPR|Men Half Sleeve Round Neck Plain Grey T-shirt – TRIPR|(Pack Of 1) Men Half Sleeve Round Neck Plain Beige T-shirt – TRIPR|Mens Round Neck Half Sleeve Grey & Navy T-shirts (Pack Of 2) – TRIPR|Men's Grey T-shirts Online – TRIPR,,,,"Review as a Shopify variant cluster. If each URL should rank separately, keep unique titles, meta descriptions, content, images, and internal links; otherwise consolidate or canonicalize weaker variants."
CAN-0138,info,content_cannibalization_variant_cluster,variant_cluster,medium,color_variant,color:beige|color:black|color:blue|color:green|color:grey|color:maroon|color:navy|color:olive|color:white,full pant sleeve suit track tracksuit tshirt,shared_keyword_intent,9,product,https://triprindia.com/products/mens-track-suit-full-sleeve-grey-t-shirt-grey-track-pant,1,https://triprindia.com/products/mens-track-suit-full-sleeve-beige-t-shirt-black-track-pant|https://triprindia.com/products/mens-track-suit-full-sleeve-white-t-shirt-navy-track-pant|https://triprindia.com/products/mens-track-suit-full-sleeve-maroon-t-shirt-navy-track-pant|https://triprindia.com/products/mens-track-suit-full-sleeve-navy-blue-t-shirt-navy-track-pant|https://triprindia.com/products/mens-track-suit-full-sleeve-black-t-shirt-grey-track-pant|https://triprindia.com/products/mens-track-suit-full-sleeve-olive-green-t-shirt-black-track-pant|https://triprindia.com/products/mens-track-suit-full-sleeve-grey-t-shirt-black-track-pant|https://triprindia.com/products/mens-track-suit-full-sleeve-black-t-shirt-black-track-pant,Mens Tracksuit - Full Sleeve Beige t-shirt / Black Trackpant – TRIPR|Mens Tracksuit - Full Sleeve White t-shirt / Navy Blue Trackpant – TRIPR|Mens Tracksuit - Full Sleeve Maroon t-shirt / Navy Blue Trackpant – TRIPR|Mens Tracksuit - Full Sleeve Navy t-shirt / Navy Trackpant – TRIPR|Mens Tracksuit - Full Sleeve Black t-shirt / Grey Trackpant – TRIPR,,,,"Review as a Shopify variant cluster. If each URL should rank separately, keep unique titles, meta descriptions, content, images, and internal links; otherwise consolidate or canonicalize weaker variants."
CAN-0139,info,content_cannibalization_variant_cluster,variant_cluster,high,color_variant|model_code_variant,code:d233|code:d234|code:d235|code:d236|code:d237|color:beige|color:black|color:white,half neck printed round sleeve tshirt,shared_keyword_intent,9,product,https://triprindia.com/products/men-half-sleeve-round-neck-t-shirt-beige-d236,1,https://triprindia.com/products/men-half-sleeve-round-neck-t-shirt-white-d233|https://triprindia.com/products/men-half-sleeve-round-neck-t-shirt-black-d233|https://triprindia.com/products/men-half-sleeve-round-neck-t-shirt-black-d234|https://triprindia.com/products/men-half-sleeve-round-neck-t-shirt-white-d237|https://triprindia.com/products/men-half-sleeve-round-neck-t-shirt-black-d237|https://triprindia.com/products/men-half-sleeve-round-neck-t-shirt-black-d235|https://triprindia.com/products/men-half-sleeve-round-neck-t-shirt-black-d236|https://triprindia.com/products/men-half-sleeve-round-neck-t-shirt-beige-d235,Men Half Sleeve Printed Tshirt White – TRIPR|Men Half Sleeve Printed Tshirt Black – TRIPR|Men Half Sleeve Printed Tshirt Beige – TRIPR,,,,"Review as a Shopify variant cluster. If each URL should rank separately, keep unique titles, meta descriptions, content, images, and internal links; otherwise consolidate or canonicalize weaker variants."
CAN-0140,info,content_cannibalization_variant_cluster,variant_cluster,high,color_variant|model_code_variant,code:s38|code:s39|code:s40|code:s42|color:black|color:brown|color:grey|color:maroon|color:red,over printed short,shared_keyword_intent,9,product,https://triprindia.com/products/men-all-over-printed-short-black-brown,1,https://triprindia.com/products/men-all-over-printed-short-black-s40|https://triprindia.com/products/men-all-over-printed-short-maroon-s39|https://triprindia.com/products/men-all-over-printed-short-red-s39|https://triprindia.com/products/men-all-over-printed-short-maroon-s42|https://triprindia.com/products/men-all-over-printed-short-grey|https://triprindia.com/products/men-all-over-printed-short-black-s39|https://triprindia.com/products/men-all-over-printed-short-black-s38|https://triprindia.com/products/men-all-over-printed-short-black-s42,Men All Over Printed Short Black – TRIPR|Men All Over Printed Short Maroon – TRIPR|Men All Over Printed Short Red – TRIPR|Men All Over Printed Short Grey – TRIPR|Men All Over Printed Short Black & Brown – TRIPR,,,,"Review as a Shopify variant cluster. If each URL should rank separately, keep unique titles, meta descriptions, content, images, and internal links; otherwise consolidate or canonicalize weaker variants."
CAN-0141,info,content_cannibalization_variant_cluster,variant_cluster,medium,color_variant,color:beige|color:black|color:blue|color:green|color:grey|color:maroon|color:navy|color:olive,cuffed design jogger pant printed track,shared_keyword_intent,6,product,https://triprindia.com/products/men-printed-cuffed-jogger-olive-green,2,https://triprindia.com/products/men-printed-cuffed-jogger-navy-blue|https://triprindia.com/products/men-printed-cuffed-jogger-maroon|https://triprindia.com/products/men-printed-cuffed-jogger-grey|https://triprindia.com/products/men-printed-cuffed-jogger-black|https://triprindia.com/products/men-printed-cuffed-jogger-beige,Mens Design Printed Navy Blue Trackpant – TRIPR|Mens Design Printed Maroon Trackpant – TRIPR|Mens Design Printed Grey Trackpant – TRIPR|Mens Design Printed Olive Green Trackpant – TRIPR|Mens Design Printed Black Trackpant – TRIPR,,,,"Review as a Shopify variant cluster. If each URL should rank separately, keep unique titles, meta descriptions, content, images, and internal links; otherwise consolidate or canonicalize weaker variants."
CAN-0142,info,content_cannibalization_variant_cluster,variant_cluster,medium,color_variant,color:beige|color:black|color:dark|color:green|color:grey|color:maroon|color:olive,full hooded neck printed round sleeve tshirt zag zig,shared_keyword_intent,6,product,https://triprindia.com/products/men-hooded-full-sleeve-zig-zag-printed-t-shirt-maroon,0,https://triprindia.com/products/men-hooded-full-sleeve-zig-zag-printed-t-shirt-beige|https://triprindia.com/products/men-hooded-full-sleeve-zig-zag-printed-t-shirt-black|https://triprindia.com/products/men-hooded-full-sleeve-zig-zag-printed-t-shirt-grey|https://triprindia.com/products/men-hooded-full-sleeve-zig-zag-printed-t-shirt-dark-grey|https://triprindia.com/products/men-hooded-full-sleeve-zig-zag-printed-t-shirt-olive-green,Round Neck Full Sleeve Zig Zag Printed Beige T-shirt – TRIPR|Round Neck Full Sleeve Zig Zag Printed Black T-shirt – TRIPR|Men’s Round Neck Full Sleeve Zig Zag Printed T-Shirt – Maroon – TRIPR|Round Neck Full Sleeve Zig Zag Printed Grey T-shirt – TRIPR|Round Neck Full Sleeve Zig Zag Printed Dark Grey T-shirt – TRIPR,,,,"Review as a Shopify variant cluster. If each URL should rank separately, keep unique titles, meta descriptions, content, images, and internal links; otherwise consolidate or canonicalize weaker variants."
CAN-0143,info,content_cannibalization_variant_cluster,variant_cluster,medium,color_variant,color:black|color:blue|color:green|color:grey|color:navy|color:olive|color:white,printed sleeveless vest,shared_keyword_intent,6,product,https://triprindia.com/products/tripr-men-vest-green,1,https://triprindia.com/products/men-sleeveless-men-printed-vest-white|https://triprindia.com/products/mens-sleeveless-grey-printed-vest|https://triprindia.com/products/tripr-men-vest-navy-blue|https://triprindia.com/products/tripr-men-vest-black|https://triprindia.com/products/tripr-men-vest-grey-1,Buy Men Sleeveless Printed Grey Vest Online – TRIPR|Men Grey Printed Sleeveless Vest For Men Online at 119 Rs – TRIPR|Buy Men Sleeveless Olive Green Printed Vest Online - 87% Off – TRIPR|Buy Men Sleeveless Navy Blue Printed Vest Online - 87% Off – TRIPR|Buy Men Sleeveless Black Printed Vest Online – TRIPR,,,,"Review as a Shopify variant cluster. If each URL should rank separately, keep unique titles, meta descriptions, content, images, and internal links; otherwise consolidate or canonicalize weaker variants."
CAN-0144,info,content_cannibalization_variant_cluster,variant_cluster,high,color_variant|model_code_variant,code:os10|color:beige|color:black|color:blue|color:green|color:grey|color:maroon|color:multi|color:navy|color:olive,baggy cargo designing fit jogger pocket pockets printed,shared_keyword_intent,5,product,https://triprindia.com/products/men-multi-pockets-designing-printed-baggy-cargo-beige-os10,1,https://triprindia.com/products/men-multi-pockets-designing-printed-baggy-cargo-olive-green-os10|https://triprindia.com/products/men-multi-pockets-designing-printed-baggy-cargo-grey-os10|https://triprindia.com/products/men-multi-pockets-designing-printed-baggy-cargo-maroon|https://triprindia.com/products/men-multi-pockets-designing-printed-baggy-cargo-black-os10,Buy Navy Blue Baggy fit Multi Pocket Cargo Joggers Online – TRIPR,,,,"Review as a Shopify variant cluster. If each URL should rank separately, keep unique titles, meta descriptions, content, images, and internal links; otherwise consolidate or canonicalize weaker variants."
CAN-0145,info,content_cannibalization_variant_cluster,variant_cluster,high,color_variant|model_code_variant,code:os3|code:os5|code:os6|color:black|color:blue|color:brown|color:grey|color:maroon|color:multi|color:navy,baggy cargo fit jogger over oversized pocket pockets printed,shared_keyword_intent,5,product,https://triprindia.com/products/mens-multi-pockets-all-over-printed-baggy-fit-oversized-cargo-jogger-black-os6,2,https://triprindia.com/products/mens-multi-pockets-all-over-printed-baggy-fit-oversized-cargo-jogger-grey-os6|https://triprindia.com/products/mens-multi-pockets-all-over-printed-baggy-fit-oversized-cargo-jogger-black-brown-os5|https://triprindia.com/products/mens-multi-pockets-all-over-printed-baggy-fit-oversized-cargo-jogger-maroon-os6|https://triprindia.com/products/mens-multi-pockets-all-over-printed-baggy-fit-oversized-cargo-jogger-black-os3,Buy Navy Blue Baggy fit Multi Pocket Cargo Joggers Online – TRIPR,,,,"Review as a Shopify variant cluster. If each URL should rank separately, keep unique titles, meta descriptions, content, images, and internal links; otherwise consolidate or canonicalize weaker variants."
CAN-0146,info,content_cannibalization_variant_cluster,variant_cluster,medium,color_variant,color:beige|color:black|color:blue|color:green|color:grey|color:multi|color:navy|color:olive|color:white,baggy cargo fit jogger oversized plain pocket pockets,shared_keyword_intent,5,product,https://triprindia.com/products/mens-multi-pockets-plain-baggy-fit-oversized-cargo-jogger-olive-green,0,https://triprindia.com/products/mens-multi-pockets-plain-baggy-fit-oversized-cargo-jogger-grey|https://triprindia.com/products/mens-multi-pockets-plain-baggy-fit-oversized-cargo-jogger-black|https://triprindia.com/products/mens-multi-pockets-plain-baggy-fit-oversized-cargo-jogger-white|https://triprindia.com/products/mens-multi-pockets-plain-baggy-fit-oversized-cargo-jogger-beige,Buy Navy Blue Baggy fit Multi Pocket Cargo Joggers Online – TRIPR,,,,"Review as a Shopify variant cluster. If each URL should rank separately, keep unique titles, meta descriptions, content, images, and internal links; otherwise consolidate or canonicalize weaker variants."
CAN-0147,info,content_cannibalization_variant_cluster,variant_cluster,high,color_variant|model_code_variant,code:cargo36|code:cargo37|color:black|color:brown|color:multi,cargo jogger over pockets print,shared_keyword_intent,5,product,https://triprindia.com/products/mens-all-over-print-multi-pockets-black-cargo-39-jogger,1,https://triprindia.com/products/mens-all-over-print-4-pockets-black-cargo-jogger|https://triprindia.com/products/mens-all-over-print-multi-pockets-black-brown-cargo-40-jogger|https://triprindia.com/products/mens-all-over-print-4-pockets-cargo-jogger-black-cargo37|https://triprindia.com/products/mens-all-over-print-4-pockets-cargo-jogger-black-cargo36,Mens All Over Print Multi Pockets Black Cargo Jogger – TRIPR|Mens All Over Print Multi Pockets Black & Brown Cargo Jogger – TRIPR|Mens All Over Print 4 Pockets Cargo Jogger Black – TRIPR,,,,"Review as a Shopify variant cluster. If each URL should rank separately, keep unique titles, meta descriptions, content, images, and internal links; otherwise consolidate or canonicalize weaker variants."
CAN-0148,info,content_cannibalization_variant_cluster,variant_cluster,high,color_variant|model_code_variant,code:d173|color:beige|color:black|color:blue|color:green|color:maroon|color:navy|color:olive,feather half neck printed round sleeve tshirt,shared_keyword_intent,5,product,https://triprindia.com/products/feather-printed-half-sleeve-round-neck-mens-t-shirt-black,2,https://triprindia.com/products/feather-printed-half-sleeve-round-neck-mens-t-shirt-beige-d173|https://triprindia.com/products/feather-printed-half-sleeve-round-neck-mens-t-shirt-maroon-d173|https://triprindia.com/products/feather-printed-half-sleeve-round-neck-mens-t-shirt-navy-blue-d173|https://triprindia.com/products/feather-printed-half-sleeve-round-neck-mens-t-shirt-olive-green-d173,Feather Printed Half Sleeve Round Neck Mens T-shirt / Beige – TRIPR|Feather Printed Half Sleeve Round Neck Maroon Mens T-shirt – TRIPR|Feather Printed Half Sleeve Navy Blue Round Neck Mens T-shirt – TRIPR|Feather Printed Half Sleeve Olive Green Round Neck Mens T-shirt – TRIPR|Feather Printed Half Sleeve Round Neck Mens Black T-shirt – TRIPR,,,,"Review as a Shopify variant cluster. If each URL should rank separately, keep unique titles, meta descriptions, content, images, and internal links; otherwise consolidate or canonicalize weaker variants."
CAN-0149,info,content_cannibalization_variant_cluster,variant_cluster,high,color_variant|model_code_variant,code:st163|color:beige|color:black|color:blue|color:green|color:grey|color:maroon|color:navy|color:olive,full henley high neck sleeve sweatshirt,shared_keyword_intent,5,product,https://triprindia.com/products/sweatshirt-for-men-henley-neck-navy-blue-full-sleeve-st163,2,https://triprindia.com/products/sweatshirt-for-men-henley-neck-maroon-full-sleeve-st163|https://triprindia.com/products/sweatshirt-for-men-henley-neck-black-full-sleeve-st163|https://triprindia.com/products/sweatshirt-for-men-henley-neck-olive-green-full-sleeve-st163|https://triprindia.com/products/sweatshirt-for-men-henley-neck-beige-full-sleeve-st163,Men Full Sleeve High Neck Sweatshirt Grey – TRIPR|Men Full Sleeve High Neck Sweatshirt Black – TRIPR|Men Full Sleeve High Neck Sweatshirt Navy blue – TRIPR|Men Full Sleeve High Neck Sweatshirt Olive green – TRIPR|Men Full Sleeve High Neck Sweatshirt Beige – TRIPR,,,,"Review as a Shopify variant cluster. If each URL should rank separately, keep unique titles, meta descriptions, content, images, and internal links; otherwise consolidate or canonicalize weaker variants."
CAN-0150,info,content_cannibalization_variant_cluster,variant_cluster,medium,color_variant,color:black|color:green|color:grey|color:olive,full hooded jogger pant sleeve suit track tracksuit tshirt,shared_keyword_intent,5,product,https://triprindia.com/products/mens-track-suit-black-hooded-full-sleeve-t-shirt-grey-jogger-pant,1,https://triprindia.com/products/mens-track-suit-olive-green-hooded-full-sleeve-t-shirt-black-jogger-pant|https://triprindia.com/products/mens-track-suit-grey-hooded-full-sleeve-t-shirt-grey-jogger-pant|https://triprindia.com/products/mens-track-suit-grey-hooded-full-sleeve-t-shirt-black-jogger-pant|https://triprindia.com/products/mens-track-suit-black-hooded-full-sleeve-t-shirt-black-jogger-pant,Tracksuit For Men Black Hooded Full Sleeve T-shirt / Grey Trackpant – TRIPR|Olive Green Hooded Full Sleeve T-shirt with Black Trackpant Tracksuit – TRIPR|Tracksuit For Men Grey Hooded Full Sleeve T-shirt with Grey Trackpant – TRIPR|Grey Hooded Full Sleeve T-shirt with Black Trackpant Tracksuit – TRIPR|Black Hooded Full Sleeve T-shirt with Black Trackpant Tracksuit – TRIPR,,,,"Review as a Shopify variant cluster. If each URL should rank separately, keep unique titles, meta descriptions, content, images, and internal links; otherwise consolidate or canonicalize weaker variants."
CAN-0151,info,content_cannibalization_variant_cluster,variant_cluster,high,color_variant|model_code_variant|pack_variant,code:z133|color:beige|color:black|color:grey|color:olive|pack_of_2,full hooded plain sleeve tshirt,shared_keyword_intent,5,product,https://triprindia.com/products/mens-black-full-sleeve-plain-hooded-t-shirt,1,https://triprindia.com/products/mens-beige-full-sleeve-plain-hooded-t-shirt|https://triprindia.com/products/pack-of-2-mens-full-sleeve-plain-hooded-t-shirts-z133-grey-black|https://triprindia.com/products/pack-of-2-mens-full-sleeve-plain-hooded-t-shirts-z133-olive-black|https://triprindia.com/products/mens-grey-full-sleeve-plain-hooded-t-shirt,Mens Beige Full Sleeve Plain Hooded T-shirt – TRIPR|(Pack Of 2) Mens Full Sleeve Plain Grey & Black Hooded T-shirts – TRIPR|(Pack Of 2) Mens Full Sleeve Plain Olive & Black Hooded T-shirts – TRIPR|Mens Grey Full Sleeve Plain Hooded T-shirt – TRIPR|Mens Black Full Sleeve Plain Hooded T-shirt – TRIPR,,,,"Review as a Shopify variant cluster. If each URL should rank separately, keep unique titles, meta descriptions, content, images, and internal links; otherwise consolidate or canonicalize weaker variants."
CAN-0152,info,content_cannibalization_variant_cluster,variant_cluster,high,color_variant|model_code_variant,code:d184|code:j61|color:beige|color:black|color:green|color:grey|color:maroon|color:olive,half pant printed sleeve suit track trackp tshirt,shared_keyword_intent,5,product,https://triprindia.com/products/track-suit-printed-d184-olive-green-t-shirt-with-printed-track-pant-j61-black,1,https://triprindia.com/products/track-suit-printed-d184-maroon-t-shirt-with-printed-track-pant-j61-grey|https://triprindia.com/products/track-suit-printed-d184-grey-t-shirt-with-printed-track-pant-j61-maroon|https://triprindia.com/products/track-suit-printed-d184-black-t-shirt-with-printed-track-pant-j61-beige|https://triprindia.com/products/track-suit-printed-d184-beige-t-shirt-with-printed-track-pant-j61-black,Track Suit Half Sleeve Maroon Printed T-shirt with Grey Printed Trackp – TRIPR|Track Suit Half Sleeve Grey Printed T-shirt with Maroon Printed Trackp – TRIPR|Track Suit Half Sleeve Black Printed T-shirt with Beige Printed Trackp – TRIPR|Track Suit Half Sleeve Olive Printed T-shirt with Black Printed Trackp – TRIPR|Track Suit Half Sleeve Beige Printed T-shirt with Black Printed Trackp – TRIPR,,,,"Review as a Shopify variant cluster. If each URL should rank separately, keep unique titles, meta descriptions, content, images, and internal links; otherwise consolidate or canonicalize weaker variants."
CAN-0153,info,content_cannibalization_variant_cluster,variant_cluster,high,color_variant|pack_variant,color:black|color:blue|color:grey|color:navy|pack_of_2,pant plain tarackpants track,shared_keyword_intent,5,product,https://triprindia.com/products/pack-of-2-plain-track-pant-black,2,https://triprindia.com/products/pack-of-2-plain-track-pant-grey-navy|https://triprindia.com/products/pack-of-2-plain-track-pant-navy-blue|https://triprindia.com/products/pack-of-2-plain-track-pant-black-navy-blue|https://triprindia.com/products/pack-of-2-plain-track-pant-grey,(Pack Of 2) Mens Plain Grey & Navy Tarackpants – TRIPR|(Pack Of 2) Mens Plain Navy Blue Tarackpants – TRIPR|(Pack Of 2) Mens Plain Black & Navy Blue Tarackpants – TRIPR|(Pack Of 2) Mens Plain Grey Tarackpants – TRIPR|(Pack Of 2) Mens Plain Black Tarackpants – TRIPR,,,,"Review as a Shopify variant cluster. If each URL should rank separately, keep unique titles, meta descriptions, content, images, and internal links; otherwise consolidate or canonicalize weaker variants."
CAN-0154,info,content_cannibalization_variant_cluster,variant_cluster,high,color_variant|model_code_variant|variant_family,code:j63|color:beige|color:blue|color:green|color:grey|color:navy|color:olive|variant_family,ankle color cuffed fit jogger pant plain,shared_keyword_intent,4,product,https://triprindia.com/products/men-color-cuffed-jogger-pant-j63-grey,1,https://triprindia.com/products/men-color-cuffed-jogger-pant-j63-olive-green|https://triprindia.com/products/men-color-cuffed-jogger-pant-j63-beige|https://triprindia.com/products/men-color-cuffed-jogger-pant-j63-navy,Men Plain Ankle Fit Cuffed Olive Green Jogger – TRIPR|Men Plain Ankle Fit Cuffed Beige Jogger – TRIPR|Men Plain Ankle Fit Cuffed Grey Jogger – TRIPR|Men Plain Ankle Fit Cuffed Navy Blue Jogger – TRIPR,,,,"Review as a Shopify variant cluster. If each URL should rank separately, keep unique titles, meta descriptions, content, images, and internal links; otherwise consolidate or canonicalize weaker variants."
CAN-0155,info,content_cannibalization_variant_cluster,variant_cluster,high,color_variant|model_code_variant,code:d210|color:beige|color:black|color:grey|color:maroon,back est graphics oversized printed sixteen thousand tshirt two,shared_keyword_intent,4,product,https://triprindia.com/products/men-back-printed-oversized-tshirt-grey-d210,4,https://triprindia.com/products/men-back-printed-oversized-tshirt-maroon-d210|https://triprindia.com/products/men-back-printed-oversized-tshirt-beige|https://triprindia.com/products/men-back-printed-oversized-tshirt-black-d210,EST TWO THOUSAND SIXTEEN Graphics Back Printed Maroon Oversized Tshirt – TRIPR|EST TWO THOUSAND SIXTEEN Graphics Back Printed Beige Oversized Tshirt – TRIPR|EST TWO THOUSAND SIXTEEN Graphics Back Printed Grey Oversized Tshirt – TRIPR|EST TWO THOUSAND SIXTEEN Graphics Back Printed Black Oversized Tshirt – TRIPR,,,,"Review as a Shopify variant cluster. If each URL should rank separately, keep unique titles, meta descriptions, content, images, and internal links; otherwise consolidate or canonicalize weaker variants."
CAN-0156,info,content_cannibalization_variant_cluster,variant_cluster,medium,color_variant,color:black|color:green|color:grey|color:maroon|color:multi|color:olive,cargo jogger plain pocket pockets,shared_keyword_intent,4,product,https://triprindia.com/products/men-multi-pocket-plain-cargo-jogger-olive-green,0,https://triprindia.com/products/men-multi-pocket-plain-cargo-jogger-grey|https://triprindia.com/products/men-multi-pocket-plain-cargo-jogger-maroon|https://triprindia.com/products/men-multi-pocket-plain-cargo-jogger-black,Mens Multi Pockets Plain Grey Cargo Jogger – TRIPR|Mens Multi Pockets Plain Maroon Cargo Jogger – TRIPR|Mens Multi Pockets Plain Black Cargo Jogger – TRIPR|Mens Multi Pockets Plain Olive Green Cargo Jogger – TRIPR,,,,"Review as a Shopify variant cluster. If each URL should rank separately, keep unique titles, meta descriptions, content, images, and internal links; otherwise consolidate or canonicalize weaker variants."
CAN-0157,info,content_cannibalization_variant_cluster,variant_cluster,medium,color_variant,color:beige|color:black|color:grey|color:maroon,casual fit plain regular sweatshirt,shared_keyword_intent,4,product,https://triprindia.com/products/grey-plain-sweatshirt-for-men,2,https://triprindia.com/products/plain-black-sweatshirt-for-men|https://triprindia.com/products/maroon-plain-sweatshirt-for-men|https://triprindia.com/products/beige-plain-sweatshirt-for-men,PLAIN BLACK MEN REGULAR FIT CASUAL SWEATSHIRT – TRIPR|PLAIN MAROON MEN REGULAR FIT CASUAL SWEATSHIRT – TRIPR|PLAIN GREY MEN REGULAR FIT CASUAL SWEATSHIRT – TRIPR|PLAIN BEIGE MEN REGULAR FIT CASUAL SWEATSHIRT – TRIPR,,,,"Review as a Shopify variant cluster. If each URL should rank separately, keep unique titles, meta descriptions, content, images, and internal links; otherwise consolidate or canonicalize weaker variants."
CAN-0158,info,content_cannibalization_variant_cluster,variant_cluster,high,color_variant|combo_variant|model_code_variant|pack_variant|variant_family,code:d173|code:d184|color:beige|color:green|color:multicolor|color:olive|combo|pack_of_2|pack_of_3|variant_family,combo half printed sleeve tshirt variants,shared_keyword_intent,4,product,https://triprindia.com/products/pack-of-2-half-sleeve-printed-t-shirts-d173-olive-green-d184-beige,2,https://triprindia.com/products/pack-of-3-half-sleeve-printed-tshirts-12-variants|https://triprindia.com/products/pack-of-3-half-sleeve-printed-tshirts-17-variants|https://triprindia.com/products/pack-of-3-printed-half-sleeve-tshirts-12-variants,Men Pack Of 3 Half Sleeve Printed Multicolor Combo Tshirts 12 Variants – TRIPR|Men Pack Of 3 Half Sleeve Printed Combo Tshirts 17 Variants – TRIPR|Men Pack Of 3 Printed Half Sleeve Combo Tshirts - 12 Variants – TRIPR|Men Half Sleeve Printed Pack of 2 Combo Tshirts 18 Variants – TRIPR,,,,"Review as a Shopify variant cluster. If each URL should rank separately, keep unique titles, meta descriptions, content, images, and internal links; otherwise consolidate or canonicalize weaker variants."
CAN-0159,info,content_cannibalization_variant_cluster,variant_cluster,high,color_variant|combo_variant|pack_variant,color:black|color:blue|color:grey|color:multicolor|color:navy|combo|pack_of_3,combo printed vest,shared_keyword_intent,4,product,https://triprindia.com/products/printed-vest-combo-pack-of-3-for-men,0,https://triprindia.com/products/men-vest-combo-pack-of-3|https://triprindia.com/products/men-vest-pack-of-3-combo|https://triprindia.com/products/tripr-men-vest-combo-of-black-grey-navy-blue,Men Vest Printed (Pack of 3) – TRIPR|(Pack of 3) Multicolor Men Printed Vest – TRIPR|Mens Multicolor Printed Vest (Pack of 3) – TRIPR|(Pack of 3) Men Printed Vest / Multicolor – TRIPR,,,,"Review as a Shopify variant cluster. If each URL should rank separately, keep unique titles, meta descriptions, content, images, and internal links; otherwise consolidate or canonicalize weaker variants."
CAN-0160,info,content_cannibalization_variant_cluster,variant_cluster,high,color_variant|model_code_variant,code:j61|color:beige|color:black|color:grey|color:maroon,cuffed jogger printed,shared_keyword_intent,4,product,https://triprindia.com/products/men-cuffed-printed-jogger-black-j61,1,https://triprindia.com/products/men-cuffed-jogger-with-printed-grey|https://triprindia.com/products/men-beige-printed-jogger|https://triprindia.com/products/men-maroon-printed-jogger,Men Cuffed Printed Jogger Black – TRIPR|Men Cuffed Joggers – TRIPR|Men Cuffed Printed Beige Jogger – TRIPR|Men Cuffed Maroon Printed Jogger – TRIPR,,,,"Review as a Shopify variant cluster. If each URL should rank separately, keep unique titles, meta descriptions, content, images, and internal links; otherwise consolidate or canonicalize weaker variants."
CAN-0161,info,content_cannibalization_variant_cluster,variant_cluster,high,color_variant|model_code_variant,code:j68|color:beige|color:black|color:grey|color:maroon|color:white,cuffed pant printed star track,shared_keyword_intent,4,product,https://triprindia.com/products/men-star-printed-with-cuffed-trackpant-grey-black-j68,1,https://triprindia.com/products/men-star-printed-with-cuffed-trackpant-beige-black-j68|https://triprindia.com/products/men-star-printed-with-cuffed-trackpant-maroon-white-j68|https://triprindia.com/products/men-printed-track-pant-j68-black-white,Men Beige & Black Star Printed Cuffed Trackpant – TRIPR|Men Star Printed With Cuffed Trackpant Maroon & White – TRIPR|Men Star Printed Grey & Black Cuffed Trackpant – TRIPR|Men Black Star Printed With Cuffed Trackpant – TRIPR,,,,"Review as a Shopify variant cluster. If each URL should rank separately, keep unique titles, meta descriptions, content, images, and internal links; otherwise consolidate or canonicalize weaker variants."
CAN-0162,info,content_cannibalization_variant_cluster,variant_cluster,medium,color_variant,color:beige|color:black|color:grey|color:maroon,fit loose pant solid track,shared_keyword_intent,4,product,https://triprindia.com/products/tripr-men-solid-loose-fit-trackpant-beige-plainj95,5,https://triprindia.com/products/tripr-men-solid-loose-fit-trackpant-grey-plainj95|https://triprindia.com/products/tripr-men-solid-loose-fit-trackpant-maroon-plainj95|https://triprindia.com/products/tripr-men-solid-loose-fit-track-pant-black-plainj95,TRIPR Men Solid Loose Fit TrackPant Grey|TRIPR Men Solid Loose Fit TrackPant Maroon|TRIPR Men Solid Loose Fit TrackPant Black|TRIPR Men Solid Loose Fit TrackPant Beige,,,,"Review as a Shopify variant cluster. If each URL should rank separately, keep unique titles, meta descriptions, content, images, and internal links; otherwise consolidate or canonicalize weaker variants."
CAN-0163,info,content_cannibalization_variant_cluster,variant_cluster,high,color_variant|pack_variant,color:black|color:brown|color:dark|color:green|color:grey|color:maroon|color:olive|pack_of_2,full henely henley neck sleeve tshirt,shared_keyword_intent,4,product,https://triprindia.com/products/men-full-sleeve-henley-t-shirt-pack-of-2-dark-grey-maroon,1,https://triprindia.com/products/men-full-sleeve-henley-neck-pack-of-2-t-shirts-dark-grey-brown|https://triprindia.com/products/men-full-sleeve-henley-neck-pack-of-2-t-shirts-brown-black|https://triprindia.com/products/men-full-sleeve-henley-neck-pack-of-2-t-shirts-maroon-olive-green,Mens Henely Neck Full Sleeve Dark Grey & Maroon T-shirts (Pack Of 2) – TRIPR|Mens Henely Neck Full Sleeve Dark Grey & Brown T-shirts (Pack Of 2) – TRIPR|Mens Henely Neck Full Sleeve Brown & Black T-shirts (Pack Of 2) – TRIPR|Mens Henely Neck Full Sleeve T-shirts Maroon & Olive (Pack Of 2) – TRIPR,,,,"Review as a Shopify variant cluster. If each URL should rank separately, keep unique titles, meta descriptions, content, images, and internal links; otherwise consolidate or canonicalize weaker variants."
CAN-0164,info,content_cannibalization_variant_cluster,variant_cluster,medium,color_variant,color:black|color:blue|color:green|color:maroon|color:navy|color:olive,full hooded neck printed sleeve tshirt,shared_keyword_intent,4,product,https://triprindia.com/products/full-sleeve-hooded-neck-printed-t-shirt-navy-blue,2,https://triprindia.com/products/full-sleeve-hooded-neck-printed-t-shirt-black|https://triprindia.com/products/full-sleeve-hooded-neck-printed-t-shirt-olive-green|https://triprindia.com/products/full-sleeve-hooded-neck-printed-t-shirt-maroon,Mens Full Sleeve Hooded Neck Printed T-shirt Black – TRIPR|Mens Full Sleeve Hooded Neck Printed Navy Blue T-shirt – TRIPR|Mens Full Sleeve Hooded Neck Printed T-shirt Olive Green – TRIPR|Mens Full Sleeve Hooded Neck Printed T-shirt Maroon – TRIPR,,,,"Review as a Shopify variant cluster. If each URL should rank separately, keep unique titles, meta descriptions, content, images, and internal links; otherwise consolidate or canonicalize weaker variants."
CAN-0165,info,content_cannibalization_variant_cluster,variant_cluster,medium,color_variant,color:black|color:grey|color:maroon|color:olive,full jacket sleeve travel unisex,shared_keyword_intent,4,product,https://triprindia.com/products/full-sleeve-olive-unisex-travel-jacket,3,https://triprindia.com/products/full-sleeve-grey-unisex-travel-jacket|https://triprindia.com/products/full-sleeve-black-travel-jacket|https://triprindia.com/products/full-sleeve-maroon-unisex-travel-jacket,Full Sleeve Grey Unisex Travel Jacket – TRIPR|Full Sleeve Black Unisex Travel Jacket – TRIPR|Maroon Unisex Travel Jacket – TRIPR|Full Sleeve Olive Unisex Travel Jacket – TRIPR,,,,"Review as a Shopify variant cluster. If each URL should rank separately, keep unique titles, meta descriptions, content, images, and internal links; otherwise consolidate or canonicalize weaker variants."
CAN-0166,info,content_cannibalization_variant_cluster,variant_cluster,high,color_variant|model_code_variant,code:d221|code:d223|code:d225|code:d228|color:black,half neck printed round tshirt,shared_keyword_intent,4,product,https://triprindia.com/products/mens-half-round-neck-printed-tshirt-black-d228,1,https://triprindia.com/products/mens-half-round-neck-xo-printed-tshirt-black-d223|https://triprindia.com/products/mens-half-round-neck-printed-tshirt-black-d221|https://triprindia.com/products/mens-half-round-neck-printed-tshirt-black-d225,Mens Half Round Neck XO Printed Tshirt Black – TRIPR|Mens Half Round Neck Printed Tshirt Black – TRIPR,,,,"Review as a Shopify variant cluster. If each URL should rank separately, keep unique titles, meta descriptions, content, images, and internal links; otherwise consolidate or canonicalize weaker variants."
CAN-0167,info,content_cannibalization_variant_cluster,variant_cluster,high,color_variant|model_code_variant,code:d184|code:j61|color:black|color:green|color:grey|color:maroon|color:olive,half pant printed sleeve suit track tshirt,shared_keyword_intent,4,product,https://triprindia.com/products/track-suit-printed-d184-black-t-shirt-with-printed-track-pant-j61-maroon,1,https://triprindia.com/products/track-suit-printed-d184-black-t-shirt-with-printed-track-pant-j61-olive-green|https://triprindia.com/products/track-suit-printed-d184-maroon-t-shirt-with-printed-track-pant-j61-black|https://triprindia.com/products/track-suit-printed-d184-grey-t-shirt-with-printed-track-pant-j61-olive-green,Track Suit Half Sleeve Black Printed T-shirt with Olive Green Printed – TRIPR|Track Suit Half Sleeve Black Printed T-shirt with Maroon Printed Track – TRIPR|Track Suit Half Sleeve Maroon Printed T-shirt with Black Printed Track – TRIPR|Track Suit Half Sleeve Grey Printed T-shirt with Olive Green Printed T – TRIPR,,,,"Review as a Shopify variant cluster. If each URL should rank separately, keep unique titles, meta descriptions, content, images, and internal links; otherwise consolidate or canonicalize weaker variants."
CAN-0168,info,content_cannibalization_variant_cluster,variant_cluster,high,color_variant|model_code_variant|pack_variant,code:vt2|color:beige|color:blue|color:green|color:grey|color:navy|color:olive|pack_of_2,neck plain vest,shared_keyword_intent,4,product,https://triprindia.com/products/pack-of-2-plain-v-neck-vest-vt2-grey-olive-green,0,https://triprindia.com/products/men-v-neck-plain-vest-grey-vt2|https://triprindia.com/products/men-v-neck-plain-vest-beige-vt2|https://triprindia.com/products/men-v-neck-plain-vest-navy-blue-vt2,(Pack Of 2) Plain Grey & Olive V-Neck Vests – TRIPR|Men V-neck Plain Grey Vest – TRIPR|Men V-neck Plain Beige Vest – TRIPR|Men V-neck Plain Navy Blue Vest – TRIPR,,,,"Review as a Shopify variant cluster. If each URL should rank separately, keep unique titles, meta descriptions, content, images, and internal links; otherwise consolidate or canonicalize weaker variants."
CAN-0169,info,content_cannibalization_variant_cluster,variant_cluster,high,color_variant|model_code_variant,code:d199|code:d201|code:d204|code:d205|color:black|color:blue|color:multicolor|color:white,over oversized printed size tshirt,shared_keyword_intent,4,product,https://triprindia.com/products/men-multicolor-all-over-printed-over-size-t-shirt-white-d205,1,https://triprindia.com/products/men-printed-over-size-t-shirt-d201-black|https://triprindia.com/products/men-over-all-printed-over-size-t-shirt-white-d204|https://triprindia.com/products/men-printed-over-size-t-shirt-d199-white-blue,Black Men Printed Oversized T-shirt – TRIPR|Men White Multicolor All Over Printed Oversized T-shirt – TRIPR|Men Over All Printed White Oversized T-shirt – TRIPR|White & Blue Men Printed Oversized T-shirt – TRIPR,,,,"Review as a Shopify variant cluster. If each URL should rank separately, keep unique titles, meta descriptions, content, images, and internal links; otherwise consolidate or canonicalize weaker variants."
CAN-0170,info,content_cannibalization_variant_cluster,variant_cluster,high,color_variant|pack_variant,color:black|color:blue|color:dark|color:grey|color:navy|pack_of_2,pant solid track,shared_keyword_intent,4,product,https://triprindia.com/products/tripr-solid-men-dark-blue-grey-track-pants,3,https://triprindia.com/products/solid-men-black-navy-blue-track-pants-pack-of-2|https://triprindia.com/products/men-solid-navy-blue-track-pant|https://triprindia.com/products/solid-men-black-track-pant,"Solid Men Black , Navy Blue Track Pants (Pack Of 2) – TRIPR|Solid Navy Blue Track Pant for men – TRIPR|Solid Men Dark Blue, Grey Track Pants (Pack Of 2) – TRIPR|Solid Men Black Track Pant – TRIPR",,,,"Review as a Shopify variant cluster. If each URL should rank separately, keep unique titles, meta descriptions, content, images, and internal links; otherwise consolidate or canonicalize weaker variants."
CAN-0171,info,content_cannibalization_variant_cluster,variant_cluster,medium,color_variant,color:beige|color:black|color:green|color:maroon|color:olive,pattern plain short textured waffle,shared_keyword_intent,4,product,https://triprindia.com/products/men-plain-textured-pattern-short-olive-green,0,https://triprindia.com/products/men-plain-textured-pattern-short-maroon|https://triprindia.com/products/men-plain-textured-pattern-short-black|https://triprindia.com/products/men-plain-textured-pattern-short-beige,Men Plain Olive Green Waffle Short – TRIPR|Men Plain Maroon Waffle Short – TRIPR|Men Plain Black Waffle Short – TRIPR|Men Plain Beige Waffle Short – TRIPR,,,,"Review as a Shopify variant cluster. If each URL should rank separately, keep unique titles, meta descriptions, content, images, and internal links; otherwise consolidate or canonicalize weaker variants."
CAN-0172,info,content_cannibalization_variant_cluster,variant_cluster,medium,color_variant,color:black|color:blue|color:green|color:olive|color:red,printed regular short,shared_keyword_intent,4,product,https://triprindia.com/products/olive-green-mens-shorts-printed,0,https://triprindia.com/products/tripr-printed-men-blue-regular-shorts|https://triprindia.com/products/tripr-printed-men-black-regular-shorts|https://triprindia.com/products/men-red-printed-shorts,Buy Men Shorts | Olive Green Printed Shorts For Men Online – TRIPR|Buy Men Blue Printed Regular Shorts Online - 78% Off – TRIPR|Buy Men Black Printed Regular Shorts Online - 78% Off – TRIPR|Buy Men Red Printed Regular Shorts Online - 78% Off – TRIPR,,,,"Review as a Shopify variant cluster. If each URL should rank separately, keep unique titles, meta descriptions, content, images, and internal links; otherwise consolidate or canonicalize weaker variants."
CAN-0173,info,content_cannibalization_variant_cluster,variant_cluster,medium,color_variant,color:black|color:grey|color:red,abstract printed sleeveless vest,shared_keyword_intent,3,product,https://triprindia.com/products/grey-printed-men-vest,1,https://triprindia.com/products/red-printed-men-vest|https://triprindia.com/products/black-printed-men-vest,Buy Men Sleeveless Printed Grey Vest Online – TRIPR|Buy Men Red Sleeveless Vest Online - 87% Off – TRIPR|Buy Men Sleeveless Abstract Printed Black Vest Online – TRIPR,,,,"Review as a Shopify variant cluster. If each URL should rank separately, keep unique titles, meta descriptions, content, images, and internal links; otherwise consolidate or canonicalize weaker variants."
CAN-0174,info,content_cannibalization_variant_cluster,variant_cluster,high,color_variant|model_code_variant,code:j84|color:beige|color:black|color:grey,ankle bottom cuffed deisgn jogger pant printed track,shared_keyword_intent,3,product,https://triprindia.com/products/men-beige-track-pant-bottom-with-cuffed-j84,2,https://triprindia.com/products/men-grey-track-pant-bottom-with-cuffed-j84|https://triprindia.com/products/men-black-track-pant-bottom-with-cuffed-j84,Men's Ankle Deisgn Printed Beige Jogger Track Pant – TRIPR|Men's Ankle Deisgn Printed Grey Jogger Track Pant – TRIPR|Men's Ankle Deisgn Printed Black Jogger Track Pant – TRIPR,,,,"Review as a Shopify variant cluster. If each URL should rank separately, keep unique titles, meta descriptions, content, images, and internal links; otherwise consolidate or canonicalize weaker variants."
CAN-0175,info,content_cannibalization_variant_cluster,variant_cluster,high,color_variant|model_code_variant,code:j62|color:beige|color:black|color:grey|color:navy,ankle cuffed fit jogger printed,shared_keyword_intent,3,product,https://triprindia.com/products/men-printed-ankle-fit-cuffed-jogger-j62-beige-black,0,https://triprindia.com/products/men-printed-ankle-fit-cuffed-jogger-j62-grey-black|https://triprindia.com/products/men-printed-ankle-fit-cuffed-jogger-j62-navy-grey,Men Printed Ankle Fit Cuffed Grey & Black Jogger – TRIPR|Men Printed Ankle Fit Cuffed Navy & Grey Jogger – TRIPR|Men Printed Ankle Fit Cuffed Beige & Black Jogger – TRIPR,,,,"Review as a Shopify variant cluster. If each URL should rank separately, keep unique titles, meta descriptions, content, images, and internal links; otherwise consolidate or canonicalize weaker variants."
CAN-0176,info,content_cannibalization_variant_cluster,variant_cluster,high,color_variant|model_code_variant,code:d208|code:d209|color:beige|color:black,back baggy fit loose printed tshirt,shared_keyword_intent,3,product,https://triprindia.com/products/back-printed-loose-fit-baggy-tshirt-black-for-mens-d209,0,https://triprindia.com/products/men-back-printed-loose-fit-baggy-tshirt-beige-d208|https://triprindia.com/products/men-back-printed-loose-fit-baggy-tshirt-black-d208,Men Back Printed Loose Fit Baggy Tshirt Beige – TRIPR|Men Back Printed Loose Fit Baggy Tshirt Black – TRIPR|Back Printed Loose Fit Baggy Tshirt Black For Mens – TRIPR,,,,"Review as a Shopify variant cluster. If each URL should rank separately, keep unique titles, meta descriptions, content, images, and internal links; otherwise consolidate or canonicalize weaker variants."
CAN-0177,info,content_cannibalization_variant_cluster,variant_cluster,high,color_variant|model_code_variant|variant_family,code:os8|color:beige|color:black|color:blue|color:grey|color:maroon|color:multi|color:navy|variant_family,baggy cargo color dual fit jogger pant pocket pockets,shared_keyword_intent,3,product,https://triprindia.com/products/men-4-pockets-dual-color-baggy-cargo-pant-black-beige-os8,3,https://triprindia.com/products/men-4-pockets-dual-color-baggy-cargo-pant-maroon-black-os8|https://triprindia.com/products/men-4-pockets-dual-color-baggy-cargo-pant-black-grey-os8,Buy Navy Blue Baggy fit Multi Pocket Cargo Joggers Online – TRIPR,,,,"Review as a Shopify variant cluster. If each URL should rank separately, keep unique titles, meta descriptions, content, images, and internal links; otherwise consolidate or canonicalize weaker variants."
CAN-0178,info,content_cannibalization_variant_cluster,variant_cluster,high,color_variant|model_code_variant,code:d189|color:black|color:grey|color:white,blend cotton full high neck quarter sleeve tshirt zip,shared_keyword_intent,3,product,https://triprindia.com/products/high-neck-full-sleeve-quarter-zip-t-shirt-white-black-d189,1,https://triprindia.com/products/high-neck-full-sleeve-quarter-zip-t-shirt-grey-black-d189|https://triprindia.com/products/high-neck-full-sleeve-quarter-zip-t-shirt-black-white-d189,Men Full Sleeve High Neck Cotton Blend White-Black T-Shirt – TRIPR|Men Full Sleeve High Neck Cotton Blend Grey-Black T-Shirt – TRIPR|Men Full Sleeve High Neck Cotton Blend Black-White T-Shirt – TRIPR,,,,"Review as a Shopify variant cluster. If each URL should rank separately, keep unique titles, meta descriptions, content, images, and internal links; otherwise consolidate or canonicalize weaker variants."
CAN-0179,info,content_cannibalization_variant_cluster,variant_cluster,high,color_variant|model_code_variant,code:d185|code:d186|color:olivegreen,blend cotton half neck olivegreen printed round sleeve tshirt,shared_keyword_intent,3,product,https://triprindia.com/products/men-printed-half-sleeve-round-neck-cotton-blend-olivegreen-t-shirt,1,https://triprindia.com/products/men-printed-half-sleeve-round-neck-d186-cotton-blend-olivegreen-t-shirt-1|https://triprindia.com/products/men-printed-half-sleeve-round-neck-cotton-blend-t-shirt-d185-olivegreen,Men Printed Half Sleeve Round Neck Cotton Blend Olivegreen T-Shirt – TRIPR|Men Half Sleeve Round Neck Cotton Blend Olivegreen Printed TShirt – TRIPR,,,,"Review as a Shopify variant cluster. If each URL should rank separately, keep unique titles, meta descriptions, content, images, and internal links; otherwise consolidate or canonicalize weaker variants."
CAN-0180,info,content_cannibalization_variant_cluster,variant_cluster,medium,color_variant,color:beige|color:black|color:grey,cargo colorblocked jogger multipockets,shared_keyword_intent,3,product,https://triprindia.com/products/colorblocked-multipockets-cargo-43-jogger-beige-black,0,https://triprindia.com/products/colorblocked-multipockets-cargo-jogger-beige-black|https://triprindia.com/products/colorblocked-multipockets-cargo-42-jogger-black-grey,Colorblocked Multipockets Cargo Jogger Beige & Black – TRIPR|Colorblocked Multipockets Cargo Jogger Black & Grey – TRIPR,,,,"Review as a Shopify variant cluster. If each URL should rank separately, keep unique titles, meta descriptions, content, images, and internal links; otherwise consolidate or canonicalize weaker variants."
CAN-0181,info,content_cannibalization_variant_cluster,variant_cluster,medium,color_variant,color:beige|color:black|color:grey,cargo designer jogger panel print side,shared_keyword_intent,3,product,https://triprindia.com/products/designer-cargo-beige-jogger-with-side-print-panel,1,https://triprindia.com/products/designer-cargo-black-jogger-with-side-print-panel|https://triprindia.com/products/designer-cargo-grey-jogger-with-side-print-panel,Designer Cargo Beige Jogger with Side Print Panel – TRIPR|Designer Cargo Black Jogger with Side Print Panel – TRIPR|Designer Cargo Grey Jogger with Side Print Panel – TRIPR,,,,"Review as a Shopify variant cluster. If each URL should rank separately, keep unique titles, meta descriptions, content, images, and internal links; otherwise consolidate or canonicalize weaker variants."
CAN-0182,info,content_cannibalization_variant_cluster,variant_cluster,medium,color_variant,color:beige|color:grey|color:maroon,casual high neck plain sweatshirt zipper,shared_keyword_intent,3,product,https://triprindia.com/products/men-plain-zipper-high-neck-casual-sweatshirt-beige,4,https://triprindia.com/products/men-plain-zipper-high-neck-casual-sweatshirt-maroon|https://triprindia.com/products/men-plain-zipper-high-neck-casual-sweatshirt-grey,Men Plain Zipper High Neck Casual Sweatshirt / Maroon – TRIPR|Buy Men Plain Zipper High Neck Grey Casual Sweatshirt Online – TRIPR|Men Plain Zipper High Neck Casual Sweatshirt Beige – TRIPR,,,,"Review as a Shopify variant cluster. If each URL should rank separately, keep unique titles, meta descriptions, content, images, and internal links; otherwise consolidate or canonicalize weaker variants."
CAN-0183,info,content_cannibalization_variant_cluster,variant_cluster,medium,color_variant,color:black|color:blue|color:green|color:maroon|color:navy|color:olive|color:white,collar half mandarin neck piping sleeve tshirt zip,shared_keyword_intent,3,product,https://triprindia.com/products/mens-zip-neck-half-sleeve-maroon-t-shirt,2,https://triprindia.com/products/mens-zip-neck-navy-blue-t-shirt|https://triprindia.com/products/mens-zip-neck-half-sleeve-t-shirt-green,Buy Men Maroon Zip-neck Half Sleeve Black Piping T-shirt Online – TRIPR|Buy Men Navy Blue Zip-neck Half Sleeve White Piping T-shirt Online – TRIPR|Buy Men Olive Green Half Sleeve Zip Neck Black Piping T-shirt Online – TRIPR,,,,"Review as a Shopify variant cluster. If each URL should rank separately, keep unique titles, meta descriptions, content, images, and internal links; otherwise consolidate or canonicalize weaker variants."
CAN-0184,info,content_cannibalization_variant_cluster,variant_cluster,high,color_variant|variant_family,color:beige|color:black|color:green|color:olive|color:red|variant_family,color dual full hooded neck printed sleeve tshirt,shared_keyword_intent,3,product,https://triprindia.com/products/full-sleeve-hooded-neck-dual-color-printed-t-shirt-beige-red,1,https://triprindia.com/products/full-sleeve-hooded-neck-dual-color-printed-t-shirt-black-olive-green|https://triprindia.com/products/full-sleeve-hooded-neck-dual-color-printed-t-shirt-black-red,Mens Full Sleeve Hooded Neck Dual Color Printed T-shirt Beige & Red – TRIPR|Mens Full Sleeve Hooded Neck Dual Color Printed T-shirt Black & Olive – TRIPR|Mens Full Sleeve Hooded Neck Dual Color Printed T-shirt / Black & Red – TRIPR,,,,"Review as a Shopify variant cluster. If each URL should rank separately, keep unique titles, meta descriptions, content, images, and internal links; otherwise consolidate or canonicalize weaker variants."
CAN-0185,info,content_cannibalization_variant_cluster,variant_cluster,high,combo_variant|model_code_variant|pack_variant,code:st162|combo|pack_of_2|pack_of_3,combo high neck plain quarter sweatshirts zip,shared_keyword_intent,3,product,https://triprindia.com/products/pack-of-3-mens-quarter-zip-high-neck-plain-combo-sweatshirts,4,https://triprindia.com/products/pack-of-2-quarter-zip-high-neck-plain-combo-sweatshirts|https://triprindia.com/products/pack-of-2-quarter-zip-high-neck-plain-combo-sweatshirts-st162,Pack Of 2 Quarter Zip High Neck Plain Combo Sweatshirts – TRIPR|Pack Of 3 Mens Quarter Zip High Neck Plain Combo Sweatshirts – TRIPR,,,,"Review as a Shopify variant cluster. If each URL should rank separately, keep unique titles, meta descriptions, content, images, and internal links; otherwise consolidate or canonicalize weaker variants."
CAN-0186,info,content_cannibalization_variant_cluster,variant_cluster,high,color_variant|model_code_variant,code:st162|color:beige|color:black|color:grey,full henley high neck plain quarter sleeve sweatshirt zip,shared_keyword_intent,3,product,https://triprindia.com/products/sweatshirt-for-men-henley-neck-plain-grey-full-sleeve-st162,2,https://triprindia.com/products/sweatshirt-for-men-henley-neck-plain-black-full-sleeve-st162|https://triprindia.com/products/sweatshirt-for-men-henley-neck-plain-beige-full-sleeve-st162,Men High Neck Quarter Zip Up Grey Sweatshirt – TRIPR|Men High Neck Quarter Zip Up Black Sweatshirt – TRIPR|Men High Neck Quarter Zip Up Beige Sweatshirt – TRIPR,,,,"Review as a Shopify variant cluster. If each URL should rank separately, keep unique titles, meta descriptions, content, images, and internal links; otherwise consolidate or canonicalize weaker variants."
CAN-0187,info,content_cannibalization_variant_cluster,variant_cluster,high,color_variant|pack_variant,color:black|color:brown|color:dark|color:grey|color:maroon|pack_of_2,full high neck sleeve tshirt,shared_keyword_intent,3,product,https://triprindia.com/products/men-full-sleeve-high-neck-pack-of-2-t-shirts-black-dark-grey,1,https://triprindia.com/products/men-full-sleeve-high-neck-pack-of-2-t-shirts-brown-maroon|https://triprindia.com/products/men-full-sleeve-high-neck-t-shirt-pack-of-2-maroon-black,Mens High Neck Full Sleeve Brown & Maroon T-shirts (Pack Of 2) – TRIPR|Mens High Neck Full Sleeve Black & Dark Grey T-shirts (Pack Of 2) – TRIPR|Mens High Neck Full Sleeve Maroon & Black T-shirts (Pack Of 2) – TRIPR,,,,"Review as a Shopify variant cluster. If each URL should rank separately, keep unique titles, meta descriptions, content, images, and internal links; otherwise consolidate or canonicalize weaker variants."
CAN-0188,info,content_cannibalization_variant_cluster,variant_cluster,medium,color_variant,color:blue|color:dark|color:green|color:grey|color:navy|color:olive,full high neck sleeve tshirt zipper,shared_keyword_intent,3,product,https://triprindia.com/products/full-sleeve-high-neck-navy-blue-t-shirt,1,https://triprindia.com/products/men-dark-grey-high-neck-full-sleeve-t-shirt|https://triprindia.com/products/full-sleeve-high-neck-men-olive-green-t-shirt,Buy Men Full Sleeve Navy Blue Zipper Neck T-shirt Online – TRIPR|Men DARK GREY ZIPPER NECK Full Sleeve TShirt – TRIPR|Men High Neck Zipper Olive Green Full Sleeve T-Shirt – TRIPR,,,,"Review as a Shopify variant cluster. If each URL should rank separately, keep unique titles, meta descriptions, content, images, and internal links; otherwise consolidate or canonicalize weaker variants."
CAN-0189,info,content_cannibalization_variant_cluster,variant_cluster,medium,color_variant,color:beige|color:grey|color:white,full neck polo quarter sleeve striped tshirt vertical zip,shared_keyword_intent,3,product,https://triprindia.com/products/men-quarter-zip-polo-neck-vertical-striped-full-sleeve-t-shirt-grey-p58,2,https://triprindia.com/products/men-quarter-zip-polo-neck-vertical-striped-full-sleeve-t-shirt-beige-p58|https://triprindia.com/products/men-quarter-zip-polo-neck-vertical-striped-full-sleeve-t-shirt-white-p58,Men Quarter Zip Polo Neck Vertical Striped Full Sleeve T-shirt Beige – TRIPR|Men Quarter Zip Polo Neck Vertical Striped Full Sleeve T-shirt Grey – TRIPR|Men Quarter Zip Polo Neck Vertical Striped Full Sleeve T-shirt White – TRIPR,,,,"Review as a Shopify variant cluster. If each URL should rank separately, keep unique titles, meta descriptions, content, images, and internal links; otherwise consolidate or canonicalize weaker variants."
CAN-0190,info,content_cannibalization_variant_cluster,variant_cluster,medium,color_variant,color:beige|color:black|color:grey|color:maroon,full pant plain printed sleeve star suit track tracksuit tshirt,shared_keyword_intent,3,product,https://triprindia.com/products/track-suit-star-printed-full-sleeve-black-t-shirt-plain-grey-track-pant,0,https://triprindia.com/products/track-suit-star-printed-full-sleeve-maroon-t-shirt-plain-black-track-pant|https://triprindia.com/products/track-suit-star-printed-full-sleeve-beige-t-shirt-plain-black-track-pant,Tracksuit For Men Full Sleeve Printed Maroon T-shirt Plain Black Track – TRIPR|Full Sleeve Printed Beige T-shirt with Plain Black Trackpant Tracksuit – TRIPR|Men's Full Sleeve Star Printed Black Tshirt with Grey Track pant Track – TRIPR,,,,"Review as a Shopify variant cluster. If each URL should rank separately, keep unique titles, meta descriptions, content, images, and internal links; otherwise consolidate or canonicalize weaker variants."
CAN-0191,info,content_cannibalization_variant_cluster,variant_cluster,medium,color_variant,color:beige|color:black|color:white,half neck polo quarter sleeve striped tshirt vertical zip,shared_keyword_intent,3,product,https://triprindia.com/products/men-quarter-zip-polo-neck-vertical-striped-half-sleeve-t-shirt-white-p58,3,https://triprindia.com/products/men-quarter-zip-polo-neck-vertical-striped-half-sleeve-t-shirt-black-p58|https://triprindia.com/products/men-quarter-zip-polo-neck-vertical-striped-half-sleeve-t-shirt-beige-p58,Men Quarter Zip Polo Neck Vertical Striped Half Sleeve T-shirt White – TRIPR|Men Quarter Zip Polo Neck Vertical Striped Half Sleeve T-shirt Black – TRIPR|Men Quarter Zip Polo Neck Vertical Striped Half Sleeve T-shirt Beige – TRIPR,,,,"Review as a Shopify variant cluster. If each URL should rank separately, keep unique titles, meta descriptions, content, images, and internal links; otherwise consolidate or canonicalize weaker variants."
CAN-0192,info,content_cannibalization_variant_cluster,variant_cluster,high,color_variant|model_code_variant,code:d184|color:black|color:green|color:grey|color:olive,half pant plain printed sleeve suit track tshirt,shared_keyword_intent,3,product,https://triprindia.com/products/track-suit-printed-d184-olive-green-t-shirt-with-plain-track-pant-black,0,https://triprindia.com/products/track-suit-printed-d184-black-t-shirt-with-plain-track-pant-grey|https://triprindia.com/products/track-suit-printed-d184-grey-t-shirt-with-plain-track-pant-black,Track Suit Half Sleeve Black Printed T-shirt with Plain Grey Trackpant – TRIPR|Track Suit Half Sleeve Grey Printed T-shirt with Plain Black Trackpant – TRIPR|Track Suit Half Sleeve Olive Green Printed T-shirt with Plain Black Tr – TRIPR,,,,"Review as a Shopify variant cluster. If each URL should rank separately, keep unique titles, meta descriptions, content, images, and internal links; otherwise consolidate or canonicalize weaker variants."
CAN-0193,info,content_cannibalization_variant_cluster,variant_cluster,high,color_variant|model_code_variant,code:d184|code:j61|color:black|color:green|color:grey|color:olive,half pant printed sleeve suit track trackpa tshirt,shared_keyword_intent,3,product,https://triprindia.com/products/track-suit-printed-d184-grey-t-shirt-with-printed-track-pant-j61-black,1,https://triprindia.com/products/track-suit-printed-d184-olive-green-t-shirt-with-printed-track-pant-j61-grey|https://triprindia.com/products/track-suit-printed-d184-black-t-shirt-with-printed-track-pant-j61-grey,Track Suit Half Sleeve Olive Printed T-shirt with Grey Printed Trackpa – TRIPR|Track Suit Half Sleeve Grey Printed T-shirt with Black Printed Trackpa – TRIPR|Track Suit Half Sleeve Black Printed T-shirt with Grey Printed Trackpa – TRIPR,,,,"Review as a Shopify variant cluster. If each URL should rank separately, keep unique titles, meta descriptions, content, images, and internal links; otherwise consolidate or canonicalize weaker variants."
CAN-0194,info,content_cannibalization_variant_cluster,variant_cluster,high,color_variant|model_code_variant|pack_variant,code:st160|code:st162|color:beige|color:black|color:maroon|color:navy|color:olive|color:white|pack_of_2|pack_of_3,high neck plain sweatshirts,shared_keyword_intent,3,product,https://triprindia.com/products/pack-of-3-high-neck-white-navy-maroon-plain-sweatshirts-st162,2,https://triprindia.com/products/pack-of-2-mens-plain-high-neck-plain-sweatshirts-olive-beige-st160|https://triprindia.com/products/pack-of-3-high-neck-black-white-maroon-plain-sweatshirts-st162,(Pack of 2) Mens Plain High Neck Plain Sweatshirts Olive-Beige – TRIPR|(Pack Of 3) Mens High Neck Sweatshirts White- Navy-Maroon – TRIPR|(Pack Of 3) Mens High Neck Sweatshirts Black-White-Maroon – TRIPR,,,,"Review as a Shopify variant cluster. If each URL should rank separately, keep unique titles, meta descriptions, content, images, and internal links; otherwise consolidate or canonicalize weaker variants."
CAN-0195,info,content_cannibalization_variant_cluster,variant_cluster,medium,color_variant,color:black|color:grey,printed tank top vest,shared_keyword_intent,3,product,https://triprindia.com/products/tripr-mens-printed-vest-1,0,https://triprindia.com/products/tripr-mens-printed-vest-3|https://triprindia.com/products/tripr-mens-printed-vest-2,Buy Men Printed Grey Tank Top Vest Online – TRIPR|Men Printed Grey Tank Top Vest Online – TRIPR|Buy Men Printed Black Tank Top Vest Online – TRIPR,,,,"Review as a Shopify variant cluster. If each URL should rank separately, keep unique titles, meta descriptions, content, images, and internal links; otherwise consolidate or canonicalize weaker variants."
CAN-0196,info,content_cannibalization_variant_cluster,variant_cluster,high,color_variant|model_code_variant,code:os9|color:black|color:blue|color:grey|color:multi|color:navy,anime baggy cargo fit jogger pocket pockets printed,shared_keyword_intent,2,product,https://triprindia.com/products/men-multi-pockets-anime-printed-baggy-cargo-grey-os9,1,https://triprindia.com/products/men-multi-pockets-anime-printed-baggy-cargo-black-os9,Buy Navy Blue Baggy fit Multi Pocket Cargo Joggers Online – TRIPR,,,,"Review as a Shopify variant cluster. If each URL should rank separately, keep unique titles, meta descriptions, content, images, and internal links; otherwise consolidate or canonicalize weaker variants."
CAN-0197,info,content_cannibalization_variant_cluster,variant_cluster,high,color_variant|model_code_variant,code:z139|code:z141|color:black|color:white,back fit loose oversized printed tshirt,shared_keyword_intent,2,product,https://triprindia.com/products/mens-loose-fit-back-printed-oversized-t-shirt-black-z139,1,https://triprindia.com/products/mens-loose-fit-back-printed-oversized-tshirt-white-z141,Mens Loose Fit Back Printed Oversized Tshirt White – TRIPR|Mens Loose Fit Back Printed Oversized T-shirt Black – TRIPR,,,,"Review as a Shopify variant cluster. If each URL should rank separately, keep unique titles, meta descriptions, content, images, and internal links; otherwise consolidate or canonicalize weaker variants."
CAN-0198,info,content_cannibalization_variant_cluster,variant_cluster,high,color_variant|model_code_variant,code:os11|color:black|color:blue|color:grey|color:multi|color:navy|color:white,baggy cargo colorblocked fit jogger plain pocket pockets,shared_keyword_intent,2,product,https://triprindia.com/products/multi-pockets-colorblocked-plain-baggy-cargo-black-os11,1,https://triprindia.com/products/men-multi-pockets-colorblocked-plain-baggy-cargo-grey,Buy Navy Blue Baggy fit Multi Pocket Cargo Joggers Online – TRIPR,,,,"Review as a Shopify variant cluster. If each URL should rank separately, keep unique titles, meta descriptions, content, images, and internal links; otherwise consolidate or canonicalize weaker variants."
CAN-0199,info,content_cannibalization_variant_cluster,variant_cluster,medium,color_variant,color:black|color:grey,beach printed regular short,shared_keyword_intent,2,product,https://triprindia.com/products/mens-beach-shorts-printed-black,0,https://triprindia.com/products/mens-beach-shorts-printed-grey,Buy Beach Shorts For Men | Grey Printed Beach Shorts Online – TRIPR|Buy Beach Shorts For Men | Black Printed Beach Shorts Online – TRIPR,,,,"Review as a Shopify variant cluster. If each URL should rank separately, keep unique titles, meta descriptions, content, images, and internal links; otherwise consolidate or canonicalize weaker variants."
CAN-0200,info,content_cannibalization_variant_cluster,variant_cluster,high,color_variant|variant_family,color:beige|color:black|color:white|variant_family,blaocked color full neck polo quarter sleeve striped tshirt vertical zip,shared_keyword_intent,2,product,https://triprindia.com/products/color-blaocked-quarter-zip-polo-neck-vertical-striped-full-sleeve-t-shirt-p73,0,https://triprindia.com/products/color-blaocked-quarter-zip-polo-neck-vertical-striped-full-sleeve-t-shirt-white-black-p73,Color Blaocked Quarter Zip Polo Neck Vertical Striped Full Sleeve T-sh – TRIPR,,,,"Review as a Shopify variant cluster. If each URL should rank separately, keep unique titles, meta descriptions, content, images, and internal links; otherwise consolidate or canonicalize weaker variants."
CAN-0201,info,content_cannibalization_variant_cluster,variant_cluster,high,color_variant|model_code_variant|variant_family,code:j85|color:black|color:grey|variant_family,blend casual color colorblocked cotton dual jogger pant track,shared_keyword_intent,2,product,https://triprindia.com/products/men-dual-color-cotton-blend-track-pant-j85-grey-black,1,https://triprindia.com/products/men-dual-color-cotton-blend-track-pant-j85-black-grey,Men Colorblocked Casual Jogger Trackpant Grey – TRIPR|Men Colorblocked Casual Jogger Trackpant Black – TRIPR,,,,"Review as a Shopify variant cluster. If each URL should rank separately, keep unique titles, meta descriptions, content, images, and internal links; otherwise consolidate or canonicalize weaker variants."
CAN-0202,info,content_cannibalization_variant_cluster,variant_cluster,medium,color_variant,color:beige|color:maroon|color:multicolor,blend collar cotton full mandarin sleeve solid tshirt,shared_keyword_intent,2,product,https://triprindia.com/products/men-solid-mandarin-collar-cotton-blend-multicolor-t-shirt,0,https://triprindia.com/products/men-solid-mandarin-collar-cotton-blend-multicolor-t-shirt-2,Men Mandarin Collar Full Sleeve Beige T-Shirt – TRIPR|Men Full Sleeve Mandarin Collar Maroon T-Shirt – TRIPR,,,,"Review as a Shopify variant cluster. If each URL should rank separately, keep unique titles, meta descriptions, content, images, and internal links; otherwise consolidate or canonicalize weaker variants."
CAN-0203,info,content_cannibalization_variant_cluster,variant_cluster,high,color_variant|model_code_variant,code:d189|color:beige|color:black|color:maroon|color:white,blend cotton full high neck round sleeve tshirt,shared_keyword_intent,2,product,https://triprindia.com/products/men-full-sleeve-round-neck-cotton-blend-maroon-white-t-shirt-d189,2,https://triprindia.com/products/men-full-sleeve-round-neck-cotton-blend-beige-black-t-shirt-d189,Men Full Sleeve High Neck Cotton Blend Maroon-White T-shirt – TRIPR|Men Full Sleeve High Neck Cotton Blend Beige-Black T-shirt – TRIPR,,,,"Review as a Shopify variant cluster. If each URL should rank separately, keep unique titles, meta descriptions, content, images, and internal links; otherwise consolidate or canonicalize weaker variants."
CAN-0204,info,content_cannibalization_variant_cluster,variant_cluster,high,color_variant|model_code_variant,code:d185|code:d186|color:navyblue,blend cotton half navyblue neck printed round sleeve tshirt,shared_keyword_intent,2,product,https://triprindia.com/products/men-printed-half-sleeve-round-neck-cotton-blend-t-shirt-d185-navyblue,0,https://triprindia.com/products/men-printed-half-sleeve-round-neck-d186-cotton-blend-navyblue-t-shirt,Men Printed Half Sleeve Round Neck Navyblue Cotton Blend T-Shirt – TRIPR|Men Printed Half Sleeve Round Neck Cotton Blend Navyblue T-Shirt – TRIPR,,,,"Review as a Shopify variant cluster. If each URL should rank separately, keep unique titles, meta descriptions, content, images, and internal links; otherwise consolidate or canonicalize weaker variants."
CAN-0205,info,content_cannibalization_variant_cluster,variant_cluster,high,color_variant|model_code_variant,code:d216|color:beige|color:black,blend cotton half printed rebel sleeve tshirt,shared_keyword_intent,2,product,https://triprindia.com/products/men-half-sleeve-rebel-printed-cotton-blend-tshirt-black-d216,0,https://triprindia.com/products/men-half-sleeve-rebel-printed-cotton-blend-tshirt-beige-d216,Men Half Sleeve REBEL Printed Cotton Blend Tshirt Beige – TRIPR|Men Half Sleeve REBEL Printed Cotton Blend Tshirt Black – TRIPR,,,,"Review as a Shopify variant cluster. If each URL should rank separately, keep unique titles, meta descriptions, content, images, and internal links; otherwise consolidate or canonicalize weaker variants."
CAN-0206,info,content_cannibalization_variant_cluster,variant_cluster,high,color_variant|pack_variant,color:black|color:navyblue|color:olive|pack_of_2,blend cotton jogger navyblue solid,shared_keyword_intent,2,product,https://triprindia.com/products/pack-of-2-mens-cotton-blend-solid-olive-navyblue-joggers,0,https://triprindia.com/products/pack-of-2-mens-cotton-blend-solid-navyblue-black-joggers,(Pack Of 2) Mens Cotton Blend Solid Olive & Navyblue Joggers – TRIPR|(Pack Of 2) Mens Cotton Blend Solid Navyblue & Black Joggers – TRIPR,,,,"Review as a Shopify variant cluster. If each URL should rank separately, keep unique titles, meta descriptions, content, images, and internal links; otherwise consolidate or canonicalize weaker variants."
CAN-0207,info,content_cannibalization_variant_cluster,variant_cluster,high,model_code_variant|pack_variant,code:s46|pack_of_2|pack_of_3,blend cotton plain short,shared_keyword_intent,2,product,https://triprindia.com/products/pack-of-3-plain-cotton-blend-shorts-men-s46,2,https://triprindia.com/products/pack-of-2-men-plain-shorts-s46,(Pack Of 3) Plain Cotton Blend Shorts – TRIPR|(Pack Of 2) Plain Cotton Blend Shorts – TRIPR,,,,"Review as a Shopify variant cluster. If each URL should rank separately, keep unique titles, meta descriptions, content, images, and internal links; otherwise consolidate or canonicalize weaker variants."
CAN-0208,info,content_cannibalization_variant_cluster,variant_cluster,medium,color_variant,color:beige|color:white,cargo jogger plain,shared_keyword_intent,2,product,https://triprindia.com/products/men-white-plain-cargo-jogger,0,https://triprindia.com/products/men-plain-cargo-jogger-beige,Mens Plain White Cargo Jogger – TRIPR|Men Plain Beige Cargo Jogger – TRIPR,,,,"Review as a Shopify variant cluster. If each URL should rank separately, keep unique titles, meta descriptions, content, images, and internal links; otherwise consolidate or canonicalize weaker variants."
CAN-0209,info,content_cannibalization_variant_cluster,variant_cluster,high,color_variant|model_code_variant,code:sh93|color:black|color:olive,casual double full hooded pocket shirt sleeve smart textured,shared_keyword_intent,2,product,https://triprindia.com/products/men-smart-casual-double-pocket-full-sleeve-hooded-olive-textured-shirt-sh93,3,https://triprindia.com/products/men-smart-casual-double-pocket-full-sleeve-hooded-black-textured-shirt-sh93,Men Smart Casual Double Pocket Full Sleeve Hooded Olive Textured Shirt – TRIPR|Men Smart Casual Double Pocket Full Sleeve Hooded Black Textured Shirt – TRIPR,,,,"Review as a Shopify variant cluster. If each URL should rank separately, keep unique titles, meta descriptions, content, images, and internal links; otherwise consolidate or canonicalize weaker variants."
CAN-0210,info,content_cannibalization_variant_cluster,variant_cluster,high,color_variant|pack_variant,color:black|color:charcoal|color:grey|color:navy|pack_of_2,charcoal charcoalblack full neck plain round sleeve tshirt,shared_keyword_intent,2,product,https://triprindia.com/products/men-full-sleeve-plain-round-neck-pack-of-2-t-shirts-navy-charcoal-black,0,https://triprindia.com/products/men-full-sleeve-plain-round-neck-pack-of-2-t-shirts-grey-charcoal-black,Mens Round Neck Full Sleeve Plain T-shirts Navy & Charcoalblack (Pack – TRIPR|Mens Round Neck Full Sleeve Plain Grey & Charcoalblack T-shirts (Pack – TRIPR,,,,"Review as a Shopify variant cluster. If each URL should rank separately, keep unique titles, meta descriptions, content, images, and internal links; otherwise consolidate or canonicalize weaker variants."
CAN-0211,info,content_cannibalization_variant_cluster,variant_cluster,high,color_variant|model_code_variant,code:sh103|code:sh105|color:beige|color:black|color:blue|color:white,checked cotton fit regular shirt,shared_keyword_intent,2,product,https://triprindia.com/products/mens-regular-fit-cotton-checked-shirt-white-black-sh105,3,https://triprindia.com/products/mens-regular-fit-cotton-checked-shirt-blue-beige-sh103,Mens Regular Fit Cotton Checked Shirt Blue & Beige – TRIPR|Mens Regular Fit Cotton Checked Shirt White & Black – TRIPR,,,,"Review as a Shopify variant cluster. If each URL should rank separately, keep unique titles, meta descriptions, content, images, and internal links; otherwise consolidate or canonicalize weaker variants."
CAN-0212,info,content_cannibalization_variant_cluster,variant_cluster,high,color_variant|model_code_variant,code:z147|color:black|color:maroon,chicago freedom graphic oversized printed tshirt,shared_keyword_intent,2,product,https://triprindia.com/products/mens-oversized-graphic-printed-t-shirt-black-z147,1,https://triprindia.com/products/mens-oversized-graphic-printed-t-shirt-maroon-z147,Mens Freedom 26 Chicago Printed Black Oversized Tshirt Online – TRIPR|Mens Freedom 26 Chicago Printed Maroon Oversized Tshirt Online – TRIPR,,,,"Review as a Shopify variant cluster. If each URL should rank separately, keep unique titles, meta descriptions, content, images, and internal links; otherwise consolidate or canonicalize weaker variants."
CAN-0213,info,content_cannibalization_variant_cluster,variant_cluster,high,color_variant|variant_family,color:beige|color:black|color:grey|variant_family,color dual neck polo printed quarter tshirt zip,shared_keyword_intent,2,product,https://triprindia.com/products/men-quarter-zip-polo-neck-dual-color-printed-t-shirt-black-grey-p55,1,https://triprindia.com/products/men-quarter-zip-polo-neck-dual-color-printed-t-shirt-beige-black-p55,Men Quarter Zip Polo Neck Dual Color Printed T-SHIRT Beige & Black – TRIPR|Men Quarter Zip Polo Neck Dual Color Printed T-SHIRT Black & Grey – TRIPR,,,,"Review as a Shopify variant cluster. If each URL should rank separately, keep unique titles, meta descriptions, content, images, and internal links; otherwise consolidate or canonicalize weaker variants."
CAN-0214,info,content_cannibalization_variant_cluster,variant_cluster,high,combo_variant|model_code_variant|pack_variant,code:st163|combo|pack_of_2|pack_of_3,combo high logo neck printed quarter sweatshirts zip,shared_keyword_intent,2,product,https://triprindia.com/products/pack-of-3-logo-printed-mens-high-neck-sweatshirts,2,https://triprindia.com/products/pack-of-2-logo-printed-mens-quarter-zip-high-neck-combo-sweatshirts-st163,Pack Of 2 Logo Printed Mens Quarter Zip High Neck Combo Sweatshirts – TRIPR|Pack Of 3 Logo Printed Mens Quarter Zip High Neck Combo Sweatshirts – TRIPR,,,,"Review as a Shopify variant cluster. If each URL should rank separately, keep unique titles, meta descriptions, content, images, and internal links; otherwise consolidate or canonicalize weaker variants."
CAN-0215,info,content_cannibalization_variant_cluster,variant_cluster,high,color_variant|combo_variant|pack_variant,color:beige|color:maroon|color:navy|combo|pack_of_2,combo plain trunk,shared_keyword_intent,2,product,https://triprindia.com/products/men-combo-plain-trunk-beige-navy,1,https://triprindia.com/products/men-combo-plain-trunk-maroon-beige,Combo Pack Of 2 Maroon & Beige Men Plain Trunks – TRIPR|Combo Pack Of 2 Beige & Navy Men Plain Trunks – TRIPR,,,,"Review as a Shopify variant cluster. If each URL should rank separately, keep unique titles, meta descriptions, content, images, and internal links; otherwise consolidate or canonicalize weaker variants."
CAN-0216,info,content_cannibalization_variant_cluster,variant_cluster,high,color_variant|combo_variant|pack_variant,color:multicolor|combo|pack_of_2,combo printed trunk,shared_keyword_intent,2,product,https://triprindia.com/products/pack-of-2-men-multicolor-printed-trunk,0,https://triprindia.com/products/pack-of-2-men-printed-multicolor-trunks,Trunk For Men Online | Men TRIPR Trunk Online,,,,"Review as a Shopify variant cluster. If each URL should rank separately, keep unique titles, meta descriptions, content, images, and internal links; otherwise consolidate or canonicalize weaker variants."
CAN-0217,info,content_cannibalization_variant_cluster,variant_cluster,high,color_variant|model_code_variant,code:d215|color:beige|color:black,design dragon graphic oversized printed samurai tshirt,shared_keyword_intent,2,product,https://triprindia.com/products/samurai-dragon-graphic-design-printed-oversized-tshirt-black-d215,0,https://triprindia.com/products/dragon-graphic-design-printed-oversized-tshirt-d215,Samurai Dragon Graphic Design Printed Oversized Tshirt Black – TRIPR|Samurai Graphic Printed Oversized T-shirt Beige – TRIPR,,,,"Review as a Shopify variant cluster. If each URL should rank separately, keep unique titles, meta descriptions, content, images, and internal links; otherwise consolidate or canonicalize weaker variants."
CAN-0218,info,content_cannibalization_variant_cluster,variant_cluster,high,color_variant|model_code_variant,code:d222|color:beige|color:black,dream half neck printed round tshirt,shared_keyword_intent,2,product,https://triprindia.com/products/mens-half-round-neck-printed-tshirt-black-d222,0,https://triprindia.com/products/mens-half-round-neck-dream-printed-tshirt-beige-d222,Mens Half Round Neck DREAM Printed Tshirt Black – TRIPR|Mens Half Round Neck DREAM Printed Tshirt Beige – TRIPR,,,,"Review as a Shopify variant cluster. If each URL should rank separately, keep unique titles, meta descriptions, content, images, and internal links; otherwise consolidate or canonicalize weaker variants."
CAN-0219,info,content_cannibalization_variant_cluster,variant_cluster,high,color_variant|model_code_variant,code:j93|color:black,fit loose pant printed track,shared_keyword_intent,2,product,https://triprindia.com/products/mens-loose-fit-printed-trackpant-black-j93,3,https://triprindia.com/products/men-printed-loose-fit-printed-black-trackpant,Mens Loose Fit Printed Trackpant Black – TRIPR|Men Printed Loose Fit Printed Black Trackpant – TRIPR,,,,"Review as a Shopify variant cluster. If each URL should rank separately, keep unique titles, meta descriptions, content, images, and internal links; otherwise consolidate or canonicalize weaker variants."
CAN-0220,info,content_cannibalization_variant_cluster,variant_cluster,medium,color_variant,color:beige|color:brown,fit printed short slim,shared_keyword_intent,2,product,https://triprindia.com/products/mens-slim-fit-beige-shorts,0,https://triprindia.com/products/mens-slim-fit-printed-shorts,Buy Slim Fit Men Beige Printed Shorts Online at 199 Rs – TRIPR|Buy Slim Fit Men Brown Printed Shorts Online at 199 Rs – TRIPR,,,,"Review as a Shopify variant cluster. If each URL should rank separately, keep unique titles, meta descriptions, content, images, and internal links; otherwise consolidate or canonicalize weaker variants."
CAN-0221,info,content_cannibalization_variant_cluster,variant_cluster,medium,color_variant,color:black|color:maroon,full hooded neck printed sleeve tshirt zag zig,shared_keyword_intent,2,product,https://triprindia.com/products/men-printed-hooded-neck-full-sleeve-t-shirt-black,1,https://triprindia.com/products/men-printed-hooded-neck-full-sleeve-t-shirt-maroon,Men Full Sleeve Zig Zag Printed Hooded T-shirt / Black – TRIPR|Men Full Sleeve Zig Zag Printed Hooded Maroon T-shirt – TRIPR,,,,"Review as a Shopify variant cluster. If each URL should rank separately, keep unique titles, meta descriptions, content, images, and internal links; otherwise consolidate or canonicalize weaker variants."
CAN-0222,info,content_cannibalization_variant_cluster,variant_cluster,high,color_variant|model_code_variant|pack_variant,code:z133|color:grey|color:olivegreen|pack_of_2,full hooded olivegreen plain sleeve tshirt,shared_keyword_intent,2,product,https://triprindia.com/products/pack-of-2-mens-full-sleeve-plain-hooded-t-shirts-z133-grey-olivegreen,0,https://triprindia.com/products/mens-olivegreen-full-sleeve-plain-hooded-t-shirt,(Pack Of 2) Mens Full Sleeve Plain Grey & Olivegreen Hooded T-shirts – TRIPR|Mens Olivegreen Full Sleeve Plain Hooded T-shirt – TRIPR,,,,"Review as a Shopify variant cluster. If each URL should rank separately, keep unique titles, meta descriptions, content, images, and internal links; otherwise consolidate or canonicalize weaker variants."
CAN-0223,info,content_cannibalization_variant_cluster,variant_cluster,medium,color_variant,color:black|color:blue|color:grey|color:navy,full hoodie jacket sleeve travel unisex,shared_keyword_intent,2,product,https://triprindia.com/products/tripr-full-sleeve-men-travel-hoodie-jacket-black-grey,5,https://triprindia.com/products/full-sleeve-navy-blue-unisex-travel-jacket,Travel Hoodie | Full Sleeve Navy Blue – TRIPR|Buy Travel Hoodie - Full Sleeve Unisex Jackets Online – TRIPR,,,,"Review as a Shopify variant cluster. If each URL should rank separately, keep unique titles, meta descriptions, content, images, and internal links; otherwise consolidate or canonicalize weaker variants."
CAN-0224,info,content_cannibalization_variant_cluster,variant_cluster,medium,color_variant,color:grey|color:maroon,full neck pant round sleeve suit track tracksuit tshirt,shared_keyword_intent,2,product,https://triprindia.com/products/track-suit-for-men-maroon-t-shirt-maroon-track-pant,1,https://triprindia.com/products/track-suit-for-men-grey-t-shirt-grey-track-pant,Round Neck Full Sleeve Maroon T-shirt with Maroon Trackpant Mens Track – TRIPR|Round Neck Full Sleeve Grey T-shirt with Grey Trackpant Mens Tracksuit – TRIPR,,,,"Review as a Shopify variant cluster. If each URL should rank separately, keep unique titles, meta descriptions, content, images, and internal links; otherwise consolidate or canonicalize weaker variants."
CAN-0225,info,content_cannibalization_variant_cluster,variant_cluster,high,pack_variant|variant_family,pack_of_2|pack_of_3|variant_family,full neck plain round sleeve tshirt variants,shared_keyword_intent,2,product,https://triprindia.com/products/mens-round-neck-full-sleeve-plain-t-shirts-pack-of-2-3-variants,1,https://triprindia.com/products/mens-round-neck-full-sleeve-plain-t-shirts-pack-of-3,Mens Round Neck Full Sleeve Plain T-shirts (Pack Of 3) - 2 Variants – TRIPR|Pack Of 2 - Men Round Neck Full Sleeve Plain T-shirts - 12 Variants – TRIPR,,,,"Review as a Shopify variant cluster. If each URL should rank separately, keep unique titles, meta descriptions, content, images, and internal links; otherwise consolidate or canonicalize weaker variants."
CAN-0226,info,content_cannibalization_variant_cluster,variant_cluster,medium,color_variant,color:black|color:grey|color:white,full sleeve tracksuit,shared_keyword_intent,2,product,https://triprindia.com/products/mens-tracksuit-24,0,https://triprindia.com/products/mens-tracksuit-17,mens tracksuit FULL SLEEVE - WHITE BLACK – TRIPR|mens tracksuit FULL SLEEVE - BLACK GREY – TRIPR,,,,"Review as a Shopify variant cluster. If each URL should rank separately, keep unique titles, meta descriptions, content, images, and internal links; otherwise consolidate or canonicalize weaker variants."
CAN-0227,info,content_cannibalization_variant_cluster,variant_cluster,medium,color_variant,color:black|color:green|color:olive,gym neck plain vest,shared_keyword_intent,2,product,https://triprindia.com/products/plain-gym-vest-for-men-black,0,https://triprindia.com/products/plain-gym-vest-for-men-olive-green,Men Black V-neck Plain Vest – TRIPR|Men Olive Green V-neck Plain Vest – TRIPR,,,,"Review as a Shopify variant cluster. If each URL should rank separately, keep unique titles, meta descriptions, content, images, and internal links; otherwise consolidate or canonicalize weaker variants."
CAN-0228,info,content_cannibalization_variant_cluster,variant_cluster,high,color_variant|model_code_variant,code:d184|color:beige|color:black|color:grey|color:maroon,half pant plain printed sleeve suit track trackpan tshirt,shared_keyword_intent,2,product,https://triprindia.com/products/track-suit-printed-d184-beige-t-shirt-with-plain-track-pant-black,1,https://triprindia.com/products/track-suit-printed-d184-maroon-t-shirt-with-plain-track-pant-grey,Track Suit Half Sleeve Beige Printed T-shirt with Plain Black Trackpan – TRIPR|Track Suit Half Sleeve Maroon Printed T-shirt with Plain Grey Trackpan – TRIPR,,,,"Review as a Shopify variant cluster. If each URL should rank separately, keep unique titles, meta descriptions, content, images, and internal links; otherwise consolidate or canonicalize weaker variants."
CAN-0229,info,content_cannibalization_variant_cluster,variant_cluster,medium,color_variant,color:beige|color:maroon,high neck sweatshirt zipper,shared_keyword_intent,2,product,https://triprindia.com/products/men-high-neck-sweatshirt-beige,4,https://triprindia.com/products/mens-high-neck-sweatshirt-maroon,Men Zipper High Neck Maroon Sweatshirt – TRIPR|Men Zipper high Neck Beige Sweatshirt – TRIPR,,,,"Review as a Shopify variant cluster. If each URL should rank separately, keep unique titles, meta descriptions, content, images, and internal links; otherwise consolidate or canonicalize weaker variants."
CAN-0230,info,content_cannibalization_variant_cluster,variant_cluster,high,color_variant|model_code_variant,code:j81|code:j82|color:black,pant printd track,shared_keyword_intent,2,product,https://triprindia.com/products/men-on-off-printd-trackpant-black-j82,1,https://triprindia.com/products/men-printd-trackpant-black-j81,Men Printd Trackpant Black – TRIPR|Men On-Off Printd Trackpant Black – TRIPR,,,,"Review as a Shopify variant cluster. If each URL should rank separately, keep unique titles, meta descriptions, content, images, and internal links; otherwise consolidate or canonicalize weaker variants."
CAN-0231,info,content_cannibalization_variant_cluster,variant_cluster,high,color_variant|model_code_variant,code:s32|color:blue|color:navy|color:white,plain short waffle,shared_keyword_intent,2,product,https://triprindia.com/products/men-plain-waffle-short-navy-blue-s32,0,https://triprindia.com/products/men-plain-waffle-short-s32-white,Men Plain White Waffle Short – TRIPR|Men Plain Waffle Short Navy Blue – TRIPR,,,,"Review as a Shopify variant cluster. If each URL should rank separately, keep unique titles, meta descriptions, content, images, and internal links; otherwise consolidate or canonicalize weaker variants."
CAN-0232,info,content_cannibalization_variant_cluster,variant_cluster,medium,color_variant,color:maroon|color:navy|color:red,sleeveless striped vest,shared_keyword_intent,2,product,https://triprindia.com/products/mens-navy-red-striped-sleeveless-vest,3,https://triprindia.com/products/striped-vest-navy-maroon-sleeveless,Buy Men Navy-Red Striped Vest at 119 Rs Online – TRIPR|Buy Men Navy-Maroon Striped Vest at 199 Rs Online – TRIPR,,,,"Review as a Shopify variant cluster. If each URL should rank separately, keep unique titles, meta descriptions, content, images, and internal links; otherwise consolidate or canonicalize weaker variants."
