url,status,pageType,indexable,indexabilityStatus,inSitemap,canonical,canonicalTarget,canonicalSelfReferencing,robots,issueCodes
https://triprindia.com/,200,home,true,indexable,true,https://triprindia.com/,https://triprindia.com/,true,,meta_description_length|multiple_h1|missing_image_alt|html_size_large|dom_size_large|script_count_high|image_count_high|large_image_url_width|missing_expected_schema|image_alt_duplicate_on_page|image_missing_dimensions
https://triprindia.com/products/tripr-mens-printed-vest-joker,200,product,true,indexable,true,https://triprindia.com/products/tripr-mens-printed-vest-joker,https://triprindia.com/products/tripr-mens-printed-vest-joker,true,,meta_description_length|missing_image_alt|serp_product_description_missing_detail|script_count_high|image_alt_duplicate_on_page|image_missing_dimensions
https://triprindia.com/products/tripr-mens-printed-vest-hangover,200,product,true,indexable,true,https://triprindia.com/products/tripr-mens-printed-vest-hangover,https://triprindia.com/products/tripr-mens-printed-vest-hangover,true,,missing_image_alt|serp_product_description_missing_detail|script_count_high|image_alt_duplicate_on_page|image_missing_dimensions
https://triprindia.com/products/tripr-mens-printed-vest-1,200,product,true,indexable,true,https://triprindia.com/products/tripr-mens-printed-vest-1,https://triprindia.com/products/tripr-mens-printed-vest-1,true,,missing_image_alt|serp_product_description_missing_detail|script_count_high|image_alt_duplicate_on_page|image_missing_dimensions
https://triprindia.com/products/tripr-mens-printed-vest-2,200,product,true,indexable,true,https://triprindia.com/products/tripr-mens-printed-vest-2,https://triprindia.com/products/tripr-mens-printed-vest-2,true,,missing_image_alt|serp_product_description_missing_detail|script_count_high|image_alt_duplicate_on_page|image_missing_dimensions
https://triprindia.com/products/tripr-mens-printed-vest-3,200,product,true,indexable,true,https://triprindia.com/products/tripr-mens-printed-vest-3,https://triprindia.com/products/tripr-mens-printed-vest-3,true,,missing_image_alt|serp_product_description_missing_detail|script_count_high|image_alt_duplicate_on_page|image_missing_dimensions
https://triprindia.com/products/tripr-mens-short-2,200,product,true,indexable,true,https://triprindia.com/products/tripr-mens-short-2,https://triprindia.com/products/tripr-mens-short-2,true,,title_length|script_count_high|image_alt_duplicate_on_page|image_missing_dimensions
https://triprindia.com/products/mens-shorts-under-200-color-block-grey,200,product,true,indexable,true,https://triprindia.com/products/mens-shorts-under-200-color-block-grey,https://triprindia.com/products/mens-shorts-under-200-color-block-grey,true,,serp_title_h1_mismatch|serp_product_description_missing_detail|script_count_high|image_alt_duplicate_on_page|image_missing_dimensions
https://triprindia.com/products/tripr-printed-men-black-regular-shorts,200,product,true,indexable,true,https://triprindia.com/products/tripr-printed-men-black-regular-shorts,https://triprindia.com/products/tripr-printed-men-black-regular-shorts,true,,serp_product_description_missing_detail|script_count_high|image_alt_duplicate_on_page|image_missing_dimensions
https://triprindia.com/products/tripr-printed-men-blue-regular-shorts,200,product,true,indexable,true,https://triprindia.com/products/tripr-printed-men-blue-regular-shorts,https://triprindia.com/products/tripr-printed-men-blue-regular-shorts,true,,serp_product_description_missing_detail|script_count_high|image_alt_duplicate_on_page|image_missing_dimensions
https://triprindia.com/products/men-red-printed-shorts,200,product,true,indexable,true,https://triprindia.com/products/men-red-printed-shorts,https://triprindia.com/products/men-red-printed-shorts,true,,serp_product_description_missing_detail|script_count_high|image_alt_duplicate_on_page|image_missing_dimensions
https://triprindia.com/products/tripr-full-sleeve-men-travel-hoodie-jacket-black-grey,200,product,true,indexable,true,https://triprindia.com/products/tripr-full-sleeve-men-travel-hoodie-jacket-black-grey,https://triprindia.com/products/tripr-full-sleeve-men-travel-hoodie-jacket-black-grey,true,,missing_image_alt|script_count_high|image_count_high|image_alt_duplicate_on_page|image_missing_dimensions
https://triprindia.com/products/black-printed-men-vest,200,product,true,indexable,true,https://triprindia.com/products/black-printed-men-vest,https://triprindia.com/products/black-printed-men-vest,true,,meta_description_length|missing_image_alt|serp_product_description_missing_detail|script_count_high|image_alt_duplicate_on_page|image_missing_dimensions
https://triprindia.com/products/dark-blue-men-vest,200,product,true,indexable,true,https://triprindia.com/products/dark-blue-men-vest,https://triprindia.com/products/dark-blue-men-vest,true,,meta_description_length|missing_image_alt|script_count_high|image_alt_duplicate_on_page|image_missing_dimensions
https://triprindia.com/products/grey-printed-men-vest,200,product,true,indexable,true,https://triprindia.com/products/grey-printed-men-vest,https://triprindia.com/products/grey-printed-men-vest,true,,meta_description_length|missing_image_alt|serp_product_description_missing_detail|script_count_high|image_alt_duplicate_on_page|image_missing_dimensions
https://triprindia.com/products/red-printed-men-vest,200,product,true,indexable,true,https://triprindia.com/products/red-printed-men-vest,https://triprindia.com/products/red-printed-men-vest,true,,meta_description_length|missing_image_alt|serp_product_description_missing_detail|script_count_high|image_alt_duplicate_on_page|image_missing_dimensions
https://triprindia.com/products/tripr-men-vest-pack-of-2-black-grey,200,product,true,indexable,true,https://triprindia.com/products/tripr-men-vest-pack-of-2-black-grey,https://triprindia.com/products/tripr-men-vest-pack-of-2-black-grey,true,,meta_description_length|missing_image_alt|script_count_high|large_image_url_width|image_alt_duplicate_on_page|image_missing_dimensions
https://triprindia.com/products/tripr-men-vest-black,200,product,true,indexable,true,https://triprindia.com/products/tripr-men-vest-black,https://triprindia.com/products/tripr-men-vest-black,true,,meta_description_length|missing_image_alt|serp_product_description_missing_detail|script_count_high|image_alt_duplicate_on_page|image_missing_dimensions
https://triprindia.com/products/tripr-men-vest-green,200,product,true,indexable,true,https://triprindia.com/products/tripr-men-vest-green,https://triprindia.com/products/tripr-men-vest-green,true,,title_length|meta_description_length|missing_image_alt|serp_product_description_missing_detail|script_count_high|image_alt_duplicate_on_page|image_missing_dimensions
https://triprindia.com/products/tripr-men-vest-navy-blue,200,product,true,indexable,true,https://triprindia.com/products/tripr-men-vest-navy-blue,https://triprindia.com/products/tripr-men-vest-navy-blue,true,,title_length|meta_description_length|missing_image_alt|serp_product_description_missing_detail|script_count_high|image_alt_duplicate_on_page|image_missing_dimensions
https://triprindia.com/products/tripr-men-vest-grey-1,200,product,true,indexable,true,https://triprindia.com/products/tripr-men-vest-grey-1,https://triprindia.com/products/tripr-men-vest-grey-1,true,,meta_description_length|missing_image_alt|serp_product_description_missing_detail|script_count_high|image_alt_duplicate_on_page|image_missing_dimensions
https://triprindia.com/products/tripr-solid-with-bottom-cuffed-men-maroon-track-pant,200,product,true,indexable,true,https://triprindia.com/products/tripr-solid-with-bottom-cuffed-men-maroon-track-pant,https://triprindia.com/products/tripr-solid-with-bottom-cuffed-men-maroon-track-pant,true,,meta_description_length|missing_image_alt|script_count_high|image_alt_duplicate_on_page|image_missing_dimensions
https://triprindia.com/products/mens-beach-shorts-printed-black,200,product,true,indexable,true,https://triprindia.com/products/mens-beach-shorts-printed-black,https://triprindia.com/products/mens-beach-shorts-printed-black,true,,title_length|meta_description_length|serp_boilerplate_meta_description|script_count_high|image_alt_duplicate_on_page|image_missing_dimensions
https://triprindia.com/products/mens-beach-shorts-printed-grey,200,product,true,indexable,true,https://triprindia.com/products/mens-beach-shorts-printed-grey,https://triprindia.com/products/mens-beach-shorts-printed-grey,true,,title_length|meta_description_length|serp_boilerplate_meta_description|script_count_high|image_alt_duplicate_on_page|image_missing_dimensions
https://triprindia.com/products/olive-green-mens-shorts-printed,200,product,true,indexable,true,https://triprindia.com/products/olive-green-mens-shorts-printed,https://triprindia.com/products/olive-green-mens-shorts-printed,true,,title_length|meta_description_length|serp_boilerplate_meta_description|script_count_high|image_alt_duplicate_on_page|image_missing_dimensions
https://triprindia.com/products/mens-outdoor-shorts-red-printed,200,product,true,indexable,true,https://triprindia.com/products/mens-outdoor-shorts-red-printed,https://triprindia.com/products/mens-outdoor-shorts-red-printed,true,,meta_description_length|serp_title_h1_mismatch|serp_boilerplate_meta_description|script_count_high|image_alt_duplicate_on_page|image_missing_dimensions
https://triprindia.com/products/tripr-men-vest-combo-of-black-white-olive-green,200,product,true,indexable,true,https://triprindia.com/products/tripr-men-vest-combo-of-black-white-olive-green,https://triprindia.com/products/tripr-men-vest-combo-of-black-white-olive-green,true,,title_length|meta_description_length|missing_image_alt|script_count_high|image_alt_duplicate_on_page|image_missing_dimensions
https://triprindia.com/products/tripr-men-vest-combo-of-black-navyblue-olive-green,200,product,true,indexable,true,https://triprindia.com/products/tripr-men-vest-combo-of-black-navyblue-olive-green,https://triprindia.com/products/tripr-men-vest-combo-of-black-navyblue-olive-green,true,,meta_description_length|missing_image_alt|script_count_high|image_alt_duplicate_on_page|image_missing_dimensions
https://triprindia.com/products/tripr-men-vest-combo-of-black-red-navyblue,200,product,true,indexable,true,https://triprindia.com/products/tripr-men-vest-combo-of-black-red-navyblue,https://triprindia.com/products/tripr-men-vest-combo-of-black-red-navyblue,true,,meta_description_length|missing_image_alt|script_count_high|image_alt_duplicate_on_page|image_missing_dimensions
https://triprindia.com/products/printed-vest-combo-pack-of-3-for-men,200,product,true,indexable,true,https://triprindia.com/products/printed-vest-combo-pack-of-3-for-men,https://triprindia.com/products/printed-vest-combo-pack-of-3-for-men,true,,meta_description_length|missing_image_alt|script_count_high|image_alt_duplicate_on_page|image_missing_dimensions
https://triprindia.com/products/tripr-solid-men-black-grey-track-pants-3,200,product,true,indexable,true,https://triprindia.com/products/tripr-solid-men-black-grey-track-pants-3,https://triprindia.com/products/tripr-solid-men-black-grey-track-pants-3,true,,meta_description_length|missing_image_alt|script_count_high|image_alt_duplicate_on_page|image_missing_dimensions
https://triprindia.com/products/full-sleeve-black-travel-jacket,200,product,true,indexable,true,https://triprindia.com/products/full-sleeve-black-travel-jacket,https://triprindia.com/products/full-sleeve-black-travel-jacket,true,,meta_description_length|missing_image_alt|script_count_high|image_alt_duplicate_on_page|image_missing_dimensions
https://triprindia.com/products/full-sleeve-maroon-unisex-travel-jacket,200,product,true,indexable,true,https://triprindia.com/products/full-sleeve-maroon-unisex-travel-jacket,https://triprindia.com/products/full-sleeve-maroon-unisex-travel-jacket,true,,meta_description_length|missing_image_alt|script_count_high|image_alt_duplicate_on_page|image_missing_dimensions
https://triprindia.com/products/full-sleeve-olive-unisex-travel-jacket,200,product,true,indexable,true,https://triprindia.com/products/full-sleeve-olive-unisex-travel-jacket,https://triprindia.com/products/full-sleeve-olive-unisex-travel-jacket,true,,meta_description_length|missing_image_alt|script_count_high|image_alt_duplicate_on_page|image_missing_dimensions
https://triprindia.com/products/full-sleeve-navy-blue-unisex-travel-jacket,200,product,true,indexable,true,https://triprindia.com/products/full-sleeve-navy-blue-unisex-travel-jacket,https://triprindia.com/products/full-sleeve-navy-blue-unisex-travel-jacket,true,,meta_description_length|missing_image_alt|script_count_high|image_alt_duplicate_on_page|image_missing_dimensions
https://triprindia.com/products/full-sleeve-grey-unisex-travel-jacket,200,product,true,indexable,true,https://triprindia.com/products/full-sleeve-grey-unisex-travel-jacket,https://triprindia.com/products/full-sleeve-grey-unisex-travel-jacket,true,,meta_description_length|missing_image_alt|script_count_high|image_alt_duplicate_on_page|image_missing_dimensions
https://triprindia.com/products/star-printed-black-jacket-1,200,product,true,indexable,true,https://triprindia.com/products/star-printed-black-jacket-1,https://triprindia.com/products/star-printed-black-jacket-1,true,,meta_description_length|missing_image_alt|script_count_high|large_image_url_width|image_alt_duplicate_on_page|image_missing_dimensions
https://triprindia.com/products/words-printed-cargo-pant-for-men,200,product,true,indexable,true,https://triprindia.com/products/words-printed-cargo-pant-for-men,https://triprindia.com/products/words-printed-cargo-pant-for-men,true,,title_length|meta_description_length|missing_image_alt|serp_boilerplate_meta_description|script_count_high|image_alt_duplicate_on_page|image_missing_dimensions
https://triprindia.com/products/sports-oversized-mens-tshirt,200,product,true,indexable,true,https://triprindia.com/products/sports-oversized-mens-tshirt,https://triprindia.com/products/sports-oversized-mens-tshirt,true,,meta_description_length|missing_image_alt|serp_title_h1_mismatch|script_count_high|image_alt_duplicate_on_page|image_missing_dimensions
https://triprindia.com/products/high-neck-black-half-sleeve-zip-tshirt-for-men,200,product,true,indexable,true,https://triprindia.com/products/high-neck-black-half-sleeve-zip-tshirt-for-men,https://triprindia.com/products/high-neck-black-half-sleeve-zip-tshirt-for-men,true,,title_length|missing_image_alt|script_count_high|large_image_url_width|image_alt_duplicate_on_page|image_missing_dimensions
https://triprindia.com/products/white-short-sleeve-half-zip-high-neck-tshirts-for-men,200,product,true,indexable,true,https://triprindia.com/products/white-short-sleeve-half-zip-high-neck-tshirts-for-men,https://triprindia.com/products/white-short-sleeve-half-zip-high-neck-tshirts-for-men,true,,missing_image_alt|serp_title_h1_mismatch|serp_product_description_missing_detail|script_count_high|image_alt_duplicate_on_page|image_missing_dimensions
https://triprindia.com/products/men-t-shirts-under-200-150-300,200,product,true,indexable,true,https://triprindia.com/products/men-t-shirts-under-200-150-300,https://triprindia.com/products/men-t-shirts-under-200-150-300,true,,missing_image_alt|serp_boilerplate_meta_description|script_count_high|image_alt_too_short|image_alt_duplicate_on_page|image_missing_dimensions
https://triprindia.com/products/oversized-tshirt-men-under-300-printed-red,200,product,true,indexable,true,https://triprindia.com/products/oversized-tshirt-men-under-300-printed-red,https://triprindia.com/products/oversized-tshirt-men-under-300-printed-red,true,,title_length|meta_description_length|missing_image_alt|script_count_high|image_alt_duplicate_on_page|image_missing_dimensions
https://triprindia.com/products/striped-vest-navy-maroon-sleeveless,200,product,true,indexable,true,https://triprindia.com/products/striped-vest-navy-maroon-sleeveless,https://triprindia.com/products/striped-vest-navy-maroon-sleeveless,true,,missing_image_alt|script_count_high|image_alt_duplicate_on_page|image_missing_dimensions
https://triprindia.com/products/mens-navy-red-striped-sleeveless-vest,200,product,true,indexable,true,https://triprindia.com/products/mens-navy-red-striped-sleeveless-vest,https://triprindia.com/products/mens-navy-red-striped-sleeveless-vest,true,,missing_image_alt|script_count_high|image_alt_duplicate_on_page|image_missing_dimensions
https://triprindia.com/products/mens-white-navy-striped-vest,200,product,true,indexable,true,https://triprindia.com/products/mens-white-navy-striped-vest,https://triprindia.com/products/mens-white-navy-striped-vest,true,,missing_image_alt|script_count_high|image_alt_duplicate_on_page|image_missing_dimensions
https://triprindia.com/products/mens-navy-yellow-striped-vest,200,product,true,indexable,true,https://triprindia.com/products/mens-navy-yellow-striped-vest,https://triprindia.com/products/mens-navy-yellow-striped-vest,true,,missing_image_alt|script_count_high|image_alt_duplicate_on_page|image_missing_dimensions
https://triprindia.com/products/mens-sleeveless-grey-printed-vest,200,product,true,indexable,true,https://triprindia.com/products/mens-sleeveless-grey-printed-vest,https://triprindia.com/products/mens-sleeveless-grey-printed-vest,true,,meta_description_length|missing_image_alt|script_count_high|image_alt_duplicate_on_page|image_missing_dimensions
https://triprindia.com/products/mens-solid-full-sleeve-maroon-tshirt,200,product,true,indexable,true,https://triprindia.com/products/mens-solid-full-sleeve-maroon-tshirt,https://triprindia.com/products/mens-solid-full-sleeve-maroon-tshirt,true,,missing_image_alt|serp_boilerplate_meta_description|script_count_high|image_alt_duplicate_on_page|image_missing_dimensions
https://triprindia.com/products/mens-solid-full-hand-olive-green-tshirt,200,product,true,indexable,true,https://triprindia.com/products/mens-solid-full-hand-olive-green-tshirt,https://triprindia.com/products/mens-solid-full-hand-olive-green-tshirt,true,,missing_image_alt|serp_product_description_missing_detail|script_count_high|image_alt_duplicate_on_page|image_missing_dimensions
https://triprindia.com/products/mens-white-high-neck-full-hand-tshirt,200,product,true,indexable,true,https://triprindia.com/products/mens-white-high-neck-full-hand-tshirt,https://triprindia.com/products/mens-white-high-neck-full-hand-tshirt,true,,title_length|missing_image_alt|serp_title_h1_mismatch|script_count_high|image_alt_duplicate_on_page|image_missing_dimensions
https://triprindia.com/products/mens-high-neck-t-shirt-beige,200,product,true,indexable,true,https://triprindia.com/products/mens-high-neck-t-shirt-beige,https://triprindia.com/products/mens-high-neck-t-shirt-beige,true,,title_length|meta_description_length|missing_image_alt|script_count_high|image_alt_duplicate_on_page|image_missing_dimensions
https://triprindia.com/products/oversized-tshirt-under-500,200,product,true,indexable,true,https://triprindia.com/products/oversized-tshirt-under-500,https://triprindia.com/products/oversized-tshirt-under-500,true,,missing_image_alt|serp_title_h1_mismatch|script_count_high|image_alt_duplicate_on_page|image_missing_dimensions
https://triprindia.com/products/mens-oversized-tshirt-under-400,200,product,true,indexable,true,https://triprindia.com/products/mens-oversized-tshirt-under-400,https://triprindia.com/products/mens-oversized-tshirt-under-400,true,,title_length|missing_image_alt|script_count_high|image_alt_duplicate_on_page|image_missing_dimensions
https://triprindia.com/products/high-neck-half-sleeve-brown-t-shirt-for-mens,200,product,true,indexable,true,https://triprindia.com/products/high-neck-half-sleeve-brown-t-shirt-for-mens,https://triprindia.com/products/high-neck-half-sleeve-brown-t-shirt-for-mens,true,,title_length|missing_image_alt|serp_product_description_missing_detail|script_count_high|image_alt_duplicate_on_page|image_missing_dimensions
https://triprindia.com/products/navy-blue-high-collar-t-shirt-for-men,200,product,true,indexable,true,https://triprindia.com/products/navy-blue-high-collar-t-shirt-for-men,https://triprindia.com/products/navy-blue-high-collar-t-shirt-for-men,true,,title_length|meta_description_length|missing_image_alt|script_count_high|image_alt_duplicate_on_page|image_missing_dimensions
https://triprindia.com/products/mandarin-collar-t-shirt-for-mens-d145-black,200,product,true,indexable,true,https://triprindia.com/products/mandarin-collar-t-shirt-for-mens-d145-black,https://triprindia.com/products/mandarin-collar-t-shirt-for-mens-d145-black,true,,meta_description_length|missing_image_alt|serp_title_h1_mismatch|script_count_high|image_alt_duplicate_on_page|image_missing_dimensions|product_variant_title_duplicate_risk
https://triprindia.com/products/mens-zip-half-sleeve-white-t-shirt,200,product,true,indexable,true,https://triprindia.com/products/mens-zip-half-sleeve-white-t-shirt,https://triprindia.com/products/mens-zip-half-sleeve-white-t-shirt,true,,title_length|missing_image_alt|script_count_high|image_alt_duplicate_on_page|image_missing_dimensions
https://triprindia.com/products/mens-zip-neck-half-sleeve-t-shirt-green,200,product,true,indexable,true,https://triprindia.com/products/mens-zip-neck-half-sleeve-t-shirt-green,https://triprindia.com/products/mens-zip-neck-half-sleeve-t-shirt-green,true,,title_length|missing_image_alt|script_count_high|image_alt_duplicate_on_page|image_missing_dimensions
https://triprindia.com/products/mens-zip-neck-half-sleeve-maroon-t-shirt,200,product,true,indexable,true,https://triprindia.com/products/mens-zip-neck-half-sleeve-maroon-t-shirt,https://triprindia.com/products/mens-zip-neck-half-sleeve-maroon-t-shirt,true,,title_length|missing_image_alt|script_count_high|image_alt_duplicate_on_page|image_missing_dimensions
https://triprindia.com/products/mens-zip-neck-navy-blue-t-shirt,200,product,true,indexable,true,https://triprindia.com/products/mens-zip-neck-navy-blue-t-shirt,https://triprindia.com/products/mens-zip-neck-navy-blue-t-shirt,true,,title_length|meta_description_length|missing_image_alt|script_count_high|image_alt_duplicate_on_page|image_missing_dimensions
https://triprindia.com/products/t-shirt-for-mens-45,200,product,true,indexable,true,https://triprindia.com/products/t-shirt-for-mens-45,https://triprindia.com/products/t-shirt-for-mens-45,true,,missing_image_alt|serp_title_h1_mismatch|script_count_high|image_alt_duplicate_on_page|image_missing_dimensions
https://triprindia.com/products/t-shirt-for-mens-4,200,product,true,indexable,true,https://triprindia.com/products/t-shirt-for-mens-4,https://triprindia.com/products/t-shirt-for-mens-4,true,,title_length|meta_description_length|missing_image_alt|serp_title_h1_mismatch|script_count_high|image_alt_duplicate_on_page|image_missing_dimensions
https://triprindia.com/products/mens-slim-fit-beige-shorts,200,product,true,indexable,true,https://triprindia.com/products/mens-slim-fit-beige-shorts,https://triprindia.com/products/mens-slim-fit-beige-shorts,true,,meta_description_length|serp_boilerplate_meta_description|script_count_high|image_alt_duplicate_on_page|image_missing_dimensions
https://triprindia.com/products/mens-regular-brown-black-shorts,200,product,true,indexable,true,https://triprindia.com/products/mens-regular-brown-black-shorts,https://triprindia.com/products/mens-regular-brown-black-shorts,true,,meta_description_length|serp_boilerplate_meta_description|script_count_high|image_alt_duplicate_on_page|image_missing_dimensions
https://triprindia.com/products/mens-slim-fit-printed-shorts,200,product,true,indexable,true,https://triprindia.com/products/mens-slim-fit-printed-shorts,https://triprindia.com/products/mens-slim-fit-printed-shorts,true,,meta_description_length|serp_boilerplate_meta_description|script_count_high|image_alt_duplicate_on_page|image_missing_dimensions
https://triprindia.com/products/olivegreen-black-cargo-jogger-for-men,200,product,true,indexable,true,https://triprindia.com/products/olivegreen-black-cargo-jogger-for-men,https://triprindia.com/products/olivegreen-black-cargo-jogger-for-men,true,,meta_description_length|missing_image_alt|script_count_high|image_alt_duplicate_on_page|image_missing_dimensions
https://triprindia.com/products/black-cargo-pant-for-men-under-500,200,product,true,indexable,true,https://triprindia.com/products/black-cargo-pant-for-men-under-500,https://triprindia.com/products/black-cargo-pant-for-men-under-500,true,,title_length|missing_image_alt|serp_product_description_missing_detail|script_count_high|image_alt_duplicate_on_page|image_missing_dimensions
https://triprindia.com/products/solid-black-cargo-pant-for-men,200,product,true,indexable,true,https://triprindia.com/products/solid-black-cargo-pant-for-men,https://triprindia.com/products/solid-black-cargo-pant-for-men,true,,missing_image_alt|serp_product_description_missing_detail|script_count_high|image_alt_duplicate_on_page|image_missing_dimensions
https://triprindia.com/products/men-track-pants-combo-under-200,200,product,true,indexable,true,https://triprindia.com/products/men-track-pants-combo-under-200,https://triprindia.com/products/men-track-pants-combo-under-200,true,,title_length|meta_description_length|missing_image_alt|serp_title_h1_mismatch|serp_boilerplate_meta_description|script_count_high|image_alt_duplicate_on_page|image_missing_dimensions
https://triprindia.com/products/mens-plain-grey-track-pant,200,product,true,indexable,true,https://triprindia.com/products/mens-plain-grey-track-pant,https://triprindia.com/products/mens-plain-grey-track-pant,true,,title_length|meta_description_length|missing_image_alt|serp_title_h1_mismatch|serp_boilerplate_meta_description|script_count_high|image_alt_duplicate_on_page|image_missing_dimensions
https://triprindia.com/products/beige-cotton-track-pant-for-men,200,product,true,indexable,true,https://triprindia.com/products/beige-cotton-track-pant-for-men,https://triprindia.com/products/beige-cotton-track-pant-for-men,true,,meta_description_length|missing_image_alt|serp_title_h1_mismatch|script_count_high|image_alt_duplicate_on_page|image_missing_dimensions
https://triprindia.com/products/men-olive-green-cotton-joggers,200,product,true,indexable,true,https://triprindia.com/products/men-olive-green-cotton-joggers,https://triprindia.com/products/men-olive-green-cotton-joggers,true,,meta_description_length|missing_image_alt|serp_title_h1_mismatch|script_count_high|image_alt_duplicate_on_page|image_missing_dimensions
https://triprindia.com/products/oversized-tshirt-under-200-rs,200,product,true,indexable,true,https://triprindia.com/products/oversized-tshirt-under-200-rs,https://triprindia.com/products/oversized-tshirt-under-200-rs,true,,title_length|meta_description_length|missing_image_alt|serp_title_h1_mismatch|serp_boilerplate_meta_description|script_count_high|image_alt_duplicate_on_page|image_missing_dimensions
https://triprindia.com/products/men-high-neck-maroon-half-sleeve-t-shirt,200,product,true,indexable,true,https://triprindia.com/products/men-high-neck-maroon-half-sleeve-t-shirt,https://triprindia.com/products/men-high-neck-maroon-half-sleeve-t-shirt,true,,meta_description_length|missing_image_alt|script_count_high|image_alt_duplicate_on_page|image_missing_dimensions
https://triprindia.com/products/ti-ogrhn-d144,200,product,true,indexable,true,https://triprindia.com/products/ti-ogrhn-d144,https://triprindia.com/products/ti-ogrhn-d144,true,,meta_description_length|missing_image_alt|script_count_high|image_alt_duplicate_on_page|image_missing_dimensions
https://triprindia.com/products/men-high-neck-darkgrey-half-sleeve-zip-t-shirt,200,product,true,indexable,true,https://triprindia.com/products/men-high-neck-darkgrey-half-sleeve-zip-t-shirt,https://triprindia.com/products/men-high-neck-darkgrey-half-sleeve-zip-t-shirt,true,,meta_description_length|missing_image_alt|script_count_high|image_alt_duplicate_on_page|image_missing_dimensions
https://triprindia.com/products/men-solid-henley-neck-cotton-blend-beige-t-shirt,200,product,true,indexable,true,https://triprindia.com/products/men-solid-henley-neck-cotton-blend-beige-t-shirt,https://triprindia.com/products/men-solid-henley-neck-cotton-blend-beige-t-shirt,true,,meta_description_length|missing_image_alt|script_count_high|image_alt_duplicate_on_page|image_missing_dimensions
https://triprindia.com/products/full-sleeve-men-solid-high-neck-cotton-blend-black-t-shirt,200,product,true,indexable,true,https://triprindia.com/products/full-sleeve-men-solid-high-neck-cotton-blend-black-t-shirt,https://triprindia.com/products/full-sleeve-men-solid-high-neck-cotton-blend-black-t-shirt,true,,meta_description_length|missing_image_alt|script_count_high|large_image_url_width|image_alt_duplicate_on_page|image_missing_dimensions
https://triprindia.com/products/men-full-sleeve-high-neck-maroon-t-shirt,200,product,true,indexable,true,https://triprindia.com/products/men-full-sleeve-high-neck-maroon-t-shirt,https://triprindia.com/products/men-full-sleeve-high-neck-maroon-t-shirt,true,,meta_description_length|missing_image_alt|script_count_high|image_alt_duplicate_on_page|image_missing_dimensions
https://triprindia.com/products/t-shirt-and-pant-combo-for-men,200,product,true,indexable,true,https://triprindia.com/products/t-shirt-and-pant-combo-for-men,https://triprindia.com/products/t-shirt-and-pant-combo-for-men,true,,missing_image_alt|serp_title_h1_mismatch|serp_boilerplate_meta_description|script_count_high|image_alt_duplicate_on_page|image_missing_dimensions
https://triprindia.com/products/full-sleeve-high-neck-men-olive-green-t-shirt,200,product,true,indexable,true,https://triprindia.com/products/full-sleeve-high-neck-men-olive-green-t-shirt,https://triprindia.com/products/full-sleeve-high-neck-men-olive-green-t-shirt,true,,meta_description_length|missing_image_alt|script_count_high|large_image_url_width|image_alt_duplicate_on_page|image_missing_dimensions
https://triprindia.com/products/men-solid-henley-neck-cotton-blend-white-t-shirt,200,product,true,indexable,true,https://triprindia.com/products/men-solid-henley-neck-cotton-blend-white-t-shirt,https://triprindia.com/products/men-solid-henley-neck-cotton-blend-white-t-shirt,true,,meta_description_length|missing_image_alt|script_count_high|image_alt_duplicate_on_page|image_missing_dimensions
https://triprindia.com/products/men-solid-mandarin-collar-cotton-blend-multicolor-t-shirt-1,200,product,true,indexable,true,https://triprindia.com/products/men-solid-mandarin-collar-cotton-blend-multicolor-t-shirt-1,https://triprindia.com/products/men-solid-mandarin-collar-cotton-blend-multicolor-t-shirt-1,true,,meta_description_length|missing_image_alt|script_count_high|image_alt_duplicate_on_page|image_missing_dimensions
https://triprindia.com/products/men-solid-mandarin-collar-cotton-blend-multicolor-t-shirt-2,200,product,true,indexable,true,https://triprindia.com/products/men-solid-mandarin-collar-cotton-blend-multicolor-t-shirt-2,https://triprindia.com/products/men-solid-mandarin-collar-cotton-blend-multicolor-t-shirt-2,true,,meta_description_length|missing_image_alt|script_count_high|image_alt_duplicate_on_page|image_missing_dimensions
https://triprindia.com/products/men-solid-mandarin-collar-cotton-blend-full-seelve-t-shirt,200,product,true,indexable,true,https://triprindia.com/products/men-solid-mandarin-collar-cotton-blend-full-seelve-t-shirt,https://triprindia.com/products/men-solid-mandarin-collar-cotton-blend-full-seelve-t-shirt,true,,meta_description_length|missing_image_alt|script_count_high|image_alt_duplicate_on_page|image_missing_dimensions
https://triprindia.com/products/men-solid-mandarin-collar-cotton-blend-multicolor-t-shirt-4,200,product,true,indexable,true,https://triprindia.com/products/men-solid-mandarin-collar-cotton-blend-multicolor-t-shirt-4,https://triprindia.com/products/men-solid-mandarin-collar-cotton-blend-multicolor-t-shirt-4,true,,meta_description_length|missing_image_alt|script_count_high|image_alt_duplicate_on_page|image_missing_dimensions
https://triprindia.com/products/men-solid-mandarin-collar-cotton-blend-dark-green-t-shirt,200,product,true,indexable,true,https://triprindia.com/products/men-solid-mandarin-collar-cotton-blend-dark-green-t-shirt,https://triprindia.com/products/men-solid-mandarin-collar-cotton-blend-dark-green-t-shirt,true,,title_length|meta_description_length|missing_image_alt|script_count_high|image_alt_duplicate_on_page|image_missing_dimensions
https://triprindia.com/products/men-trunk,200,product,true,indexable,true,https://triprindia.com/products/men-trunk,https://triprindia.com/products/men-trunk,true,,missing_image_alt|script_count_high|image_alt_duplicate_on_page|image_missing_dimensions
https://triprindia.com/products/men-printed-trunk-black,200,product,true,indexable,true,https://triprindia.com/products/men-printed-trunk-black,https://triprindia.com/products/men-printed-trunk-black,true,,missing_image_alt|script_count_high|image_alt_duplicate_on_page|image_missing_dimensions
https://triprindia.com/products/men-printed-multicolor-trunk,200,product,true,indexable,true,https://triprindia.com/products/men-printed-multicolor-trunk,https://triprindia.com/products/men-printed-multicolor-trunk,true,,missing_image_alt|script_count_high|image_alt_duplicate_on_page|image_missing_dimensions
https://triprindia.com/products/pack-of-2-men-multicolor-printed-trunk,200,product,true,indexable,true,https://triprindia.com/products/pack-of-2-men-multicolor-printed-trunk,https://triprindia.com/products/pack-of-2-men-multicolor-printed-trunk,true,,missing_image_alt|serp_title_h1_mismatch|script_count_high|image_alt_duplicate_on_page|image_missing_dimensions
https://triprindia.com/products/pack-of-2-men-printed-multicolor-trunks,200,product,true,indexable,true,https://triprindia.com/products/pack-of-2-men-printed-multicolor-trunks,https://triprindia.com/products/pack-of-2-men-printed-multicolor-trunks,true,,missing_image_alt|serp_title_h1_mismatch|script_count_high|image_alt_duplicate_on_page|image_missing_dimensions
https://triprindia.com/products/tank-tops-combo-pack-of-2-navyblue,200,product,true,indexable,true,https://triprindia.com/products/tank-tops-combo-pack-of-2-navyblue,https://triprindia.com/products/tank-tops-combo-pack-of-2-navyblue,true,,title_length|meta_description_length|missing_image_alt|script_count_high|image_alt_duplicate_on_page|image_missing_dimensions
https://triprindia.com/products/men-colorblock-tank-tops-pack-of-2,200,product,true,indexable,true,https://triprindia.com/products/men-colorblock-tank-tops-pack-of-2,https://triprindia.com/products/men-colorblock-tank-tops-pack-of-2,true,,meta_description_length|missing_image_alt|script_count_high|image_alt_duplicate_on_page|image_missing_dimensions
https://triprindia.com/products/men-tank-tops-pack-of-9,200,product,true,indexable,true,https://triprindia.com/products/men-tank-tops-pack-of-9,https://triprindia.com/products/men-tank-tops-pack-of-9,true,,meta_description_length|missing_image_alt|script_count_high|image_alt_duplicate_on_page|image_missing_dimensions
https://triprindia.com/products/men-tank-tops-pack-of-10,200,product,true,indexable,true,https://triprindia.com/products/men-tank-tops-pack-of-10,https://triprindia.com/products/men-tank-tops-pack-of-10,true,,meta_description_length|missing_image_alt|script_count_high|image_alt_duplicate_on_page|image_missing_dimensions
https://triprindia.com/products/tripr-men-vest-combo-of-black-grey-navy-blue,200,product,true,indexable,true,https://triprindia.com/products/tripr-men-vest-combo-of-black-grey-navy-blue,https://triprindia.com/products/tripr-men-vest-combo-of-black-grey-navy-blue,true,,meta_description_length|missing_image_alt|script_count_high|image_alt_duplicate_on_page|image_missing_dimensions
https://triprindia.com/products/men-vest-pack-of-3-combo,200,product,true,indexable,true,https://triprindia.com/products/men-vest-pack-of-3-combo,https://triprindia.com/products/men-vest-pack-of-3-combo,true,,meta_description_length|missing_image_alt|script_count_high|image_alt_duplicate_on_page|image_missing_dimensions
https://triprindia.com/products/men-vest-combo-pack-of-3,200,product,true,indexable,true,https://triprindia.com/products/men-vest-combo-pack-of-3,https://triprindia.com/products/men-vest-combo-pack-of-3,true,,meta_description_length|missing_image_alt|script_count_high|image_alt_duplicate_on_page|image_missing_dimensions
https://triprindia.com/products/printed-men-vest-combo-pack-of-three,200,product,true,indexable,true,https://triprindia.com/products/printed-men-vest-combo-pack-of-three,https://triprindia.com/products/printed-men-vest-combo-pack-of-three,true,,meta_description_length|missing_image_alt|script_count_high|image_alt_duplicate_on_page|image_missing_dimensions
https://triprindia.com/products/men-vest-pack-of-4-grey-black,200,product,true,indexable,true,https://triprindia.com/products/men-vest-pack-of-4-grey-black,https://triprindia.com/products/men-vest-pack-of-4-grey-black,true,,meta_description_length|missing_image_alt|html_size_large|script_count_high|large_image_url_width|image_alt_duplicate_on_page|image_filename_not_descriptive|image_missing_dimensions
https://triprindia.com/products/men-short-1,200,product,true,indexable,true,https://triprindia.com/products/men-short-1,https://triprindia.com/products/men-short-1,true,,meta_description_length|script_count_high|image_alt_duplicate_on_page|image_missing_dimensions
https://triprindia.com/products/men-short-2,200,product,true,indexable,true,https://triprindia.com/products/men-short-2,https://triprindia.com/products/men-short-2,true,,meta_description_length|script_count_high|image_alt_duplicate_on_page|image_missing_dimensions
https://triprindia.com/products/men-short-3,200,product,true,indexable,true,https://triprindia.com/products/men-short-3,https://triprindia.com/products/men-short-3,true,,meta_description_length|script_count_high|image_alt_duplicate_on_page|image_missing_dimensions
https://triprindia.com/products/men-short-pack-of-2-1,200,product,true,indexable,true,https://triprindia.com/products/men-short-pack-of-2-1,https://triprindia.com/products/men-short-pack-of-2-1,true,,meta_description_length|html_size_large|script_count_high|image_alt_duplicate_on_page|image_missing_dimensions
https://triprindia.com/products/mens-tracksuit-maroon-black-4,200,product,true,indexable,true,https://triprindia.com/products/mens-tracksuit-maroon-black-4,https://triprindia.com/products/mens-tracksuit-maroon-black-4,true,,title_length|meta_description_length|missing_image_alt|script_count_high|image_alt_duplicate_on_page|image_missing_dimensions
https://triprindia.com/products/mens-tracksuit-set-black-tshirt-jogger-2,200,product,true,indexable,true,https://triprindia.com/products/mens-tracksuit-set-black-tshirt-jogger-2,https://triprindia.com/products/mens-tracksuit-set-black-tshirt-jogger-2,true,,meta_description_length|missing_image_alt|script_count_high|image_alt_duplicate_on_page|image_missing_dimensions
https://triprindia.com/products/mens-tracksuit-maroon-tshirt-black-jogger-7,200,product,true,indexable,true,https://triprindia.com/products/mens-tracksuit-maroon-tshirt-black-jogger-7,https://triprindia.com/products/mens-tracksuit-maroon-tshirt-black-jogger-7,true,,title_length|meta_description_length|missing_image_alt|script_count_high|image_alt_duplicate_on_page|image_missing_dimensions
https://triprindia.com/products/mens-tracksuit-8,200,product,true,indexable,true,https://triprindia.com/products/mens-tracksuit-8,https://triprindia.com/products/mens-tracksuit-8,true,,title_length|meta_description_length|missing_image_alt|script_count_high|image_alt_duplicate_on_page|image_missing_dimensions
https://triprindia.com/products/mens-tracksuit-olive-green-t-shirt-black-track-pant,200,product,true,indexable,true,https://triprindia.com/products/mens-tracksuit-olive-green-t-shirt-black-track-pant,https://triprindia.com/products/mens-tracksuit-olive-green-t-shirt-black-track-pant,true,,title_length|meta_description_length|missing_image_alt|script_count_high|image_alt_duplicate_on_page|image_missing_dimensions
https://triprindia.com/products/mens-tracksuit-17,200,product,true,indexable,true,https://triprindia.com/products/mens-tracksuit-17,https://triprindia.com/products/mens-tracksuit-17,true,,meta_description_length|missing_image_alt|script_count_high|image_alt_duplicate_on_page|image_missing_dimensions
https://triprindia.com/products/mens-tracksuit-24,200,product,true,indexable,true,https://triprindia.com/products/mens-tracksuit-24,https://triprindia.com/products/mens-tracksuit-24,true,,meta_description_length|missing_image_alt|script_count_high|image_alt_duplicate_on_page|image_missing_dimensions
https://triprindia.com/products/men-sweat-shirt-highneck-olivegreen,200,product,true,indexable,true,https://triprindia.com/products/men-sweat-shirt-highneck-olivegreen,https://triprindia.com/products/men-sweat-shirt-highneck-olivegreen,true,,meta_description_length|missing_image_alt|script_count_high|image_alt_duplicate_on_page|image_missing_dimensions
https://triprindia.com/products/black-winter-jacket-for-men,200,product,true,indexable,true,https://triprindia.com/products/black-winter-jacket-for-men,https://triprindia.com/products/black-winter-jacket-for-men,true,,missing_image_alt|serp_boilerplate_meta_description|script_count_high|image_alt_duplicate_on_page|image_missing_dimensions
https://triprindia.com/products/men-winter-navy-blue-high-neck-sweatshirt,200,product,true,indexable,true,https://triprindia.com/products/men-winter-navy-blue-high-neck-sweatshirt,https://triprindia.com/products/men-winter-navy-blue-high-neck-sweatshirt,true,,meta_description_length|missing_image_alt|script_count_high|large_image_url_width|image_alt_duplicate_on_page|image_missing_dimensions
https://triprindia.com/products/men-winter-grey-high-necksweatshirt,200,product,true,indexable,true,https://triprindia.com/products/men-winter-grey-high-necksweatshirt,https://triprindia.com/products/men-winter-grey-high-necksweatshirt,true,,meta_description_length|missing_image_alt|script_count_high|image_alt_duplicate_on_page|image_missing_dimensions
https://triprindia.com/products/men-high-neck-zipper-t-shirts-four-colours,200,product,true,indexable,true,https://triprindia.com/products/men-high-neck-zipper-t-shirts-four-colours,https://triprindia.com/products/men-high-neck-zipper-t-shirts-four-colours,true,,meta_description_length|missing_image_alt|script_count_high|image_alt_duplicate_on_page|image_missing_dimensions
https://triprindia.com/products/men-white-zip-neck-half-sleeve-black-piping-t-shirt-copy,200,product,true,indexable,true,https://triprindia.com/products/men-white-zip-neck-half-sleeve-black-piping-t-shirt-copy,https://triprindia.com/products/men-white-zip-neck-half-sleeve-black-piping-t-shirt-copy,true,,title_length|missing_image_alt|script_count_high|image_alt_duplicate_on_page|image_missing_dimensions
https://triprindia.com/products/men-solid-mandarin-collar-cotton-blend-full-seelve-t-shirt-copy,200,product,true,indexable,true,https://triprindia.com/products/men-solid-mandarin-collar-cotton-blend-full-seelve-t-shirt-copy,https://triprindia.com/products/men-solid-mandarin-collar-cotton-blend-full-seelve-t-shirt-copy,true,,title_length|meta_description_length|missing_image_alt|script_count_high|image_alt_duplicate_on_page|image_missing_dimensions
https://triprindia.com/products/men-solid-dark-grey-mandarin-collar-full-seelve-t-shirt-copy,200,product,true,indexable,true,https://triprindia.com/products/men-solid-dark-grey-mandarin-collar-full-seelve-t-shirt-copy,https://triprindia.com/products/men-solid-dark-grey-mandarin-collar-full-seelve-t-shirt-copy,true,,meta_description_length|missing_image_alt|script_count_high|image_alt_duplicate_on_page|image_missing_dimensions
https://triprindia.com/products/men-dark-grey-high-neck-full-sleeve-t-shirt,200,product,true,indexable,true,https://triprindia.com/products/men-dark-grey-high-neck-full-sleeve-t-shirt,https://triprindia.com/products/men-dark-grey-high-neck-full-sleeve-t-shirt,true,,missing_image_alt|script_count_high|image_alt_duplicate_on_page|image_missing_dimensions
https://triprindia.com/products/men-dark-grey-zipper-neck-full-seelve-t-shirt-copy,200,product,true,indexable,true,https://triprindia.com/products/men-dark-grey-zipper-neck-full-seelve-t-shirt-copy,https://triprindia.com/products/men-dark-grey-zipper-neck-full-seelve-t-shirt-copy,true,,missing_image_alt|script_count_high|image_alt_duplicate_on_page|image_missing_dimensions
https://triprindia.com/products/men-tracksuit-018,200,product,true,indexable,true,https://triprindia.com/products/men-tracksuit-018,https://triprindia.com/products/men-tracksuit-018,true,,meta_description_length|missing_image_alt|script_count_high|image_alt_duplicate_on_page|image_missing_dimensions
https://triprindia.com/products/mandarin-collar-tshirts,200,product,true,indexable,true,https://triprindia.com/products/mandarin-collar-tshirts,https://triprindia.com/products/mandarin-collar-tshirts,true,,meta_description_length|missing_image_alt|serp_title_h1_mismatch|script_count_high|image_alt_duplicate_on_page|image_missing_dimensions
https://triprindia.com/products/full-sleeve-high-neck-navy-blue-t-shirt,200,product,true,indexable,true,https://triprindia.com/products/full-sleeve-high-neck-navy-blue-t-shirt,https://triprindia.com/products/full-sleeve-high-neck-navy-blue-t-shirt,true,,meta_description_length|missing_image_alt|script_count_high|image_alt_duplicate_on_page|image_missing_dimensions
https://triprindia.com/products/full-hand-tshirt-11-3,200,product,true,indexable,true,https://triprindia.com/products/full-hand-tshirt-11-3,https://triprindia.com/products/full-hand-tshirt-11-3,true,,meta_description_length|missing_image_alt|script_count_high|image_alt_duplicate_on_page|image_missing_dimensions
https://triprindia.com/products/plain-black-sweatshirt-for-men,200,product,true,indexable,true,https://triprindia.com/products/plain-black-sweatshirt-for-men,https://triprindia.com/products/plain-black-sweatshirt-for-men,true,,meta_description_length|missing_image_alt|script_count_high|large_image_url_width|image_alt_duplicate_on_page|image_missing_dimensions
https://triprindia.com/products/maroon-plain-sweatshirt-for-men,200,product,true,indexable,true,https://triprindia.com/products/maroon-plain-sweatshirt-for-men,https://triprindia.com/products/maroon-plain-sweatshirt-for-men,true,,meta_description_length|missing_image_alt|script_count_high|large_image_url_width|image_alt_duplicate_on_page|image_missing_dimensions
https://triprindia.com/products/beige-plain-sweatshirt-for-men,200,product,true,indexable,true,https://triprindia.com/products/beige-plain-sweatshirt-for-men,https://triprindia.com/products/beige-plain-sweatshirt-for-men,true,,meta_description_length|missing_image_alt|script_count_high|large_image_url_width|image_alt_duplicate_on_page|image_missing_dimensions
https://triprindia.com/products/navy-blue-plain-color-sweatshirt-for-men,200,product,true,indexable,true,https://triprindia.com/products/navy-blue-plain-color-sweatshirt-for-men,https://triprindia.com/products/navy-blue-plain-color-sweatshirt-for-men,true,,meta_description_length|missing_image_alt|script_count_high|large_image_url_width|image_alt_duplicate_on_page|image_missing_dimensions
https://triprindia.com/products/olive-green-plain-color-sweatshirt-for-men,200,product,true,indexable,true,https://triprindia.com/products/olive-green-plain-color-sweatshirt-for-men,https://triprindia.com/products/olive-green-plain-color-sweatshirt-for-men,true,,meta_description_length|missing_image_alt|script_count_high|large_image_url_width|image_alt_duplicate_on_page|image_missing_dimensions
https://triprindia.com/products/men-printed-trunk-light-orange,200,product,true,indexable,true,https://triprindia.com/products/men-printed-trunk-light-orange,https://triprindia.com/products/men-printed-trunk-light-orange,true,,missing_image_alt|script_count_high|image_alt_duplicate_on_page|image_missing_dimensions
https://triprindia.com/products/men-red-printed-trunk,200,product,true,indexable,true,https://triprindia.com/products/men-red-printed-trunk,https://triprindia.com/products/men-red-printed-trunk,true,,missing_image_alt|script_count_high|image_alt_duplicate_on_page|image_missing_dimensions
https://triprindia.com/products/pink-trunk-for-men-u9,200,product,true,indexable,true,https://triprindia.com/products/pink-trunk-for-men-u9,https://triprindia.com/products/pink-trunk-for-men-u9,true,,meta_description_length|missing_image_alt|script_count_high|image_alt_duplicate_on_page|image_missing_dimensions
https://triprindia.com/products/red-trunk-for-men-u11,200,product,true,indexable,true,https://triprindia.com/products/red-trunk-for-men-u11,https://triprindia.com/products/red-trunk-for-men-u11,true,,meta_description_length|missing_image_alt|script_count_high|image_alt_duplicate_on_page|image_missing_dimensions
https://triprindia.com/products/black-trunk-for-men-u13,200,product,true,indexable,true,https://triprindia.com/products/black-trunk-for-men-u13,https://triprindia.com/products/black-trunk-for-men-u13,true,,meta_description_length|missing_image_alt|script_count_high|image_alt_duplicate_on_page|image_missing_dimensions
https://triprindia.com/products/mens-high-neck-sweatshirt-maroon,200,product,true,indexable,true,https://triprindia.com/products/mens-high-neck-sweatshirt-maroon,https://triprindia.com/products/mens-high-neck-sweatshirt-maroon,true,,meta_description_length|missing_image_alt|script_count_high|large_image_url_width|image_alt_duplicate_on_page|image_missing_dimensions
https://triprindia.com/products/solid-men-black-track-pant,200,product,true,indexable,true,https://triprindia.com/products/solid-men-black-track-pant,https://triprindia.com/products/solid-men-black-track-pant,true,,meta_description_length|missing_image_alt|script_count_high|image_alt_duplicate_on_page|image_missing_dimensions
https://triprindia.com/products/men-high-neck-sweatshirt-beige,200,product,true,indexable,true,https://triprindia.com/products/men-high-neck-sweatshirt-beige,https://triprindia.com/products/men-high-neck-sweatshirt-beige,true,,meta_description_length|missing_image_alt|script_count_high|image_alt_duplicate_on_page|image_missing_dimensions
https://triprindia.com/products/men-plain-zipper-high-neck-casual-sweatshirt-black,200,product,true,indexable,true,https://triprindia.com/products/men-plain-zipper-high-neck-casual-sweatshirt-black,https://triprindia.com/products/men-plain-zipper-high-neck-casual-sweatshirt-black,true,,meta_description_length|missing_image_alt|script_count_high|large_image_url_width|image_alt_duplicate_on_page|image_missing_dimensions
https://triprindia.com/products/men-plain-zipper-high-neck-casual-sweatshirt-maroon,200,product,true,indexable,true,https://triprindia.com/products/men-plain-zipper-high-neck-casual-sweatshirt-maroon,https://triprindia.com/products/men-plain-zipper-high-neck-casual-sweatshirt-maroon,true,,meta_description_length|missing_image_alt|script_count_high|large_image_url_width|image_alt_duplicate_on_page|image_missing_dimensions
https://triprindia.com/products/men-plain-zipper-high-neck-casual-sweatshirt-beige,200,product,true,indexable,true,https://triprindia.com/products/men-plain-zipper-high-neck-casual-sweatshirt-beige,https://triprindia.com/products/men-plain-zipper-high-neck-casual-sweatshirt-beige,true,,meta_description_length|missing_image_alt|script_count_high|large_image_url_width|image_alt_duplicate_on_page|image_missing_dimensions
https://triprindia.com/products/men-plain-zipper-high-neck-casual-sweatshirt-olivegreen,200,product,true,indexable,true,https://triprindia.com/products/men-plain-zipper-high-neck-casual-sweatshirt-olivegreen,https://triprindia.com/products/men-plain-zipper-high-neck-casual-sweatshirt-olivegreen,true,,meta_description_length|missing_image_alt|script_count_high|large_image_url_width|image_alt_duplicate_on_page|image_missing_dimensions
https://triprindia.com/products/men-plain-zipper-high-neck-casual-sweatshirt-grey,200,product,true,indexable,true,https://triprindia.com/products/men-plain-zipper-high-neck-casual-sweatshirt-grey,https://triprindia.com/products/men-plain-zipper-high-neck-casual-sweatshirt-grey,true,,title_length|missing_image_alt|script_count_high|large_image_url_width|image_alt_duplicate_on_page|image_missing_dimensions
https://triprindia.com/products/men-full-sleeve-henly-neck-t-shirt-black-01,200,product,true,indexable,true,https://triprindia.com/products/men-full-sleeve-henly-neck-t-shirt-black-01,https://triprindia.com/products/men-full-sleeve-henly-neck-t-shirt-black-01,true,,meta_description_length|missing_image_alt|script_count_high|image_alt_duplicate_on_page|image_missing_dimensions
https://triprindia.com/products/color-block-men-regular-fit-shorts-beige-black,200,product,true,indexable,true,https://triprindia.com/products/color-block-men-regular-fit-shorts-beige-black,https://triprindia.com/products/color-block-men-regular-fit-shorts-beige-black,true,,title_length|serp_title_h1_mismatch|script_count_high|image_alt_duplicate_on_page|image_missing_dimensions
https://triprindia.com/products/men-full-sleeve-plain-t-shirt-01,200,product,true,indexable,true,https://triprindia.com/products/men-full-sleeve-plain-t-shirt-01,https://triprindia.com/products/men-full-sleeve-plain-t-shirt-01,true,,meta_description_length|missing_image_alt|script_count_high|image_alt_duplicate_on_page|image_missing_dimensions
https://triprindia.com/products/men-full-sleeve-plain-t-shirt-02,200,product,true,indexable,true,https://triprindia.com/products/men-full-sleeve-plain-t-shirt-02,https://triprindia.com/products/men-full-sleeve-plain-t-shirt-02,true,,meta_description_length|missing_image_alt|script_count_high|large_image_url_width|image_alt_duplicate_on_page|image_missing_dimensions
https://triprindia.com/products/men-full-sleeve-plain-t-shirt-03,200,product,true,indexable,true,https://triprindia.com/products/men-full-sleeve-plain-t-shirt-03,https://triprindia.com/products/men-full-sleeve-plain-t-shirt-03,true,,meta_description_length|missing_image_alt|script_count_high|image_alt_duplicate_on_page|image_missing_dimensions
https://triprindia.com/products/men-high-neck-zipper-sweatshirts-for-men,200,product,true,indexable,true,https://triprindia.com/products/men-high-neck-zipper-sweatshirts-for-men,https://triprindia.com/products/men-high-neck-zipper-sweatshirts-for-men,true,,missing_image_alt|serp_title_h1_mismatch|serp_boilerplate_meta_description|script_count_high|image_alt_duplicate_on_page|image_missing_dimensions
https://triprindia.com/products/men-multi-pocket-plain-cargo-jogger-grey,200,product,true,indexable,true,https://triprindia.com/products/men-multi-pocket-plain-cargo-jogger-grey,https://triprindia.com/products/men-multi-pocket-plain-cargo-jogger-grey,true,,meta_description_length|missing_image_alt|script_count_high|image_alt_duplicate_on_page|image_missing_dimensions
https://triprindia.com/products/men-multi-pocket-plain-cargo-jogger-black,200,product,true,indexable,true,https://triprindia.com/products/men-multi-pocket-plain-cargo-jogger-black,https://triprindia.com/products/men-multi-pocket-plain-cargo-jogger-black,true,,meta_description_length|missing_image_alt|script_count_high|image_alt_duplicate_on_page|image_missing_dimensions
https://triprindia.com/products/men-multi-pocket-plain-cargo-jogger-olive-green,200,product,true,indexable,true,https://triprindia.com/products/men-multi-pocket-plain-cargo-jogger-olive-green,https://triprindia.com/products/men-multi-pocket-plain-cargo-jogger-olive-green,true,,meta_description_length|missing_image_alt|script_count_high|image_alt_duplicate_on_page|image_missing_dimensions
https://triprindia.com/products/men-multi-pocket-plain-cargo-jogger-maroon,200,product,true,indexable,true,https://triprindia.com/products/men-multi-pocket-plain-cargo-jogger-maroon,https://triprindia.com/products/men-multi-pocket-plain-cargo-jogger-maroon,true,,meta_description_length|missing_image_alt|script_count_high|image_alt_duplicate_on_page|image_missing_dimensions
https://triprindia.com/products/plain-zipper-high-neck-casual-sweatshirts-for-men,200,product,true,indexable,true,https://triprindia.com/products/plain-zipper-high-neck-casual-sweatshirts-for-men,https://triprindia.com/products/plain-zipper-high-neck-casual-sweatshirts-for-men,true,,title_length|missing_image_alt|serp_boilerplate_meta_description|script_count_high|large_image_url_width|image_alt_duplicate_on_page|image_missing_dimensions
https://triprindia.com/products/plain-men-regular-fit-round-neck-casual-sweatshirts-7-colors,200,product,true,indexable,true,https://triprindia.com/products/plain-men-regular-fit-round-neck-casual-sweatshirts-7-colors,https://triprindia.com/products/plain-men-regular-fit-round-neck-casual-sweatshirts-7-colors,true,,title_length|meta_description_length|missing_image_alt|script_count_high|large_image_url_width|image_alt_duplicate_on_page|image_missing_dimensions
https://triprindia.com/products/pack-of-1-mens-printed-trunks-14-color-variants,200,product,true,indexable,true,https://triprindia.com/products/pack-of-1-mens-printed-trunks-14-color-variants,https://triprindia.com/products/pack-of-1-mens-printed-trunks-14-color-variants,true,,missing_image_alt|serp_title_h1_mismatch|script_count_high|image_alt_duplicate_on_page|image_missing_dimensions
https://triprindia.com/products/combo-trunks-bricked,200,product,true,indexable,true,https://triprindia.com/products/combo-trunks-bricked,https://triprindia.com/products/combo-trunks-bricked,true,,missing_image_alt|serp_title_h1_mismatch|script_count_high|image_alt_duplicate_on_page|image_missing_dimensions
https://triprindia.com/products/mens-black-full-sleeve-plain-hooded-t-shirt,200,product,true,indexable,true,https://triprindia.com/products/mens-black-full-sleeve-plain-hooded-t-shirt,https://triprindia.com/products/mens-black-full-sleeve-plain-hooded-t-shirt,true,,meta_description_length|missing_image_alt|script_count_high|image_alt_duplicate_on_page|image_missing_dimensions
https://triprindia.com/products/mens-olivegreen-full-sleeve-plain-hooded-t-shirt,200,product,true,indexable,true,https://triprindia.com/products/mens-olivegreen-full-sleeve-plain-hooded-t-shirt,https://triprindia.com/products/mens-olivegreen-full-sleeve-plain-hooded-t-shirt,true,,meta_description_length|missing_image_alt|script_count_high|large_image_url_width|image_alt_duplicate_on_page|image_missing_dimensions
https://triprindia.com/products/mens-grey-full-sleeve-plain-hooded-t-shirt,200,product,true,indexable,true,https://triprindia.com/products/mens-grey-full-sleeve-plain-hooded-t-shirt,https://triprindia.com/products/mens-grey-full-sleeve-plain-hooded-t-shirt,true,,meta_description_length|missing_image_alt|script_count_high|image_alt_duplicate_on_page|image_missing_dimensions
https://triprindia.com/products/men-full-sleeve-henley-t-shirt-pack-of-2-dark-grey-maroon,200,product,true,indexable,true,https://triprindia.com/products/men-full-sleeve-henley-t-shirt-pack-of-2-dark-grey-maroon,https://triprindia.com/products/men-full-sleeve-henley-t-shirt-pack-of-2-dark-grey-maroon,true,,title_length|meta_description_length|missing_image_alt|script_count_high|image_alt_duplicate_on_page|image_missing_dimensions
https://triprindia.com/products/men-full-sleeve-henley-t-shirt-pack-of-2-olive-green-dark-grey,200,product,true,indexable,true,https://triprindia.com/products/men-full-sleeve-henley-t-shirt-pack-of-2-olive-green-dark-grey,https://triprindia.com/products/men-full-sleeve-henley-t-shirt-pack-of-2-olive-green-dark-grey,true,,title_length|meta_description_length|missing_image_alt|script_count_high|image_alt_duplicate_on_page|image_missing_dimensions
https://triprindia.com/products/men-full-sleeve-high-neck-t-shirt-pack-of-2-maroon-black,200,product,true,indexable,true,https://triprindia.com/products/men-full-sleeve-high-neck-t-shirt-pack-of-2-maroon-black,https://triprindia.com/products/men-full-sleeve-high-neck-t-shirt-pack-of-2-maroon-black,true,,title_length|meta_description_length|missing_image_alt|script_count_high|image_alt_duplicate_on_page|image_missing_dimensions
https://triprindia.com/products/men-full-sleeve-high-neck-t-shirt-pack-of-2-dark-grey-olive-green,200,product,true,indexable,true,https://triprindia.com/products/men-full-sleeve-high-neck-t-shirt-pack-of-2-dark-grey-olive-green,https://triprindia.com/products/men-full-sleeve-high-neck-t-shirt-pack-of-2-dark-grey-olive-green,true,,title_length|meta_description_length|missing_image_alt|script_count_high|image_alt_duplicate_on_page|image_missing_dimensions
https://triprindia.com/products/pack-of-2-mens-henely-high-neck-full-sleeve-t-shirts-6-variants-combo,200,product,true,indexable,true,https://triprindia.com/products/pack-of-2-mens-henely-high-neck-full-sleeve-t-shirts-6-variants-combo,https://triprindia.com/products/pack-of-2-mens-henely-high-neck-full-sleeve-t-shirts-6-variants-combo,true,,title_length|meta_description_length|missing_image_alt|script_count_high|image_alt_duplicate_on_page|image_missing_dimensions
https://triprindia.com/products/pack-of-1-men-half-sleeve-round-neck-plain-t-shirt-grey,200,product,true,indexable,true,https://triprindia.com/products/pack-of-1-men-half-sleeve-round-neck-plain-t-shirt-grey,https://triprindia.com/products/pack-of-1-men-half-sleeve-round-neck-plain-t-shirt-grey,true,,meta_description_length|missing_image_alt|script_count_high|image_alt_duplicate_on_page|image_missing_dimensions
https://triprindia.com/products/pack-of-1-men-half-sleeve-round-neck-plain-t-shirt-dark-grey,200,product,true,indexable,true,https://triprindia.com/products/pack-of-1-men-half-sleeve-round-neck-plain-t-shirt-dark-grey,https://triprindia.com/products/pack-of-1-men-half-sleeve-round-neck-plain-t-shirt-dark-grey,true,,missing_image_alt|script_count_high|image_alt_duplicate_on_page|image_missing_dimensions
https://triprindia.com/products/pack-of-1-men-half-sleeve-round-neck-plain-t-shirt-charcoal-black,200,product,true,indexable,true,https://triprindia.com/products/pack-of-1-men-half-sleeve-round-neck-plain-t-shirt-charcoal-black,https://triprindia.com/products/pack-of-1-men-half-sleeve-round-neck-plain-t-shirt-charcoal-black,true,,title_length|meta_description_length|missing_image_alt|script_count_high|image_alt_duplicate_on_page|image_missing_dimensions
https://triprindia.com/products/pack-of-1-men-half-sleeve-round-neck-plain-t-shirt-brown,200,product,true,indexable,true,https://triprindia.com/products/pack-of-1-men-half-sleeve-round-neck-plain-t-shirt-brown,https://triprindia.com/products/pack-of-1-men-half-sleeve-round-neck-plain-t-shirt-brown,true,,title_length|meta_description_length|missing_image_alt|script_count_high|image_alt_duplicate_on_page|image_missing_dimensions
https://triprindia.com/products/pack-of-1-men-half-sleeve-round-neck-plain-t-shirt-black,200,product,true,indexable,true,https://triprindia.com/products/pack-of-1-men-half-sleeve-round-neck-plain-t-shirt-black,https://triprindia.com/products/pack-of-1-men-half-sleeve-round-neck-plain-t-shirt-black,true,,title_length|meta_description_length|missing_image_alt|script_count_high|image_alt_duplicate_on_page|image_missing_dimensions
https://triprindia.com/products/pack-of-1-men-half-sleeve-round-neck-plain-t-shirt-beige,200,product,true,indexable,true,https://triprindia.com/products/pack-of-1-men-half-sleeve-round-neck-plain-t-shirt-beige,https://triprindia.com/products/pack-of-1-men-half-sleeve-round-neck-plain-t-shirt-beige,true,,title_length|meta_description_length|missing_image_alt|script_count_high|image_alt_duplicate_on_page|image_missing_dimensions
https://triprindia.com/products/pack-of-1-men-half-sleeve-round-neck-plain-t-shirt-white,200,product,true,indexable,true,https://triprindia.com/products/pack-of-1-men-half-sleeve-round-neck-plain-t-shirt-white,https://triprindia.com/products/pack-of-1-men-half-sleeve-round-neck-plain-t-shirt-white,true,,title_length|meta_description_length|missing_image_alt|script_count_high|image_alt_duplicate_on_page|image_missing_dimensions
https://triprindia.com/products/pack-of-1-men-half-sleeve-round-neck-plain-t-shirt-olive-green,200,product,true,indexable,true,https://triprindia.com/products/pack-of-1-men-half-sleeve-round-neck-plain-t-shirt-olive-green,https://triprindia.com/products/pack-of-1-men-half-sleeve-round-neck-plain-t-shirt-olive-green,true,,title_length|meta_description_length|missing_image_alt|script_count_high|image_alt_duplicate_on_page|image_missing_dimensions
https://triprindia.com/products/pack-of-1-men-half-sleeve-round-neck-plain-t-shirt-navy-blue,200,product,true,indexable,true,https://triprindia.com/products/pack-of-1-men-half-sleeve-round-neck-plain-t-shirt-navy-blue,https://triprindia.com/products/pack-of-1-men-half-sleeve-round-neck-plain-t-shirt-navy-blue,true,,title_length|meta_description_length|missing_image_alt|script_count_high|image_alt_duplicate_on_page|image_missing_dimensions
https://triprindia.com/products/pack-of-1-men-half-sleeve-round-neck-plain-t-shirt-maroon,200,product,true,indexable,true,https://triprindia.com/products/pack-of-1-men-half-sleeve-round-neck-plain-t-shirt-maroon,https://triprindia.com/products/pack-of-1-men-half-sleeve-round-neck-plain-t-shirt-maroon,true,,title_length|meta_description_length|missing_image_alt|script_count_high|image_alt_duplicate_on_page|image_missing_dimensions
https://triprindia.com/products/men-half-sleeve-high-neck-pack-of-2-t-shirts-brown-maroon,200,product,true,indexable,true,https://triprindia.com/products/men-half-sleeve-high-neck-pack-of-2-t-shirts-brown-maroon,https://triprindia.com/products/men-half-sleeve-high-neck-pack-of-2-t-shirts-brown-maroon,true,,title_length|meta_description_length|missing_image_alt|script_count_high|image_alt_duplicate_on_page|image_missing_dimensions
https://triprindia.com/products/mens-henely-high-neck-half-sleeve-t-shirts-pack-of-2,200,product,true,indexable,true,https://triprindia.com/products/mens-henely-high-neck-half-sleeve-t-shirts-pack-of-2,https://triprindia.com/products/mens-henely-high-neck-half-sleeve-t-shirts-pack-of-2,true,,title_length|meta_description_length|missing_image_alt|script_count_high|image_alt_duplicate_on_page|image_missing_dimensions
https://triprindia.com/products/men-full-sleeve-high-neck-pack-of-2-t-shirts-brown-maroon,200,product,true,indexable,true,https://triprindia.com/products/men-full-sleeve-high-neck-pack-of-2-t-shirts-brown-maroon,https://triprindia.com/products/men-full-sleeve-high-neck-pack-of-2-t-shirts-brown-maroon,true,,title_length|meta_description_length|missing_image_alt|script_count_high|image_alt_duplicate_on_page|image_missing_dimensions
https://triprindia.com/products/men-full-sleeve-high-neck-pack-of-2-t-shirts-black-dark-grey,200,product,true,indexable,true,https://triprindia.com/products/men-full-sleeve-high-neck-pack-of-2-t-shirts-black-dark-grey,https://triprindia.com/products/men-full-sleeve-high-neck-pack-of-2-t-shirts-black-dark-grey,true,,title_length|meta_description_length|missing_image_alt|script_count_high|image_alt_duplicate_on_page|image_missing_dimensions
https://triprindia.com/products/men-full-sleeve-henley-neck-pack-of-2-t-shirts-maroon-olive-green,200,product,true,indexable,true,https://triprindia.com/products/men-full-sleeve-henley-neck-pack-of-2-t-shirts-maroon-olive-green,https://triprindia.com/products/men-full-sleeve-henley-neck-pack-of-2-t-shirts-maroon-olive-green,true,,title_length|meta_description_length|missing_image_alt|script_count_high|image_alt_duplicate_on_page|image_missing_dimensions
https://triprindia.com/products/men-full-sleeve-henley-neck-pack-of-2-t-shirts-brown-black,200,product,true,indexable,true,https://triprindia.com/products/men-full-sleeve-henley-neck-pack-of-2-t-shirts-brown-black,https://triprindia.com/products/men-full-sleeve-henley-neck-pack-of-2-t-shirts-brown-black,true,,title_length|meta_description_length|missing_image_alt|script_count_high|image_alt_duplicate_on_page|image_missing_dimensions
https://triprindia.com/products/men-full-sleeve-henley-neck-pack-of-2-t-shirts-dark-grey-brown,200,product,true,indexable,true,https://triprindia.com/products/men-full-sleeve-henley-neck-pack-of-2-t-shirts-dark-grey-brown,https://triprindia.com/products/men-full-sleeve-henley-neck-pack-of-2-t-shirts-dark-grey-brown,true,,title_length|meta_description_length|missing_image_alt|script_count_high|image_alt_duplicate_on_page|image_missing_dimensions
https://triprindia.com/products/mens-track-suit-black-hooded-full-sleeve-t-shirt-black-jogger-pant,200,product,true,indexable,true,https://triprindia.com/products/mens-track-suit-black-hooded-full-sleeve-t-shirt-black-jogger-pant,https://triprindia.com/products/mens-track-suit-black-hooded-full-sleeve-t-shirt-black-jogger-pant,true,,title_length|meta_description_length|missing_image_alt|script_count_high|image_alt_duplicate_on_page|image_missing_dimensions
https://triprindia.com/products/mens-track-suit-grey-hooded-full-sleeve-t-shirt-black-jogger-pant,200,product,true,indexable,true,https://triprindia.com/products/mens-track-suit-grey-hooded-full-sleeve-t-shirt-black-jogger-pant,https://triprindia.com/products/mens-track-suit-grey-hooded-full-sleeve-t-shirt-black-jogger-pant,true,,title_length|meta_description_length|missing_image_alt|script_count_high|image_alt_duplicate_on_page|image_missing_dimensions
https://triprindia.com/products/mens-track-suit-black-hooded-full-sleeve-t-shirt-grey-jogger-pant,200,product,true,indexable,true,https://triprindia.com/products/mens-track-suit-black-hooded-full-sleeve-t-shirt-grey-jogger-pant,https://triprindia.com/products/mens-track-suit-black-hooded-full-sleeve-t-shirt-grey-jogger-pant,true,,title_length|meta_description_length|missing_image_alt|script_count_high|image_alt_duplicate_on_page|image_missing_dimensions
https://triprindia.com/products/mens-track-suit-grey-hooded-full-sleeve-t-shirt-grey-jogger-pant,200,product,true,indexable,true,https://triprindia.com/products/mens-track-suit-grey-hooded-full-sleeve-t-shirt-grey-jogger-pant,https://triprindia.com/products/mens-track-suit-grey-hooded-full-sleeve-t-shirt-grey-jogger-pant,true,,title_length|meta_description_length|missing_image_alt|script_count_high|image_alt_duplicate_on_page|image_missing_dimensions
https://triprindia.com/products/mens-track-suit-olive-green-hooded-full-sleeve-t-shirt-black-jogger-pant,200,product,true,indexable,true,https://triprindia.com/products/mens-track-suit-olive-green-hooded-full-sleeve-t-shirt-black-jogger-pant,https://triprindia.com/products/mens-track-suit-olive-green-hooded-full-sleeve-t-shirt-black-jogger-pant,true,,title_length|meta_description_length|missing_image_alt|script_count_high|image_alt_duplicate_on_page|image_missing_dimensions
https://triprindia.com/products/men-plain-over-size-t-shirt-navy-blue,200,product,true,indexable,true,https://triprindia.com/products/men-plain-over-size-t-shirt-navy-blue,https://triprindia.com/products/men-plain-over-size-t-shirt-navy-blue,true,,meta_description_length|missing_image_alt|script_count_high|image_alt_duplicate_on_page|image_missing_dimensions
https://triprindia.com/products/men-plain-over-size-t-shirt-black,200,product,true,indexable,true,https://triprindia.com/products/men-plain-over-size-t-shirt-black,https://triprindia.com/products/men-plain-over-size-t-shirt-black,true,,meta_description_length|missing_image_alt|script_count_high|image_alt_duplicate_on_page|image_missing_dimensions
https://triprindia.com/products/men-plain-over-size-t-shirt-olive-green,200,product,true,indexable,true,https://triprindia.com/products/men-plain-over-size-t-shirt-olive-green,https://triprindia.com/products/men-plain-over-size-t-shirt-olive-green,true,,meta_description_length|missing_image_alt|script_count_high|image_alt_duplicate_on_page|image_missing_dimensions
https://triprindia.com/products/men-full-sleeve-plain-round-neck-t-shirt-charcoal-black,200,product,true,indexable,true,https://triprindia.com/products/men-full-sleeve-plain-round-neck-t-shirt-charcoal-black,https://triprindia.com/products/men-full-sleeve-plain-round-neck-t-shirt-charcoal-black,true,,meta_description_length|missing_image_alt|script_count_high|image_alt_duplicate_on_page|image_missing_dimensions
https://triprindia.com/products/men-full-sleeve-plain-round-neck-t-shirt-white,200,product,true,indexable,true,https://triprindia.com/products/men-full-sleeve-plain-round-neck-t-shirt-white,https://triprindia.com/products/men-full-sleeve-plain-round-neck-t-shirt-white,true,,meta_description_length|missing_image_alt|script_count_high|image_alt_duplicate_on_page|image_missing_dimensions
https://triprindia.com/products/men-full-sleeve-plain-round-neck-t-shirt-dark-grey,200,product,true,indexable,true,https://triprindia.com/products/men-full-sleeve-plain-round-neck-t-shirt-dark-grey,https://triprindia.com/products/men-full-sleeve-plain-round-neck-t-shirt-dark-grey,true,,meta_description_length|missing_image_alt|script_count_high|image_alt_duplicate_on_page|image_missing_dimensions
https://triprindia.com/products/men-full-sleeve-plain-round-neck-t-shirt-beige,200,product,true,indexable,true,https://triprindia.com/products/men-full-sleeve-plain-round-neck-t-shirt-beige,https://triprindia.com/products/men-full-sleeve-plain-round-neck-t-shirt-beige,true,,meta_description_length|missing_image_alt|script_count_high|image_alt_duplicate_on_page|image_missing_dimensions
https://triprindia.com/products/men-full-sleeve-plain-round-neck-t-shirt-maroon,200,product,true,indexable,true,https://triprindia.com/products/men-full-sleeve-plain-round-neck-t-shirt-maroon,https://triprindia.com/products/men-full-sleeve-plain-round-neck-t-shirt-maroon,true,,meta_description_length|missing_image_alt|script_count_high|image_alt_duplicate_on_page|image_missing_dimensions
https://triprindia.com/products/men-full-sleeve-plain-round-neck-t-shirt-brown,200,product,true,indexable,true,https://triprindia.com/products/men-full-sleeve-plain-round-neck-t-shirt-brown,https://triprindia.com/products/men-full-sleeve-plain-round-neck-t-shirt-brown,true,,meta_description_length|missing_image_alt|script_count_high|image_alt_duplicate_on_page|image_missing_dimensions
https://triprindia.com/products/men-full-sleeve-plain-round-neck-t-shirt-navy-blue,200,product,true,indexable,true,https://triprindia.com/products/men-full-sleeve-plain-round-neck-t-shirt-navy-blue,https://triprindia.com/products/men-full-sleeve-plain-round-neck-t-shirt-navy-blue,true,,meta_description_length|missing_image_alt|script_count_high|image_alt_duplicate_on_page|image_missing_dimensions
https://triprindia.com/products/men-full-sleeve-plain-round-neck-pack-of-2-t-shirts-brown-black,200,product,true,indexable,true,https://triprindia.com/products/men-full-sleeve-plain-round-neck-pack-of-2-t-shirts-brown-black,https://triprindia.com/products/men-full-sleeve-plain-round-neck-pack-of-2-t-shirts-brown-black,true,,title_length|meta_description_length|missing_image_alt|script_count_high|image_alt_duplicate_on_page|image_missing_dimensions
https://triprindia.com/products/men-full-sleeve-plain-round-neck-pack-of-2-t-shirts-black-white,200,product,true,indexable,true,https://triprindia.com/products/men-full-sleeve-plain-round-neck-pack-of-2-t-shirts-black-white,https://triprindia.com/products/men-full-sleeve-plain-round-neck-pack-of-2-t-shirts-black-white,true,,title_length|meta_description_length|missing_image_alt|script_count_high|image_alt_duplicate_on_page|image_missing_dimensions
https://triprindia.com/products/men-full-sleeve-plain-round-neck-pack-of-2-t-shirts-grey-charcoal-black,200,product,true,indexable,true,https://triprindia.com/products/men-full-sleeve-plain-round-neck-pack-of-2-t-shirts-grey-charcoal-black,https://triprindia.com/products/men-full-sleeve-plain-round-neck-pack-of-2-t-shirts-grey-charcoal-black,true,,title_length|meta_description_length|missing_image_alt|script_count_high|image_alt_duplicate_on_page|image_missing_dimensions
https://triprindia.com/products/men-full-sleeve-plain-round-neck-pack-of-2-t-shirts-olive-navy,200,product,true,indexable,true,https://triprindia.com/products/men-full-sleeve-plain-round-neck-pack-of-2-t-shirts-olive-navy,https://triprindia.com/products/men-full-sleeve-plain-round-neck-pack-of-2-t-shirts-olive-navy,true,,title_length|meta_description_length|missing_image_alt|script_count_high|image_alt_duplicate_on_page|image_missing_dimensions
https://triprindia.com/products/men-full-sleeve-plain-round-neck-pack-of-2-t-shirts-navy-charcoal-black,200,product,true,indexable,true,https://triprindia.com/products/men-full-sleeve-plain-round-neck-pack-of-2-t-shirts-navy-charcoal-black,https://triprindia.com/products/men-full-sleeve-plain-round-neck-pack-of-2-t-shirts-navy-charcoal-black,true,,title_length|meta_description_length|missing_image_alt|script_count_high|image_alt_duplicate_on_page|image_missing_dimensions
https://triprindia.com/products/men-full-sleeve-plain-round-neck-pack-of-2-t-shirts-black-beige,200,product,true,indexable,true,https://triprindia.com/products/men-full-sleeve-plain-round-neck-pack-of-2-t-shirts-black-beige,https://triprindia.com/products/men-full-sleeve-plain-round-neck-pack-of-2-t-shirts-black-beige,true,,title_length|meta_description_length|missing_image_alt|script_count_high|image_alt_duplicate_on_page|image_missing_dimensions
https://triprindia.com/products/men-full-sleeve-plain-round-neck-pack-of-3-t-shirts-maroon-white-navy,200,product,true,indexable,true,https://triprindia.com/products/men-full-sleeve-plain-round-neck-pack-of-3-t-shirts-maroon-white-navy,https://triprindia.com/products/men-full-sleeve-plain-round-neck-pack-of-3-t-shirts-maroon-white-navy,true,,meta_description_length|missing_image_alt|script_count_high|image_alt_duplicate_on_page|image_missing_dimensions
https://triprindia.com/products/men-plain-grey-zipper-high-neck-half-sleeve-t-shirt,200,product,true,indexable,true,https://triprindia.com/products/men-plain-grey-zipper-high-neck-half-sleeve-t-shirt,https://triprindia.com/products/men-plain-grey-zipper-high-neck-half-sleeve-t-shirt,true,,title_length|meta_description_length|missing_image_alt|script_count_high|image_alt_duplicate_on_page|image_missing_dimensions
https://triprindia.com/products/mens-tracksuit-half-sleeve-over-size-grey-t-shirt-grey-plain-trackpant,200,product,true,indexable,true,https://triprindia.com/products/mens-tracksuit-half-sleeve-over-size-grey-t-shirt-grey-plain-trackpant,https://triprindia.com/products/mens-tracksuit-half-sleeve-over-size-grey-t-shirt-grey-plain-trackpant,true,,title_length|meta_description_length|missing_image_alt|script_count_high|image_alt_duplicate_on_page|image_missing_dimensions
https://triprindia.com/products/mens-tracksuit-half-sleeve-over-size-beige-t-shirt-black-plain-trackpant,200,product,true,indexable,true,https://triprindia.com/products/mens-tracksuit-half-sleeve-over-size-beige-t-shirt-black-plain-trackpant,https://triprindia.com/products/mens-tracksuit-half-sleeve-over-size-beige-t-shirt-black-plain-trackpant,true,,title_length|meta_description_length|missing_image_alt|script_count_high|image_alt_duplicate_on_page|image_missing_dimensions
https://triprindia.com/products/men-henely-high-neck-full-sleeve-t-shirts-pack-of-2-10-variants,200,product,true,indexable,true,https://triprindia.com/products/men-henely-high-neck-full-sleeve-t-shirts-pack-of-2-10-variants,https://triprindia.com/products/men-henely-high-neck-full-sleeve-t-shirts-pack-of-2-10-variants,true,,title_length|meta_description_length|missing_image_alt|script_count_high|image_alt_duplicate_on_page|image_missing_dimensions
https://triprindia.com/products/mens-track-suit-white-plain-half-sleeve-t-shirt-plain-jogger,200,product,true,indexable,true,https://triprindia.com/products/mens-track-suit-white-plain-half-sleeve-t-shirt-plain-jogger,https://triprindia.com/products/mens-track-suit-white-plain-half-sleeve-t-shirt-plain-jogger,true,,title_length|meta_description_length|missing_image_alt|script_count_high|image_alt_duplicate_on_page|image_missing_dimensions
https://triprindia.com/products/mens-track-suit-olive-green-plain-half-sleeve-t-shirt-plain-jogger,200,product,true,indexable,true,https://triprindia.com/products/mens-track-suit-olive-green-plain-half-sleeve-t-shirt-plain-jogger,https://triprindia.com/products/mens-track-suit-olive-green-plain-half-sleeve-t-shirt-plain-jogger,true,,title_length|meta_description_length|missing_image_alt|script_count_high|image_alt_duplicate_on_page|image_missing_dimensions
https://triprindia.com/products/mens-track-suit-full-sleeve-dark-grey-t-shirt-black-track-pant,200,product,true,indexable,true,https://triprindia.com/products/mens-track-suit-full-sleeve-dark-grey-t-shirt-black-track-pant,https://triprindia.com/products/mens-track-suit-full-sleeve-dark-grey-t-shirt-black-track-pant,true,,title_length|meta_description_length|missing_image_alt|script_count_high|image_alt_duplicate_on_page|image_missing_dimensions
https://triprindia.com/products/mens-track-suit-full-sleeve-grey-t-shirt-grey-track-pant,200,product,true,indexable,true,https://triprindia.com/products/mens-track-suit-full-sleeve-grey-t-shirt-grey-track-pant,https://triprindia.com/products/mens-track-suit-full-sleeve-grey-t-shirt-grey-track-pant,true,,title_length|meta_description_length|missing_image_alt|script_count_high|image_alt_duplicate_on_page|image_missing_dimensions
https://triprindia.com/products/mens-track-suit-full-sleeve-navy-blue-t-shirt-navy-track-pant,200,product,true,indexable,true,https://triprindia.com/products/mens-track-suit-full-sleeve-navy-blue-t-shirt-navy-track-pant,https://triprindia.com/products/mens-track-suit-full-sleeve-navy-blue-t-shirt-navy-track-pant,true,,title_length|meta_description_length|missing_image_alt|script_count_high|image_alt_duplicate_on_page|image_missing_dimensions
https://triprindia.com/products/mens-track-suit-full-sleeve-grey-t-shirt-black-track-pant,200,product,true,indexable,true,https://triprindia.com/products/mens-track-suit-full-sleeve-grey-t-shirt-black-track-pant,https://triprindia.com/products/mens-track-suit-full-sleeve-grey-t-shirt-black-track-pant,true,,title_length|meta_description_length|missing_image_alt|script_count_high|image_alt_duplicate_on_page|image_missing_dimensions
https://triprindia.com/products/mens-track-suit-full-sleeve-olive-green-t-shirt-black-track-pant,200,product,true,indexable,true,https://triprindia.com/products/mens-track-suit-full-sleeve-olive-green-t-shirt-black-track-pant,https://triprindia.com/products/mens-track-suit-full-sleeve-olive-green-t-shirt-black-track-pant,true,,title_length|meta_description_length|missing_image_alt|script_count_high|image_alt_duplicate_on_page|image_missing_dimensions
https://triprindia.com/products/mens-track-suit-full-sleeve-maroon-t-shirt-navy-track-pant,200,product,true,indexable,true,https://triprindia.com/products/mens-track-suit-full-sleeve-maroon-t-shirt-navy-track-pant,https://triprindia.com/products/mens-track-suit-full-sleeve-maroon-t-shirt-navy-track-pant,true,,title_length|meta_description_length|missing_image_alt|script_count_high|image_alt_duplicate_on_page|image_missing_dimensions
https://triprindia.com/products/mens-track-suit-full-sleeve-white-t-shirt-navy-track-pant,200,product,true,indexable,true,https://triprindia.com/products/mens-track-suit-full-sleeve-white-t-shirt-navy-track-pant,https://triprindia.com/products/mens-track-suit-full-sleeve-white-t-shirt-navy-track-pant,true,,title_length|meta_description_length|missing_image_alt|script_count_high|image_alt_duplicate_on_page|image_missing_dimensions
https://triprindia.com/products/mens-track-suit-full-sleeve-black-t-shirt-black-track-pant,200,product,true,indexable,true,https://triprindia.com/products/mens-track-suit-full-sleeve-black-t-shirt-black-track-pant,https://triprindia.com/products/mens-track-suit-full-sleeve-black-t-shirt-black-track-pant,true,,title_length|meta_description_length|missing_image_alt|script_count_high|image_alt_duplicate_on_page|image_missing_dimensions
https://triprindia.com/products/mens-track-suit-full-sleeve-beige-t-shirt-black-track-pant,200,product,true,indexable,true,https://triprindia.com/products/mens-track-suit-full-sleeve-beige-t-shirt-black-track-pant,https://triprindia.com/products/mens-track-suit-full-sleeve-beige-t-shirt-black-track-pant,true,,title_length|meta_description_length|missing_image_alt|script_count_high|image_alt_duplicate_on_page|image_missing_dimensions
https://triprindia.com/products/mens-track-suit-full-sleeve-black-t-shirt-grey-track-pant,200,product,true,indexable,true,https://triprindia.com/products/mens-track-suit-full-sleeve-black-t-shirt-grey-track-pant,https://triprindia.com/products/mens-track-suit-full-sleeve-black-t-shirt-grey-track-pant,true,,title_length|meta_description_length|missing_image_alt|script_count_high|image_alt_duplicate_on_page|image_missing_dimensions
https://triprindia.com/products/mens-plain-half-sleeve-henley-neck-zip-type-t-shirt-black,200,product,true,indexable,true,https://triprindia.com/products/mens-plain-half-sleeve-henley-neck-zip-type-t-shirt-black,https://triprindia.com/products/mens-plain-half-sleeve-henley-neck-zip-type-t-shirt-black,true,,meta_description_length|missing_image_alt|script_count_high|image_alt_duplicate_on_page|image_missing_dimensions
https://triprindia.com/products/pack-of-2-plain-track-pant-balck-grey,200,product,true,indexable,true,https://triprindia.com/products/pack-of-2-plain-track-pant-balck-grey,https://triprindia.com/products/pack-of-2-plain-track-pant-balck-grey,true,,meta_description_length|missing_image_alt|script_count_high|image_alt_duplicate_on_page|image_missing_dimensions
https://triprindia.com/products/pack-of-2-plain-track-pant-grey,200,product,true,indexable,true,https://triprindia.com/products/pack-of-2-plain-track-pant-grey,https://triprindia.com/products/pack-of-2-plain-track-pant-grey,true,,meta_description_length|missing_image_alt|script_count_high|image_alt_duplicate_on_page|image_missing_dimensions
https://triprindia.com/products/pack-of-2-plain-track-pant-black,200,product,true,indexable,true,https://triprindia.com/products/pack-of-2-plain-track-pant-black,https://triprindia.com/products/pack-of-2-plain-track-pant-black,true,,meta_description_length|missing_image_alt|script_count_high|image_alt_duplicate_on_page|image_missing_dimensions
https://triprindia.com/products/men-plain-full-sleeve-hooded-t-shirt-3-variants,200,product,true,indexable,true,https://triprindia.com/products/men-plain-full-sleeve-hooded-t-shirt-3-variants,https://triprindia.com/products/men-plain-full-sleeve-hooded-t-shirt-3-variants,true,,meta_description_length|missing_image_alt|script_count_high|image_alt_duplicate_on_page|image_missing_dimensions
https://triprindia.com/products/men-half-sleeve-pack-of-2-round-neck-plain-t-shirts-grey-navy,200,product,true,indexable,true,https://triprindia.com/products/men-half-sleeve-pack-of-2-round-neck-plain-t-shirts-grey-navy,https://triprindia.com/products/men-half-sleeve-pack-of-2-round-neck-plain-t-shirts-grey-navy,true,,title_length|meta_description_length|missing_image_alt|script_count_high|image_alt_duplicate_on_page|image_missing_dimensions
https://triprindia.com/products/mens-top-printed-vest-pack-of-4-black-grey-navy-charcoal-black,200,product,true,indexable,true,https://triprindia.com/products/mens-top-printed-vest-pack-of-4-black-grey-navy-charcoal-black,https://triprindia.com/products/mens-top-printed-vest-pack-of-4-black-grey-navy-charcoal-black,true,,title_length|meta_description_length|missing_image_alt|script_count_high|image_alt_duplicate_on_page|image_missing_dimensions
https://triprindia.com/products/mens-half-sleeve-plain-round-neck-t-shirts-pack-of-2-variants,200,product,true,indexable,true,https://triprindia.com/products/mens-half-sleeve-plain-round-neck-t-shirts-pack-of-2-variants,https://triprindia.com/products/mens-half-sleeve-plain-round-neck-t-shirts-pack-of-2-variants,true,,title_length|meta_description_length|missing_image_alt|html_size_large|script_count_high|image_count_high|image_alt_duplicate_on_page|image_missing_dimensions
https://triprindia.com/products/mens-half-sleeve-plain-round-neck-t-shirts-pack-of-3-variants,200,product,true,indexable,true,https://triprindia.com/products/mens-half-sleeve-plain-round-neck-t-shirts-pack-of-3-variants,https://triprindia.com/products/mens-half-sleeve-plain-round-neck-t-shirts-pack-of-3-variants,true,,title_length|meta_description_length|missing_image_alt|html_size_large|script_count_high|image_alt_duplicate_on_page|image_missing_dimensions
https://triprindia.com/products/mens-half-sleeve-plain-round-neck-t-shirts-pack-of-4-4-variants,200,product,true,indexable,true,https://triprindia.com/products/mens-half-sleeve-plain-round-neck-t-shirts-pack-of-4-4-variants,https://triprindia.com/products/mens-half-sleeve-plain-round-neck-t-shirts-pack-of-4-4-variants,true,,title_length|meta_description_length|missing_image_alt|html_size_large|script_count_high|image_alt_duplicate_on_page|image_missing_dimensions
https://triprindia.com/products/mens-round-neck-solid-oversized-tshirts-4-colors,200,product,true,indexable,true,https://triprindia.com/products/mens-round-neck-solid-oversized-tshirts-4-colors,https://triprindia.com/products/mens-round-neck-solid-oversized-tshirts-4-colors,true,,meta_description_length|missing_image_alt|script_count_high|image_alt_duplicate_on_page|image_missing_dimensions
https://triprindia.com/products/feather-printed-half-sleeve-round-neck-mens-t-shirt-black,200,product,true,indexable,true,https://triprindia.com/products/feather-printed-half-sleeve-round-neck-mens-t-shirt-black,https://triprindia.com/products/feather-printed-half-sleeve-round-neck-mens-t-shirt-black,true,,meta_description_length|missing_image_alt|script_count_high|image_alt_duplicate_on_page|image_missing_dimensions
https://triprindia.com/products/pack-of-2-mens-baniyan-pack-of-2,200,product,true,indexable,true,https://triprindia.com/products/pack-of-2-mens-baniyan-pack-of-2,https://triprindia.com/products/pack-of-2-mens-baniyan-pack-of-2,true,,meta_description_length|missing_image_alt|script_count_high|large_image_url_width|image_alt_duplicate_on_page|image_missing_dimensions
https://triprindia.com/products/mens-round-neck-full-sleeve-plain-t-shirts-pack-of-2-3-variants,200,product,true,indexable,true,https://triprindia.com/products/mens-round-neck-full-sleeve-plain-t-shirts-pack-of-2-3-variants,https://triprindia.com/products/mens-round-neck-full-sleeve-plain-t-shirts-pack-of-2-3-variants,true,,title_length|meta_description_length|missing_image_alt|html_size_large|script_count_high|large_image_url_width|image_alt_duplicate_on_page|image_missing_dimensions
https://triprindia.com/products/mens-round-neck-full-sleeve-plain-t-shirts-pack-of-3,200,product,true,indexable,true,https://triprindia.com/products/mens-round-neck-full-sleeve-plain-t-shirts-pack-of-3,https://triprindia.com/products/mens-round-neck-full-sleeve-plain-t-shirts-pack-of-3,true,,title_length|meta_description_length|missing_image_alt|script_count_high|image_alt_duplicate_on_page|image_missing_dimensions
https://triprindia.com/products/mens-round-neck-full-sleeve-plain-t-shirts-pack-of-4-2-variants,200,product,true,indexable,true,https://triprindia.com/products/mens-round-neck-full-sleeve-plain-t-shirts-pack-of-4-2-variants,https://triprindia.com/products/mens-round-neck-full-sleeve-plain-t-shirts-pack-of-4-2-variants,true,,title_length|meta_description_length|missing_image_alt|html_size_large|script_count_high|image_count_high|image_alt_duplicate_on_page|image_missing_dimensions
https://triprindia.com/products/pack-of-4-men-tops-colorblock-vest-multicolour,200,product,true,indexable,true,https://triprindia.com/products/pack-of-4-men-tops-colorblock-vest-multicolour,https://triprindia.com/products/pack-of-4-men-tops-colorblock-vest-multicolour,true,,meta_description_length|missing_image_alt|script_count_high|image_alt_duplicate_on_page|image_missing_dimensions
https://triprindia.com/products/men-round-neck-plain-t-shirts-half-sleeve-20-variants,200,product,true,indexable,true,https://triprindia.com/products/men-round-neck-plain-t-shirts-half-sleeve-20-variants,https://triprindia.com/products/men-round-neck-plain-t-shirts-half-sleeve-20-variants,true,,meta_description_length|missing_image_alt|serp_boilerplate_meta_description|html_size_large|script_count_high|image_count_high|image_alt_duplicate_on_page|image_missing_dimensions
https://triprindia.com/products/round-neck-tshirts,200,product,true,indexable,true,https://triprindia.com/products/round-neck-tshirts,https://triprindia.com/products/round-neck-tshirts,true,,missing_image_alt|serp_boilerplate_meta_description|script_count_high|large_image_url_width|image_alt_duplicate_on_page|image_missing_dimensions
https://triprindia.com/products/full-sleeve-hooded-neck-dual-color-printed-t-shirt-black-grey,200,product,true,indexable,true,https://triprindia.com/products/full-sleeve-hooded-neck-dual-color-printed-t-shirt-black-grey,https://triprindia.com/products/full-sleeve-hooded-neck-dual-color-printed-t-shirt-black-grey,true,,title_length|meta_description_length|missing_image_alt|script_count_high|image_alt_duplicate_on_page|image_missing_dimensions
https://triprindia.com/products/full-sleeve-hooded-neck-dual-color-printed-t-shirt-black-beige,200,product,true,indexable,true,https://triprindia.com/products/full-sleeve-hooded-neck-dual-color-printed-t-shirt-black-beige,https://triprindia.com/products/full-sleeve-hooded-neck-dual-color-printed-t-shirt-black-beige,true,,title_length|meta_description_length|missing_image_alt|script_count_high|image_alt_duplicate_on_page|image_missing_dimensions
https://triprindia.com/products/full-sleeve-hooded-neck-dual-color-printed-t-shirt-beige-red,200,product,true,indexable,true,https://triprindia.com/products/full-sleeve-hooded-neck-dual-color-printed-t-shirt-beige-red,https://triprindia.com/products/full-sleeve-hooded-neck-dual-color-printed-t-shirt-beige-red,true,,title_length|meta_description_length|missing_image_alt|script_count_high|image_alt_duplicate_on_page|image_missing_dimensions
https://triprindia.com/products/full-sleeve-hooded-neck-dual-color-printed-t-shirt-red-dark-grey,200,product,true,indexable,true,https://triprindia.com/products/full-sleeve-hooded-neck-dual-color-printed-t-shirt-red-dark-grey,https://triprindia.com/products/full-sleeve-hooded-neck-dual-color-printed-t-shirt-red-dark-grey,true,,title_length|meta_description_length|missing_image_alt|script_count_high|image_alt_duplicate_on_page|image_missing_dimensions
https://triprindia.com/products/full-sleeve-hooded-neck-dual-color-printed-t-shirt-navy-dark-grey,200,product,true,indexable,true,https://triprindia.com/products/full-sleeve-hooded-neck-dual-color-printed-t-shirt-navy-dark-grey,https://triprindia.com/products/full-sleeve-hooded-neck-dual-color-printed-t-shirt-navy-dark-grey,true,,title_length|meta_description_length|missing_image_alt|script_count_high|image_alt_duplicate_on_page|image_missing_dimensions
https://triprindia.com/products/full-sleeve-hooded-neck-dual-color-printed-t-shirt-black-red,200,product,true,indexable,true,https://triprindia.com/products/full-sleeve-hooded-neck-dual-color-printed-t-shirt-black-red,https://triprindia.com/products/full-sleeve-hooded-neck-dual-color-printed-t-shirt-black-red,true,,title_length|meta_description_length|missing_image_alt|script_count_high|image_alt_duplicate_on_page|image_missing_dimensions
https://triprindia.com/products/full-sleeve-hooded-neck-dual-color-printed-t-shirt-black-olive-green,200,product,true,indexable,true,https://triprindia.com/products/full-sleeve-hooded-neck-dual-color-printed-t-shirt-black-olive-green,https://triprindia.com/products/full-sleeve-hooded-neck-dual-color-printed-t-shirt-black-olive-green,true,,title_length|meta_description_length|missing_image_alt|script_count_high|image_alt_duplicate_on_page|image_missing_dimensions
https://triprindia.com/products/full-sleeve-hooded-neck-printed-t-shirt-grey,200,product,true,indexable,true,https://triprindia.com/products/full-sleeve-hooded-neck-printed-t-shirt-grey,https://triprindia.com/products/full-sleeve-hooded-neck-printed-t-shirt-grey,true,,meta_description_length|missing_image_alt|script_count_high|image_alt_duplicate_on_page|image_missing_dimensions
https://triprindia.com/products/full-sleeve-hooded-neck-printed-t-shirt-black,200,product,true,indexable,true,https://triprindia.com/products/full-sleeve-hooded-neck-printed-t-shirt-black,https://triprindia.com/products/full-sleeve-hooded-neck-printed-t-shirt-black,true,,meta_description_length|missing_image_alt|script_count_high|image_alt_duplicate_on_page|image_missing_dimensions
https://triprindia.com/products/full-sleeve-hooded-neck-printed-t-shirt-navy-blue,200,product,true,indexable,true,https://triprindia.com/products/full-sleeve-hooded-neck-printed-t-shirt-navy-blue,https://triprindia.com/products/full-sleeve-hooded-neck-printed-t-shirt-navy-blue,true,,meta_description_length|missing_image_alt|script_count_high|image_alt_duplicate_on_page|image_missing_dimensions
https://triprindia.com/products/full-sleeve-hooded-neck-printed-t-shirt-olive-green,200,product,true,indexable,true,https://triprindia.com/products/full-sleeve-hooded-neck-printed-t-shirt-olive-green,https://triprindia.com/products/full-sleeve-hooded-neck-printed-t-shirt-olive-green,true,,meta_description_length|missing_image_alt|script_count_high|image_alt_duplicate_on_page|image_missing_dimensions
https://triprindia.com/products/full-sleeve-hooded-neck-printed-t-shirt-maroon,200,product,true,indexable,true,https://triprindia.com/products/full-sleeve-hooded-neck-printed-t-shirt-maroon,https://triprindia.com/products/full-sleeve-hooded-neck-printed-t-shirt-maroon,true,,meta_description_length|missing_image_alt|script_count_high|image_alt_duplicate_on_page|image_missing_dimensions
https://triprindia.com/products/pack-of-4-mens-baniyans-black-grey,200,product,true,indexable,true,https://triprindia.com/products/pack-of-4-mens-baniyans-black-grey,https://triprindia.com/products/pack-of-4-mens-baniyans-black-grey,true,,meta_description_length|missing_image_alt|script_count_high|image_alt_duplicate_on_page|image_filename_not_descriptive|image_missing_dimensions
https://triprindia.com/products/plain-gym-vest-for-men-olive-green,200,product,true,indexable,true,https://triprindia.com/products/plain-gym-vest-for-men-olive-green,https://triprindia.com/products/plain-gym-vest-for-men-olive-green,true,,meta_description_length|missing_image_alt|script_count_high|image_alt_duplicate_on_page|image_missing_dimensions
https://triprindia.com/products/men-casual-printed-vest-beige,200,product,true,indexable,true,https://triprindia.com/products/men-casual-printed-vest-beige,https://triprindia.com/products/men-casual-printed-vest-beige,true,,meta_description_length|missing_image_alt|script_count_high|image_alt_duplicate_on_page|image_missing_dimensions
https://triprindia.com/products/casual-round-neck-printed-sleeve-less-vest-black,200,product,true,indexable,true,https://triprindia.com/products/casual-round-neck-printed-sleeve-less-vest-black,https://triprindia.com/products/casual-round-neck-printed-sleeve-less-vest-black,true,,meta_description_length|missing_image_alt|script_count_high|image_alt_duplicate_on_page|image_missing_dimensions
https://triprindia.com/products/men-printed-cuffed-jogger-navy-blue,200,product,true,indexable,true,https://triprindia.com/products/men-printed-cuffed-jogger-navy-blue,https://triprindia.com/products/men-printed-cuffed-jogger-navy-blue,true,,meta_description_length|missing_image_alt|script_count_high|image_alt_duplicate_on_page|image_missing_dimensions
https://triprindia.com/products/men-printed-cuffed-jogger-maroon,200,product,true,indexable,true,https://triprindia.com/products/men-printed-cuffed-jogger-maroon,https://triprindia.com/products/men-printed-cuffed-jogger-maroon,true,,meta_description_length|missing_image_alt|script_count_high|image_alt_duplicate_on_page|image_missing_dimensions
https://triprindia.com/products/men-printed-cuffed-jogger-olive-green,200,product,true,indexable,true,https://triprindia.com/products/men-printed-cuffed-jogger-olive-green,https://triprindia.com/products/men-printed-cuffed-jogger-olive-green,true,,meta_description_length|missing_image_alt|script_count_high|image_alt_duplicate_on_page|image_missing_dimensions
https://triprindia.com/products/men-printed-cuffed-jogger-beige,200,product,true,indexable,true,https://triprindia.com/products/men-printed-cuffed-jogger-beige,https://triprindia.com/products/men-printed-cuffed-jogger-beige,true,,meta_description_length|missing_image_alt|script_count_high|image_alt_duplicate_on_page|image_missing_dimensions
https://triprindia.com/products/men-printed-cuffed-jogger-grey,200,product,true,indexable,true,https://triprindia.com/products/men-printed-cuffed-jogger-grey,https://triprindia.com/products/men-printed-cuffed-jogger-grey,true,,meta_description_length|missing_image_alt|script_count_high|image_alt_duplicate_on_page|image_missing_dimensions
https://triprindia.com/products/men-printed-cuffed-jogger-black,200,product,true,indexable,true,https://triprindia.com/products/men-printed-cuffed-jogger-black,https://triprindia.com/products/men-printed-cuffed-jogger-black,true,,meta_description_length|missing_image_alt|script_count_high|image_alt_duplicate_on_page|image_missing_dimensions
https://triprindia.com/products/men-hooded-full-sleeve-zig-zag-printed-t-shirt-beige,200,product,true,indexable,true,https://triprindia.com/products/men-hooded-full-sleeve-zig-zag-printed-t-shirt-beige,https://triprindia.com/products/men-hooded-full-sleeve-zig-zag-printed-t-shirt-beige,true,,meta_description_length|missing_image_alt|script_count_high|image_alt_duplicate_on_page|image_missing_dimensions
https://triprindia.com/products/men-hooded-full-sleeve-zig-zag-printed-t-shirt-olive-green,200,product,true,indexable,true,https://triprindia.com/products/men-hooded-full-sleeve-zig-zag-printed-t-shirt-olive-green,https://triprindia.com/products/men-hooded-full-sleeve-zig-zag-printed-t-shirt-olive-green,true,,title_length|meta_description_length|missing_image_alt|script_count_high|image_alt_duplicate_on_page|image_missing_dimensions
https://triprindia.com/products/men-hooded-full-sleeve-zig-zag-printed-t-shirt-grey,200,product,true,indexable,true,https://triprindia.com/products/men-hooded-full-sleeve-zig-zag-printed-t-shirt-grey,https://triprindia.com/products/men-hooded-full-sleeve-zig-zag-printed-t-shirt-grey,true,,meta_description_length|missing_image_alt|script_count_high|image_alt_duplicate_on_page|image_missing_dimensions
https://triprindia.com/products/men-hooded-full-sleeve-zig-zag-printed-t-shirt-black,200,product,true,indexable,true,https://triprindia.com/products/men-hooded-full-sleeve-zig-zag-printed-t-shirt-black,https://triprindia.com/products/men-hooded-full-sleeve-zig-zag-printed-t-shirt-black,true,,meta_description_length|missing_image_alt|script_count_high|image_alt_duplicate_on_page|image_missing_dimensions
https://triprindia.com/products/men-hooded-full-sleeve-zig-zag-printed-t-shirt-maroon,200,product,true,indexable,true,https://triprindia.com/products/men-hooded-full-sleeve-zig-zag-printed-t-shirt-maroon,https://triprindia.com/products/men-hooded-full-sleeve-zig-zag-printed-t-shirt-maroon,true,,title_length|meta_description_length|missing_image_alt|script_count_high|image_alt_duplicate_on_page|image_missing_dimensions
https://triprindia.com/products/men-hooded-full-sleeve-zig-zag-printed-t-shirt-navy-blue,200,product,true,indexable,true,https://triprindia.com/products/men-hooded-full-sleeve-zig-zag-printed-t-shirt-navy-blue,https://triprindia.com/products/men-hooded-full-sleeve-zig-zag-printed-t-shirt-navy-blue,true,,meta_description_length|missing_image_alt|script_count_high|image_alt_duplicate_on_page|image_missing_dimensions
https://triprindia.com/products/men-hooded-full-sleeve-zig-zag-printed-t-shirt-dark-grey,200,product,true,indexable,true,https://triprindia.com/products/men-hooded-full-sleeve-zig-zag-printed-t-shirt-dark-grey,https://triprindia.com/products/men-hooded-full-sleeve-zig-zag-printed-t-shirt-dark-grey,true,,meta_description_length|missing_image_alt|script_count_high|image_alt_duplicate_on_page|image_missing_dimensions
https://triprindia.com/products/pack-of-2-men-printed-track-pant-black-grey,200,product,true,indexable,true,https://triprindia.com/products/pack-of-2-men-printed-track-pant-black-grey,https://triprindia.com/products/pack-of-2-men-printed-track-pant-black-grey,true,,meta_description_length|missing_image_alt|html_size_large|script_count_high|image_count_high|image_alt_duplicate_on_page|image_missing_dimensions
https://triprindia.com/products/track-suit-for-men-beige-t-shirt-beige-track-pant,200,product,true,indexable,true,https://triprindia.com/products/track-suit-for-men-beige-t-shirt-beige-track-pant,https://triprindia.com/products/track-suit-for-men-beige-t-shirt-beige-track-pant,true,,title_length|meta_description_length|missing_image_alt|script_count_high|image_alt_duplicate_on_page|image_missing_dimensions
https://triprindia.com/products/track-suit-for-men-black-t-shirt-black-track-pant,200,product,true,indexable,true,https://triprindia.com/products/track-suit-for-men-black-t-shirt-black-track-pant,https://triprindia.com/products/track-suit-for-men-black-t-shirt-black-track-pant,true,,title_length|meta_description_length|missing_image_alt|script_count_high|image_alt_duplicate_on_page|image_missing_dimensions
https://triprindia.com/products/track-suit-for-men-dark-grey-t-shirt-dark-grey-track-pant,200,product,true,indexable,true,https://triprindia.com/products/track-suit-for-men-dark-grey-t-shirt-dark-grey-track-pant,https://triprindia.com/products/track-suit-for-men-dark-grey-t-shirt-dark-grey-track-pant,true,,title_length|meta_description_length|missing_image_alt|script_count_high|image_alt_duplicate_on_page|image_missing_dimensions
https://triprindia.com/products/track-suit-for-men-grey-t-shirt-grey-track-pant,200,product,true,indexable,true,https://triprindia.com/products/track-suit-for-men-grey-t-shirt-grey-track-pant,https://triprindia.com/products/track-suit-for-men-grey-t-shirt-grey-track-pant,true,,title_length|meta_description_length|missing_image_alt|script_count_high|image_alt_duplicate_on_page|image_missing_dimensions
https://triprindia.com/products/track-suit-for-men-maroon-t-shirt-maroon-track-pant,200,product,true,indexable,true,https://triprindia.com/products/track-suit-for-men-maroon-t-shirt-maroon-track-pant,https://triprindia.com/products/track-suit-for-men-maroon-t-shirt-maroon-track-pant,true,,title_length|meta_description_length|missing_image_alt|script_count_high|image_alt_duplicate_on_page|image_missing_dimensions
https://triprindia.com/products/track-suit-for-men-navy-t-shirt-navy-track-pant,200,product,true,indexable,true,https://triprindia.com/products/track-suit-for-men-navy-t-shirt-navy-track-pant,https://triprindia.com/products/track-suit-for-men-navy-t-shirt-navy-track-pant,true,,title_length|meta_description_length|missing_image_alt|script_count_high|image_alt_duplicate_on_page|image_missing_dimensions
https://triprindia.com/products/track-suit-for-men-olive-green-t-shirt-olive-green-track-pant,200,product,true,indexable,true,https://triprindia.com/products/track-suit-for-men-olive-green-t-shirt-olive-green-track-pant,https://triprindia.com/products/track-suit-for-men-olive-green-t-shirt-olive-green-track-pant,true,,title_length|meta_description_length|missing_image_alt|script_count_high|image_alt_duplicate_on_page|image_missing_dimensions
https://triprindia.com/products/men-printed-half-sleeve-t-shirt-maroon,200,product,true,indexable,true,https://triprindia.com/products/men-printed-half-sleeve-t-shirt-maroon,https://triprindia.com/products/men-printed-half-sleeve-t-shirt-maroon,true,,title_length|meta_description_length|missing_image_alt|script_count_high|image_alt_duplicate_on_page|image_missing_dimensions
https://triprindia.com/products/men-printed-half-sleeve-t-shirt-beige,200,product,true,indexable,true,https://triprindia.com/products/men-printed-half-sleeve-t-shirt-beige,https://triprindia.com/products/men-printed-half-sleeve-t-shirt-beige,true,,title_length|meta_description_length|missing_image_alt|script_count_high|image_alt_duplicate_on_page|image_missing_dimensions
https://triprindia.com/products/men-printed-hooded-neck-full-sleeve-t-shirt-olive-green,200,product,true,indexable,true,https://triprindia.com/products/men-printed-hooded-neck-full-sleeve-t-shirt-olive-green,https://triprindia.com/products/men-printed-hooded-neck-full-sleeve-t-shirt-olive-green,true,,title_length|meta_description_length|missing_image_alt|script_count_high|image_alt_duplicate_on_page|image_missing_dimensions
https://triprindia.com/products/men-printed-hooded-neck-full-sleeve-t-shirt-grey,200,product,true,indexable,true,https://triprindia.com/products/men-printed-hooded-neck-full-sleeve-t-shirt-grey,https://triprindia.com/products/men-printed-hooded-neck-full-sleeve-t-shirt-grey,true,,meta_description_length|missing_image_alt|script_count_high|image_alt_duplicate_on_page|image_missing_dimensions
https://triprindia.com/products/men-printed-hooded-neck-full-sleeve-t-shirt-maroon,200,product,true,indexable,true,https://triprindia.com/products/men-printed-hooded-neck-full-sleeve-t-shirt-maroon,https://triprindia.com/products/men-printed-hooded-neck-full-sleeve-t-shirt-maroon,true,,meta_description_length|missing_image_alt|script_count_high|image_alt_duplicate_on_page|image_missing_dimensions
https://triprindia.com/products/men-printed-hooded-neck-full-sleeve-t-shirt-navy,200,product,true,indexable,true,https://triprindia.com/products/men-printed-hooded-neck-full-sleeve-t-shirt-navy,https://triprindia.com/products/men-printed-hooded-neck-full-sleeve-t-shirt-navy,true,,meta_description_length|missing_image_alt|script_count_high|image_alt_duplicate_on_page|image_missing_dimensions
https://triprindia.com/products/men-printed-hooded-neck-full-sleeve-t-shirt-black,200,product,true,indexable,true,https://triprindia.com/products/men-printed-hooded-neck-full-sleeve-t-shirt-black,https://triprindia.com/products/men-printed-hooded-neck-full-sleeve-t-shirt-black,true,,meta_description_length|missing_image_alt|script_count_high|image_alt_duplicate_on_page|image_missing_dimensions
https://triprindia.com/products/men-beige-printed-jogger,200,product,true,indexable,true,https://triprindia.com/products/men-beige-printed-jogger,https://triprindia.com/products/men-beige-printed-jogger,true,,missing_image_alt|script_count_high|image_alt_duplicate_on_page|image_missing_dimensions
https://triprindia.com/products/men-maroon-printed-jogger,200,product,true,indexable,true,https://triprindia.com/products/men-maroon-printed-jogger,https://triprindia.com/products/men-maroon-printed-jogger,true,,meta_description_length|missing_image_alt|script_count_high|image_alt_duplicate_on_page|image_missing_dimensions
https://triprindia.com/products/men-track-suit-round-neck-printed-jogger-01,200,product,true,indexable,true,https://triprindia.com/products/men-track-suit-round-neck-printed-jogger-01,https://triprindia.com/products/men-track-suit-round-neck-printed-jogger-01,true,,title_length|meta_description_length|missing_image_alt|script_count_high|image_alt_duplicate_on_page|image_missing_dimensions
https://triprindia.com/products/men-track-suit-round-neck-printed-jogger-02,200,product,true,indexable,true,https://triprindia.com/products/men-track-suit-round-neck-printed-jogger-02,https://triprindia.com/products/men-track-suit-round-neck-printed-jogger-02,true,,title_length|meta_description_length|missing_image_alt|script_count_high|image_alt_duplicate_on_page|image_missing_dimensions
https://triprindia.com/products/men-printed-top-tank-black-01,200,product,true,indexable,true,https://triprindia.com/products/men-printed-top-tank-black-01,https://triprindia.com/products/men-printed-top-tank-black-01,true,,meta_description_length|missing_image_alt|script_count_high|image_alt_duplicate_on_page|image_missing_dimensions
https://triprindia.com/products/men-printed-top-tank-black-02,200,product,true,indexable,true,https://triprindia.com/products/men-printed-top-tank-black-02,https://triprindia.com/products/men-printed-top-tank-black-02,true,,meta_description_length|missing_image_alt|script_count_high|image_alt_duplicate_on_page|image_missing_dimensions
https://triprindia.com/products/men-printed-top-tank-beige,200,product,true,indexable,true,https://triprindia.com/products/men-printed-top-tank-beige,https://triprindia.com/products/men-printed-top-tank-beige,true,,meta_description_length|missing_image_alt|script_count_high|image_alt_duplicate_on_page|image_missing_dimensions
https://triprindia.com/products/men-printed-cuffed-jogger-pant-j62-black,200,product,true,indexable,true,https://triprindia.com/products/men-printed-cuffed-jogger-pant-j62-black,https://triprindia.com/products/men-printed-cuffed-jogger-pant-j62-black,true,,meta_description_length|missing_image_alt|script_count_high|image_alt_duplicate_on_page|image_missing_dimensions
https://triprindia.com/products/men-color-blocked-cuffed-jogger-pant-j63-black,200,product,true,indexable,true,https://triprindia.com/products/men-color-blocked-cuffed-jogger-pant-j63-black,https://triprindia.com/products/men-color-blocked-cuffed-jogger-pant-j63-black,true,,meta_description_length|missing_image_alt|script_count_high|image_alt_duplicate_on_page|image_missing_dimensions
https://triprindia.com/products/men-printed-half-sleeve-round-neck-cotton-blend-t-shirt-black,200,product,true,indexable,true,https://triprindia.com/products/men-printed-half-sleeve-round-neck-cotton-blend-t-shirt-black,https://triprindia.com/products/men-printed-half-sleeve-round-neck-cotton-blend-t-shirt-black,true,,title_length|meta_description_length|missing_image_alt|script_count_high|image_alt_duplicate_on_page|image_missing_dimensions
https://triprindia.com/products/men-printed-half-sleeve-round-neck-cotton-blend-black-t-shirt,200,product,true,indexable,true,https://triprindia.com/products/men-printed-half-sleeve-round-neck-cotton-blend-black-t-shirt,https://triprindia.com/products/men-printed-half-sleeve-round-neck-cotton-blend-black-t-shirt,true,,title_length|meta_description_length|missing_image_alt|script_count_high|image_alt_duplicate_on_page|image_missing_dimensions
https://triprindia.com/products/men-plain-cargo-jogger-beige,200,product,true,indexable,true,https://triprindia.com/products/men-plain-cargo-jogger-beige,https://triprindia.com/products/men-plain-cargo-jogger-beige,true,,meta_description_length|missing_image_alt|script_count_high|image_alt_duplicate_on_page|image_missing_dimensions
https://triprindia.com/products/men-top-printed-round-neck-vest-vt6-black,200,product,true,indexable,true,https://triprindia.com/products/men-top-printed-round-neck-vest-vt6-black,https://triprindia.com/products/men-top-printed-round-neck-vest-vt6-black,true,,meta_description_length|missing_image_alt|script_count_high|image_alt_duplicate_on_page|image_missing_dimensions
https://triprindia.com/products/men-top-printed-round-neck-vest-vt5-black-all-over-print,200,product,true,indexable,true,https://triprindia.com/products/men-top-printed-round-neck-vest-vt5-black-all-over-print,https://triprindia.com/products/men-top-printed-round-neck-vest-vt5-black-all-over-print,true,,meta_description_length|missing_image_alt|script_count_high|image_alt_duplicate_on_page|image_missing_dimensions
https://triprindia.com/products/mens-round-neck-full-sleeve-plain-t-shirts-9-colours,200,product,true,indexable,true,https://triprindia.com/products/mens-round-neck-full-sleeve-plain-t-shirts-9-colours,https://triprindia.com/products/mens-round-neck-full-sleeve-plain-t-shirts-9-colours,true,,meta_description_length|missing_image_alt|script_count_high|image_alt_duplicate_on_page|image_missing_dimensions
https://triprindia.com/products/men-plain-trunk-black-21,200,product,true,indexable,true,https://triprindia.com/products/men-plain-trunk-black-21,https://triprindia.com/products/men-plain-trunk-black-21,true,,meta_description_length|missing_image_alt|script_count_high|image_alt_duplicate_on_page|image_missing_dimensions
https://triprindia.com/products/men-plain-trunk-navy-blue-22,200,product,true,indexable,true,https://triprindia.com/products/men-plain-trunk-navy-blue-22,https://triprindia.com/products/men-plain-trunk-navy-blue-22,true,,meta_description_length|missing_image_alt|script_count_high|image_alt_duplicate_on_page|image_missing_dimensions
https://triprindia.com/products/men-plain-trunk-maroon-23,200,product,true,indexable,true,https://triprindia.com/products/men-plain-trunk-maroon-23,https://triprindia.com/products/men-plain-trunk-maroon-23,true,,meta_description_length|missing_image_alt|script_count_high|image_alt_duplicate_on_page|image_missing_dimensions
https://triprindia.com/products/men-plain-trunk-grey-24,200,product,true,indexable,true,https://triprindia.com/products/men-plain-trunk-grey-24,https://triprindia.com/products/men-plain-trunk-grey-24,true,,meta_description_length|missing_image_alt|script_count_high|image_alt_duplicate_on_page|image_missing_dimensions
https://triprindia.com/products/men-plain-trunk-beige-25,200,product,true,indexable,true,https://triprindia.com/products/men-plain-trunk-beige-25,https://triprindia.com/products/men-plain-trunk-beige-25,true,,meta_description_length|missing_image_alt|script_count_high|image_alt_duplicate_on_page|image_missing_dimensions
https://triprindia.com/products/pack-of-2-printed-track-pant-for-men-beige-maroon-01,200,product,true,indexable,true,https://triprindia.com/products/pack-of-2-printed-track-pant-for-men-beige-maroon-01,https://triprindia.com/products/pack-of-2-printed-track-pant-for-men-beige-maroon-01,true,,meta_description_length|missing_image_alt|script_count_high|image_alt_duplicate_on_page|image_missing_dimensions
https://triprindia.com/products/pack-of-2-men-round-neck-printed-vest-black-04,200,product,true,indexable,true,https://triprindia.com/products/pack-of-2-men-round-neck-printed-vest-black-04,https://triprindia.com/products/pack-of-2-men-round-neck-printed-vest-black-04,true,,meta_description_length|missing_image_alt|html_size_large|script_count_high|image_alt_duplicate_on_page|image_missing_dimensions
https://triprindia.com/products/men-combo-plain-trunk-beige-navy,200,product,true,indexable,true,https://triprindia.com/products/men-combo-plain-trunk-beige-navy,https://triprindia.com/products/men-combo-plain-trunk-beige-navy,true,,meta_description_length|missing_image_alt|script_count_high|image_alt_duplicate_on_page|image_missing_dimensions
https://triprindia.com/products/men-combo-plain-trunk-maroon-beige,200,product,true,indexable,true,https://triprindia.com/products/men-combo-plain-trunk-maroon-beige,https://triprindia.com/products/men-combo-plain-trunk-maroon-beige,true,,meta_description_length|missing_image_alt|script_count_high|image_alt_duplicate_on_page|image_missing_dimensions
https://triprindia.com/products/men-combo-plain-trunk-navy-gery,200,product,true,indexable,true,https://triprindia.com/products/men-combo-plain-trunk-navy-gery,https://triprindia.com/products/men-combo-plain-trunk-navy-gery,true,,meta_description_length|missing_image_alt|script_count_high|image_alt_duplicate_on_page|image_missing_dimensions
https://triprindia.com/products/mens-full-sleeve-hooded-neck-printed-t-shirts-5-colours,200,product,true,indexable,true,https://triprindia.com/products/mens-full-sleeve-hooded-neck-printed-t-shirts-5-colours,https://triprindia.com/products/mens-full-sleeve-hooded-neck-printed-t-shirts-5-colours,true,,meta_description_length|missing_image_alt|script_count_high|image_alt_duplicate_on_page|image_missing_dimensions
https://triprindia.com/products/men-black-printed-corgo-jogger,200,product,true,indexable,true,https://triprindia.com/products/men-black-printed-corgo-jogger,https://triprindia.com/products/men-black-printed-corgo-jogger,true,,meta_description_length|missing_image_alt|script_count_high|image_alt_duplicate_on_page|image_missing_dimensions
https://triprindia.com/products/men-plain-textured-pattern-short-maroon,200,product,true,indexable,true,https://triprindia.com/products/men-plain-textured-pattern-short-maroon,https://triprindia.com/products/men-plain-textured-pattern-short-maroon,true,,meta_description_length|script_count_high|image_alt_duplicate_on_page|image_missing_dimensions
https://triprindia.com/products/men-plain-textured-pattern-short-olive-green,200,product,true,indexable,true,https://triprindia.com/products/men-plain-textured-pattern-short-olive-green,https://triprindia.com/products/men-plain-textured-pattern-short-olive-green,true,,meta_description_length|script_count_high|image_alt_duplicate_on_page|image_missing_dimensions
https://triprindia.com/products/men-plain-textured-pattern-short-beige,200,product,true,indexable,true,https://triprindia.com/products/men-plain-textured-pattern-short-beige,https://triprindia.com/products/men-plain-textured-pattern-short-beige,true,,meta_description_length|script_count_high|image_alt_duplicate_on_page|image_missing_dimensions
https://triprindia.com/products/men-plain-textured-pattern-short-black,200,product,true,indexable,true,https://triprindia.com/products/men-plain-textured-pattern-short-black,https://triprindia.com/products/men-plain-textured-pattern-short-black,true,,meta_description_length|script_count_high|image_alt_duplicate_on_page|image_missing_dimensions
https://triprindia.com/products/men-printed-regular-fit-shorts-20-variants,200,product,true,indexable,true,https://triprindia.com/products/men-printed-regular-fit-shorts-20-variants,https://triprindia.com/products/men-printed-regular-fit-shorts-20-variants,true,,serp_product_description_missing_detail|html_size_large|script_count_high|image_count_high|image_alt_duplicate_on_page|image_missing_dimensions
https://triprindia.com/products/mens-multi-pockets-plain-cargo-jogger-6-colors,200,product,true,indexable,true,https://triprindia.com/products/mens-multi-pockets-plain-cargo-jogger-6-colors,https://triprindia.com/products/mens-multi-pockets-plain-cargo-jogger-6-colors,true,,meta_description_length|missing_image_alt|script_count_high|image_alt_duplicate_on_page|image_missing_dimensions
https://triprindia.com/products/men-half-sleeve-printed-t-shirt-white-d189,200,product,true,indexable,true,https://triprindia.com/products/men-half-sleeve-printed-t-shirt-white-d189,https://triprindia.com/products/men-half-sleeve-printed-t-shirt-white-d189,true,,title_length|meta_description_length|missing_image_alt|script_count_high|image_alt_duplicate_on_page|image_missing_dimensions
https://triprindia.com/products/men-half-sleeve-printed-t-shirt-grey-d189,200,product,true,indexable,true,https://triprindia.com/products/men-half-sleeve-printed-t-shirt-grey-d189,https://triprindia.com/products/men-half-sleeve-printed-t-shirt-grey-d189,true,,title_length|meta_description_length|missing_image_alt|script_count_high|image_alt_duplicate_on_page|image_missing_dimensions
https://triprindia.com/products/men-sleeveless-printed-vest,200,product,true,indexable,true,https://triprindia.com/products/men-sleeveless-printed-vest,https://triprindia.com/products/men-sleeveless-printed-vest,true,,meta_description_length|missing_image_alt|serp_product_description_missing_detail|html_size_large|script_count_high|large_image_url_width|image_alt_duplicate_on_page|image_missing_dimensions
https://triprindia.com/products/mens-full-sleeve-hooded-neck-dual-color-printed-t-shirt-7-colors,200,product,true,indexable,true,https://triprindia.com/products/mens-full-sleeve-hooded-neck-dual-color-printed-t-shirt-7-colors,https://triprindia.com/products/mens-full-sleeve-hooded-neck-dual-color-printed-t-shirt-7-colors,true,,title_length|meta_description_length|missing_image_alt|script_count_high|large_image_url_width|image_alt_duplicate_on_page|image_missing_dimensions
https://triprindia.com/products/mens-beige-full-sleeve-plain-hooded-t-shirt,200,product,true,indexable,true,https://triprindia.com/products/mens-beige-full-sleeve-plain-hooded-t-shirt,https://triprindia.com/products/mens-beige-full-sleeve-plain-hooded-t-shirt,true,,meta_description_length|missing_image_alt|script_count_high|image_alt_duplicate_on_page|image_missing_dimensions
https://triprindia.com/products/tracksuit-for-men-beige-hooded-full-sleeve-t-shirt-black-plain-trackpant,200,product,true,indexable,true,https://triprindia.com/products/tracksuit-for-men-beige-hooded-full-sleeve-t-shirt-black-plain-trackpant,https://triprindia.com/products/tracksuit-for-men-beige-hooded-full-sleeve-t-shirt-black-plain-trackpant,true,,title_length|meta_description_length|missing_image_alt|script_count_high|image_alt_duplicate_on_page|image_missing_dimensions
https://triprindia.com/products/men-plain-waffle-short-s32-white,200,product,true,indexable,true,https://triprindia.com/products/men-plain-waffle-short-s32-white,https://triprindia.com/products/men-plain-waffle-short-s32-white,true,,meta_description_length|script_count_high|image_alt_duplicate_on_page|image_missing_dimensions
https://triprindia.com/products/pack-of-4-mens-round-neck-printed-vest-vt-4-black-vt-5-black-vt-6-black-vt-8-black,200,product,true,indexable,true,https://triprindia.com/products/pack-of-4-mens-round-neck-printed-vest-vt-4-black-vt-5-black-vt-6-black-vt-8-black,https://triprindia.com/products/pack-of-4-mens-round-neck-printed-vest-vt-4-black-vt-5-black-vt-6-black-vt-8-black,true,,meta_description_length|missing_image_alt|script_count_high|image_alt_duplicate_on_page|image_missing_dimensions
https://triprindia.com/products/pack-of-4-mens-round-neck-printed-vest-vt-7-black-vt-4-black-vt-8-black-vt-5-black,200,product,true,indexable,true,https://triprindia.com/products/pack-of-4-mens-round-neck-printed-vest-vt-7-black-vt-4-black-vt-8-black-vt-5-black,https://triprindia.com/products/pack-of-4-mens-round-neck-printed-vest-vt-7-black-vt-4-black-vt-8-black-vt-5-black,true,,meta_description_length|missing_image_alt|script_count_high|image_alt_duplicate_on_page|image_missing_dimensions
https://triprindia.com/products/men-printed-track-pant-j68-black-white,200,product,true,indexable,true,https://triprindia.com/products/men-printed-track-pant-j68-black-white,https://triprindia.com/products/men-printed-track-pant-j68-black-white,true,,meta_description_length|missing_image_alt|script_count_high|image_alt_duplicate_on_page|image_missing_dimensions
https://triprindia.com/products/men-all-over-printed-track-pant-j66-black,200,product,true,indexable,true,https://triprindia.com/products/men-all-over-printed-track-pant-j66-black,https://triprindia.com/products/men-all-over-printed-track-pant-j66-black,true,,meta_description_length|missing_image_alt|script_count_high|image_alt_duplicate_on_page|image_missing_dimensions
https://triprindia.com/products/pack-of-3-round-neck-printed-vest-vt4-black-vt6-black-vt5-black,200,product,true,indexable,true,https://triprindia.com/products/pack-of-3-round-neck-printed-vest-vt4-black-vt6-black-vt5-black,https://triprindia.com/products/pack-of-3-round-neck-printed-vest-vt4-black-vt6-black-vt5-black,true,,meta_description_length|missing_image_alt|script_count_high|image_alt_duplicate_on_page|image_missing_dimensions
https://triprindia.com/products/track-suit-black-wite-full-sleeve-d194-t-shirt-j68-black-track-pant,200,product,true,indexable,true,https://triprindia.com/products/track-suit-black-wite-full-sleeve-d194-t-shirt-j68-black-track-pant,https://triprindia.com/products/track-suit-black-wite-full-sleeve-d194-t-shirt-j68-black-track-pant,true,,title_length|meta_description_length|missing_image_alt|script_count_high|image_alt_duplicate_on_page|image_missing_dimensions
https://triprindia.com/products/men-printed-half-sleeve-round-neck-cotton-blend-olivegreen-t-shirt,200,product,true,indexable,true,https://triprindia.com/products/men-printed-half-sleeve-round-neck-cotton-blend-olivegreen-t-shirt,https://triprindia.com/products/men-printed-half-sleeve-round-neck-cotton-blend-olivegreen-t-shirt,true,,title_length|meta_description_length|missing_image_alt|script_count_high|image_alt_duplicate_on_page|image_missing_dimensions
https://triprindia.com/products/men-printed-half-sleeve-round-neck-cotton-blend-grey-t-shirt,200,product,true,indexable,true,https://triprindia.com/products/men-printed-half-sleeve-round-neck-cotton-blend-grey-t-shirt,https://triprindia.com/products/men-printed-half-sleeve-round-neck-cotton-blend-grey-t-shirt,true,,meta_description_length|missing_image_alt|script_count_high|image_alt_duplicate_on_page|image_missing_dimensions
https://triprindia.com/products/men-cuffed-jogger-with-printed-grey,200,product,true,indexable,true,https://triprindia.com/products/men-cuffed-jogger-with-printed-grey,https://triprindia.com/products/men-cuffed-jogger-with-printed-grey,true,,missing_image_alt|serp_title_h1_mismatch|serp_boilerplate_meta_description|script_count_high|image_alt_duplicate_on_page|image_missing_dimensions
https://triprindia.com/products/men-cuffed-jogger-with-printed-j61-olivegreen,200,product,true,indexable,true,https://triprindia.com/products/men-cuffed-jogger-with-printed-j61-olivegreen,https://triprindia.com/products/men-cuffed-jogger-with-printed-j61-olivegreen,true,,meta_description_length|missing_image_alt|script_count_high|image_alt_duplicate_on_page|image_missing_dimensions
https://triprindia.com/products/tracksuit-for-men-half-sleeve-grey-t-shirt-grey-printed-trackpant,200,product,true,indexable,true,https://triprindia.com/products/tracksuit-for-men-half-sleeve-grey-t-shirt-grey-printed-trackpant,https://triprindia.com/products/tracksuit-for-men-half-sleeve-grey-t-shirt-grey-printed-trackpant,true,,title_length|meta_description_length|missing_image_alt|script_count_high|image_alt_duplicate_on_page|image_missing_dimensions
https://triprindia.com/products/tracksuit-for-men-half-sleeve-olivegreen-t-shirt-olivegreen-printed-trackpant,200,product,true,indexable,true,https://triprindia.com/products/tracksuit-for-men-half-sleeve-olivegreen-t-shirt-olivegreen-printed-trackpant,https://triprindia.com/products/tracksuit-for-men-half-sleeve-olivegreen-t-shirt-olivegreen-printed-trackpant,true,,title_length|meta_description_length|missing_image_alt|script_count_high|image_alt_duplicate_on_page|image_missing_dimensions
https://triprindia.com/products/men-full-sleeve-star-printed-round-neck-t-shirts-black-d194,200,product,true,indexable,true,https://triprindia.com/products/men-full-sleeve-star-printed-round-neck-t-shirts-black-d194,https://triprindia.com/products/men-full-sleeve-star-printed-round-neck-t-shirts-black-d194,true,,meta_description_length|missing_image_alt|script_count_high|image_alt_duplicate_on_page|image_missing_dimensions
https://triprindia.com/products/men-printed-half-sleeve-round-neck-cotton-blend-black-t-shirt-d184,200,product,true,indexable,true,https://triprindia.com/products/men-printed-half-sleeve-round-neck-cotton-blend-black-t-shirt-d184,https://triprindia.com/products/men-printed-half-sleeve-round-neck-cotton-blend-black-t-shirt-d184,true,,title_length|meta_description_length|missing_image_alt|script_count_high|image_alt_duplicate_on_page|image_missing_dimensions
https://triprindia.com/products/men-printed-half-sleeve-round-neck-cotton-blend-black-t-shirt-1,200,product,true,indexable,true,https://triprindia.com/products/men-printed-half-sleeve-round-neck-cotton-blend-black-t-shirt-1,https://triprindia.com/products/men-printed-half-sleeve-round-neck-cotton-blend-black-t-shirt-1,true,,meta_description_length|missing_image_alt|script_count_high|image_alt_duplicate_on_page|image_missing_dimensions
https://triprindia.com/products/tracksuit-for-men-half-sleeve-black-t-shirt-black-printed-trackpant,200,product,true,indexable,true,https://triprindia.com/products/tracksuit-for-men-half-sleeve-black-t-shirt-black-printed-trackpant,https://triprindia.com/products/tracksuit-for-men-half-sleeve-black-t-shirt-black-printed-trackpant,true,,title_length|meta_description_length|missing_image_alt|script_count_high|image_alt_duplicate_on_page|image_missing_dimensions
https://triprindia.com/products/men-printed-ankle-fit-cuffed-jogger-j62-navy-grey,200,product,true,indexable,true,https://triprindia.com/products/men-printed-ankle-fit-cuffed-jogger-j62-navy-grey,https://triprindia.com/products/men-printed-ankle-fit-cuffed-jogger-j62-navy-grey,true,,meta_description_length|missing_image_alt|script_count_high|image_alt_duplicate_on_page|image_missing_dimensions
https://triprindia.com/products/men-printed-ankle-fit-cuffed-jogger-j62-darkgrey-grey,200,product,true,indexable,true,https://triprindia.com/products/men-printed-ankle-fit-cuffed-jogger-j62-darkgrey-grey,https://triprindia.com/products/men-printed-ankle-fit-cuffed-jogger-j62-darkgrey-grey,true,,meta_description_length|missing_image_alt|script_count_high|image_alt_duplicate_on_page|image_missing_dimensions
https://triprindia.com/products/men-printed-ankle-fit-cuffed-jogger-j62-grey-black,200,product,true,indexable,true,https://triprindia.com/products/men-printed-ankle-fit-cuffed-jogger-j62-grey-black,https://triprindia.com/products/men-printed-ankle-fit-cuffed-jogger-j62-grey-black,true,,meta_description_length|missing_image_alt|script_count_high|image_alt_duplicate_on_page|image_missing_dimensions
https://triprindia.com/products/men-printed-ankle-fit-cuffed-jogger-j62-olivegreen-grey,200,product,true,indexable,true,https://triprindia.com/products/men-printed-ankle-fit-cuffed-jogger-j62-olivegreen-grey,https://triprindia.com/products/men-printed-ankle-fit-cuffed-jogger-j62-olivegreen-grey,true,,meta_description_length|missing_image_alt|script_count_high|image_alt_duplicate_on_page|image_missing_dimensions
https://triprindia.com/products/men-printed-ankle-fit-cuffed-jogger-j62-beige-black,200,product,true,indexable,true,https://triprindia.com/products/men-printed-ankle-fit-cuffed-jogger-j62-beige-black,https://triprindia.com/products/men-printed-ankle-fit-cuffed-jogger-j62-beige-black,true,,meta_description_length|missing_image_alt|script_count_high|image_alt_duplicate_on_page|image_missing_dimensions
https://triprindia.com/products/men-printed-half-sleeve-round-neck-cotton-blend-t-shirt-d185-maroon,200,product,true,indexable,true,https://triprindia.com/products/men-printed-half-sleeve-round-neck-cotton-blend-t-shirt-d185-maroon,https://triprindia.com/products/men-printed-half-sleeve-round-neck-cotton-blend-t-shirt-d185-maroon,true,,title_length|meta_description_length|missing_image_alt|script_count_high|image_alt_duplicate_on_page|image_missing_dimensions
https://triprindia.com/products/men-printed-half-sleeve-round-neck-cotton-blend-t-shirt-d185-grey,200,product,true,indexable,true,https://triprindia.com/products/men-printed-half-sleeve-round-neck-cotton-blend-t-shirt-d185-grey,https://triprindia.com/products/men-printed-half-sleeve-round-neck-cotton-blend-t-shirt-d185-grey,true,,title_length|meta_description_length|missing_image_alt|script_count_high|image_alt_duplicate_on_page|image_missing_dimensions
https://triprindia.com/products/men-printed-half-sleeve-round-neck-cotton-blend-t-shirt-d185-olivegreen,200,product,true,indexable,true,https://triprindia.com/products/men-printed-half-sleeve-round-neck-cotton-blend-t-shirt-d185-olivegreen,https://triprindia.com/products/men-printed-half-sleeve-round-neck-cotton-blend-t-shirt-d185-olivegreen,true,,title_length|meta_description_length|missing_image_alt|script_count_high|image_alt_duplicate_on_page|image_missing_dimensions
https://triprindia.com/products/men-printed-half-sleeve-round-neck-cotton-blend-t-shirt-d185-beige,200,product,true,indexable,true,https://triprindia.com/products/men-printed-half-sleeve-round-neck-cotton-blend-t-shirt-d185-beige,https://triprindia.com/products/men-printed-half-sleeve-round-neck-cotton-blend-t-shirt-d185-beige,true,,title_length|meta_description_length|missing_image_alt|script_count_high|image_alt_duplicate_on_page|image_missing_dimensions
https://triprindia.com/products/pack-of-2-mens-full-sleeve-plain-hooded-t-shirts-z133-grey-olivegreen,200,product,true,indexable,true,https://triprindia.com/products/pack-of-2-mens-full-sleeve-plain-hooded-t-shirts-z133-grey-olivegreen,https://triprindia.com/products/pack-of-2-mens-full-sleeve-plain-hooded-t-shirts-z133-grey-olivegreen,true,,title_length|meta_description_length|missing_image_alt|script_count_high|image_alt_duplicate_on_page|image_missing_dimensions
https://triprindia.com/products/pack-of-2-mens-full-sleeve-plain-hooded-t-shirts-z133-grey-black,200,product,true,indexable,true,https://triprindia.com/products/pack-of-2-mens-full-sleeve-plain-hooded-t-shirts-z133-grey-black,https://triprindia.com/products/pack-of-2-mens-full-sleeve-plain-hooded-t-shirts-z133-grey-black,true,,title_length|meta_description_length|missing_image_alt|script_count_high|image_alt_duplicate_on_page|image_missing_dimensions
https://triprindia.com/products/pack-of-2-mens-full-sleeve-plain-hooded-t-shirts-z133-olive-black,200,product,true,indexable,true,https://triprindia.com/products/pack-of-2-mens-full-sleeve-plain-hooded-t-shirts-z133-olive-black,https://triprindia.com/products/pack-of-2-mens-full-sleeve-plain-hooded-t-shirts-z133-olive-black,true,,title_length|meta_description_length|missing_image_alt|script_count_high|image_alt_duplicate_on_page|image_missing_dimensions
https://triprindia.com/products/mens-multi-pockets-all-over-printed-baggy-fit-oversized-cargo-jogger-black-os3,200,product,true,indexable,true,https://triprindia.com/products/mens-multi-pockets-all-over-printed-baggy-fit-oversized-cargo-jogger-black-os3,https://triprindia.com/products/mens-multi-pockets-all-over-printed-baggy-fit-oversized-cargo-jogger-black-os3,true,,meta_description_length|missing_image_alt|serp_title_h1_mismatch|serp_boilerplate_meta_description|script_count_high|image_alt_duplicate_on_page|image_missing_dimensions
https://triprindia.com/products/mens-multi-pockets-all-over-printed-baggy-fit-oversized-cargo-jogger-black-os4,200,product,true,indexable,true,https://triprindia.com/products/mens-multi-pockets-all-over-printed-baggy-fit-oversized-cargo-jogger-black-os4,https://triprindia.com/products/mens-multi-pockets-all-over-printed-baggy-fit-oversized-cargo-jogger-black-os4,true,,meta_description_length|missing_image_alt|serp_title_h1_mismatch|serp_boilerplate_meta_description|script_count_high|image_alt_duplicate_on_page|image_missing_dimensions
https://triprindia.com/products/mens-multi-pockets-all-over-printed-baggy-fit-oversized-cargo-jogger-black-os6,200,product,true,indexable,true,https://triprindia.com/products/mens-multi-pockets-all-over-printed-baggy-fit-oversized-cargo-jogger-black-os6,https://triprindia.com/products/mens-multi-pockets-all-over-printed-baggy-fit-oversized-cargo-jogger-black-os6,true,,meta_description_length|missing_image_alt|serp_title_h1_mismatch|serp_boilerplate_meta_description|script_count_high|image_alt_duplicate_on_page|image_missing_dimensions
https://triprindia.com/products/mens-all-over-printed-drop-shoulder-t-shirt-d195-black,200,product,true,indexable,true,https://triprindia.com/products/mens-all-over-printed-drop-shoulder-t-shirt-d195-black,https://triprindia.com/products/mens-all-over-printed-drop-shoulder-t-shirt-d195-black,true,,meta_description_length|missing_image_alt|script_count_high|image_alt_duplicate_on_page|image_missing_dimensions
https://triprindia.com/products/men-v-neck-plain-vest-navy-blue-vt2,200,product,true,indexable,true,https://triprindia.com/products/men-v-neck-plain-vest-navy-blue-vt2,https://triprindia.com/products/men-v-neck-plain-vest-navy-blue-vt2,true,,meta_description_length|missing_image_alt|script_count_high|image_alt_duplicate_on_page|image_missing_dimensions
https://triprindia.com/products/men-v-neck-plain-vest-vt2-brown,200,product,true,indexable,true,https://triprindia.com/products/men-v-neck-plain-vest-vt2-brown,https://triprindia.com/products/men-v-neck-plain-vest-vt2-brown,true,,meta_description_length|missing_image_alt|script_count_high|image_alt_duplicate_on_page|image_missing_dimensions
https://triprindia.com/products/pack-of-2-men-plain-v-neck-top-vest-vt2-brown-vt2-navy,200,product,true,indexable,true,https://triprindia.com/products/pack-of-2-men-plain-v-neck-top-vest-vt2-brown-vt2-navy,https://triprindia.com/products/pack-of-2-men-plain-v-neck-top-vest-vt2-brown-vt2-navy,true,,meta_description_length|missing_image_alt|script_count_high|image_alt_duplicate_on_page|image_missing_dimensions
https://triprindia.com/products/men-printed-half-sleeve-round-neck-d186-cotton-blend-navyblue-t-shirt,200,product,true,indexable,true,https://triprindia.com/products/men-printed-half-sleeve-round-neck-d186-cotton-blend-navyblue-t-shirt,https://triprindia.com/products/men-printed-half-sleeve-round-neck-d186-cotton-blend-navyblue-t-shirt,true,,title_length|meta_description_length|missing_image_alt|script_count_high|image_alt_duplicate_on_page|image_missing_dimensions
https://triprindia.com/products/men-printed-half-sleeve-round-neck-d186-cotton-blend-grey-t-shirt,200,product,true,indexable,true,https://triprindia.com/products/men-printed-half-sleeve-round-neck-d186-cotton-blend-grey-t-shirt,https://triprindia.com/products/men-printed-half-sleeve-round-neck-d186-cotton-blend-grey-t-shirt,true,,title_length|meta_description_length|missing_image_alt|script_count_high|image_alt_duplicate_on_page|image_missing_dimensions
https://triprindia.com/products/men-printed-half-sleeve-round-neck-d186-cotton-blend-olivegreen-t-shirt-1,200,product,true,indexable,true,https://triprindia.com/products/men-printed-half-sleeve-round-neck-d186-cotton-blend-olivegreen-t-shirt-1,https://triprindia.com/products/men-printed-half-sleeve-round-neck-d186-cotton-blend-olivegreen-t-shirt-1,true,,title_length|meta_description_length|missing_image_alt|script_count_high|image_alt_duplicate_on_page|image_missing_dimensions
https://triprindia.com/products/men-printed-half-sleeve-round-neck-d185-cotton-blend-t-shirt-charcoal-black,200,product,true,indexable,true,https://triprindia.com/products/men-printed-half-sleeve-round-neck-d185-cotton-blend-t-shirt-charcoal-black,https://triprindia.com/products/men-printed-half-sleeve-round-neck-d185-cotton-blend-t-shirt-charcoal-black,true,,title_length|meta_description_length|missing_image_alt|script_count_high|image_alt_duplicate_on_page|image_missing_dimensions
https://triprindia.com/products/men-printed-ankle-fit-cuffed-jogger-charcoal-grey-j62,200,product,true,indexable,true,https://triprindia.com/products/men-printed-ankle-fit-cuffed-jogger-charcoal-grey-j62,https://triprindia.com/products/men-printed-ankle-fit-cuffed-jogger-charcoal-grey-j62,true,,meta_description_length|missing_image_alt|script_count_high|image_alt_duplicate_on_page|image_missing_dimensions
https://triprindia.com/products/pack-of-2-men-star-printed-black-trackpants,200,product,true,indexable,true,https://triprindia.com/products/pack-of-2-men-star-printed-black-trackpants,https://triprindia.com/products/pack-of-2-men-star-printed-black-trackpants,true,,meta_description_length|missing_image_alt|script_count_high|image_alt_duplicate_on_page|image_missing_dimensions
https://triprindia.com/products/pack-of-2-men-printed-black-grey-j62-black-grey-j63-trackpants,200,product,true,indexable,true,https://triprindia.com/products/pack-of-2-men-printed-black-grey-j62-black-grey-j63-trackpants,https://triprindia.com/products/pack-of-2-men-printed-black-grey-j62-black-grey-j63-trackpants,true,,meta_description_length|missing_image_alt|script_count_high|image_alt_duplicate_on_page|image_missing_dimensions
https://triprindia.com/products/pack-of-2-half-sleeve-printed-round-neck-t-shirts-d173-black-d173-charcoal-black,200,product,true,indexable,true,https://triprindia.com/products/pack-of-2-half-sleeve-printed-round-neck-t-shirts-d173-black-d173-charcoal-black,https://triprindia.com/products/pack-of-2-half-sleeve-printed-round-neck-t-shirts-d173-black-d173-charcoal-black,true,,title_length|meta_description_length|missing_image_alt|script_count_high|image_alt_duplicate_on_page|image_missing_dimensions
https://triprindia.com/products/pack-of-3-men-round-neck-plain-waffle-vest-vt10-maroon-red-white,200,product,true,indexable,true,https://triprindia.com/products/pack-of-3-men-round-neck-plain-waffle-vest-vt10-maroon-red-white,https://triprindia.com/products/pack-of-3-men-round-neck-plain-waffle-vest-vt10-maroon-red-white,true,,meta_description_length|missing_image_alt|script_count_high|image_alt_duplicate_on_page|image_missing_dimensions
https://triprindia.com/products/mens-multi-pockets-plain-baggy-fit-oversized-cargo-jogger-black,200,product,true,indexable,true,https://triprindia.com/products/mens-multi-pockets-plain-baggy-fit-oversized-cargo-jogger-black,https://triprindia.com/products/mens-multi-pockets-plain-baggy-fit-oversized-cargo-jogger-black,true,,meta_description_length|missing_image_alt|serp_title_h1_mismatch|serp_boilerplate_meta_description|script_count_high|image_alt_too_long|image_alt_duplicate_on_page|image_missing_dimensions
https://triprindia.com/products/men-printed-over-size-t-shirt-d198-white,200,product,true,indexable,true,https://triprindia.com/products/men-printed-over-size-t-shirt-d198-white,https://triprindia.com/products/men-printed-over-size-t-shirt-d198-white,true,,meta_description_length|missing_image_alt|script_count_high|image_alt_duplicate_on_page|image_missing_dimensions
https://triprindia.com/products/men-printed-over-size-t-shirt-d199-white-blue,200,product,true,indexable,true,https://triprindia.com/products/men-printed-over-size-t-shirt-d199-white-blue,https://triprindia.com/products/men-printed-over-size-t-shirt-d199-white-blue,true,,meta_description_length|missing_image_alt|script_count_high|image_alt_duplicate_on_page|image_missing_dimensions
https://triprindia.com/products/men-printed-over-size-t-shirt-d201-black,200,product,true,indexable,true,https://triprindia.com/products/men-printed-over-size-t-shirt-d201-black,https://triprindia.com/products/men-printed-over-size-t-shirt-d201-black,true,,meta_description_length|missing_image_alt|script_count_high|image_alt_duplicate_on_page|image_missing_dimensions
https://triprindia.com/products/men-fear-less-printed-over-size-t-shirt-black-d196,200,product,true,indexable,true,https://triprindia.com/products/men-fear-less-printed-over-size-t-shirt-black-d196,https://triprindia.com/products/men-fear-less-printed-over-size-t-shirt-black-d196,true,,missing_image_alt|serp_boilerplate_meta_description|script_count_high|image_alt_duplicate_on_page|image_missing_dimensions
https://triprindia.com/products/men-rock-rebel-printed-over-size-t-shirt-black-d197,200,product,true,indexable,true,https://triprindia.com/products/men-rock-rebel-printed-over-size-t-shirt-black-d197,https://triprindia.com/products/men-rock-rebel-printed-over-size-t-shirt-black-d197,true,,meta_description_length|missing_image_alt|script_count_high|image_alt_duplicate_on_page|image_missing_dimensions
https://triprindia.com/products/pack-of-4-mens-printed-vests-grey,200,product,true,indexable,true,https://triprindia.com/products/pack-of-4-mens-printed-vests-grey,https://triprindia.com/products/pack-of-4-mens-printed-vests-grey,true,,meta_description_length|missing_image_alt|script_count_high|image_alt_duplicate_on_page|image_missing_dimensions
https://triprindia.com/products/mens-multi-pockets-plain-baggy-fit-oversized-cargo-jogger-grey,200,product,true,indexable,true,https://triprindia.com/products/mens-multi-pockets-plain-baggy-fit-oversized-cargo-jogger-grey,https://triprindia.com/products/mens-multi-pockets-plain-baggy-fit-oversized-cargo-jogger-grey,true,,meta_description_length|missing_image_alt|serp_title_h1_mismatch|serp_boilerplate_meta_description|script_count_high|image_alt_too_long|image_alt_duplicate_on_page|image_missing_dimensions
https://triprindia.com/products/mens-multi-pockets-plain-baggy-fit-oversized-cargo-jogger-olive-green,200,product,true,indexable,true,https://triprindia.com/products/mens-multi-pockets-plain-baggy-fit-oversized-cargo-jogger-olive-green,https://triprindia.com/products/mens-multi-pockets-plain-baggy-fit-oversized-cargo-jogger-olive-green,true,,meta_description_length|missing_image_alt|serp_title_h1_mismatch|serp_boilerplate_meta_description|script_count_high|image_alt_too_long|image_alt_duplicate_on_page|image_missing_dimensions
https://triprindia.com/products/mens-multi-pockets-plain-baggy-fit-oversized-cargo-jogger-beige,200,product,true,indexable,true,https://triprindia.com/products/mens-multi-pockets-plain-baggy-fit-oversized-cargo-jogger-beige,https://triprindia.com/products/mens-multi-pockets-plain-baggy-fit-oversized-cargo-jogger-beige,true,,meta_description_length|missing_image_alt|serp_title_h1_mismatch|serp_boilerplate_meta_description|script_count_high|image_alt_too_long|image_alt_duplicate_on_page|image_missing_dimensions
https://triprindia.com/products/men-plain-waffle-short-navy-blue-s32,200,product,true,indexable,true,https://triprindia.com/products/men-plain-waffle-short-navy-blue-s32,https://triprindia.com/products/men-plain-waffle-short-navy-blue-s32,true,,meta_description_length|script_count_high|image_alt_duplicate_on_page|image_missing_dimensions
https://triprindia.com/products/mens-multi-pockets-plain-baggy-fit-oversized-cargo-jogger-white,200,product,true,indexable,true,https://triprindia.com/products/mens-multi-pockets-plain-baggy-fit-oversized-cargo-jogger-white,https://triprindia.com/products/mens-multi-pockets-plain-baggy-fit-oversized-cargo-jogger-white,true,,meta_description_length|missing_image_alt|serp_title_h1_mismatch|serp_boilerplate_meta_description|script_count_high|image_alt_too_long|image_alt_duplicate_on_page|image_missing_dimensions
https://triprindia.com/products/men-full-sleeve-double-pocket-plain-zip-model-shirt-sh85-maroon,200,product,true,indexable,true,https://triprindia.com/products/men-full-sleeve-double-pocket-plain-zip-model-shirt-sh85-maroon,https://triprindia.com/products/men-full-sleeve-double-pocket-plain-zip-model-shirt-sh85-maroon,true,,title_length|meta_description_length|missing_image_alt|script_count_high|image_alt_duplicate_on_page|image_missing_dimensions
https://triprindia.com/products/men-beach-green-v-neck-half-sleeve-zip-black-piping-t-shirt-d145,200,product,true,indexable,true,https://triprindia.com/products/men-beach-green-v-neck-half-sleeve-zip-black-piping-t-shirt-d145,https://triprindia.com/products/men-beach-green-v-neck-half-sleeve-zip-black-piping-t-shirt-d145,true,,title_length|meta_description_length|missing_image_alt|serp_product_description_missing_detail|script_count_high|image_alt_duplicate_on_page|image_missing_dimensions
https://triprindia.com/products/pack-of-2-all-over-printed-over-size-t-shirts-white,200,product,true,indexable,true,https://triprindia.com/products/pack-of-2-all-over-printed-over-size-t-shirts-white,https://triprindia.com/products/pack-of-2-all-over-printed-over-size-t-shirts-white,true,,meta_description_length|missing_image_alt|html_size_large|script_count_high|image_alt_duplicate_on_page|image_missing_dimensions
https://triprindia.com/products/track-suit-olive-green-half-sleeve-t-shirt-with-plain-grey-track-pant,200,product,true,indexable,true,https://triprindia.com/products/track-suit-olive-green-half-sleeve-t-shirt-with-plain-grey-track-pant,https://triprindia.com/products/track-suit-olive-green-half-sleeve-t-shirt-with-plain-grey-track-pant,true,,title_length|meta_description_length|missing_image_alt|html_size_large|script_count_high|image_count_high|image_alt_duplicate_on_page|image_missing_dimensions
https://triprindia.com/products/men-half-sleeve-round-neck-cotton-blend-t-shirt-black-white-d189,200,product,true,indexable,true,https://triprindia.com/products/men-half-sleeve-round-neck-cotton-blend-t-shirt-black-white-d189,https://triprindia.com/products/men-half-sleeve-round-neck-cotton-blend-t-shirt-black-white-d189,true,,title_length|meta_description_length|missing_image_alt|script_count_high|image_alt_duplicate_on_page|image_missing_dimensions
https://triprindia.com/products/men-half-sleeve-round-neck-cotton-blend-t-shirt-maroon-white-d189,200,product,true,indexable,true,https://triprindia.com/products/men-half-sleeve-round-neck-cotton-blend-t-shirt-maroon-white-d189,https://triprindia.com/products/men-half-sleeve-round-neck-cotton-blend-t-shirt-maroon-white-d189,true,,title_length|meta_description_length|missing_image_alt|script_count_high|image_alt_duplicate_on_page|image_missing_dimensions
https://triprindia.com/products/men-half-sleeve-round-neck-cotton-blend-t-shirt-olivegreen-whited189,200,product,true,indexable,true,https://triprindia.com/products/men-half-sleeve-round-neck-cotton-blend-t-shirt-olivegreen-whited189,https://triprindia.com/products/men-half-sleeve-round-neck-cotton-blend-t-shirt-olivegreen-whited189,true,,title_length|meta_description_length|missing_image_alt|script_count_high|image_alt_duplicate_on_page|image_missing_dimensions
https://triprindia.com/products/feather-printed-half-sleeve-round-neck-mens-t-shirt-beige-d173,200,product,true,indexable,true,https://triprindia.com/products/feather-printed-half-sleeve-round-neck-mens-t-shirt-beige-d173,https://triprindia.com/products/feather-printed-half-sleeve-round-neck-mens-t-shirt-beige-d173,true,,title_length|meta_description_length|missing_image_alt|script_count_high|image_alt_duplicate_on_page|image_missing_dimensions
https://triprindia.com/products/feather-printed-half-sleeve-round-neck-mens-t-shirt-charcoal-black-d173,200,product,true,indexable,true,https://triprindia.com/products/feather-printed-half-sleeve-round-neck-mens-t-shirt-charcoal-black-d173,https://triprindia.com/products/feather-printed-half-sleeve-round-neck-mens-t-shirt-charcoal-black-d173,true,,title_length|meta_description_length|missing_image_alt|script_count_high|image_alt_duplicate_on_page|image_missing_dimensions
https://triprindia.com/products/feather-printed-half-sleeve-round-neck-mens-t-shirt-maroon-d173,200,product,true,indexable,true,https://triprindia.com/products/feather-printed-half-sleeve-round-neck-mens-t-shirt-maroon-d173,https://triprindia.com/products/feather-printed-half-sleeve-round-neck-mens-t-shirt-maroon-d173,true,,title_length|meta_description_length|missing_image_alt|script_count_high|image_alt_duplicate_on_page|image_missing_dimensions
https://triprindia.com/products/feather-printed-half-sleeve-round-neck-mens-t-shirt-navy-blue-d173,200,product,true,indexable,true,https://triprindia.com/products/feather-printed-half-sleeve-round-neck-mens-t-shirt-navy-blue-d173,https://triprindia.com/products/feather-printed-half-sleeve-round-neck-mens-t-shirt-navy-blue-d173,true,,title_length|meta_description_length|missing_image_alt|script_count_high|image_alt_duplicate_on_page|image_missing_dimensions
https://triprindia.com/products/feather-printed-half-sleeve-round-neck-mens-t-shirt-olive-green-d173,200,product,true,indexable,true,https://triprindia.com/products/feather-printed-half-sleeve-round-neck-mens-t-shirt-olive-green-d173,https://triprindia.com/products/feather-printed-half-sleeve-round-neck-mens-t-shirt-olive-green-d173,true,,title_length|meta_description_length|missing_image_alt|script_count_high|image_alt_duplicate_on_page|image_missing_dimensions
https://triprindia.com/products/men-casual-round-neck-all-over-printed-top-vest-black-vt11,200,product,true,indexable,true,https://triprindia.com/products/men-casual-round-neck-all-over-printed-top-vest-black-vt11,https://triprindia.com/products/men-casual-round-neck-all-over-printed-top-vest-black-vt11,true,,meta_description_length|missing_image_alt|script_count_high|image_alt_duplicate_on_page|image_missing_dimensions
https://triprindia.com/products/men-over-all-printed-over-size-t-shirt-white-d204,200,product,true,indexable,true,https://triprindia.com/products/men-over-all-printed-over-size-t-shirt-white-d204,https://triprindia.com/products/men-over-all-printed-over-size-t-shirt-white-d204,true,,meta_description_length|missing_image_alt|script_count_high|image_alt_duplicate_on_page|image_missing_dimensions
https://triprindia.com/products/men-multicolor-all-over-printed-over-size-t-shirt-white-d205,200,product,true,indexable,true,https://triprindia.com/products/men-multicolor-all-over-printed-over-size-t-shirt-white-d205,https://triprindia.com/products/men-multicolor-all-over-printed-over-size-t-shirt-white-d205,true,,meta_description_length|missing_image_alt|script_count_high|image_alt_duplicate_on_page|image_missing_dimensions
https://triprindia.com/products/track-suuit-half-sleeve-d189-grey-printed-t-shirt-with-plain-grey-track-pant,200,product,true,indexable,true,https://triprindia.com/products/track-suuit-half-sleeve-d189-grey-printed-t-shirt-with-plain-grey-track-pant,https://triprindia.com/products/track-suuit-half-sleeve-d189-grey-printed-t-shirt-with-plain-grey-track-pant,true,,title_length|meta_description_length|missing_image_alt|html_size_large|script_count_high|image_count_high|image_alt_duplicate_on_page|image_missing_dimensions
https://triprindia.com/products/track-suuit-half-sleeve-d186-olive-green-printed-t-shirt-with-plain-track-pant-grey,200,product,true,indexable,true,https://triprindia.com/products/track-suuit-half-sleeve-d186-olive-green-printed-t-shirt-with-plain-track-pant-grey,https://triprindia.com/products/track-suuit-half-sleeve-d186-olive-green-printed-t-shirt-with-plain-track-pant-grey,true,,title_length|meta_description_length|missing_image_alt|html_size_large|script_count_high|image_alt_duplicate_on_page|image_missing_dimensions
https://triprindia.com/products/track-suit-printed-d184-beige-t-shirt-with-plain-track-pant-black,200,product,true,indexable,true,https://triprindia.com/products/track-suit-printed-d184-beige-t-shirt-with-plain-track-pant-black,https://triprindia.com/products/track-suit-printed-d184-beige-t-shirt-with-plain-track-pant-black,true,,title_length|meta_description_length|missing_image_alt|script_count_high|image_alt_duplicate_on_page|image_missing_dimensions
https://triprindia.com/products/track-suit-printed-d184-grey-t-shirt-with-plain-track-pant-black,200,product,true,indexable,true,https://triprindia.com/products/track-suit-printed-d184-grey-t-shirt-with-plain-track-pant-black,https://triprindia.com/products/track-suit-printed-d184-grey-t-shirt-with-plain-track-pant-black,true,,title_length|meta_description_length|missing_image_alt|script_count_high|image_alt_duplicate_on_page|image_missing_dimensions
https://triprindia.com/products/track-suit-printed-d184-maroon-t-shirt-with-plain-track-pant-black,200,product,true,indexable,true,https://triprindia.com/products/track-suit-printed-d184-maroon-t-shirt-with-plain-track-pant-black,https://triprindia.com/products/track-suit-printed-d184-maroon-t-shirt-with-plain-track-pant-black,true,,title_length|meta_description_length|missing_image_alt|script_count_high|image_alt_duplicate_on_page|image_missing_dimensions
https://triprindia.com/products/track-suit-printed-d184-olive-green-t-shirt-with-plain-track-pant-black,200,product,true,indexable,true,https://triprindia.com/products/track-suit-printed-d184-olive-green-t-shirt-with-plain-track-pant-black,https://triprindia.com/products/track-suit-printed-d184-olive-green-t-shirt-with-plain-track-pant-black,true,,title_length|meta_description_length|missing_image_alt|script_count_high|image_alt_duplicate_on_page|image_missing_dimensions
https://triprindia.com/products/track-suit-printed-d184-black-t-shirt-with-plain-track-pant-grey,200,product,true,indexable,true,https://triprindia.com/products/track-suit-printed-d184-black-t-shirt-with-plain-track-pant-grey,https://triprindia.com/products/track-suit-printed-d184-black-t-shirt-with-plain-track-pant-grey,true,,title_length|meta_description_length|missing_image_alt|script_count_high|image_alt_duplicate_on_page|image_missing_dimensions
https://triprindia.com/products/track-suit-printed-d184-maroon-t-shirt-with-plain-track-pant-grey,200,product,true,indexable,true,https://triprindia.com/products/track-suit-printed-d184-maroon-t-shirt-with-plain-track-pant-grey,https://triprindia.com/products/track-suit-printed-d184-maroon-t-shirt-with-plain-track-pant-grey,true,,title_length|meta_description_length|missing_image_alt|script_count_high|image_alt_duplicate_on_page|image_missing_dimensions
https://triprindia.com/products/track-suit-printed-d184-olive-green-t-shirt-with-plain-track-pant-grey,200,product,true,indexable,true,https://triprindia.com/products/track-suit-printed-d184-olive-green-t-shirt-with-plain-track-pant-grey,https://triprindia.com/products/track-suit-printed-d184-olive-green-t-shirt-with-plain-track-pant-grey,true,,title_length|meta_description_length|missing_image_alt|script_count_high|image_alt_duplicate_on_page|image_missing_dimensions
https://triprindia.com/products/track-suit-printed-d184-black-t-shirt-with-printed-track-pant-j61-beige,200,product,true,indexable,true,https://triprindia.com/products/track-suit-printed-d184-black-t-shirt-with-printed-track-pant-j61-beige,https://triprindia.com/products/track-suit-printed-d184-black-t-shirt-with-printed-track-pant-j61-beige,true,,title_length|meta_description_length|missing_image_alt|script_count_high|image_alt_duplicate_on_page|image_missing_dimensions
https://triprindia.com/products/track-suit-printed-d184-beige-t-shirt-with-printed-track-pant-j61-olive-green,200,product,true,indexable,true,https://triprindia.com/products/track-suit-printed-d184-beige-t-shirt-with-printed-track-pant-j61-olive-green,https://triprindia.com/products/track-suit-printed-d184-beige-t-shirt-with-printed-track-pant-j61-olive-green,true,,title_length|meta_description_length|missing_image_alt|script_count_high|image_alt_duplicate_on_page|image_missing_dimensions|malformed_internal_link
https://triprindia.com/products/track-suit-printed-d184-beige-t-shirt-with-printed-track-pant-j61-black,200,product,true,indexable,true,https://triprindia.com/products/track-suit-printed-d184-beige-t-shirt-with-printed-track-pant-j61-black,https://triprindia.com/products/track-suit-printed-d184-beige-t-shirt-with-printed-track-pant-j61-black,true,,title_length|meta_description_length|missing_image_alt|script_count_high|image_alt_duplicate_on_page|image_missing_dimensions|malformed_internal_link
https://triprindia.com/products/track-suit-printed-d184-grey-t-shirt-with-printed-track-pant-j61-black,200,product,true,indexable,true,https://triprindia.com/products/track-suit-printed-d184-grey-t-shirt-with-printed-track-pant-j61-black,https://triprindia.com/products/track-suit-printed-d184-grey-t-shirt-with-printed-track-pant-j61-black,true,,title_length|meta_description_length|missing_image_alt|script_count_high|image_alt_duplicate_on_page|image_missing_dimensions|malformed_internal_link
https://triprindia.com/products/track-suit-printed-d184-maroon-t-shirt-with-printed-track-pant-j61-black,200,product,true,indexable,true,https://triprindia.com/products/track-suit-printed-d184-maroon-t-shirt-with-printed-track-pant-j61-black,https://triprindia.com/products/track-suit-printed-d184-maroon-t-shirt-with-printed-track-pant-j61-black,true,,title_length|meta_description_length|missing_image_alt|script_count_high|image_alt_duplicate_on_page|image_missing_dimensions|malformed_internal_link
https://triprindia.com/products/track-suit-printed-d184-olive-green-t-shirt-with-printed-track-pant-j61-black,200,product,true,indexable,true,https://triprindia.com/products/track-suit-printed-d184-olive-green-t-shirt-with-printed-track-pant-j61-black,https://triprindia.com/products/track-suit-printed-d184-olive-green-t-shirt-with-printed-track-pant-j61-black,true,,title_length|meta_description_length|missing_image_alt|script_count_high|image_alt_duplicate_on_page|image_missing_dimensions|malformed_internal_link
https://triprindia.com/products/track-suit-printed-d184-black-t-shirt-with-printed-track-pant-j61-olive-green,200,product,true,indexable,true,https://triprindia.com/products/track-suit-printed-d184-black-t-shirt-with-printed-track-pant-j61-olive-green,https://triprindia.com/products/track-suit-printed-d184-black-t-shirt-with-printed-track-pant-j61-olive-green,true,,title_length|meta_description_length|missing_image_alt|script_count_high|image_alt_duplicate_on_page|image_missing_dimensions|malformed_internal_link
https://triprindia.com/products/track-suit-printed-d184-black-t-shirt-with-printed-track-pant-j61-maroon,200,product,true,indexable,true,https://triprindia.com/products/track-suit-printed-d184-black-t-shirt-with-printed-track-pant-j61-maroon,https://triprindia.com/products/track-suit-printed-d184-black-t-shirt-with-printed-track-pant-j61-maroon,true,,title_length|meta_description_length|missing_image_alt|script_count_high|image_alt_duplicate_on_page|image_missing_dimensions|malformed_internal_link
https://triprindia.com/products/track-suit-printed-d184-black-t-shirt-with-printed-track-pant-j61-grey,200,product,true,indexable,true,https://triprindia.com/products/track-suit-printed-d184-black-t-shirt-with-printed-track-pant-j61-grey,https://triprindia.com/products/track-suit-printed-d184-black-t-shirt-with-printed-track-pant-j61-grey,true,,title_length|meta_description_length|missing_image_alt|script_count_high|image_alt_duplicate_on_page|image_missing_dimensions|malformed_internal_link
https://triprindia.com/products/track-suit-printed-d184-maroon-t-shirt-with-printed-track-pant-j61-grey,200,product,true,indexable,true,https://triprindia.com/products/track-suit-printed-d184-maroon-t-shirt-with-printed-track-pant-j61-grey,https://triprindia.com/products/track-suit-printed-d184-maroon-t-shirt-with-printed-track-pant-j61-grey,true,,title_length|meta_description_length|missing_image_alt|script_count_high|image_alt_duplicate_on_page|image_missing_dimensions|malformed_internal_link
https://triprindia.com/products/track-suit-printed-d184-olive-green-t-shirt-with-printed-track-pant-j61-grey,200,product,true,indexable,true,https://triprindia.com/products/track-suit-printed-d184-olive-green-t-shirt-with-printed-track-pant-j61-grey,https://triprindia.com/products/track-suit-printed-d184-olive-green-t-shirt-with-printed-track-pant-j61-grey,true,,title_length|meta_description_length|missing_image_alt|script_count_high|image_alt_duplicate_on_page|image_missing_dimensions|malformed_internal_link
https://triprindia.com/products/track-suit-printed-d184-grey-t-shirt-with-printed-track-pant-j61-olive-green,200,product,true,indexable,true,https://triprindia.com/products/track-suit-printed-d184-grey-t-shirt-with-printed-track-pant-j61-olive-green,https://triprindia.com/products/track-suit-printed-d184-grey-t-shirt-with-printed-track-pant-j61-olive-green,true,,title_length|meta_description_length|missing_image_alt|script_count_high|image_alt_duplicate_on_page|image_missing_dimensions|malformed_internal_link
https://triprindia.com/products/track-suit-printed-d184-grey-t-shirt-with-printed-track-pant-j61-maroon,200,product,true,indexable,true,https://triprindia.com/products/track-suit-printed-d184-grey-t-shirt-with-printed-track-pant-j61-maroon,https://triprindia.com/products/track-suit-printed-d184-grey-t-shirt-with-printed-track-pant-j61-maroon,true,,title_length|meta_description_length|missing_image_alt|script_count_high|image_alt_duplicate_on_page|image_missing_dimensions|malformed_internal_link
https://triprindia.com/products/track-suit-star-printed-beige-full-sleeve-t-shirt-with-star-printed-track-pant-beige,200,product,true,indexable,true,https://triprindia.com/products/track-suit-star-printed-beige-full-sleeve-t-shirt-with-star-printed-track-pant-beige,https://triprindia.com/products/track-suit-star-printed-beige-full-sleeve-t-shirt-with-star-printed-track-pant-beige,true,,title_length|meta_description_length|missing_image_alt|script_count_high|image_alt_duplicate_on_page|image_missing_dimensions
https://triprindia.com/products/track-suit-star-printed-dark-grey-full-sleeve-t-shirt-with-star-printed-track-pant-dark-grey,200,product,true,indexable,true,https://triprindia.com/products/track-suit-star-printed-dark-grey-full-sleeve-t-shirt-with-star-printed-track-pant-dark-grey,https://triprindia.com/products/track-suit-star-printed-dark-grey-full-sleeve-t-shirt-with-star-printed-track-pant-dark-grey,true,,title_length|meta_description_length|missing_image_alt|script_count_high|image_alt_duplicate_on_page|image_missing_dimensions
https://triprindia.com/products/track-suit-star-printed-maroon-full-sleeve-t-shirt-with-star-printed-track-pant-maroon,200,product,true,indexable,true,https://triprindia.com/products/track-suit-star-printed-maroon-full-sleeve-t-shirt-with-star-printed-track-pant-maroon,https://triprindia.com/products/track-suit-star-printed-maroon-full-sleeve-t-shirt-with-star-printed-track-pant-maroon,true,,title_length|meta_description_length|missing_image_alt|script_count_high|image_alt_duplicate_on_page|image_missing_dimensions
https://triprindia.com/products/track-suit-star-printed-navy-blue-full-sleeve-t-shirt-with-star-printed-track-pant-navy-blue,200,product,true,indexable,true,https://triprindia.com/products/track-suit-star-printed-navy-blue-full-sleeve-t-shirt-with-star-printed-track-pant-navy-blue,https://triprindia.com/products/track-suit-star-printed-navy-blue-full-sleeve-t-shirt-with-star-printed-track-pant-navy-blue,true,,title_length|meta_description_length|missing_image_alt|script_count_high|image_alt_duplicate_on_page|image_missing_dimensions
https://triprindia.com/products/track-suit-star-printed-olive-green-full-sleeve-t-shirt-with-star-printed-track-pant-olive-green,200,product,true,indexable,true,https://triprindia.com/products/track-suit-star-printed-olive-green-full-sleeve-t-shirt-with-star-printed-track-pant-olive-green,https://triprindia.com/products/track-suit-star-printed-olive-green-full-sleeve-t-shirt-with-star-printed-track-pant-olive-green,true,,title_length|meta_description_length|missing_image_alt|script_count_high|image_alt_duplicate_on_page|image_missing_dimensions
https://triprindia.com/products/men-printed-loose-fit-colorblocked-trackpant-black-white-j70,200,product,true,indexable,true,https://triprindia.com/products/men-printed-loose-fit-colorblocked-trackpant-black-white-j70,https://triprindia.com/products/men-printed-loose-fit-colorblocked-trackpant-black-white-j70,true,,meta_description_length|missing_image_alt|script_count_high|image_alt_duplicate_on_page|image_missing_dimensions
https://triprindia.com/products/men-star-printed-with-cuffed-trackpant-maroon-white-j68,200,product,true,indexable,true,https://triprindia.com/products/men-star-printed-with-cuffed-trackpant-maroon-white-j68,https://triprindia.com/products/men-star-printed-with-cuffed-trackpant-maroon-white-j68,true,,meta_description_length|missing_image_alt|script_count_high|image_alt_duplicate_on_page|image_missing_dimensions
https://triprindia.com/products/men-star-printed-with-cuffed-trackpant-navyblue-white-j68,200,product,true,indexable,true,https://triprindia.com/products/men-star-printed-with-cuffed-trackpant-navyblue-white-j68,https://triprindia.com/products/men-star-printed-with-cuffed-trackpant-navyblue-white-j68,true,,meta_description_length|missing_image_alt|script_count_high|image_alt_duplicate_on_page|image_missing_dimensions
https://triprindia.com/products/men-star-printed-with-cuffed-trackpant-olivegreen-white-j68,200,product,true,indexable,true,https://triprindia.com/products/men-star-printed-with-cuffed-trackpant-olivegreen-white-j68,https://triprindia.com/products/men-star-printed-with-cuffed-trackpant-olivegreen-white-j68,true,,meta_description_length|missing_image_alt|script_count_high|image_alt_duplicate_on_page|image_missing_dimensions
https://triprindia.com/products/men-star-printed-with-cuffed-trackpant-darkgrey-white-j68,200,product,true,indexable,true,https://triprindia.com/products/men-star-printed-with-cuffed-trackpant-darkgrey-white-j68,https://triprindia.com/products/men-star-printed-with-cuffed-trackpant-darkgrey-white-j68,true,,meta_description_length|missing_image_alt|script_count_high|image_alt_duplicate_on_page|image_missing_dimensions
https://triprindia.com/products/men-star-printed-with-cuffed-trackpant-grey-black-j68,200,product,true,indexable,true,https://triprindia.com/products/men-star-printed-with-cuffed-trackpant-grey-black-j68,https://triprindia.com/products/men-star-printed-with-cuffed-trackpant-grey-black-j68,true,,meta_description_length|missing_image_alt|script_count_high|image_alt_duplicate_on_page|image_missing_dimensions
https://triprindia.com/products/men-star-printed-with-cuffed-trackpant-beige-black-j68,200,product,true,indexable,true,https://triprindia.com/products/men-star-printed-with-cuffed-trackpant-beige-black-j68,https://triprindia.com/products/men-star-printed-with-cuffed-trackpant-beige-black-j68,true,,meta_description_length|missing_image_alt|script_count_high|image_alt_duplicate_on_page|image_missing_dimensions
https://triprindia.com/products/men-full-sleeve-star-printed-round-neck-t-shirts-olive-green-d194,200,product,true,indexable,true,https://triprindia.com/products/men-full-sleeve-star-printed-round-neck-t-shirts-olive-green-d194,https://triprindia.com/products/men-full-sleeve-star-printed-round-neck-t-shirts-olive-green-d194,true,,title_length|meta_description_length|missing_image_alt|script_count_high|image_alt_duplicate_on_page|image_missing_dimensions
https://triprindia.com/products/men-full-sleeve-star-printed-round-neck-t-shirts-maroon-d194,200,product,true,indexable,true,https://triprindia.com/products/men-full-sleeve-star-printed-round-neck-t-shirts-maroon-d194,https://triprindia.com/products/men-full-sleeve-star-printed-round-neck-t-shirts-maroon-d194,true,,meta_description_length|missing_image_alt|script_count_high|image_alt_duplicate_on_page|image_missing_dimensions
https://triprindia.com/products/men-full-sleeve-star-printed-round-neck-t-shirts-navy-blue-d194,200,product,true,indexable,true,https://triprindia.com/products/men-full-sleeve-star-printed-round-neck-t-shirts-navy-blue-d194,https://triprindia.com/products/men-full-sleeve-star-printed-round-neck-t-shirts-navy-blue-d194,true,,meta_description_length|missing_image_alt|script_count_high|image_alt_duplicate_on_page|image_missing_dimensions
https://triprindia.com/products/men-full-sleeve-star-printed-round-neck-t-shirts-dark-grey-d194,200,product,true,indexable,true,https://triprindia.com/products/men-full-sleeve-star-printed-round-neck-t-shirts-dark-grey-d194,https://triprindia.com/products/men-full-sleeve-star-printed-round-neck-t-shirts-dark-grey-d194,true,,title_length|meta_description_length|missing_image_alt|script_count_high|image_alt_duplicate_on_page|image_missing_dimensions
https://triprindia.com/products/men-full-sleeve-star-printed-round-neck-t-shirts-beige-d194,200,product,true,indexable,true,https://triprindia.com/products/men-full-sleeve-star-printed-round-neck-t-shirts-beige-d194,https://triprindia.com/products/men-full-sleeve-star-printed-round-neck-t-shirts-beige-d194,true,,meta_description_length|missing_image_alt|script_count_high|image_alt_duplicate_on_page|image_missing_dimensions
https://triprindia.com/products/track-suit-star-printed-full-sleeve-olive-green-t-shirt-plain-black-track-pant,200,product,true,indexable,true,https://triprindia.com/products/track-suit-star-printed-full-sleeve-olive-green-t-shirt-plain-black-track-pant,https://triprindia.com/products/track-suit-star-printed-full-sleeve-olive-green-t-shirt-plain-black-track-pant,true,,title_length|meta_description_length|missing_image_alt|script_count_high|image_alt_duplicate_on_page|image_missing_dimensions
https://triprindia.com/products/track-suit-star-printed-full-sleeve-navy-blue-t-shirt-plain-grey-track-pant,200,product,true,indexable,true,https://triprindia.com/products/track-suit-star-printed-full-sleeve-navy-blue-t-shirt-plain-grey-track-pant,https://triprindia.com/products/track-suit-star-printed-full-sleeve-navy-blue-t-shirt-plain-grey-track-pant,true,,title_length|meta_description_length|missing_image_alt|script_count_high|image_alt_duplicate_on_page|image_missing_dimensions
https://triprindia.com/products/track-suit-star-printed-full-sleeve-maroon-t-shirt-plain-grey-track-pant,200,product,true,indexable,true,https://triprindia.com/products/track-suit-star-printed-full-sleeve-maroon-t-shirt-plain-grey-track-pant,https://triprindia.com/products/track-suit-star-printed-full-sleeve-maroon-t-shirt-plain-grey-track-pant,true,,title_length|meta_description_length|missing_image_alt|script_count_high|image_alt_duplicate_on_page|image_missing_dimensions
https://triprindia.com/products/track-suit-star-printed-full-sleeve-maroon-t-shirt-plain-black-track-pant,200,product,true,indexable,true,https://triprindia.com/products/track-suit-star-printed-full-sleeve-maroon-t-shirt-plain-black-track-pant,https://triprindia.com/products/track-suit-star-printed-full-sleeve-maroon-t-shirt-plain-black-track-pant,true,,title_length|meta_description_length|missing_image_alt|script_count_high|image_alt_duplicate_on_page|image_missing_dimensions
https://triprindia.com/products/track-suit-star-printed-full-sleeve-dark-grey-t-shirt-plain-grey-track-pant,200,product,true,indexable,true,https://triprindia.com/products/track-suit-star-printed-full-sleeve-dark-grey-t-shirt-plain-grey-track-pant,https://triprindia.com/products/track-suit-star-printed-full-sleeve-dark-grey-t-shirt-plain-grey-track-pant,true,,title_length|meta_description_length|missing_image_alt|script_count_high|image_alt_duplicate_on_page|image_missing_dimensions
https://triprindia.com/products/track-suit-star-printed-full-sleeve-black-t-shirt-plain-grey-track-pant,200,product,true,indexable,true,https://triprindia.com/products/track-suit-star-printed-full-sleeve-black-t-shirt-plain-grey-track-pant,https://triprindia.com/products/track-suit-star-printed-full-sleeve-black-t-shirt-plain-grey-track-pant,true,,title_length|meta_description_length|missing_image_alt|script_count_high|image_alt_duplicate_on_page|image_missing_dimensions
https://triprindia.com/products/track-suit-star-printed-full-sleeve-beige-t-shirt-plain-black-track-pant,200,product,true,indexable,true,https://triprindia.com/products/track-suit-star-printed-full-sleeve-beige-t-shirt-plain-black-track-pant,https://triprindia.com/products/track-suit-star-printed-full-sleeve-beige-t-shirt-plain-black-track-pant,true,,title_length|meta_description_length|missing_image_alt|script_count_high|image_alt_duplicate_on_page|image_missing_dimensions
https://triprindia.com/products/mens-multi-pockets-all-over-printed-baggy-fit-oversized-cargo-jogger-maroon-os6,200,product,true,indexable,true,https://triprindia.com/products/mens-multi-pockets-all-over-printed-baggy-fit-oversized-cargo-jogger-maroon-os6,https://triprindia.com/products/mens-multi-pockets-all-over-printed-baggy-fit-oversized-cargo-jogger-maroon-os6,true,,meta_description_length|missing_image_alt|serp_title_h1_mismatch|serp_boilerplate_meta_description|script_count_high|image_alt_duplicate_on_page|image_missing_dimensions
https://triprindia.com/products/tracksuit-for-men-over-sized-printed-d199-white-blue-t-shirt-with-plain-black-track-pant,200,product,true,indexable,true,https://triprindia.com/products/tracksuit-for-men-over-sized-printed-d199-white-blue-t-shirt-with-plain-black-track-pant,https://triprindia.com/products/tracksuit-for-men-over-sized-printed-d199-white-blue-t-shirt-with-plain-black-track-pant,true,,title_length|meta_description_length|missing_image_alt|script_count_high|large_image_url_width|image_alt_duplicate_on_page|image_missing_dimensions
https://triprindia.com/products/sweatshirt-for-men-henley-neck-beige-full-sleeve-st163,200,product,true,indexable,true,https://triprindia.com/products/sweatshirt-for-men-henley-neck-beige-full-sleeve-st163,https://triprindia.com/products/sweatshirt-for-men-henley-neck-beige-full-sleeve-st163,true,,meta_description_length|missing_image_alt|script_count_high|image_alt_duplicate_on_page|image_missing_dimensions
https://triprindia.com/products/sweatshirt-for-men-henley-neck-black-full-sleeve-st163,200,product,true,indexable,true,https://triprindia.com/products/sweatshirt-for-men-henley-neck-black-full-sleeve-st163,https://triprindia.com/products/sweatshirt-for-men-henley-neck-black-full-sleeve-st163,true,,meta_description_length|missing_image_alt|script_count_high|image_alt_duplicate_on_page|image_missing_dimensions
https://triprindia.com/products/sweatshirt-for-men-henley-neck-navy-blue-full-sleeve-st163,200,product,true,indexable,true,https://triprindia.com/products/sweatshirt-for-men-henley-neck-navy-blue-full-sleeve-st163,https://triprindia.com/products/sweatshirt-for-men-henley-neck-navy-blue-full-sleeve-st163,true,,meta_description_length|missing_image_alt|script_count_high|image_alt_duplicate_on_page|image_missing_dimensions
https://triprindia.com/products/sweatshirt-for-men-henley-neck-olive-green-full-sleeve-st163,200,product,true,indexable,true,https://triprindia.com/products/sweatshirt-for-men-henley-neck-olive-green-full-sleeve-st163,https://triprindia.com/products/sweatshirt-for-men-henley-neck-olive-green-full-sleeve-st163,true,,meta_description_length|missing_image_alt|script_count_high|image_alt_duplicate_on_page|image_missing_dimensions
https://triprindia.com/products/sweatshirt-for-men-henley-neck-plain-beige-full-sleeve-st162,200,product,true,indexable,true,https://triprindia.com/products/sweatshirt-for-men-henley-neck-plain-beige-full-sleeve-st162,https://triprindia.com/products/sweatshirt-for-men-henley-neck-plain-beige-full-sleeve-st162,true,,meta_description_length|missing_image_alt|script_count_high|image_alt_duplicate_on_page|image_missing_dimensions
https://triprindia.com/products/sweatshirt-for-men-henley-neck-plain-black-full-sleeve-st162,200,product,true,indexable,true,https://triprindia.com/products/sweatshirt-for-men-henley-neck-plain-black-full-sleeve-st162,https://triprindia.com/products/sweatshirt-for-men-henley-neck-plain-black-full-sleeve-st162,true,,meta_description_length|missing_image_alt|script_count_high|image_alt_duplicate_on_page|image_missing_dimensions
https://triprindia.com/products/sweatshirt-for-men-henley-neck-plain-grey-full-sleeve-st162,200,product,true,indexable,true,https://triprindia.com/products/sweatshirt-for-men-henley-neck-plain-grey-full-sleeve-st162,https://triprindia.com/products/sweatshirt-for-men-henley-neck-plain-grey-full-sleeve-st162,true,,meta_description_length|missing_image_alt|script_count_high|image_alt_duplicate_on_page|image_missing_dimensions
https://triprindia.com/products/sweatshirt-for-men-henley-neck-plain-maroon-full-sleeve-st162,200,product,true,indexable,true,https://triprindia.com/products/sweatshirt-for-men-henley-neck-plain-maroon-full-sleeve-st162,https://triprindia.com/products/sweatshirt-for-men-henley-neck-plain-maroon-full-sleeve-st162,true,,meta_description_length|missing_image_alt|script_count_high|image_alt_duplicate_on_page|image_missing_dimensions
https://triprindia.com/products/sweatshirt-for-men-henley-neck-plain-navy-blue-full-sleeve-st162,200,product,true,indexable,true,https://triprindia.com/products/sweatshirt-for-men-henley-neck-plain-navy-blue-full-sleeve-st162,https://triprindia.com/products/sweatshirt-for-men-henley-neck-plain-navy-blue-full-sleeve-st162,true,,meta_description_length|missing_image_alt|script_count_high|image_alt_duplicate_on_page|image_missing_dimensions
https://triprindia.com/products/sweatshirt-for-men-henley-neck-plain-olive-green-full-sleeve-st162,200,product,true,indexable,true,https://triprindia.com/products/sweatshirt-for-men-henley-neck-plain-olive-green-full-sleeve-st162,https://triprindia.com/products/sweatshirt-for-men-henley-neck-plain-olive-green-full-sleeve-st162,true,,meta_description_length|missing_image_alt|script_count_high|image_alt_duplicate_on_page|image_missing_dimensions
https://triprindia.com/products/sweatshirt-for-men-henley-neck-plain-maroon-full-sleeve-st163,200,product,true,indexable,true,https://triprindia.com/products/sweatshirt-for-men-henley-neck-plain-maroon-full-sleeve-st163,https://triprindia.com/products/sweatshirt-for-men-henley-neck-plain-maroon-full-sleeve-st163,true,,meta_description_length|missing_image_alt|script_count_high|image_alt_duplicate_on_page|image_missing_dimensions
https://triprindia.com/products/tshirt-for-men-round-neck-olive-green-half-sleeve-z138,200,product,true,indexable,true,https://triprindia.com/products/tshirt-for-men-round-neck-olive-green-half-sleeve-z138,https://triprindia.com/products/tshirt-for-men-round-neck-olive-green-half-sleeve-z138,true,,meta_description_length|missing_image_alt|script_count_high|large_image_url_width|image_alt_duplicate_on_page|image_missing_dimensions
https://triprindia.com/products/tshirt-for-men-round-neck-maroon-half-sleeve-z138,200,product,true,indexable,true,https://triprindia.com/products/tshirt-for-men-round-neck-maroon-half-sleeve-z138,https://triprindia.com/products/tshirt-for-men-round-neck-maroon-half-sleeve-z138,true,,meta_description_length|missing_image_alt|script_count_high|image_alt_duplicate_on_page|image_missing_dimensions
https://triprindia.com/products/tshirt-for-men-round-neck-grey-half-sleeve-z138,200,product,true,indexable,true,https://triprindia.com/products/tshirt-for-men-round-neck-grey-half-sleeve-z138,https://triprindia.com/products/tshirt-for-men-round-neck-grey-half-sleeve-z138,true,,meta_description_length|missing_image_alt|script_count_high|image_alt_duplicate_on_page|image_missing_dimensions
https://triprindia.com/products/tshirt-for-men-round-neck-black-half-sleeve-z138,200,product,true,indexable,true,https://triprindia.com/products/tshirt-for-men-round-neck-black-half-sleeve-z138,https://triprindia.com/products/tshirt-for-men-round-neck-black-half-sleeve-z138,true,,meta_description_length|missing_image_alt|script_count_high|image_alt_duplicate_on_page|image_missing_dimensions
https://triprindia.com/products/men-plain-waffle-shorts-6-color-variants-s32,200,product,true,indexable,true,https://triprindia.com/products/men-plain-waffle-shorts-6-color-variants-s32,https://triprindia.com/products/men-plain-waffle-shorts-6-color-variants-s32,true,,meta_description_length|script_count_high|image_alt_duplicate_on_page|image_missing_dimensions
https://triprindia.com/products/6-color-variants-with-mens-design-printed-trackpants-j59,200,product,true,indexable,true,https://triprindia.com/products/6-color-variants-with-mens-design-printed-trackpants-j59,https://triprindia.com/products/6-color-variants-with-mens-design-printed-trackpants-j59,true,,meta_description_length|missing_image_alt|script_count_high|image_alt_duplicate_on_page|image_missing_dimensions
https://triprindia.com/products/pack-of-2-half-sleeve-printed-t-shirts-d186-black-d173-white,200,product,true,indexable,true,https://triprindia.com/products/pack-of-2-half-sleeve-printed-t-shirts-d186-black-d173-white,https://triprindia.com/products/pack-of-2-half-sleeve-printed-t-shirts-d186-black-d173-white,true,,meta_description_length|missing_image_alt|script_count_high|large_image_url_width|image_alt_duplicate_on_page|image_missing_dimensions
https://triprindia.com/products/pack-of-2-half-sleeve-printed-t-shirts-d173-olive-green-d184-beige,200,product,true,indexable,true,https://triprindia.com/products/pack-of-2-half-sleeve-printed-t-shirts-d173-olive-green-d184-beige,https://triprindia.com/products/pack-of-2-half-sleeve-printed-t-shirts-d173-olive-green-d184-beige,true,,title_length|meta_description_length|missing_image_alt|html_size_large|script_count_high|image_count_high|large_image_url_width|image_alt_duplicate_on_page|image_missing_dimensions
https://triprindia.com/products/pack-of-2-half-sleeve-printed-t-shirts-d189-grey-d186-black,200,product,true,indexable,true,https://triprindia.com/products/pack-of-2-half-sleeve-printed-t-shirts-d189-grey-d186-black,https://triprindia.com/products/pack-of-2-half-sleeve-printed-t-shirts-d189-grey-d186-black,true,,meta_description_length|missing_image_alt|html_size_large|script_count_high|image_count_high|large_image_url_width|image_alt_duplicate_on_page|image_missing_dimensions
https://triprindia.com/products/men-cuffed-printed-jogger-black-j61,200,product,true,indexable,true,https://triprindia.com/products/men-cuffed-printed-jogger-black-j61,https://triprindia.com/products/men-cuffed-printed-jogger-black-j61,true,,meta_description_length|missing_image_alt|script_count_high|image_alt_duplicate_on_page|image_missing_dimensions
https://triprindia.com/products/men-white-plain-cargo-jogger,200,product,true,indexable,true,https://triprindia.com/products/men-white-plain-cargo-jogger,https://triprindia.com/products/men-white-plain-cargo-jogger,true,,meta_description_length|missing_image_alt|script_count_high|image_alt_duplicate_on_page|image_missing_dimensions
https://triprindia.com/products/men-printed-trackpants-6-color-variants-j61,200,product,true,indexable,true,https://triprindia.com/products/men-printed-trackpants-6-color-variants-j61,https://triprindia.com/products/men-printed-trackpants-6-color-variants-j61,true,,missing_image_alt|script_count_high|image_alt_duplicate_on_page|image_missing_dimensions
https://triprindia.com/products/pack-of-3-men-plain-black-beige-maroon-waffle-shorts,200,product,true,indexable,true,https://triprindia.com/products/pack-of-3-men-plain-black-beige-maroon-waffle-shorts,https://triprindia.com/products/pack-of-3-men-plain-black-beige-maroon-waffle-shorts,true,,meta_description_length|script_count_high|image_alt_duplicate_on_page|image_missing_dimensions
https://triprindia.com/products/men-color-cuffed-jogger-pant-j63-grey,200,product,true,indexable,true,https://triprindia.com/products/men-color-cuffed-jogger-pant-j63-grey,https://triprindia.com/products/men-color-cuffed-jogger-pant-j63-grey,true,,meta_description_length|missing_image_alt|script_count_high|image_alt_duplicate_on_page|image_missing_dimensions
https://triprindia.com/products/men-color-cuffed-jogger-pant-j63-navy,200,product,true,indexable,true,https://triprindia.com/products/men-color-cuffed-jogger-pant-j63-navy,https://triprindia.com/products/men-color-cuffed-jogger-pant-j63-navy,true,,meta_description_length|missing_image_alt|script_count_high|image_alt_duplicate_on_page|image_missing_dimensions
https://triprindia.com/products/men-color-cuffed-jogger-pant-j63-olive-green,200,product,true,indexable,true,https://triprindia.com/products/men-color-cuffed-jogger-pant-j63-olive-green,https://triprindia.com/products/men-color-cuffed-jogger-pant-j63-olive-green,true,,meta_description_length|missing_image_alt|script_count_high|image_alt_duplicate_on_page|image_missing_dimensions
https://triprindia.com/products/men-color-cuffed-jogger-pant-j63-beige,200,product,true,indexable,true,https://triprindia.com/products/men-color-cuffed-jogger-pant-j63-beige,https://triprindia.com/products/men-color-cuffed-jogger-pant-j63-beige,true,,meta_description_length|missing_image_alt|script_count_high|image_alt_duplicate_on_page|image_missing_dimensions
https://triprindia.com/products/men-high-neck-quarter-zip-up-5-variants-sweatshirts-st162,200,product,true,indexable,true,https://triprindia.com/products/men-high-neck-quarter-zip-up-5-variants-sweatshirts-st162,https://triprindia.com/products/men-high-neck-quarter-zip-up-5-variants-sweatshirts-st162,true,,meta_description_length|missing_image_alt|script_count_high|large_image_url_width|image_alt_duplicate_on_page|image_missing_dimensions
https://triprindia.com/products/men-full-sleeve-high-neck-quarter-zip-5-variants-sweatshirt,200,product,true,indexable,true,https://triprindia.com/products/men-full-sleeve-high-neck-quarter-zip-5-variants-sweatshirt,https://triprindia.com/products/men-full-sleeve-high-neck-quarter-zip-5-variants-sweatshirt,true,,title_length|meta_description_length|missing_image_alt|script_count_high|large_image_url_width|image_alt_duplicate_on_page|image_missing_dimensions
https://triprindia.com/products/loose-fit-plain-baggy-cargo-j72-white,200,product,true,indexable,true,https://triprindia.com/products/loose-fit-plain-baggy-cargo-j72-white,https://triprindia.com/products/loose-fit-plain-baggy-cargo-j72-white,true,,meta_description_length|missing_image_alt|script_count_high|large_image_url_width|image_alt_duplicate_on_page|image_missing_dimensions
https://triprindia.com/products/loose-fit-plain-baggy-cargo-j72-olive-green,200,product,true,indexable,true,https://triprindia.com/products/loose-fit-plain-baggy-cargo-j72-olive-green,https://triprindia.com/products/loose-fit-plain-baggy-cargo-j72-olive-green,true,,meta_description_length|missing_image_alt|script_count_high|large_image_url_width|image_alt_duplicate_on_page|image_missing_dimensions
https://triprindia.com/products/loose-fit-plain-baggy-cargo-j72-black,200,product,true,indexable,true,https://triprindia.com/products/loose-fit-plain-baggy-cargo-j72-black,https://triprindia.com/products/loose-fit-plain-baggy-cargo-j72-black,true,,meta_description_length|missing_image_alt|script_count_high|large_image_url_width|image_alt_duplicate_on_page|image_missing_dimensions
https://triprindia.com/products/loose-fit-plain-baggy-cargo-j72-grey,200,product,true,indexable,true,https://triprindia.com/products/loose-fit-plain-baggy-cargo-j72-grey,https://triprindia.com/products/loose-fit-plain-baggy-cargo-j72-grey,true,,meta_description_length|missing_image_alt|script_count_high|large_image_url_width|image_alt_duplicate_on_page|image_missing_dimensions
https://triprindia.com/products/loose-fit-plain-baggy-cargo-j72-beige,200,product,true,indexable,true,https://triprindia.com/products/loose-fit-plain-baggy-cargo-j72-beige,https://triprindia.com/products/loose-fit-plain-baggy-cargo-j72-beige,true,,meta_description_length|missing_image_alt|script_count_high|large_image_url_width|image_alt_duplicate_on_page|image_missing_dimensions
https://triprindia.com/products/polo-fit-half-sleeve-zip-type-t-shirt-p46,200,product,true,indexable,true,https://triprindia.com/products/polo-fit-half-sleeve-zip-type-t-shirt-p46,https://triprindia.com/products/polo-fit-half-sleeve-zip-type-t-shirt-p46,true,,meta_description_length|script_count_high|large_image_url_width|image_alt_duplicate_on_page|image_missing_dimensions
https://triprindia.com/products/half-sleeve-polo-zip-type-white-contrast-collar-t-shirt-p45,200,product,true,indexable,true,https://triprindia.com/products/half-sleeve-polo-zip-type-white-contrast-collar-t-shirt-p45,https://triprindia.com/products/half-sleeve-polo-zip-type-white-contrast-collar-t-shirt-p45,true,,meta_description_length|script_count_high|large_image_url_width|image_alt_duplicate_on_page|image_missing_dimensions
https://triprindia.com/products/men-printed-hooded-casual-t-shirt-white-blue-d199,200,product,true,indexable,true,https://triprindia.com/products/men-printed-hooded-casual-t-shirt-white-blue-d199,https://triprindia.com/products/men-printed-hooded-casual-t-shirt-white-blue-d199,true,,title_length|meta_description_length|missing_image_alt|script_count_high|image_alt_duplicate_on_page|image_missing_dimensions
https://triprindia.com/products/men-printed-hooded-casual-t-shirt-white-d198,200,product,true,indexable,true,https://triprindia.com/products/men-printed-hooded-casual-t-shirt-white-d198,https://triprindia.com/products/men-printed-hooded-casual-t-shirt-white-d198,true,,meta_description_length|missing_image_alt|script_count_high|image_alt_duplicate_on_page|image_missing_dimensions
https://triprindia.com/products/track-suit-for-hi-printed-grey-half-sleeve-t-shirt-black-plain-track-pant,200,product,true,indexable,true,https://triprindia.com/products/track-suit-for-hi-printed-grey-half-sleeve-t-shirt-black-plain-track-pant,https://triprindia.com/products/track-suit-for-hi-printed-grey-half-sleeve-t-shirt-black-plain-track-pant,true,,title_length|meta_description_length|missing_image_alt|script_count_high|image_alt_duplicate_on_page|image_missing_dimensions
https://triprindia.com/products/track-suit-for-hi-printed-maroon-half-sleeve-t-shirt-black-plain-track-pant,200,product,true,indexable,true,https://triprindia.com/products/track-suit-for-hi-printed-maroon-half-sleeve-t-shirt-black-plain-track-pant,https://triprindia.com/products/track-suit-for-hi-printed-maroon-half-sleeve-t-shirt-black-plain-track-pant,true,,title_length|meta_description_length|missing_image_alt|script_count_high|image_alt_duplicate_on_page|image_missing_dimensions
https://triprindia.com/products/track-suit-for-hi-printed-olive-half-sleeve-t-shirt-black-plain-track-pant,200,product,true,indexable,true,https://triprindia.com/products/track-suit-for-hi-printed-olive-half-sleeve-t-shirt-black-plain-track-pant,https://triprindia.com/products/track-suit-for-hi-printed-olive-half-sleeve-t-shirt-black-plain-track-pant,true,,title_length|meta_description_length|missing_image_alt|script_count_high|image_alt_duplicate_on_page|image_missing_dimensions
https://triprindia.com/products/track-suit-for-hi-printed-black-half-sleeve-t-shirt-grey-plain-track-pant,200,product,true,indexable,true,https://triprindia.com/products/track-suit-for-hi-printed-black-half-sleeve-t-shirt-grey-plain-track-pant,https://triprindia.com/products/track-suit-for-hi-printed-black-half-sleeve-t-shirt-grey-plain-track-pant,true,,title_length|meta_description_length|missing_image_alt|script_count_high|image_alt_duplicate_on_page|image_missing_dimensions
https://triprindia.com/products/track-suit-for-hi-printed-maroon-half-sleeve-t-shirt-grey-plain-track-pant,200,product,true,indexable,true,https://triprindia.com/products/track-suit-for-hi-printed-maroon-half-sleeve-t-shirt-grey-plain-track-pant,https://triprindia.com/products/track-suit-for-hi-printed-maroon-half-sleeve-t-shirt-grey-plain-track-pant,true,,title_length|meta_description_length|missing_image_alt|script_count_high|image_alt_duplicate_on_page|image_missing_dimensions
https://triprindia.com/products/black-half-sleeve-printed-tshirts-track-pants-matching-outfits,200,product,true,indexable,true,https://triprindia.com/products/black-half-sleeve-printed-tshirts-track-pants-matching-outfits,https://triprindia.com/products/black-half-sleeve-printed-tshirts-track-pants-matching-outfits,true,,title_length|meta_description_length|missing_image_alt|html_size_large|script_count_high|image_alt_duplicate_on_page|image_missing_dimensions
https://triprindia.com/products/trendy-hi-printed-boys-half-sleeve-t-shirt-maroon,200,product,true,indexable,true,https://triprindia.com/products/trendy-hi-printed-boys-half-sleeve-t-shirt-maroon,https://triprindia.com/products/trendy-hi-printed-boys-half-sleeve-t-shirt-maroon,true,,title_length|meta_description_length|missing_image_alt|script_count_high|image_alt_duplicate_on_page|image_missing_dimensions
https://triprindia.com/products/track-suit-for-men-dual-color-beige-t-shirt-with-plain-black-matching-track-pant-z137,200,product,true,indexable,true,https://triprindia.com/products/track-suit-for-men-dual-color-beige-t-shirt-with-plain-black-matching-track-pant-z137,https://triprindia.com/products/track-suit-for-men-dual-color-beige-t-shirt-with-plain-black-matching-track-pant-z137,true,,title_length|meta_description_length|missing_image_alt|html_size_large|script_count_high|image_count_high|large_image_url_width|image_alt_duplicate_on_page|image_missing_dimensions
https://triprindia.com/products/men-over-all-printed-hooded-full-sleeve-casual-t-shirt-black-d187,200,product,true,indexable,true,https://triprindia.com/products/men-over-all-printed-hooded-full-sleeve-casual-t-shirt-black-d187,https://triprindia.com/products/men-over-all-printed-hooded-full-sleeve-casual-t-shirt-black-d187,true,,meta_description_length|missing_image_alt|script_count_high|image_alt_duplicate_on_page|image_missing_dimensions
https://triprindia.com/products/men-over-all-printed-hooded-full-sleeve-casual-t-shirt-black-d175,200,product,true,indexable,true,https://triprindia.com/products/men-over-all-printed-hooded-full-sleeve-casual-t-shirt-black-d175,https://triprindia.com/products/men-over-all-printed-hooded-full-sleeve-casual-t-shirt-black-d175,true,,title_length|meta_description_length|missing_image_alt|script_count_high|image_alt_duplicate_on_page|image_missing_dimensions
https://triprindia.com/products/men-over-all-printed-hooded-full-sleeve-casual-t-shirt-black-brown-d202,200,product,true,indexable,true,https://triprindia.com/products/men-over-all-printed-hooded-full-sleeve-casual-t-shirt-black-brown-d202,https://triprindia.com/products/men-over-all-printed-hooded-full-sleeve-casual-t-shirt-black-brown-d202,true,,title_length|meta_description_length|missing_image_alt|script_count_high|image_alt_duplicate_on_page|image_missing_dimensions
https://triprindia.com/products/men-s-olivegreen-trackpant-with-white-side-stripes-j74,200,product,true,indexable,true,https://triprindia.com/products/men-s-olivegreen-trackpant-with-white-side-stripes-j74,https://triprindia.com/products/men-s-olivegreen-trackpant-with-white-side-stripes-j74,true,,meta_description_length|missing_image_alt|script_count_high|image_alt_duplicate_on_page|image_missing_dimensions
https://triprindia.com/products/men-solid-color-blocked-white-grey-trackpant-j75,200,product,true,indexable,true,https://triprindia.com/products/men-solid-color-blocked-white-grey-trackpant-j75,https://triprindia.com/products/men-solid-color-blocked-white-grey-trackpant-j75,true,,meta_description_length|missing_image_alt|script_count_high|large_image_url_width|image_alt_duplicate_on_page|image_missing_dimensions
https://triprindia.com/products/6-pockets-cargo-jogger-color-blocked-white-grey,200,product,true,indexable,true,https://triprindia.com/products/6-pockets-cargo-jogger-color-blocked-white-grey,https://triprindia.com/products/6-pockets-cargo-jogger-color-blocked-white-grey,true,,meta_description_length|missing_image_alt|script_count_high|large_image_url_width|image_alt_duplicate_on_page|image_missing_dimensions
