url,requestedUrl,redirected,redirectCount,status,pageType,title,description,canonical,robots,indexable,indexabilityStatus,canonicalTarget,canonicalSelfReferencing,h1,h1Count,wordCount,htmlSizeKb,domElementCount,scriptCount,externalScriptCount,thirdPartyScriptCount,shopifyAppScriptCount,stylesheetCount,renderBlockingStylesheetCount,largeImageUrlCount,primaryImageFetchPriority,primaryImageLazy,images,missingAltImages,links,schemaTypes,isShopify,detectedApps,issues
https://triprindia.com/,https://triprindia.com/,false,0,200,home,TRIPR - The Power of Fashion,"TRIPR is an online fashion portal which offers stylish and trendy clothing for men. We provide the customers with a wide range of designer wear, branded clothes, t-shirts, tops, jeans, shorts, jackets & coats for men at unbeat . Imagine the next level of fashion from the latest men’s fashion clothing collections.",https://triprindia.com/,,true,indexable,https://triprindia.com/,true,TRIPR|Men Half Sleeve Typography Printed Tshirts,2,2344,1029,4534,40,11,1,1,4,2,410,high,false,20,17,60,ProductGroup,true,JudgeMe,meta_description_length|multiple_h1|missing_image_alt|html_size_large|dom_size_large|script_count_high|image_count_high|large_image_url_width|missing_expected_schema|image_alt_duplicate_on_page|image_missing_dimensions
https://triprindia.com/products/tripr-mens-printed-vest-joker,https://triprindia.com/products/tripr-mens-printed-vest-joker,false,0,200,product,Joker Printed Vest for Men Online – TRIPR,"Sleeveless Printed Black Vest, Very Comfortable to wear. Shop Now",https://triprindia.com/products/tripr-mens-printed-vest-joker,,true,indexable,https://triprindia.com/products/tripr-mens-printed-vest-joker,true,Men's Printed Tank Top Joker vest,1,1075,273,1159,41,11,1,1,4,2,6,high,false,17,6,46,ProductGroup|FAQPage,true,JudgeMe,meta_description_length|missing_image_alt|serp_product_description_missing_detail|script_count_high|image_alt_duplicate_on_page|image_missing_dimensions
https://triprindia.com/products/tripr-mens-printed-vest-hangover,https://triprindia.com/products/tripr-mens-printed-vest-hangover,false,0,200,product,Buy Men Printed Navy Blue Tank Top Vest Online – TRIPR,Buy TRIPR Vest - Sleeveless Printed Navy Blue Design with 87% Off - Clearance Sale Discount. Very Comfortable to wear. Shop Now,https://triprindia.com/products/tripr-mens-printed-vest-hangover,,true,indexable,https://triprindia.com/products/tripr-mens-printed-vest-hangover,true,Men Printed Navy Blue Tank Top Hangover Vest,1,1086,274,1157,41,11,1,1,4,2,6,high,false,17,6,46,ProductGroup|FAQPage,true,JudgeMe,missing_image_alt|serp_product_description_missing_detail|script_count_high|image_alt_duplicate_on_page|image_missing_dimensions
https://triprindia.com/products/tripr-mens-printed-vest-1,https://triprindia.com/products/tripr-mens-printed-vest-1,false,0,200,product,Buy Men Printed Grey Tank Top Vest Online – TRIPR,Buy TRIPR Vest - Tank Top Printed Grey Design with 87% Off - Clearance Sale Discount. Very Comfortable to wear. Shop Now,https://triprindia.com/products/tripr-mens-printed-vest-1,,true,indexable,https://triprindia.com/products/tripr-mens-printed-vest-1,true,Men Printed Grey Tank Top Vest,1,1084,274,1161,41,11,1,1,4,2,6,high,false,17,6,45,ProductGroup|FAQPage,true,JudgeMe,missing_image_alt|serp_product_description_missing_detail|script_count_high|image_alt_duplicate_on_page|image_missing_dimensions
https://triprindia.com/products/tripr-mens-printed-vest-2,https://triprindia.com/products/tripr-mens-printed-vest-2,false,0,200,product,Buy Men Printed Black Tank Top Vest Online – TRIPR,Buy TRIPR Vest - Tank Top Printed Black Vest with 87% Off - Online Clearance Sale Discount. Very Comfortable to wear. Shop Now,https://triprindia.com/products/tripr-mens-printed-vest-2,,true,indexable,https://triprindia.com/products/tripr-mens-printed-vest-2,true,Men Printed Black Tank Top Vest,1,1071,272,1154,41,11,1,1,4,2,6,high,false,17,6,46,ProductGroup|FAQPage,true,JudgeMe,missing_image_alt|serp_product_description_missing_detail|script_count_high|image_alt_duplicate_on_page|image_missing_dimensions
https://triprindia.com/products/tripr-mens-printed-vest-3,https://triprindia.com/products/tripr-mens-printed-vest-3,false,0,200,product,Men Printed Grey Tank Top Vest Online – TRIPR,"Tank Top Printed Grey Vest. Absorbs Sweats Easily, Very Comfortable to wear, Ideal For All Activities. Shop Now",https://triprindia.com/products/tripr-mens-printed-vest-3,,true,indexable,https://triprindia.com/products/tripr-mens-printed-vest-3,true,Men Printed Grey Tank Top Vest,1,1084,273,1161,41,11,1,1,4,2,6,high,false,17,6,46,ProductGroup|FAQPage,true,JudgeMe,missing_image_alt|serp_product_description_missing_detail|script_count_high|image_alt_duplicate_on_page|image_missing_dimensions
https://triprindia.com/products/tripr-mens-short-2,https://triprindia.com/products/tripr-mens-short-2,false,0,200,product,Buy Men's Shorts At ₹199 | Color block Regular Short Online – TRIPR,"Buy Men's Colorblock Black Shorts Online at 199 Rs. Suitable for Workout, Gym, Cycling and other summer Sports Activities.",https://triprindia.com/products/tripr-mens-short-2,,true,indexable,https://triprindia.com/products/tripr-mens-short-2,true,Men's Black Color block Regular Short,1,1141,265,1174,41,11,1,1,4,2,0,high,false,11,5,48,ProductGroup|FAQPage,true,JudgeMe,title_length|script_count_high|image_alt_duplicate_on_page|image_missing_dimensions
https://triprindia.com/products/mens-shorts-under-200-color-block-grey,https://triprindia.com/products/mens-shorts-under-200-color-block-grey,false,0,200,product,Men's Shorts Under ₹200 – TRIPR,"Men's Shorts Online at 199 Rs. Suitable for Workout, Gym, Cycling and other summer Sports Activities.",https://triprindia.com/products/mens-shorts-under-200-color-block-grey,,true,indexable,https://triprindia.com/products/mens-shorts-under-200-color-block-grey,true,Men's Grey Colorblock Drawstring Regular Short,1,1096,261,1130,41,11,1,1,4,2,0,high,false,11,5,46,ProductGroup|FAQPage,true,JudgeMe,serp_title_h1_mismatch|serp_product_description_missing_detail|script_count_high|image_alt_duplicate_on_page|image_missing_dimensions
https://triprindia.com/products/tripr-printed-men-black-regular-shorts,https://triprindia.com/products/tripr-printed-men-black-regular-shorts,false,0,200,product,Buy Men Black Printed Regular Shorts Online - 78% Off – TRIPR,"Buy Men's Printed Black Shorts Online at 199 Rs. Suitable for Workout, Gym, Cycling and other summer Sports Activities.",https://triprindia.com/products/tripr-printed-men-black-regular-shorts,,true,indexable,https://triprindia.com/products/tripr-printed-men-black-regular-shorts,true,Men Black Printed Regular Shorts,1,1104,270,1151,41,11,1,1,4,2,6,high,false,17,5,46,ProductGroup|FAQPage,true,JudgeMe,serp_product_description_missing_detail|script_count_high|image_alt_duplicate_on_page|image_missing_dimensions
https://triprindia.com/products/tripr-printed-men-blue-regular-shorts,https://triprindia.com/products/tripr-printed-men-blue-regular-shorts,false,0,200,product,Buy Men Blue Printed Regular Shorts Online - 78% Off – TRIPR,"Buy Men's Printed Navy Blue Shorts Online at 199 Rs. Suitable for Running, Gym, Cycling and other summer Activities.",https://triprindia.com/products/tripr-printed-men-blue-regular-shorts,,true,indexable,https://triprindia.com/products/tripr-printed-men-blue-regular-shorts,true,Men Blue Printed Regular Shorts,1,1104,270,1151,41,11,1,1,4,2,6,high,false,17,5,46,ProductGroup|FAQPage,true,JudgeMe,serp_product_description_missing_detail|script_count_high|image_alt_duplicate_on_page|image_missing_dimensions
https://triprindia.com/products/men-red-printed-shorts,https://triprindia.com/products/men-red-printed-shorts,false,0,200,product,Buy Men Red Printed Regular Shorts Online - 78% Off – TRIPR,Buy Men's Printed Red Shorts Online at 199 Rs. Suitable for Athletic sports and other summer Sports Activities.,https://triprindia.com/products/men-red-printed-shorts,,true,indexable,https://triprindia.com/products/men-red-printed-shorts,true,Men Red Printed Regular Shorts,1,1104,269,1152,41,11,1,1,4,2,6,high,false,17,5,46,ProductGroup|FAQPage,true,JudgeMe,serp_product_description_missing_detail|script_count_high|image_alt_duplicate_on_page|image_missing_dimensions
https://triprindia.com/products/tripr-full-sleeve-men-travel-hoodie-jacket-black-grey,https://triprindia.com/products/tripr-full-sleeve-men-travel-hoodie-jacket-black-grey,false,0,200,product,Buy Travel Hoodie - Full Sleeve Unisex Jackets Online – TRIPR,"Buy Travel Hoodie - Full Sleeve Unisex Jackets Online, Multi Utility Jacket at an affordable price",https://triprindia.com/products/tripr-full-sleeve-men-travel-hoodie-jacket-black-grey,,true,indexable,https://triprindia.com/products/tripr-full-sleeve-men-travel-hoodie-jacket-black-grey,true,Travel Hoodie - Full Sleeve Unisex Jackets,1,1187,457,1336,41,11,1,1,4,2,1,high,false,20,4,46,ProductGroup|FAQPage,true,JudgeMe,missing_image_alt|script_count_high|image_count_high|image_alt_duplicate_on_page|image_missing_dimensions
https://triprindia.com/products/black-printed-men-vest,https://triprindia.com/products/black-printed-men-vest,false,0,200,product,Buy Men Sleeveless Abstract Printed Black Vest Online – TRIPR,"Buy TRIPR Men's Vest - Sleeveless Printed Black Vest with 87% Off - Online Clearance Sale Offer. Absorbs Sweats Easily, Very Comfortable to wear, Ideal For All Activities. Shop Now",https://triprindia.com/products/black-printed-men-vest,,true,indexable,https://triprindia.com/products/black-printed-men-vest,true,Men Sleeveless Abstract Printed Black Vest,1,1070,268,1146,41,11,1,1,4,2,6,high,false,17,6,46,ProductGroup|FAQPage,true,JudgeMe,meta_description_length|missing_image_alt|serp_product_description_missing_detail|script_count_high|image_alt_duplicate_on_page|image_missing_dimensions
https://triprindia.com/products/dark-blue-men-vest,https://triprindia.com/products/dark-blue-men-vest,false,0,200,product,Men Abstact Printed Sleeveless Dark Blue Vest – TRIPR,"Buy this printed Black sleeveless vest from Tripr India. Designed in fabulous print, this is a very comfortable vest and looks super stylish and perfect for summers. Our entire collection of vests are made of superior quality fabric which makes them soft and comfortable to wear.",https://triprindia.com/products/dark-blue-men-vest,,true,indexable,https://triprindia.com/products/dark-blue-men-vest,true,Men Abstact Printed Sleeveless Dark Blue Vest,1,1086,269,1150,41,11,1,1,4,2,6,high,false,17,6,46,ProductGroup|FAQPage,true,JudgeMe,meta_description_length|missing_image_alt|script_count_high|image_alt_duplicate_on_page|image_missing_dimensions
https://triprindia.com/products/grey-printed-men-vest,https://triprindia.com/products/grey-printed-men-vest,false,0,200,product,Buy Men Sleeveless Printed Grey Vest Online – TRIPR,"Buy TRIPR Vest - Sleeveless Printed Grey Vest with 87% Off - Online Clearance Sale Discount. Absorbs Sweats Easily, Very Comfortable to wear, Ideal For All Activities. Shop Now",https://triprindia.com/products/grey-printed-men-vest,,true,indexable,https://triprindia.com/products/grey-printed-men-vest,true,Men Sleeveless Abstract Grey Printed Vest,1,1088,268,1150,41,11,1,1,4,2,6,high,false,17,6,46,ProductGroup|FAQPage,true,JudgeMe,meta_description_length|missing_image_alt|serp_product_description_missing_detail|script_count_high|image_alt_duplicate_on_page|image_missing_dimensions
https://triprindia.com/products/red-printed-men-vest,https://triprindia.com/products/red-printed-men-vest,false,0,200,product,Buy Men Red Sleeveless Vest Online - 87% Off – TRIPR,"Buy TRIPR men's Vest - Tank Top Printed Red Vest with 87% Off - Online Clearance Sale Discount. Absorbs Sweats Easily, Very Comfortable wear, Ideal For All Activities. Shop Now",https://triprindia.com/products/red-printed-men-vest,,true,indexable,https://triprindia.com/products/red-printed-men-vest,true,Men Red Sleeveless Abstract Printed,1,1084,269,1151,41,11,1,1,4,2,6,high,false,17,6,46,ProductGroup|FAQPage,true,JudgeMe,meta_description_length|missing_image_alt|serp_product_description_missing_detail|script_count_high|image_alt_duplicate_on_page|image_missing_dimensions
https://triprindia.com/products/tripr-men-vest-pack-of-2-black-grey,https://triprindia.com/products/tripr-men-vest-pack-of-2-black-grey,false,0,200,product,(Pack of 2) Men Printed Vests 13 Variants – TRIPR,"With Summers reaching to its peak, we understand you need clothes which are comfortable and soothing. Buy this pack of 2 printed Vests for men from Tripr India. You can buy best vests for men at our website at lowest prices. Our men's vests are made of best quality cotton blend fabric which is extremely soft and comfor",https://triprindia.com/products/tripr-men-vest-pack-of-2-black-grey,,true,indexable,https://triprindia.com/products/tripr-men-vest-pack-of-2-black-grey,true,(Pack of 2) Men Printed Vests 13 Variants,1,1110,480,1293,41,11,1,1,4,2,13,high,false,20,4,46,ProductGroup|FAQPage,true,JudgeMe,meta_description_length|missing_image_alt|script_count_high|large_image_url_width|image_alt_duplicate_on_page|image_missing_dimensions
https://triprindia.com/products/tripr-men-vest-black,https://triprindia.com/products/tripr-men-vest-black,false,0,200,product,Buy Stylish Men Sleeveless Black Printed Vest Online – TRIPR,"Buy TRIPR Men's Vest - Sleeveless Printed Black Vest with 87% Off - Online Clearance Sale Discount. Absorbs Sweats Easily, Very Soft to Wear, Ideal For All Activities. Shop Now",https://triprindia.com/products/tripr-men-vest-black,,true,indexable,https://triprindia.com/products/tripr-men-vest-black,true,Men Sleeveless Black Printed Vest,1,1058,269,1146,41,11,1,1,4,2,6,high,false,17,6,46,ProductGroup|FAQPage,true,JudgeMe,meta_description_length|missing_image_alt|serp_product_description_missing_detail|script_count_high|image_alt_duplicate_on_page|image_missing_dimensions
https://triprindia.com/products/tripr-men-vest-green,https://triprindia.com/products/tripr-men-vest-green,false,0,200,product,Buy Men Sleeveless Olive Green Printed Vest Online - 87% Off – TRIPR,"Buy TRIPR Men's Printed Vest - Sleeveless Printed Olive Green Vest with 87% Off - Online Clearance Sale Discount. Absorbs Sweats Easily, Very Soft to wear, Ideal For All Activities. Shop Now",https://triprindia.com/products/tripr-men-vest-green,,true,indexable,https://triprindia.com/products/tripr-men-vest-green,true,Men Sleeveless Olive Green Printed Vest,1,1088,270,1158,41,11,1,1,4,2,6,high,false,17,6,46,ProductGroup|FAQPage,true,JudgeMe,title_length|meta_description_length|missing_image_alt|serp_product_description_missing_detail|script_count_high|image_alt_duplicate_on_page|image_missing_dimensions
https://triprindia.com/products/tripr-men-vest-navy-blue,https://triprindia.com/products/tripr-men-vest-navy-blue,false,0,200,product,Buy Men Sleeveless Navy Blue Printed Vest Online - 87% Off – TRIPR,"Buy TRIPR Men's Printed Vest - Sleeveless Printed Design Navy blue Vest with 87% Off - Online Clearance Sale Discount. Absorbs Sweats Easily, Very Soft to wear, Ideal For All Activities. Shop Now",https://triprindia.com/products/tripr-men-vest-navy-blue,,true,indexable,https://triprindia.com/products/tripr-men-vest-navy-blue,true,Men Sleeveless Navy Blue Printed Vest,1,1088,270,1155,41,11,1,1,4,2,6,high,false,17,6,45,ProductGroup|FAQPage,true,JudgeMe,title_length|meta_description_length|missing_image_alt|serp_product_description_missing_detail|script_count_high|image_alt_duplicate_on_page|image_missing_dimensions
https://triprindia.com/products/tripr-men-vest-grey-1,https://triprindia.com/products/tripr-men-vest-grey-1,false,0,200,product,Buy Men Sleeveless Printed Grey Vest Online – TRIPR,"Buy TRIPR Men's Printed Vest - Sleeveless Printed Grey Vest with 87% Off - Online Clearance Sale Discount. Absorbs Summer Sweats Easily & Keep You cool, Very Soft to wear, Ideal For All Activities. Shop Now",https://triprindia.com/products/tripr-men-vest-grey-1,,true,indexable,https://triprindia.com/products/tripr-men-vest-grey-1,true,Men Sleeveless Men Printed Grey Vest,1,1081,269,1149,41,11,1,1,4,2,6,high,false,17,6,46,ProductGroup|FAQPage,true,JudgeMe,meta_description_length|missing_image_alt|serp_product_description_missing_detail|script_count_high|image_alt_duplicate_on_page|image_missing_dimensions
https://triprindia.com/products/tripr-solid-with-bottom-cuffed-men-maroon-track-pant,https://triprindia.com/products/tripr-solid-with-bottom-cuffed-men-maroon-track-pant,false,0,200,product,Solid Men Maroon Track Pants – TRIPR,Product Description: Solid Men's Maroon Track Pants is classic and forever in fashion. Wear it for enhanced workout or sports session as it is made of premium quality cotton blend fabric and allows maximum body movements while workouts. Buy it exclusively from Tripr India website. Fabric Care : Cotton Blend 170-180 gsm,https://triprindia.com/products/tripr-solid-with-bottom-cuffed-men-maroon-track-pant,,true,indexable,https://triprindia.com/products/tripr-solid-with-bottom-cuffed-men-maroon-track-pant,true,Solid Men Maroon Track Pants,1,1097,263,1139,41,11,1,1,4,2,4,high,false,13,6,46,ProductGroup|FAQPage,true,JudgeMe,meta_description_length|missing_image_alt|script_count_high|image_alt_duplicate_on_page|image_missing_dimensions
https://triprindia.com/products/mens-beach-shorts-printed-black,https://triprindia.com/products/mens-beach-shorts-printed-black,false,0,200,product,Buy Beach Shorts For Men | Black Printed Beach Shorts Online – TRIPR,Buy Black Beach men's Shorts Online with 86% CLEARANCE SALE OFFER! At ₹199. Drawstring Elastic Waist with Pockets Shorts For Outdoor Fun Games - Made of Breathable Soft Cotton-Polyester blend and Enjoy✓Fastest Delivery,https://triprindia.com/products/mens-beach-shorts-printed-black,,true,indexable,https://triprindia.com/products/mens-beach-shorts-printed-black,true,Printed Men Black Regular Shorts,1,1124,271,1151,41,11,1,1,4,2,6,high,false,17,5,46,ProductGroup|FAQPage,true,JudgeMe,title_length|meta_description_length|serp_boilerplate_meta_description|script_count_high|image_alt_duplicate_on_page|image_missing_dimensions
https://triprindia.com/products/mens-beach-shorts-printed-grey,https://triprindia.com/products/mens-beach-shorts-printed-grey,false,0,200,product,Buy Beach Shorts For Men | Grey Printed Beach Shorts Online – TRIPR,Buy Grey Beach men's Shorts Online with 86% CLEARANCE SALE OFFER! At ₹199. Drawstring Elastic Waist with Pockets Shorts For Fun Outdoor Games - Made of Breathable Soft Cotton-Polyester blend and Enjoy✓Fastest Delivery,https://triprindia.com/products/mens-beach-shorts-printed-grey,,true,indexable,https://triprindia.com/products/mens-beach-shorts-printed-grey,true,Printed Men Grey Regular Shorts,1,1114,271,1151,41,11,1,1,4,2,6,high,false,17,5,46,ProductGroup|FAQPage,true,JudgeMe,title_length|meta_description_length|serp_boilerplate_meta_description|script_count_high|image_alt_duplicate_on_page|image_missing_dimensions
https://triprindia.com/products/olive-green-mens-shorts-printed,https://triprindia.com/products/olive-green-mens-shorts-printed,false,0,200,product,Buy Men Shorts | Olive Green Printed Shorts For Men Online – TRIPR,Buy Olive Green Printed men's Shorts Online with 78% Clearance Sale Off at ₹199. A Cotton Blend Summer Shorts for lowest price from TRIPR India and enjoy✓Fastest Delivery,https://triprindia.com/products/olive-green-mens-shorts-printed,,true,indexable,https://triprindia.com/products/olive-green-mens-shorts-printed,true,Men Olive Green Printed Regular Shorts,1,1115,271,1149,41,11,1,1,4,2,6,high,false,17,5,46,ProductGroup|FAQPage,true,JudgeMe,title_length|meta_description_length|serp_boilerplate_meta_description|script_count_high|image_alt_duplicate_on_page|image_missing_dimensions
https://triprindia.com/products/mens-outdoor-shorts-red-printed,https://triprindia.com/products/mens-outdoor-shorts-red-printed,false,0,200,product,Buy Outdoor Shorts For Men Online – TRIPR,Buy Red Outdoor men's Shorts Online with 86% Off. Drawstring Elastic Waist with Pockets Shorts For Outings - Made of Breathable Soft Cotton-Polyester blend and Enjoy✓Fastest Delivery,https://triprindia.com/products/mens-outdoor-shorts-red-printed,,true,indexable,https://triprindia.com/products/mens-outdoor-shorts-red-printed,true,Men Red Design Printed Regular Shorts,1,1110,271,1151,41,11,1,1,4,2,6,high,false,17,5,46,ProductGroup|FAQPage,true,JudgeMe,meta_description_length|serp_title_h1_mismatch|serp_boilerplate_meta_description|script_count_high|image_alt_duplicate_on_page|image_missing_dimensions
https://triprindia.com/products/tripr-men-vest-combo-of-black-white-olive-green,https://triprindia.com/products/tripr-men-vest-combo-of-black-white-olive-green,false,0,200,product,Men Believer Printed Vest (Pack of 3) | black - grey- green – TRIPR,"With Summers reaching to its peak, we understand you need clothes which are comfortable and soothing. Buy this pack of 3 printed Tank Tops for men in Green, White and Black from Tripr India. You can buy best Tank Tops for men at our website at lowest prices. Our tank tops are made of best quality cotton blend fabric wh",https://triprindia.com/products/tripr-men-vest-combo-of-black-white-olive-green,,true,indexable,https://triprindia.com/products/tripr-men-vest-combo-of-black-white-olive-green,true,Men Believer Printed Vest (Pack of 3) | black - grey- green,1,1109,275,1153,41,11,1,1,4,2,6,high,false,17,6,46,ProductGroup|FAQPage,true,JudgeMe,title_length|meta_description_length|missing_image_alt|script_count_high|image_alt_duplicate_on_page|image_missing_dimensions
https://triprindia.com/products/tripr-men-vest-combo-of-black-navyblue-olive-green,https://triprindia.com/products/tripr-men-vest-combo-of-black-navyblue-olive-green,false,0,200,product,Men Printed Vest (Pack of 3) – TRIPR,"With Summers reaching to its peak, we understand you need clothes which are comfortable and soothing. Buy this pack of 3 printed Tank Tops for men in Green, Black and Blue from Tripr India. You can buy best Tank Tops for men at our website at lowest prices. Our tank tops are made of best quality cotton blend fabric whi",https://triprindia.com/products/tripr-men-vest-combo-of-black-navyblue-olive-green,,true,indexable,https://triprindia.com/products/tripr-men-vest-combo-of-black-navyblue-olive-green,true,Men Printed Vest (Pack of 3),1,1103,275,1158,41,11,1,1,4,2,6,high,false,17,6,46,ProductGroup|FAQPage,true,JudgeMe,meta_description_length|missing_image_alt|script_count_high|image_alt_duplicate_on_page|image_missing_dimensions
https://triprindia.com/products/tripr-men-vest-combo-of-black-red-navyblue,https://triprindia.com/products/tripr-men-vest-combo-of-black-red-navyblue,false,0,200,product,(Pack of 3) Men Abstract Prited Vest – TRIPR,"With Summers reaching to its peak, we understand you need clothes which are comfortable and soothing. Buy this pack of 3 printed Tank Tops for men in Red, Black and Blue from Tripr India. You can buy best Tank Tops for men at our website at lowest prices. Our tank tops are made of best quality cotton blend fabric which",https://triprindia.com/products/tripr-men-vest-combo-of-black-red-navyblue,,true,indexable,https://triprindia.com/products/tripr-men-vest-combo-of-black-red-navyblue,true,(Pack of 3) Men Abstract Prited Vest,1,1099,273,1153,41,11,1,1,4,2,6,high,false,17,6,46,ProductGroup|FAQPage,true,JudgeMe,meta_description_length|missing_image_alt|script_count_high|image_alt_duplicate_on_page|image_missing_dimensions
https://triprindia.com/products/printed-vest-combo-pack-of-3-for-men,https://triprindia.com/products/printed-vest-combo-pack-of-3-for-men,false,0,200,product,(Pack of 3) Multicolor Men Printed Vest – TRIPR,"With Summers reaching to its peak, we understand you need clothes which are comfortable and soothing. Buy this pack of 3 printed Tank Tops for men in Red, Grey and Blue from Tripr India. You can buy best Tank Tops for men at our website at lowest prices. Our tank tops are made of best quality cotton blend fabric which",https://triprindia.com/products/printed-vest-combo-pack-of-3-for-men,,true,indexable,https://triprindia.com/products/printed-vest-combo-pack-of-3-for-men,true,(Pack of 3) Multicolor Men Printed Vest,1,1102,272,1154,41,11,1,1,4,2,6,high,false,17,6,46,ProductGroup|FAQPage,true,JudgeMe,meta_description_length|missing_image_alt|script_count_high|image_alt_duplicate_on_page|image_missing_dimensions
https://triprindia.com/products/tripr-solid-men-black-grey-track-pants-3,https://triprindia.com/products/tripr-solid-men-black-grey-track-pants-3,false,0,200,product,Mens Plain Cuffed Jogger Black & Grey Trackpants – TRIPR,"Product Description: Perfect Fit: Elastic waistband with adjustable drawstrings for a customized fit. Practical Details: Includes spacious side pockets for convenience and functionality. Versatile Wear: Ideal for workouts, casual outings, or lounging at home. Size Range: Available in sizes S to 2XL, catering to a varie",https://triprindia.com/products/tripr-solid-men-black-grey-track-pants-3,,true,indexable,https://triprindia.com/products/tripr-solid-men-black-grey-track-pants-3,true,Mens Plain Cuffed Jogger Black & Grey Trackpants,1,1122,268,1167,41,11,1,1,4,2,4,high,false,13,6,46,ProductGroup|FAQPage,true,JudgeMe,meta_description_length|missing_image_alt|script_count_high|image_alt_duplicate_on_page|image_missing_dimensions
https://triprindia.com/products/full-sleeve-black-travel-jacket,https://triprindia.com/products/full-sleeve-black-travel-jacket,false,0,200,product,Full Sleeve Black Unisex Travel Jacket – TRIPR,"This Unisex Black Travel Jacket has 16 pockets, like one pocket each to carry a passport, phone, wallet, iPad, or mini tablet: sunglasses, earplugs, a pen, charger and much more stuff. This will become your new travel BFF owing to its light weight while keeping you most comfortable. Fabric &amp; Care: 100% Cotton 320 G",https://triprindia.com/products/full-sleeve-black-travel-jacket,,true,indexable,https://triprindia.com/products/full-sleeve-black-travel-jacket,true,Full Sleeve Black Unisex Travel Jacket,1,1097,278,1158,41,11,1,1,4,2,0,high,false,15,6,46,ProductGroup|FAQPage,true,JudgeMe,meta_description_length|missing_image_alt|script_count_high|image_alt_duplicate_on_page|image_missing_dimensions
https://triprindia.com/products/full-sleeve-maroon-unisex-travel-jacket,https://triprindia.com/products/full-sleeve-maroon-unisex-travel-jacket,false,0,200,product,Maroon Unisex Travel Jacket – TRIPR,"Shop this Maroon Travel Jacket, which has 16 pockets, like one pocket each to carry a passport, phone, wallet, iPad, or mini tablet: sunglasses, earplugs, a pen, charger and much more stuff. This will become your new travel BFF owing to its light weight while keeping you most comfortable. Fabric &amp; Care: 100% Cotton",https://triprindia.com/products/full-sleeve-maroon-unisex-travel-jacket,,true,indexable,https://triprindia.com/products/full-sleeve-maroon-unisex-travel-jacket,true,Maroon Unisex Travel Jacket,1,1092,278,1160,41,11,1,1,4,2,0,high,false,15,6,46,ProductGroup|FAQPage,true,JudgeMe,meta_description_length|missing_image_alt|script_count_high|image_alt_duplicate_on_page|image_missing_dimensions
https://triprindia.com/products/full-sleeve-olive-unisex-travel-jacket,https://triprindia.com/products/full-sleeve-olive-unisex-travel-jacket,false,0,200,product,Full Sleeve Olive Unisex Travel Jacket – TRIPR,"Shop the Best Unisex Travel Jacket in Olive colour. Made to withstand backpack rubbing and rough handling during long travelling. Our zip-up Travel Jacket has 16 in-built pockets to keep different travel essential stuff. Three pockets are waterproof where you can keep your smartphone, passport, and power bank. Light in",https://triprindia.com/products/full-sleeve-olive-unisex-travel-jacket,,true,indexable,https://triprindia.com/products/full-sleeve-olive-unisex-travel-jacket,true,Full Sleeve Olive Unisex Travel Jacket,1,1107,279,1164,41,11,1,1,4,2,0,high,false,15,6,46,ProductGroup|FAQPage,true,JudgeMe,meta_description_length|missing_image_alt|script_count_high|image_alt_duplicate_on_page|image_missing_dimensions
https://triprindia.com/products/full-sleeve-navy-blue-unisex-travel-jacket,https://triprindia.com/products/full-sleeve-navy-blue-unisex-travel-jacket,false,0,200,product,Travel Hoodie | Full Sleeve Navy Blue – TRIPR,"Get now this super stylish and highly functional Navy Blue Unisex Travel Hoodie. We have designed this Hoodie so that you can travel the world with peace of mind. One jacket built with 16 pockets one each to keep different stuff like phone, charger, sunglasses and more.  Fabric &amp; Care: 100% Cotton 320 GSM fabric.Sh",https://triprindia.com/products/full-sleeve-navy-blue-unisex-travel-jacket,,true,indexable,https://triprindia.com/products/full-sleeve-navy-blue-unisex-travel-jacket,true,Travel Hoodie | Full Sleeve Navy Blue,1,1096,286,1173,41,11,1,1,4,2,0,high,false,19,6,46,ProductGroup|FAQPage,true,JudgeMe,meta_description_length|missing_image_alt|script_count_high|image_alt_duplicate_on_page|image_missing_dimensions
https://triprindia.com/products/full-sleeve-grey-unisex-travel-jacket,https://triprindia.com/products/full-sleeve-grey-unisex-travel-jacket,false,0,200,product,Full Sleeve Grey Unisex Travel Jacket – TRIPR,"Whether you're exploring bustling cities, hiking scenic trails, or simply navigating airport terminals, our Grey Unisex Travel Jacket is the perfect choice to keep you comfortable, stylish, and well-prepared for your journey. Elevate your travel experience with this versatile and functional travel jacket. Fabric &amp;",https://triprindia.com/products/full-sleeve-grey-unisex-travel-jacket,,true,indexable,https://triprindia.com/products/full-sleeve-grey-unisex-travel-jacket,true,Full Sleeve Grey Unisex Travel Jacket,1,1091,276,1153,41,11,1,1,4,2,0,high,false,13,6,46,ProductGroup|FAQPage,true,JudgeMe,meta_description_length|missing_image_alt|script_count_high|image_alt_duplicate_on_page|image_missing_dimensions
https://triprindia.com/products/star-printed-black-jacket-1,https://triprindia.com/products/star-printed-black-jacket-1,false,0,200,product,Men Star Printed Black Round Neck Jacket – TRIPR,"Whether you're seeking chic and timeless classics or bold and expressive statements, we've got you covered. Our Star Printed Black Jacket fashion encompasses style and fashion to cater to your unique tastes and preferences. So, why wait? Shop today. Fabric &amp; Care: Cotton Blend Fabric. 270-280 gsm ,Regular Machine w",https://triprindia.com/products/star-printed-black-jacket-1,,true,indexable,https://triprindia.com/products/star-printed-black-jacket-1,true,Men Star Printed Black Round Neck Jacket,1,1098,280,1168,41,11,1,1,4,2,7,high,false,20,5,46,ProductGroup|FAQPage,true,JudgeMe,meta_description_length|missing_image_alt|script_count_high|large_image_url_width|image_alt_duplicate_on_page|image_missing_dimensions
https://triprindia.com/products/words-printed-cargo-pant-for-men,https://triprindia.com/products/words-printed-cargo-pant-for-men,false,0,200,product,Buy Streetwear Black Cargo Pant For Men Online - Under 500 – TRIPR,Buy Streetwear Black Cargo Pant for men with 75% OFF on clearance sale Online at 299 Rs. Perfect for urban style. Shop more urban mod cargo pants with offer prices from TRIPR India and enjoy ✓fastest delivery,https://triprindia.com/products/words-printed-cargo-pant-for-men,,true,indexable,https://triprindia.com/products/words-printed-cargo-pant-for-men,true,Printed Urban Style Cargo Pant For Men,1,1125,277,1177,41,11,1,1,4,2,0,high,false,17,6,45,ProductGroup|FAQPage,true,JudgeMe,title_length|meta_description_length|missing_image_alt|serp_boilerplate_meta_description|script_count_high|image_alt_duplicate_on_page|image_missing_dimensions
https://triprindia.com/products/sports-oversized-mens-tshirt,https://triprindia.com/products/sports-oversized-mens-tshirt,false,0,200,product,Buy Sports Oversized Men's Printed Tshisrt Online – TRIPR,Buy our men's oversized white with blue sports t-shirt online at 249 Rs lowest price. Designed to be the best Tees for men and made with lightweight cotton-blend.,https://triprindia.com/products/sports-oversized-mens-tshirt,,true,indexable,https://triprindia.com/products/sports-oversized-mens-tshirt,true,Back Printed Drop Shoulder T-Shirt,1,1101,314,1217,41,11,1,1,4,2,6,high,false,20,4,46,ProductGroup|FAQPage,true,JudgeMe,meta_description_length|missing_image_alt|serp_title_h1_mismatch|script_count_high|image_alt_duplicate_on_page|image_missing_dimensions
https://triprindia.com/products/high-neck-black-half-sleeve-zip-tshirt-for-men,https://triprindia.com/products/high-neck-black-half-sleeve-zip-tshirt-for-men,false,0,200,product,Buy Men's Black Zipper High Neck T-Shirt For Men Online - Lowest price – TRIPR,Modern and edgy: this High Neck Black Half Sleeve Zip T‑Shirt for Men features a sleek zip collar and deep black fabric for a standout streetwear vibe.,https://triprindia.com/products/high-neck-black-half-sleeve-zip-tshirt-for-men,,true,indexable,https://triprindia.com/products/high-neck-black-half-sleeve-zip-tshirt-for-men,true,Men High Neck Black Zip Up Half Sleeve T-shirt,1,1129,282,1187,41,11,1,1,4,2,8,high,false,20,5,46,ProductGroup|FAQPage,true,JudgeMe,title_length|missing_image_alt|script_count_high|large_image_url_width|image_alt_duplicate_on_page|image_missing_dimensions
https://triprindia.com/products/white-short-sleeve-half-zip-high-neck-tshirts-for-men,https://triprindia.com/products/white-short-sleeve-half-zip-high-neck-tshirts-for-men,false,0,200,product,Buy White Quarter zipper High Neck Tshirt Online – TRIPR,Buy white quarter zip t-shirt online at 209 Rs. Find the best quality Zip tshirts for men at TRIPR India.,https://triprindia.com/products/white-short-sleeve-half-zip-high-neck-tshirts-for-men,,true,indexable,https://triprindia.com/products/white-short-sleeve-half-zip-high-neck-tshirts-for-men,true,Men White Half Sleeve High Neck Quarter Zip T-Shirt,1,1067,274,1163,41,11,1,1,4,2,6,high,false,17,6,46,ProductGroup|FAQPage,true,JudgeMe,missing_image_alt|serp_title_h1_mismatch|serp_product_description_missing_detail|script_count_high|image_alt_duplicate_on_page|image_missing_dimensions
https://triprindia.com/products/men-t-shirts-under-200-150-300,https://triprindia.com/products/men-t-shirts-under-200-150-300,false,0,200,product,Buy T-Shirts Under 200rs Online For Men – TRIPR,"Buy tshirt for men Under ₹200 online clearance sale at 189 Rs. Lowest Price, Finest online budget rate tshirt. Enjoy Fastest Delivery.",https://triprindia.com/products/men-t-shirts-under-200-150-300,,true,indexable,https://triprindia.com/products/men-t-shirts-under-200-150-300,true,Men T-Shirts,1,1010,310,1171,41,11,1,1,4,2,0,high,false,13,6,46,ProductGroup|FAQPage,true,JudgeMe,missing_image_alt|serp_boilerplate_meta_description|script_count_high|image_alt_too_short|image_alt_duplicate_on_page|image_missing_dimensions
https://triprindia.com/products/oversized-tshirt-men-under-300-printed-red,https://triprindia.com/products/oversized-tshirt-men-under-300-printed-red,false,0,200,product,Buy Men Oversized T-shirt Under 300/250 Rs Online | Oversized tshirt – TRIPR,Buy Oversized Tshirt at Just 199 Rs Online Clearance Sale. Low cost cheap tees Online. Inexpensive Tshirt Shopping for men at TRIPR india. Explore Tshirts under 300,https://triprindia.com/products/oversized-tshirt-men-under-300-printed-red,,true,indexable,https://triprindia.com/products/oversized-tshirt-men-under-300-printed-red,true,Oversized Mens Tshirt,1,1064,261,1141,41,11,1,1,4,2,0,high,false,11,6,47,ProductGroup|FAQPage,true,JudgeMe,title_length|meta_description_length|missing_image_alt|script_count_high|image_alt_duplicate_on_page|image_missing_dimensions
https://triprindia.com/products/striped-vest-navy-maroon-sleeveless,https://triprindia.com/products/striped-vest-navy-maroon-sleeveless,false,0,200,product,Buy Men Navy-Maroon Striped Vest at 199 Rs Online – TRIPR,Buy navy-maroon striped sleeveless colour Vest For Men Online at ₹199 Clearance Sale Off! Obtain the best look of yourself. Ideal For All Purpose.,https://triprindia.com/products/striped-vest-navy-maroon-sleeveless,,true,indexable,https://triprindia.com/products/striped-vest-navy-maroon-sleeveless,true,Men Navy-Maroon Striped Vest,1,1086,269,1152,41,11,1,1,4,2,6,high,false,17,6,46,ProductGroup|FAQPage,true,JudgeMe,missing_image_alt|script_count_high|image_alt_duplicate_on_page|image_missing_dimensions
https://triprindia.com/products/mens-navy-red-striped-sleeveless-vest,https://triprindia.com/products/mens-navy-red-striped-sleeveless-vest,false,0,200,product,Buy Men Navy-Red Striped Vest at 119 Rs Online – TRIPR,Buy navy-red striped sleeveless colour Vest For Men Online at ₹119 Clearance Sale Off! Obtain the best look of yourself. Ideal For All Activities.,https://triprindia.com/products/mens-navy-red-striped-sleeveless-vest,,true,indexable,https://triprindia.com/products/mens-navy-red-striped-sleeveless-vest,true,Men Navy-Red Striped Vest,1,1081,269,1150,41,11,1,1,4,2,6,high,false,17,6,46,ProductGroup|FAQPage,true,JudgeMe,missing_image_alt|script_count_high|image_alt_duplicate_on_page|image_missing_dimensions
https://triprindia.com/products/mens-white-navy-striped-vest,https://triprindia.com/products/mens-white-navy-striped-vest,false,0,200,product,Buy Men Navy-White Striped Vest at 169 Rs Online – TRIPR,Buy navy-white striped sleeveless colour Vest For Men Online at ₹199 Clearance Sale Off! Obtain the best look of yourself. Ideal For All Purpose.,https://triprindia.com/products/mens-white-navy-striped-vest,,true,indexable,https://triprindia.com/products/mens-white-navy-striped-vest,true,Men Navy White Melange Striped Vest,1,1075,268,1144,41,11,1,1,4,2,6,high,false,17,6,46,ProductGroup|FAQPage,true,JudgeMe,missing_image_alt|script_count_high|image_alt_duplicate_on_page|image_missing_dimensions
https://triprindia.com/products/mens-navy-yellow-striped-vest,https://triprindia.com/products/mens-navy-yellow-striped-vest,false,0,200,product,Buy Men Navy-Yellow Striped Vest at 119 Rs India – TRIPR,Buy navy-yellow striped sleeveless colour Vest For Men Online at ₹119 Clearance Sale Off! Obtain the best look of yourself. Ideal For All Activities.,https://triprindia.com/products/mens-navy-yellow-striped-vest,,true,indexable,https://triprindia.com/products/mens-navy-yellow-striped-vest,true,Men Navy-Yellow Striped Vest,1,1083,268,1148,41,11,1,1,4,2,6,high,false,17,6,46,ProductGroup|FAQPage,true,JudgeMe,missing_image_alt|script_count_high|image_alt_duplicate_on_page|image_missing_dimensions
https://triprindia.com/products/mens-sleeveless-grey-printed-vest,https://triprindia.com/products/mens-sleeveless-grey-printed-vest,false,0,200,product,Men Grey Printed Sleeveless Vest For Men Online at 119 Rs – TRIPR,Buy Armless Printed Cotton Vest For Men Online at ₹119 | 94% Clearance Sale Off! Obtain the best look of yourself. Ideal For all kinds of activities .Made with cotton blend.,https://triprindia.com/products/mens-sleeveless-grey-printed-vest,,true,indexable,https://triprindia.com/products/mens-sleeveless-grey-printed-vest,true,MEN GREY PRINTED SLEEVELESS VEST,1,1075,273,1153,41,11,1,1,4,2,6,high,false,17,6,46,ProductGroup|FAQPage,true,JudgeMe,meta_description_length|missing_image_alt|script_count_high|image_alt_duplicate_on_page|image_missing_dimensions
https://triprindia.com/products/mens-solid-full-sleeve-maroon-tshirt,https://triprindia.com/products/mens-solid-full-sleeve-maroon-tshirt,false,0,200,product,Men's Maroon T-shirts @189 Online – TRIPR,"Explore Maroon tshirts for men online at Just Rs. 189. Select from Various Styles Of Maroon tshirts and Enjoy Fastest Delivery, Coupons and Easy Returns",https://triprindia.com/products/mens-solid-full-sleeve-maroon-tshirt,,true,indexable,https://triprindia.com/products/mens-solid-full-sleeve-maroon-tshirt,true,Maroon T-shirts For Men,1,1140,458,1270,41,11,1,1,4,2,3,high,false,20,5,46,ProductGroup|FAQPage,true,JudgeMe,missing_image_alt|serp_boilerplate_meta_description|script_count_high|image_alt_duplicate_on_page|image_missing_dimensions
https://triprindia.com/products/mens-solid-full-hand-olive-green-tshirt,https://triprindia.com/products/mens-solid-full-hand-olive-green-tshirt,false,0,200,product,Men Olive Green T-shirts @ 189 – TRIPR,Explore Olive green t-shirts for men online at Just Rs. 189. Choose from Various Styles and Get Huge Offers and Discount Coupons at TRIPR INDIA.,https://triprindia.com/products/mens-solid-full-hand-olive-green-tshirt,,true,indexable,https://triprindia.com/products/mens-solid-full-hand-olive-green-tshirt,true,Olive Green T-shirts For Men,1,1136,455,1271,41,11,1,1,4,2,3,high,false,20,5,46,ProductGroup|FAQPage,true,JudgeMe,missing_image_alt|serp_product_description_missing_detail|script_count_high|image_alt_duplicate_on_page|image_missing_dimensions
https://triprindia.com/products/mens-white-high-neck-full-hand-tshirt,https://triprindia.com/products/mens-white-high-neck-full-hand-tshirt,false,0,200,product,Buy High Neck T-shirt Online | High Neck White Tshirt For Men – TRIPR,"Buy High Neck Full Hand Solid White t-shirt for men online at Just 169 Rs. Lowest Price, Finest online high neck t-shirt from triprindia.com",https://triprindia.com/products/mens-white-high-neck-full-hand-tshirt,,true,indexable,https://triprindia.com/products/mens-white-high-neck-full-hand-tshirt,true,Men High Neck Plain Full Sleeve T-shirts - 8 Variants,1,1100,425,1239,41,11,1,1,4,2,2,high,false,20,5,46,ProductGroup|FAQPage,true,JudgeMe,title_length|missing_image_alt|serp_title_h1_mismatch|script_count_high|image_alt_duplicate_on_page|image_missing_dimensions
https://triprindia.com/products/mens-high-neck-t-shirt-beige,https://triprindia.com/products/mens-high-neck-t-shirt-beige,false,0,200,product,Buy Men Beige Zip High Collar Half Sleeve Round Neck T-shirt Online – TRIPR,"Buy Beige High Collar Zip tshirt Printed for men online clearance sale at Just 129 Rs. Lowest Price, Finest online budget High Collar Neck tshirt. Explore tshirts under 100 at triprindia.com",https://triprindia.com/products/mens-high-neck-t-shirt-beige,,true,indexable,https://triprindia.com/products/mens-high-neck-t-shirt-beige,true,Men High Neck Beige Half Sleeve Zip up T-shirt,1,1053,271,1165,41,11,1,1,4,2,6,high,false,17,6,46,ProductGroup|FAQPage,true,JudgeMe,title_length|meta_description_length|missing_image_alt|script_count_high|image_alt_duplicate_on_page|image_missing_dimensions
https://triprindia.com/products/oversized-tshirt-under-500,https://triprindia.com/products/oversized-tshirt-under-500,false,0,200,product,Buy Men Oversized Tshirt Under 500 Online – TRIPR,"Buy Oversized tshirt below 500 Rs. Online Lowest Price, Explore more tshirts at triprindia.com",https://triprindia.com/products/oversized-tshirt-under-500,,true,indexable,https://triprindia.com/products/oversized-tshirt-under-500,true,Men Solid / Printed Oversized T-shirts,1,1135,435,1279,41,11,1,1,4,2,0,high,false,20,4,47,ProductGroup|FAQPage,true,JudgeMe,missing_image_alt|serp_title_h1_mismatch|script_count_high|image_alt_duplicate_on_page|image_missing_dimensions
https://triprindia.com/products/mens-oversized-tshirt-under-400,https://triprindia.com/products/mens-oversized-tshirt-under-400,false,0,200,product,Buy Men Oversized T-shirt Under 400 Online | Oversized Tshirt – TRIPR,Buy Oversized tshirts below ₹400. Online Sale at 199 Rs. Affordable Oversized tshirts. Explore more tshirts under 400 at triprindia.com,https://triprindia.com/products/mens-oversized-tshirt-under-400,,true,indexable,https://triprindia.com/products/mens-oversized-tshirt-under-400,true,Men Oversized Olivegreen Tshirt,1,1110,266,1153,41,11,1,1,4,2,0,high,false,13,6,46,ProductGroup|FAQPage,true,JudgeMe,title_length|missing_image_alt|script_count_high|image_alt_duplicate_on_page|image_missing_dimensions
https://triprindia.com/products/high-neck-half-sleeve-brown-t-shirt-for-mens,https://triprindia.com/products/high-neck-half-sleeve-brown-t-shirt-for-mens,false,0,200,product,T-shirt for men's Buy Brown T-shirt Men's Half Sleeve Online – TRIPR,"Effortless style meets comfort in our high‑neck half‑sleeve brown tee. A rich, warm brown hue and versatile cut make it perfect for casual daywear.",https://triprindia.com/products/high-neck-half-sleeve-brown-t-shirt-for-mens,,true,indexable,https://triprindia.com/products/high-neck-half-sleeve-brown-t-shirt-for-mens,true,Men High Neck Brown Half Sleeve Zipper T-Shirt,1,1047,272,1166,41,11,1,1,4,2,6,high,false,17,6,46,ProductGroup|FAQPage,true,JudgeMe,title_length|missing_image_alt|serp_product_description_missing_detail|script_count_high|image_alt_duplicate_on_page|image_missing_dimensions
https://triprindia.com/products/navy-blue-high-collar-t-shirt-for-men,https://triprindia.com/products/navy-blue-high-collar-t-shirt-for-men,false,0,200,product,Buy Men Navy Blue Zip High Collar Half Sleeve Round Neck T-shirt Online – TRIPR,"Buy Beige High Collar Zip tshirt Printed for men online clearance sale at Just 129 Rs. Lowest Price, Finest online Low budget High Collar Neck tshirt. Explore tshirts under 100 at triprindia.com",https://triprindia.com/products/navy-blue-high-collar-t-shirt-for-men,,true,indexable,https://triprindia.com/products/navy-blue-high-collar-t-shirt-for-men,true,Men Plain Navy Blue Zipper High Neck Half Sleeve T-shirt,1,1123,273,1172,41,11,1,1,4,2,6,high,false,17,6,46,ProductGroup|FAQPage,true,JudgeMe,title_length|meta_description_length|missing_image_alt|script_count_high|image_alt_duplicate_on_page|image_missing_dimensions
https://triprindia.com/products/mandarin-collar-t-shirt-for-mens-d145-black,https://triprindia.com/products/mandarin-collar-t-shirt-for-mens-d145-black,false,0,200,product,Buy Men's Tripr Black Half Sleeve T-Shirt Online – TRIPR,"Zipper Collar A black T-shirt provides a stylish contrast.Buy tshirt for men online clearance sale at Lowest Price, Finest online budget rate polo tshirt. Explore tshirts under 100 at triprindia.com",https://triprindia.com/products/mandarin-collar-t-shirt-for-mens-d145-black,,true,indexable,https://triprindia.com/products/mandarin-collar-t-shirt-for-mens-d145-black,true,Men Mandarin Collar Black-White Contrast zipper T-Shirt,1,1111,270,1172,41,11,1,1,4,2,0,high,false,17,10,50,ProductGroup|FAQPage,true,JudgeMe,meta_description_length|missing_image_alt|serp_title_h1_mismatch|script_count_high|image_alt_duplicate_on_page|image_missing_dimensions|product_variant_title_duplicate_risk
https://triprindia.com/products/mens-zip-half-sleeve-white-t-shirt,https://triprindia.com/products/mens-zip-half-sleeve-white-t-shirt,false,0,200,product,Buy Men White V-neck Half Sleeve Zip Black Piping T-shirt Online – TRIPR,"Buy White Zip V-neck tshirt for men online clearance sale at Just 279 Rs. Lowest Price, Finest online budget tshirt. Explore tshirts under 100 at triprindia.com",https://triprindia.com/products/mens-zip-half-sleeve-white-t-shirt,,true,indexable,https://triprindia.com/products/mens-zip-half-sleeve-white-t-shirt,true,Men White Zip-neck Half Sleeve Black Piping T-shirt,1,1119,261,1152,41,11,1,1,4,2,0,high,false,11,6,46,ProductGroup|FAQPage,true,JudgeMe,title_length|missing_image_alt|script_count_high|image_alt_duplicate_on_page|image_missing_dimensions
https://triprindia.com/products/mens-zip-neck-half-sleeve-t-shirt-green,https://triprindia.com/products/mens-zip-neck-half-sleeve-t-shirt-green,false,0,200,product,Buy Men Olive Green Half Sleeve Zip Neck Black Piping T-shirt Online – TRIPR,Buy Stylish Olive Green Zip-neck tshirt for men online clearance sale at Just 259 Rs. Lowest Price tshirt.,https://triprindia.com/products/mens-zip-neck-half-sleeve-t-shirt-green,,true,indexable,https://triprindia.com/products/mens-zip-neck-half-sleeve-t-shirt-green,true,Men Olive Green Mandarin Collar Half Sleeve Zip Neck Black Piping T-shirt,1,1126,275,1172,41,11,1,1,4,2,0,high,false,17,6,46,ProductGroup|FAQPage,true,JudgeMe,title_length|missing_image_alt|script_count_high|image_alt_duplicate_on_page|image_missing_dimensions
https://triprindia.com/products/mens-zip-neck-half-sleeve-maroon-t-shirt,https://triprindia.com/products/mens-zip-neck-half-sleeve-maroon-t-shirt,false,0,200,product,Buy Men Maroon Zip-neck Half Sleeve Black Piping T-shirt Online – TRIPR,"Buy Maroon Zip-neck tshirt for men online clearance sale at Just 279 Rs. Lowest Price, Finest online budget tshirt. Explore tshirts under 100 at triprindia.com",https://triprindia.com/products/mens-zip-neck-half-sleeve-maroon-t-shirt,,true,indexable,https://triprindia.com/products/mens-zip-neck-half-sleeve-maroon-t-shirt,true,Men Maroon Mandarin Collar Zip-neck Half Sleeve Black Piping T-shirt,1,1121,273,1175,41,11,1,1,4,2,0,high,false,17,6,46,ProductGroup|FAQPage,true,JudgeMe,title_length|missing_image_alt|script_count_high|image_alt_duplicate_on_page|image_missing_dimensions
https://triprindia.com/products/mens-zip-neck-navy-blue-t-shirt,https://triprindia.com/products/mens-zip-neck-navy-blue-t-shirt,false,0,200,product,Buy Men Navy Blue Zip-neck Half Sleeve White Piping T-shirt Online – TRIPR,"Buy Navy Blue Zip-neck tshirt for men online clearance sale at Just 279 Rs. Lowest Price, Finest online budget tshirt. Explore tshirts under 100 at triprindia.com",https://triprindia.com/products/mens-zip-neck-navy-blue-t-shirt,,true,indexable,https://triprindia.com/products/mens-zip-neck-navy-blue-t-shirt,true,Mandarin Collar Men Navy Blue Zip-neck Half Sleeve White Piping T-shirt,1,1123,262,1151,41,11,1,1,4,2,0,high,false,11,6,46,ProductGroup|FAQPage,true,JudgeMe,title_length|meta_description_length|missing_image_alt|script_count_high|image_alt_duplicate_on_page|image_missing_dimensions
https://triprindia.com/products/t-shirt-for-mens-45,https://triprindia.com/products/t-shirt-for-mens-45,false,0,200,product,Buy Brown Tripr T-shirt Men's Half Sleeve Online – TRIPR,"Buy Tripr Printed tshirt for men online clearance sale at Lowest Price, Finest online budget rate polo tshirt. Explore tshirts under 100 at triprindia.com",https://triprindia.com/products/t-shirt-for-mens-45,,true,indexable,https://triprindia.com/products/t-shirt-for-mens-45,true,Men Mandarin Collar Contrast Color Zipper Half Sleeve T-shirts,1,1114,302,1187,41,11,1,1,4,2,0,high,false,15,6,46,ProductGroup|FAQPage,true,JudgeMe,missing_image_alt|serp_title_h1_mismatch|script_count_high|image_alt_duplicate_on_page|image_missing_dimensions
https://triprindia.com/products/t-shirt-for-mens-4,https://triprindia.com/products/t-shirt-for-mens-4,false,0,200,product,Buy Zipper Collar Black T-Shirt | Tripr Printed T-Shirt Online – TRIPR,"Zipper Collor colour stripes Black T shirt, provides a stylish contrast. Crafted from a comfortable fabric blend. Designed to deliver both style and functionality With Fashionable",https://triprindia.com/products/t-shirt-for-mens-4,,true,indexable,https://triprindia.com/products/t-shirt-for-mens-4,true,Men Grey Black Contrast Zipper Neck T Shirt,1,1121,262,1151,41,11,1,1,4,2,0,high,false,11,6,46,ProductGroup|FAQPage,true,JudgeMe,title_length|meta_description_length|missing_image_alt|serp_title_h1_mismatch|script_count_high|image_alt_duplicate_on_page|image_missing_dimensions
https://triprindia.com/products/mens-slim-fit-beige-shorts,https://triprindia.com/products/mens-slim-fit-beige-shorts,false,0,200,product,Buy Slim Fit Men Beige Printed Shorts Online at 199 Rs – TRIPR,Buy Mid Rise Slim Fit Beige Printed Shorts Online with 78% Clearance Sale Off at ₹199. A Cotton Blend Summer Shorts for lowest price from TRIPR India and enjoy✓Fastest Delivery,https://triprindia.com/products/mens-slim-fit-beige-shorts,,true,indexable,https://triprindia.com/products/mens-slim-fit-beige-shorts,true,Men Slim Fit Beige Printed Shorts,1,1105,261,1130,41,11,1,1,4,2,0,high,false,11,5,46,ProductGroup|FAQPage,true,JudgeMe,meta_description_length|serp_boilerplate_meta_description|script_count_high|image_alt_duplicate_on_page|image_missing_dimensions
https://triprindia.com/products/mens-regular-brown-black-shorts,https://triprindia.com/products/mens-regular-brown-black-shorts,false,0,200,product,Buy Men Regular Brown-Black Shorts Online – TRIPR,Buy Regular Brown-black Shorts Online with 86% CLEARANCE SALE OFFER! At ₹199. Casual Cool Shorts with Chilling Design made of Comfortable Soft Cotton and Enjoy✓Fastest Delivery,https://triprindia.com/products/mens-regular-brown-black-shorts,,true,indexable,https://triprindia.com/products/mens-regular-brown-black-shorts,true,Men Regular Brown-Black Shorts,1,1096,261,1130,41,11,1,1,4,2,0,high,false,11,5,46,ProductGroup|FAQPage,true,JudgeMe,meta_description_length|serp_boilerplate_meta_description|script_count_high|image_alt_duplicate_on_page|image_missing_dimensions
https://triprindia.com/products/mens-slim-fit-printed-shorts,https://triprindia.com/products/mens-slim-fit-printed-shorts,false,0,200,product,Buy Slim Fit Men Brown Printed Shorts Online at 199 Rs – TRIPR,Buy Mid Rise Slim Fit Brown Printed Shorts Online with 78% Clearance Sale Off at ₹199. A Cotton Blend Summer Shorts for lowest price from TRIPR India and enjoy✓Fastest Delivery,https://triprindia.com/products/mens-slim-fit-printed-shorts,,true,indexable,https://triprindia.com/products/mens-slim-fit-printed-shorts,true,Men Slim Fit Brown Printed Shorts,1,1105,271,1151,41,11,1,1,4,2,6,high,false,17,5,46,ProductGroup|FAQPage,true,JudgeMe,meta_description_length|serp_boilerplate_meta_description|script_count_high|image_alt_duplicate_on_page|image_missing_dimensions
https://triprindia.com/products/olivegreen-black-cargo-jogger-for-men,https://triprindia.com/products/olivegreen-black-cargo-jogger-for-men,false,0,200,product,Buy Men Olivegreen Black Cargo Jogger Online at 329 Rs – TRIPR,Buy Olivegreen-Black Cargo Jogger for men on Clearance Sale for ₹329 Online. Best Fit cuffed cargo jogger. Explore huge collections of Trendy Cargo Joggers under 300 or 500 only at TRIPR India,https://triprindia.com/products/olivegreen-black-cargo-jogger-for-men,,true,indexable,https://triprindia.com/products/olivegreen-black-cargo-jogger-for-men,true,Men Olivegreen Black Cargo Jogger,1,1121,264,1157,41,11,1,1,4,2,0,high,false,11,6,45,ProductGroup|FAQPage,true,JudgeMe,meta_description_length|missing_image_alt|script_count_high|image_alt_duplicate_on_page|image_missing_dimensions
https://triprindia.com/products/black-cargo-pant-for-men-under-500,https://triprindia.com/products/black-cargo-pant-for-men-under-500,false,0,200,product,Buy Men Marshmallow Printed Black Cargo Pant Under 500 Rs Online – TRIPR,Shop Black Cargo Pant for men on Clearance Sale for ₹499 Online. Explore huge collections of Trendy Cargo pants under ₹500 only at TRIPR India,https://triprindia.com/products/black-cargo-pant-for-men-under-500,,true,indexable,https://triprindia.com/products/black-cargo-pant-for-men-under-500,true,Men Black Cargo Pants,1,1128,269,1157,41,11,1,1,4,2,0,high,false,11,6,46,ProductGroup|FAQPage,true,JudgeMe,title_length|missing_image_alt|serp_product_description_missing_detail|script_count_high|image_alt_duplicate_on_page|image_missing_dimensions
https://triprindia.com/products/solid-black-cargo-pant-for-men,https://triprindia.com/products/solid-black-cargo-pant-for-men,false,0,200,product,Buy Men Solid Black Cargo Pant Under 500 Online – TRIPR,Shop Solid Black Cargo Pant for men on Clearance Sale for ₹329 Online. Explore huge collections of Trendy Cargo pants under ₹500 only at TRIPR India,https://triprindia.com/products/solid-black-cargo-pant-for-men,,true,indexable,https://triprindia.com/products/solid-black-cargo-pant-for-men,true,Men Solid Black Designer Cargo Pant,1,1187,277,1213,41,11,1,1,4,2,1,high,false,13,6,48,ProductGroup|FAQPage,true,JudgeMe,missing_image_alt|serp_product_description_missing_detail|script_count_high|image_alt_duplicate_on_page|image_missing_dimensions
https://triprindia.com/products/men-track-pants-combo-under-200,https://triprindia.com/products/men-track-pants-combo-under-200,false,0,200,product,Buy Trackpants Under 200 Rs Online | 2 Trackpants for ₹299 – TRIPR,Buy Track Pants under ₹200 Just ₹199 each. Get a Combo of 2 for only ₹299 online. Enjoy effortless comfort with breathable cotton blend and cuffed ankles for added ease. ✓Fastest delivery at TRIPR India.,https://triprindia.com/products/men-track-pants-combo-under-200,,true,indexable,https://triprindia.com/products/men-track-pants-combo-under-200,true,Black and Grey Track pants and Combos For Men,1,1136,352,1206,41,11,1,1,4,2,1,high,false,19,6,46,ProductGroup|FAQPage,true,JudgeMe,title_length|meta_description_length|missing_image_alt|serp_title_h1_mismatch|serp_boilerplate_meta_description|script_count_high|image_alt_duplicate_on_page|image_missing_dimensions
https://triprindia.com/products/mens-plain-grey-track-pant,https://triprindia.com/products/mens-plain-grey-track-pant,false,0,200,product,Buy Solid trackpant For Men Online | Solid Color Trackpant at Best Price – TRIPR,Buy Solid trackpant Online with Offer Price at 149 Rs. Efficient Cuffed Ankles provides more ease during jogging and gym workout as well as casuals and enjoy✓Fastest Delivery only at TRIPR India,https://triprindia.com/products/mens-plain-grey-track-pant,,true,indexable,https://triprindia.com/products/mens-plain-grey-track-pant,true,Men grey plain Track pant,1,1112,266,1141,41,11,1,1,4,2,0,high,false,15,6,46,ProductGroup|FAQPage,true,JudgeMe,title_length|meta_description_length|missing_image_alt|serp_title_h1_mismatch|serp_boilerplate_meta_description|script_count_high|image_alt_duplicate_on_page|image_missing_dimensions
https://triprindia.com/products/beige-cotton-track-pant-for-men,https://triprindia.com/products/beige-cotton-track-pant-for-men,false,0,200,product,Buy Men Beige Track Pant Online at Best Price – TRIPR,Buy Stylish Beige track pant Online for 129 Rs Offer Price. Efficient Cuffed Ankles provides more ease during jogging and soft cotton blend. Ideal for sports as well as casuals,https://triprindia.com/products/beige-cotton-track-pant-for-men,,true,indexable,https://triprindia.com/products/beige-cotton-track-pant-for-men,true,Men Plain Beige Cuffed Ankles Cotton Jogger TrackPant,1,1042,263,1129,41,11,1,1,4,2,0,high,false,13,6,46,ProductGroup|FAQPage,true,JudgeMe,meta_description_length|missing_image_alt|serp_title_h1_mismatch|script_count_high|image_alt_duplicate_on_page|image_missing_dimensions
https://triprindia.com/products/men-olive-green-cotton-joggers,https://triprindia.com/products/men-olive-green-cotton-joggers,false,0,200,product,Buy Men Olive Green Cotton Joggers Online at Best Price – TRIPR,Buy Olive green jogger pant Online at 129 Rs Offer Price. Efficient Cuffed Ankles provides more ease during jogging and soft cotton blend. Ideal for sports as well as casuals,https://triprindia.com/products/men-olive-green-cotton-joggers,,true,indexable,https://triprindia.com/products/men-olive-green-cotton-joggers,true,Men OliveGreen Cuffed Ankles Cotton Jogger TrackPant,1,1042,263,1129,41,11,1,1,4,2,0,high,false,13,6,46,ProductGroup|FAQPage,true,JudgeMe,meta_description_length|missing_image_alt|serp_title_h1_mismatch|script_count_high|image_alt_duplicate_on_page|image_missing_dimensions
https://triprindia.com/products/oversized-tshirt-under-200-rs,https://triprindia.com/products/oversized-tshirt-under-200-rs,false,0,200,product,Buy Men Oversized T-shirt Under 200 Rs Online | Oversized Mens T-shirts – TRIPR,"Shop Oversized tshirts for men online at 169 Rs. Offer Sale. Explore Oversized tshirts with graphic print, black, white printed and more stylish oversized tshirts for men from TRIPR India and enjoy fastest delivery",https://triprindia.com/products/oversized-tshirt-under-200-rs,,true,indexable,https://triprindia.com/products/oversized-tshirt-under-200-rs,true,Men Navy Blue Oversized Tshirt,1,1231,264,1153,41,11,1,1,4,2,0,high,false,11,6,46,ProductGroup|FAQPage,true,JudgeMe,title_length|meta_description_length|missing_image_alt|serp_title_h1_mismatch|serp_boilerplate_meta_description|script_count_high|image_alt_duplicate_on_page|image_missing_dimensions
https://triprindia.com/products/men-high-neck-maroon-half-sleeve-t-shirt,https://triprindia.com/products/men-high-neck-maroon-half-sleeve-t-shirt,false,0,200,product,Men plain High Neck Maroon Short Sleeve Zipper T-Shirt – TRIPR,"Product Description Black adjustable Zipper at neck adds a playful and trendy element. Maroon Colour Short Sleeve Zip Neck T shirt, provides a stylish contrast. Crafted from a comfortable fabric blend.  Designed to deliver both style and functionality With Fashionable one Visually appealing and versatile ensemble suita",https://triprindia.com/products/men-high-neck-maroon-half-sleeve-t-shirt,,true,indexable,https://triprindia.com/products/men-high-neck-maroon-half-sleeve-t-shirt,true,Men plain High Neck Maroon Short Sleeve Zipper T-Shirt,1,1126,275,1173,41,11,1,1,4,2,6,high,false,17,6,46,ProductGroup|FAQPage,true,JudgeMe,meta_description_length|missing_image_alt|script_count_high|image_alt_duplicate_on_page|image_missing_dimensions
https://triprindia.com/products/ti-ogrhn-d144,https://triprindia.com/products/ti-ogrhn-d144,false,0,200,product,Men Olivegreen Short Sleeve Zip Neck plain T-Shirt – TRIPR,"Product Description Black adjustable Zipper at neck adds a playful and trendy element. Olivegreen Colour Short Sleeve Zip Neck T shirt, provides a stylish contrast. Crafted from a comfortable fabric blend.  Designed to deliver both style and functionality With Fashionable one Visually appealing and versatile ensemble s",https://triprindia.com/products/ti-ogrhn-d144,,true,indexable,https://triprindia.com/products/ti-ogrhn-d144,true,Men Olivegreen Short Sleeve Zip Neck plain T-Shirt,1,1126,274,1173,41,11,1,1,4,2,6,high,false,17,6,46,ProductGroup|FAQPage,true,JudgeMe,meta_description_length|missing_image_alt|script_count_high|image_alt_duplicate_on_page|image_missing_dimensions
https://triprindia.com/products/men-high-neck-darkgrey-half-sleeve-zip-t-shirt,https://triprindia.com/products/men-high-neck-darkgrey-half-sleeve-zip-t-shirt,false,0,200,product,Men High Neck Plain Dark Grey Half Sleeve Zipper T-Shirt – TRIPR,"Product Description Black adjustable Zipper at neck adds a playful and trendy element. Darkgrey Colour Short Sleeve Zip Neck T shirt, provides a stylish contrast. Crafted from a comfortable fabric blend.  Designed to deliver both style and functionality With Fashionable one Visually appealing and versatile ensemble sui",https://triprindia.com/products/men-high-neck-darkgrey-half-sleeve-zip-t-shirt,,true,indexable,https://triprindia.com/products/men-high-neck-darkgrey-half-sleeve-zip-t-shirt,true,Men High Neck Plain Dark Grey Half Sleeve Zipper T-Shirt,1,1130,275,1172,41,11,1,1,4,2,6,high,false,17,6,46,ProductGroup|FAQPage,true,JudgeMe,meta_description_length|missing_image_alt|script_count_high|image_alt_duplicate_on_page|image_missing_dimensions
https://triprindia.com/products/men-solid-henley-neck-cotton-blend-beige-t-shirt,https://triprindia.com/products/men-solid-henley-neck-cotton-blend-beige-t-shirt,false,0,200,product,Men Solid Quartar Zip Neck Beige T-Shirt – TRIPR,Product Description Men Solid Henley Neck &amp; Solid at Front adds a playful and trendy element. cotton Blend Beige  Henley neck T-shirt provides a stylish contrast.  Designed to Deliver both style and functionality With Fashionable one Visually appealing and versatile ensemble suitable for various occasions. Fabric &,https://triprindia.com/products/men-solid-henley-neck-cotton-blend-beige-t-shirt,,true,indexable,https://triprindia.com/products/men-solid-henley-neck-cotton-blend-beige-t-shirt,true,Men Solid Quartar Zip Neck Beige T-Shirt,1,1110,274,1173,41,11,1,1,4,2,6,high,false,17,6,46,ProductGroup|FAQPage,true,JudgeMe,meta_description_length|missing_image_alt|script_count_high|image_alt_duplicate_on_page|image_missing_dimensions
https://triprindia.com/products/full-sleeve-men-solid-high-neck-cotton-blend-black-t-shirt,https://triprindia.com/products/full-sleeve-men-solid-high-neck-cotton-blend-black-t-shirt,false,0,200,product,Men Solid Black Full Sleeve Zip High Neck T-Shirt – TRIPR,Product Description Men Solid Henley Neck style at Front adds a playful and trendy element. Henley Neck Cotton Blend  full Sleeve T-shirt provides a stylish contrast Designed to Deliver both style and functionality With Fashionable one Visually appealing and versatile ensemble suitable for various occasions. Fabric &am,https://triprindia.com/products/full-sleeve-men-solid-high-neck-cotton-blend-black-t-shirt,,true,indexable,https://triprindia.com/products/full-sleeve-men-solid-high-neck-cotton-blend-black-t-shirt,true,Men Solid Black Full Sleeve Zip High Neck T-Shirt,1,1119,279,1166,41,11,1,1,4,2,8,high,false,20,5,45,ProductGroup|FAQPage,true,JudgeMe,meta_description_length|missing_image_alt|script_count_high|large_image_url_width|image_alt_duplicate_on_page|image_missing_dimensions
https://triprindia.com/products/men-full-sleeve-high-neck-maroon-t-shirt,https://triprindia.com/products/men-full-sleeve-high-neck-maroon-t-shirt,false,0,200,product,Men High Neck Full Sleeve Maroon Zip T-Shirt – TRIPR,Product Description Black color Henley Neck at Front adds a playful and trendy element. Men Solid Henley Neck Cotton Blend T-shirt provides a stylish contrast.&amp;nbsp; Designed to Deliver both style and functionality With Fashionable one Visually appealing and versatile ensemble suitable for various occasions. Fabric,https://triprindia.com/products/men-full-sleeve-high-neck-maroon-t-shirt,,true,indexable,https://triprindia.com/products/men-full-sleeve-high-neck-maroon-t-shirt,true,Men High Neck Full Sleeve Maroon Zip T-Shirt,1,1116,271,1151,41,11,1,1,4,2,6,high,false,17,6,46,ProductGroup|FAQPage,true,JudgeMe,meta_description_length|missing_image_alt|script_count_high|image_alt_duplicate_on_page|image_missing_dimensions
https://triprindia.com/products/t-shirt-and-pant-combo-for-men,https://triprindia.com/products/t-shirt-and-pant-combo-for-men,false,0,200,product,Buy Tshirt Track Pant Combo For Men Online – TRIPR,Shop Tshirt and Pant Combo Set for men online at just ₹359. Discover stylish T-shirt with Track Pant combos at TRIPR India and get fastest delivery.,https://triprindia.com/products/t-shirt-and-pant-combo-for-men,,true,indexable,https://triprindia.com/products/t-shirt-and-pant-combo-for-men,true,Men Tshirts & Track pants Combos,1,1103,408,1265,43,12,1,1,4,2,0,high,false,20,4,48,ProductGroup|FAQPage,true,JudgeMe,missing_image_alt|serp_title_h1_mismatch|serp_boilerplate_meta_description|script_count_high|image_alt_duplicate_on_page|image_missing_dimensions
https://triprindia.com/products/full-sleeve-high-neck-men-olive-green-t-shirt,https://triprindia.com/products/full-sleeve-high-neck-men-olive-green-t-shirt,false,0,200,product,Men High Neck Zipper Olive Green Full Sleeve T-Shirt – TRIPR,Product Description Olive Green full sleeve at Front adds a playful and trendy element. Olive Green solid henley neck T-shirt provides a stylish contrast.  Designed to Deliver both style and functionality With Fashionable one Visually appealing and versatile ensemble suitable for various occasions. Fabric &amp; Care: C,https://triprindia.com/products/full-sleeve-high-neck-men-olive-green-t-shirt,,true,indexable,https://triprindia.com/products/full-sleeve-high-neck-men-olive-green-t-shirt,true,Men High Neck Zipper Olive Green Full Sleeve T-Shirt,1,1113,282,1187,41,11,1,1,4,2,8,high,false,20,5,46,ProductGroup|FAQPage,true,JudgeMe,meta_description_length|missing_image_alt|script_count_high|large_image_url_width|image_alt_duplicate_on_page|image_missing_dimensions
https://triprindia.com/products/men-solid-henley-neck-cotton-blend-white-t-shirt,https://triprindia.com/products/men-solid-henley-neck-cotton-blend-white-t-shirt,false,0,200,product,Men Solid Zip High Neck White T-Shirt – TRIPR,Product Description Men Soild t Shirt at Front adds a playful and trendy element. White henley neck type  T-shirt provides a stylish contrast Designed to Deliver both style and functionality With Fashionable one Visually appealing and versatile ensemble suitable for various occasions. Fabric &amp; Care: Cotton Blend Fa,https://triprindia.com/products/men-solid-henley-neck-cotton-blend-white-t-shirt,,true,indexable,https://triprindia.com/products/men-solid-henley-neck-cotton-blend-white-t-shirt,true,Men Solid Zip High Neck White T-Shirt,1,1112,268,1144,41,11,1,1,4,2,0,high,false,13,6,45,ProductGroup|FAQPage,true,JudgeMe,meta_description_length|missing_image_alt|script_count_high|image_alt_duplicate_on_page|image_missing_dimensions
https://triprindia.com/products/men-solid-mandarin-collar-cotton-blend-multicolor-t-shirt-1,https://triprindia.com/products/men-solid-mandarin-collar-cotton-blend-multicolor-t-shirt-1,false,0,200,product,Men Mandarin Collar Long Sleeve Olive Green T-Shirt – TRIPR,Product Description: Men Solid Mandarin collar style at Front adds a playful and trendy element. Olive green Cotton Blend  full Seeleve T-shirt provides a stylish contrast. Designed to Deliver both style and functionality With Fashionable one Visually appealing and versatile ensemble suitable for various occasions. Fab,https://triprindia.com/products/men-solid-mandarin-collar-cotton-blend-multicolor-t-shirt-1,,true,indexable,https://triprindia.com/products/men-solid-mandarin-collar-cotton-blend-multicolor-t-shirt-1,true,Men Mandarin Collar Long Sleeve Olive Green T-Shirt,1,1117,273,1153,41,11,1,1,4,2,6,high,false,17,6,46,ProductGroup|FAQPage,true,JudgeMe,meta_description_length|missing_image_alt|script_count_high|image_alt_duplicate_on_page|image_missing_dimensions
https://triprindia.com/products/men-solid-mandarin-collar-cotton-blend-multicolor-t-shirt-2,https://triprindia.com/products/men-solid-mandarin-collar-cotton-blend-multicolor-t-shirt-2,false,0,200,product,Men Full Sleeve Mandarin Collar Maroon T-Shirt – TRIPR,Product Description Men Solid Mandarin Collar at Front adds a playful and trendy element. Mandarin Collar Cotton Blend Maroon T-shirt provides a stylish contrast Designed to Deliver both style and functionality With Fashionable one Visually appealing and versatile ensemble suitable for various occasions. Fabric &amp; C,https://triprindia.com/products/men-solid-mandarin-collar-cotton-blend-multicolor-t-shirt-2,,true,indexable,https://triprindia.com/products/men-solid-mandarin-collar-cotton-blend-multicolor-t-shirt-2,true,Men Full Sleeve Mandarin Collar Maroon T-Shirt,1,674,258,1000,40,11,1,1,4,2,6,high,false,17,6,46,ProductGroup,true,JudgeMe,meta_description_length|missing_image_alt|script_count_high|image_alt_duplicate_on_page|image_missing_dimensions
https://triprindia.com/products/men-solid-mandarin-collar-cotton-blend-full-seelve-t-shirt,https://triprindia.com/products/men-solid-mandarin-collar-cotton-blend-full-seelve-t-shirt,false,0,200,product,White Full Sleeve T-Shirts @239 – TRIPR,Explore White full sleeve tshirts online from ₹239 Onwards. Select from various styles of White Full sleeve tshirts at affordable prices. Get Coupons and Offers only at triprindia,https://triprindia.com/products/men-solid-mandarin-collar-cotton-blend-full-seelve-t-shirt,,true,indexable,https://triprindia.com/products/men-solid-mandarin-collar-cotton-blend-full-seelve-t-shirt,true,Cotton Blend White Full Sleeve TShirts,1,1098,334,1210,41,11,1,1,4,2,0,high,false,20,5,46,ProductGroup|FAQPage,true,JudgeMe,meta_description_length|missing_image_alt|script_count_high|image_alt_duplicate_on_page|image_missing_dimensions
https://triprindia.com/products/men-solid-mandarin-collar-cotton-blend-multicolor-t-shirt-4,https://triprindia.com/products/men-solid-mandarin-collar-cotton-blend-multicolor-t-shirt-4,false,0,200,product,Black Full Sleeve Mandarin Collar Zip Neck Tshirt – TRIPR,Product Description Men Solid Mandarin Collar Front adds a playful and trendy element. Black color cotton blend  full seelve T-shirt provides a stylish contrast.&amp;nbsp; Designed to Deliver both style and functionality With Fashionable one Visually appealing and versatile ensemble suitable for various occasions. Fabr,https://triprindia.com/products/men-solid-mandarin-collar-cotton-blend-multicolor-t-shirt-4,,true,indexable,https://triprindia.com/products/men-solid-mandarin-collar-cotton-blend-multicolor-t-shirt-4,true,Black Full Sleeve Mandarin Collar Zip Neck Tshirt,1,1115,262,1131,41,11,1,1,4,2,0,high,false,11,6,45,ProductGroup|FAQPage,true,JudgeMe,meta_description_length|missing_image_alt|script_count_high|image_alt_duplicate_on_page|image_missing_dimensions
https://triprindia.com/products/men-solid-mandarin-collar-cotton-blend-dark-green-t-shirt,https://triprindia.com/products/men-solid-mandarin-collar-cotton-blend-dark-green-t-shirt,false,0,200,product,Men Solid Mandarin Collar Cotton Blend Olive Green T-Shirt – TRIPR,Product Description Men Solid Mandarin Collar  and Logo Print at Front adds a playful and trendy element. Olive green black Colour with mandarin Collar  T-shirt provides a stylish contrast.  Designed to Deliver both style and functionality With Fashionable one Visually appealing and versatile ensemble suitable for vari,https://triprindia.com/products/men-solid-mandarin-collar-cotton-blend-dark-green-t-shirt,,true,indexable,https://triprindia.com/products/men-solid-mandarin-collar-cotton-blend-dark-green-t-shirt,true,Men Solid Mandarin Collar Cotton Blend Olive Green T-Shirt,1,1120,281,1173,41,11,1,1,4,2,1,high,false,19,6,46,ProductGroup|FAQPage,true,JudgeMe,title_length|meta_description_length|missing_image_alt|script_count_high|image_alt_duplicate_on_page|image_missing_dimensions
https://triprindia.com/products/men-trunk,https://triprindia.com/products/men-trunk,false,0,200,product,Trunk For Men Online | Men Trunk Online – TRIPR,CLEARANCE | S A L E | Men Trunk for @ 179 Online Black Printed Trunk from TRIPR India. Comfy Soft Cotton Blend Ideal for Innerwears. Best Online Rate.,https://triprindia.com/products/men-trunk,,true,indexable,https://triprindia.com/products/men-trunk,true,Men Black Printed Trunk,1,1061,265,1141,41,11,1,1,4,2,1,high,false,15,6,46,ProductGroup|FAQPage,true,JudgeMe,missing_image_alt|script_count_high|image_alt_duplicate_on_page|image_missing_dimensions
https://triprindia.com/products/men-printed-trunk-black,https://triprindia.com/products/men-printed-trunk-black,false,0,200,product,Trunk For Men Online | Men TRIPR Trunk Online,CLEARANCE | S A L E | Men Trunk for @ 179 Online Black Printed Trunk from TRIPR India. Comfy Soft Cotton Blend Ideal for Innerwears. Best Online Rate.,https://triprindia.com/products/men-printed-trunk-black,,true,indexable,https://triprindia.com/products/men-printed-trunk-black,true,Men Black Printed Trunk,1,1022,263,1128,41,11,1,1,4,2,1,high,false,13,6,46,ProductGroup|FAQPage,true,JudgeMe,missing_image_alt|script_count_high|image_alt_duplicate_on_page|image_missing_dimensions
https://triprindia.com/products/men-printed-multicolor-trunk,https://triprindia.com/products/men-printed-multicolor-trunk,false,0,200,product,Trunk For Men Online | Men TRIPR Trunk Online,CLEARANCE | S A L E | Men Trunk for @ 179 Online Black Printed Trunk from TRIPR India. Comfy Soft Cotton Blend Ideal for Innerwears. Best Online Rate.,https://triprindia.com/products/men-printed-multicolor-trunk,,true,indexable,https://triprindia.com/products/men-printed-multicolor-trunk,true,Men Multicolor Printed Trunk,1,1058,267,1143,41,11,1,1,4,2,1,high,false,15,6,46,ProductGroup|FAQPage,true,JudgeMe,missing_image_alt|script_count_high|image_alt_duplicate_on_page|image_missing_dimensions
https://triprindia.com/products/pack-of-2-men-multicolor-printed-trunk,https://triprindia.com/products/pack-of-2-men-multicolor-printed-trunk,false,0,200,product,Trunk For Men Online | Men TRIPR Trunk Online,CLEARANCE | S A L E | Men Trunk for @ 179 Online Black Printed Trunk from TRIPR India. Comfy Soft Cotton Blend Ideal for Innerwears. Best Online Rate.,https://triprindia.com/products/pack-of-2-men-multicolor-printed-trunk,,true,indexable,https://triprindia.com/products/pack-of-2-men-multicolor-printed-trunk,true,PACK OF 2 Men Trunks Combo Multicolor Printed,1,1064,259,1127,41,11,1,1,4,2,0,high,false,11,6,46,ProductGroup|FAQPage,true,JudgeMe,missing_image_alt|serp_title_h1_mismatch|script_count_high|image_alt_duplicate_on_page|image_missing_dimensions
https://triprindia.com/products/pack-of-2-men-printed-multicolor-trunks,https://triprindia.com/products/pack-of-2-men-printed-multicolor-trunks,false,0,200,product,Trunk For Men Online | Men TRIPR Trunk Online,CLEARANCE | S A L E | Men Trunk for @ 179 Online Black Printed Trunk from TRIPR India. Comfy Soft Cotton Blend Ideal for Innerwears. Best Online Rate.,https://triprindia.com/products/pack-of-2-men-printed-multicolor-trunks,,true,indexable,https://triprindia.com/products/pack-of-2-men-printed-multicolor-trunks,true,PACK OF 2 Men Trunks Combo Multicolor Printed,1,1026,259,1121,41,11,1,1,4,2,0,high,false,11,6,46,ProductGroup|FAQPage,true,JudgeMe,missing_image_alt|serp_title_h1_mismatch|script_count_high|image_alt_duplicate_on_page|image_missing_dimensions
https://triprindia.com/products/tank-tops-combo-pack-of-2-navyblue,https://triprindia.com/products/tank-tops-combo-pack-of-2-navyblue,false,0,200,product,Men Colorblock Tank Tops Pack of 2 Navy Maroon & Navy Yellow – TRIPR,Sun is shining bright and temperature is rising everyday and summers are officially here. Buy this pack of 2 printed Tank Tops for men from Tripr India. You can buy best Tank Tops for men at our website at lowest prices. Our tank tops are made of best quality cotton blend fabric which is extremely soft and comfortable,https://triprindia.com/products/tank-tops-combo-pack-of-2-navyblue,,true,indexable,https://triprindia.com/products/tank-tops-combo-pack-of-2-navyblue,true,Men Colorblock Tank Tops Pack of 2 Navy Maroon & Navy Yellow,1,1102,263,1131,41,11,1,1,4,2,0,high,false,11,6,46,ProductGroup|FAQPage,true,JudgeMe,title_length|meta_description_length|missing_image_alt|script_count_high|image_alt_duplicate_on_page|image_missing_dimensions
https://triprindia.com/products/men-colorblock-tank-tops-pack-of-2,https://triprindia.com/products/men-colorblock-tank-tops-pack-of-2,false,0,200,product,(Pack of 2) Men Tops Vest Multicolour – TRIPR,Sun is shining bright and temperature is rising everyday and summers are officially here. Buy this pack of 2 colorblock Tank Tops for men from Tripr India. You can buy best Tank Tops for men at our website at lowest prices. Our tank tops are made of best quality cotton blend fabric which is extremely soft and comfortab,https://triprindia.com/products/men-colorblock-tank-tops-pack-of-2,,true,indexable,https://triprindia.com/products/men-colorblock-tank-tops-pack-of-2,true,(Pack of 2) Men Tops Vest Multicolour,1,1092,262,1131,41,11,1,1,4,2,0,high,false,11,6,46,ProductGroup|FAQPage,true,JudgeMe,meta_description_length|missing_image_alt|script_count_high|image_alt_duplicate_on_page|image_missing_dimensions
https://triprindia.com/products/men-tank-tops-pack-of-9,https://triprindia.com/products/men-tank-tops-pack-of-9,false,0,200,product,Men Tank Tops (Pack of 2) – TRIPR,Sun is shining bright and temperature is rising everyday and summers are officially here. Buy this pack of 2 printed Tank Tops for men from Tripr India. You can buy best Tank Tops for men at our website at lowest prices. Our tank tops are made of best quality cotton blend fabric which is extremely soft and comfortable,https://triprindia.com/products/men-tank-tops-pack-of-9,,true,indexable,https://triprindia.com/products/men-tank-tops-pack-of-9,true,Men Tank Tops (Pack of 2),1,1089,261,1134,41,11,1,1,4,2,0,high,false,11,6,46,ProductGroup|FAQPage,true,JudgeMe,meta_description_length|missing_image_alt|script_count_high|image_alt_duplicate_on_page|image_missing_dimensions
https://triprindia.com/products/men-tank-tops-pack-of-10,https://triprindia.com/products/men-tank-tops-pack-of-10,false,0,200,product,Men Tank Tops (Pack of 2) – TRIPR,Sun is shining bright and temperature is rising everyday and summers are officially here. Buy this pack of 2 printed Tank Tops for men from Tripr India. You can buy best Tank Tops for men at our website at lowest prices. Our tank tops are made of best quality cotton blend fabric which is extremely soft and comfortable,https://triprindia.com/products/men-tank-tops-pack-of-10,,true,indexable,https://triprindia.com/products/men-tank-tops-pack-of-10,true,Men Tank Tops (Pack of 2),1,1088,261,1133,41,11,1,1,4,2,0,high,false,11,6,46,ProductGroup|FAQPage,true,JudgeMe,meta_description_length|missing_image_alt|script_count_high|image_alt_duplicate_on_page|image_missing_dimensions
https://triprindia.com/products/tripr-men-vest-combo-of-black-grey-navy-blue,https://triprindia.com/products/tripr-men-vest-combo-of-black-grey-navy-blue,false,0,200,product,(Pack of 3) Men Printed Vest / Multicolor – TRIPR,"With Summers reaching to its peak, we understand you need clothes which are comfortable and soothing. Buy this pack of 3 printed Tank Tops for men in Green, White and Black from Tripr India. You can buy best Tank Tops for men at our website at lowest prices. Our tank tops are made of best quality cotton blend fabric wh",https://triprindia.com/products/tripr-men-vest-combo-of-black-grey-navy-blue,,true,indexable,https://triprindia.com/products/tripr-men-vest-combo-of-black-grey-navy-blue,true,(Pack of 3) Men Printed Vest / Multicolor,1,1101,266,1139,41,11,1,1,4,2,0,high,false,13,6,46,ProductGroup|FAQPage,true,JudgeMe,meta_description_length|missing_image_alt|script_count_high|image_alt_duplicate_on_page|image_missing_dimensions
https://triprindia.com/products/men-vest-pack-of-3-combo,https://triprindia.com/products/men-vest-pack-of-3-combo,false,0,200,product,Mens Multicolor Printed Vest (Pack of 3) – TRIPR,"With Summers reaching to its peak, we understand you need clothes which are comfortable and soothing. Buy this pack of 3 printed Tank Tops for men in Green, White and Black from Tripr India. You can buy best Tank Tops for men at our website at lowest prices. Our tank tops are made of best quality cotton blend fabric wh",https://triprindia.com/products/men-vest-pack-of-3-combo,,true,indexable,https://triprindia.com/products/men-vest-pack-of-3-combo,true,Mens Multicolor Printed Vest (Pack of 3),1,1097,273,1154,41,11,1,1,4,2,6,high,false,17,6,46,ProductGroup|FAQPage,true,JudgeMe,meta_description_length|missing_image_alt|script_count_high|image_alt_duplicate_on_page|image_missing_dimensions
https://triprindia.com/products/men-vest-combo-pack-of-3,https://triprindia.com/products/men-vest-combo-pack-of-3,false,0,200,product,Men Vest Printed (Pack of 3) – TRIPR,"With Summers reaching to its peak, we understand you need clothes which are comfortable and soothing. Buy this pack of 3 printed Tank Tops for men in Green, White and Black from Tripr India. You can buy best Tank Tops for men at our website at lowest prices. Our tank tops are made of best quality cotton blend fabric wh",https://triprindia.com/products/men-vest-combo-pack-of-3,,true,indexable,https://triprindia.com/products/men-vest-combo-pack-of-3,true,Men Vest Printed (Pack of 3),1,1095,273,1154,41,11,1,1,4,2,6,high,false,17,6,46,ProductGroup|FAQPage,true,JudgeMe,meta_description_length|missing_image_alt|script_count_high|image_alt_duplicate_on_page|image_missing_dimensions
https://triprindia.com/products/printed-men-vest-combo-pack-of-three,https://triprindia.com/products/printed-men-vest-combo-pack-of-three,false,0,200,product,(Pack of 3) Mens Multicolor Printed Vests – TRIPR,"With Summers reaching to its peak, we understand you need clothes which are comfortable and soothing. Buy this pack of 3 printed Tank Tops for men in Green, White and Black from Tripr India. You can buy best Tank Tops for men at our website at lowest prices. Our tank tops are made of best quality cotton blend fabric wh",https://triprindia.com/products/printed-men-vest-combo-pack-of-three,,true,indexable,https://triprindia.com/products/printed-men-vest-combo-pack-of-three,true,(Pack of 3) Mens Multicolor Printed Vests,1,1097,274,1154,41,11,1,1,4,2,6,high,false,17,6,46,ProductGroup|FAQPage,true,JudgeMe,meta_description_length|missing_image_alt|script_count_high|image_alt_duplicate_on_page|image_missing_dimensions
https://triprindia.com/products/men-vest-pack-of-4-grey-black,https://triprindia.com/products/men-vest-pack-of-4-grey-black,false,0,200,product,Men Printed Vest (Pack of 4) / Multicolor – TRIPR,"With Summers reaching to its peak, we understand you need clothes which are comfortable and soothing. Buy this pack of 4 printed Tank Tops for men from Tripr India. You can buy best Tank Tops for men at our website at lowest prices. Our tank tops are made of best quality cotton blend fabric which is extremely soft and",https://triprindia.com/products/men-vest-pack-of-4-grey-black,,true,indexable,https://triprindia.com/products/men-vest-pack-of-4-grey-black,true,Men Printed Vest (Pack of 4) / Multicolor,1,1111,504,1314,41,11,1,1,4,2,14,high,false,20,4,46,ProductGroup|FAQPage,true,JudgeMe,meta_description_length|missing_image_alt|html_size_large|script_count_high|large_image_url_width|image_alt_duplicate_on_page|image_filename_not_descriptive|image_missing_dimensions
https://triprindia.com/products/men-short-1,https://triprindia.com/products/men-short-1,false,0,200,product,Mens Abstarct Printed OLIVEGREEN short – TRIPR,"Step Out in style with our Shorts having Pockets on the both sides, adjustable drawstring on the waistband and straight fit. This is classy, comfortable and versatile. Pair it with nice bold &amp; bright t-shirt. Amazing Combo Packs available. Fabric &amp; Care: Cotton Blend Fabric; 170-200 gsm. Regular Machine wash. S",https://triprindia.com/products/men-short-1,,true,indexable,https://triprindia.com/products/men-short-1,true,Mens Abstarct Printed OLIVEGREEN short,1,1097,264,1135,41,11,1,1,4,2,0,high,false,13,5,46,ProductGroup|FAQPage,true,JudgeMe,meta_description_length|script_count_high|image_alt_duplicate_on_page|image_missing_dimensions
https://triprindia.com/products/men-short-2,https://triprindia.com/products/men-short-2,false,0,200,product,Mens Grey Printed Short – TRIPR,"Step Out in style with our Shorts having Pockets on the both sides, adjustable drawstring on the waistband and straight fit. This is classy, comfortable and versatile. Pair it with nice bold &amp; bright t-shirt. Amazing Combo Packs available. Fabric &amp; Care: Cotton Blend Fabric; 170-200 gsm. Regular Machine wash. S",https://triprindia.com/products/men-short-2,,true,indexable,https://triprindia.com/products/men-short-2,true,Mens Grey Printed Short,1,1093,268,1151,41,11,1,1,4,2,6,high,false,17,5,46,ProductGroup|FAQPage,true,JudgeMe,meta_description_length|script_count_high|image_alt_duplicate_on_page|image_missing_dimensions
https://triprindia.com/products/men-short-3,https://triprindia.com/products/men-short-3,false,0,200,product,Mens Abstract Printed Shorts Beige – TRIPR,"Step Out in style with our Shorts having Pockets on the both sides, adjustable drawstring on the waistband and straight fit. This is classy, comfortable and versatile. Pair it with nice bold &amp; bright t-shirt. Amazing Combo Packs available. Fabric &amp; Care: Cotton Blend Fabric; 170-200 gsm. Regular Machine wash. S",https://triprindia.com/products/men-short-3,,true,indexable,https://triprindia.com/products/men-short-3,true,Mens Abstract Printed Shorts Beige,1,1095,269,1151,41,11,1,1,4,2,6,high,false,17,5,46,ProductGroup|FAQPage,true,JudgeMe,meta_description_length|script_count_high|image_alt_duplicate_on_page|image_missing_dimensions
https://triprindia.com/products/men-short-pack-of-2-1,https://triprindia.com/products/men-short-pack-of-2-1,false,0,200,product,(Pack Of 2) Printed And Colorblocked Shorts 15 Variants – TRIPR,"Step Out in style with our Shorts having Pockets on the both sides, adjustable drawstring on the waistband and straight fit. This is classy, comfortable and versatile. Pair it with nice bold &amp; bright t-shirt. Amazing Combo Packs available. Fabric &amp; Care: Cotton Blend Fabric; 170-200 gsm. Regular Machine wash. S",https://triprindia.com/products/men-short-pack-of-2-1,,true,indexable,https://triprindia.com/products/men-short-pack-of-2-1,true,(Pack Of 2) Printed And Colorblocked Shorts 15 Variants,1,1121,522,1317,41,11,1,1,4,2,0,high,false,20,4,46,ProductGroup|FAQPage,true,JudgeMe,meta_description_length|html_size_large|script_count_high|image_alt_duplicate_on_page|image_missing_dimensions
https://triprindia.com/products/mens-tracksuit-maroon-black-4,https://triprindia.com/products/mens-tracksuit-maroon-black-4,false,0,200,product,Mens tracksuit - High Neck MAROON Tshirt & BLACK Jogger Pant – TRIPR,"Product Description Introducing the ultimate pair of matching tracksuits from TRIPR India! Elevate your style with our fashionable tracksuit combo for men. Enjoy the perfect blend of comfort and trendiness with our T-shirt and trackpant set, designed for those who appreciate both fashion and function. Fabric &amp; Care",https://triprindia.com/products/mens-tracksuit-maroon-black-4,,true,indexable,https://triprindia.com/products/mens-tracksuit-maroon-black-4,true,Mens tracksuit - High Neck MAROON Tshirt & BLACK Jogger Pant,1,1113,266,1145,41,11,1,1,4,2,1,high,false,13,6,45,ProductGroup|FAQPage,true,JudgeMe,title_length|meta_description_length|missing_image_alt|script_count_high|image_alt_duplicate_on_page|image_missing_dimensions
https://triprindia.com/products/mens-tracksuit-set-black-tshirt-jogger-2,https://triprindia.com/products/mens-tracksuit-set-black-tshirt-jogger-2,false,0,200,product,Tracksuit - High Neck BLACK T-shirt & Jogger Pant – TRIPR,"Product Description Introducing the ultimate pair of matching tracksuits from TRIPR India! Elevate your style with our fashionable tracksuit combo for men. Enjoy the perfect blend of comfort and trendiness with our T-shirt and trackpant set, designed for those who appreciate both fashion and function. Fabric &amp; Care",https://triprindia.com/products/mens-tracksuit-set-black-tshirt-jogger-2,,true,indexable,https://triprindia.com/products/mens-tracksuit-set-black-tshirt-jogger-2,true,Tracksuit - High Neck BLACK T-shirt & Jogger Pant,1,1109,269,1152,41,11,1,1,4,2,1,high,false,15,6,45,ProductGroup|FAQPage,true,JudgeMe,meta_description_length|missing_image_alt|script_count_high|image_alt_duplicate_on_page|image_missing_dimensions
https://triprindia.com/products/mens-tracksuit-maroon-tshirt-black-jogger-7,https://triprindia.com/products/mens-tracksuit-maroon-tshirt-black-jogger-7,false,0,200,product,Mens Tracksuit Half Sleeve Maroon T-shirt with Black Trackpant – TRIPR,"Product Description Introducing the ultimate pair of matching tracksuits from TRIPR India! Elevate your style with our fashionable tracksuit combo for men. Enjoy the perfect blend of comfort and trendiness with our T-shirt and trackpant set, designed for those who appreciate both fashion and function. Fabric &amp; Care",https://triprindia.com/products/mens-tracksuit-maroon-tshirt-black-jogger-7,,true,indexable,https://triprindia.com/products/mens-tracksuit-maroon-tshirt-black-jogger-7,true,Mens Tracksuit Half Sleeve Maroon T-shirt with Black Trackpant,1,1109,270,1154,41,11,1,1,4,2,1,high,false,15,6,45,ProductGroup|FAQPage,true,JudgeMe,title_length|meta_description_length|missing_image_alt|script_count_high|image_alt_duplicate_on_page|image_missing_dimensions
https://triprindia.com/products/mens-tracksuit-8,https://triprindia.com/products/mens-tracksuit-8,false,0,200,product,Tracksuit Henley Neck Full Sleeve MAROON Tshirt & BLACK Jogger – TRIPR,""" Product Description Introducing the ultimate pair of matching tracksuits from TRIPR India! Elevate your style with our fashionable tracksuit combo for men. Enjoy the perfect blend of comfort and trendiness with our T-shirt and trackpant set, designed for those who appreciate both fashion and function. Fabric &amp; Ca",https://triprindia.com/products/mens-tracksuit-8,,true,indexable,https://triprindia.com/products/mens-tracksuit-8,true,Tracksuit Henley Neck Full Sleeve MAROON Tshirt & BLACK Jogger,1,1112,266,1149,41,11,1,1,4,2,0,high,false,13,6,45,ProductGroup|FAQPage,true,JudgeMe,title_length|meta_description_length|missing_image_alt|script_count_high|image_alt_duplicate_on_page|image_missing_dimensions
https://triprindia.com/products/mens-tracksuit-olive-green-t-shirt-black-track-pant,https://triprindia.com/products/mens-tracksuit-olive-green-t-shirt-black-track-pant,false,0,200,product,mens tracksuit FULL SLEEVE -OLIVE GREEN Henley Neck T-shirt & BLACK Jo – TRIPR,""" Product Description Introducing the ultimate pair of matching tracksuits from TRIPR India! Elevate your style with our fashionable tracksuit combo for men. Enjoy the perfect blend of comfort and trendiness with our T-shirt and trackpant set, designed for those who appreciate both fashion and function. Fabric &amp; Ca",https://triprindia.com/products/mens-tracksuit-olive-green-t-shirt-black-track-pant,,true,indexable,https://triprindia.com/products/mens-tracksuit-olive-green-t-shirt-black-track-pant,true,mens tracksuit FULL SLEEVE -OLIVE GREEN Henley Neck T-shirt & BLACK Jogger,1,1116,269,1149,41,11,1,1,4,2,0,high,false,13,6,45,ProductGroup|FAQPage,true,JudgeMe,title_length|meta_description_length|missing_image_alt|script_count_high|image_alt_duplicate_on_page|image_missing_dimensions
https://triprindia.com/products/mens-tracksuit-17,https://triprindia.com/products/mens-tracksuit-17,false,0,200,product,mens tracksuit FULL SLEEVE - BLACK GREY – TRIPR,""" Product Description Introducing the ultimate pair of matching tracksuits from TRIPR India! Elevate your style with our fashionable tracksuit combo for men. Enjoy the perfect blend of comfort and trendiness with our T-shirt and trackpant set, designed for those who appreciate both fashion and function. Fabric &amp; Ca",https://triprindia.com/products/mens-tracksuit-17,,true,indexable,https://triprindia.com/products/mens-tracksuit-17,true,mens tracksuit FULL SLEEVE - BLACK GREY,1,1106,266,1149,41,11,1,1,4,2,0,high,false,13,6,45,ProductGroup|FAQPage,true,JudgeMe,meta_description_length|missing_image_alt|script_count_high|image_alt_duplicate_on_page|image_missing_dimensions
https://triprindia.com/products/mens-tracksuit-24,https://triprindia.com/products/mens-tracksuit-24,false,0,200,product,mens tracksuit FULL SLEEVE - WHITE BLACK – TRIPR,""" Product Description Introducing the ultimate pair of matching tracksuits from TRIPR India! Elevate your style with our fashionable tracksuit combo for men. Enjoy the perfect blend of comfort and trendiness with our T-shirt and trackpant set, designed for those who appreciate both fashion and function. Fabric &amp; Ca",https://triprindia.com/products/mens-tracksuit-24,,true,indexable,https://triprindia.com/products/mens-tracksuit-24,true,mens tracksuit FULL SLEEVE - WHITE BLACK,1,1106,266,1149,41,11,1,1,4,2,0,high,false,13,6,45,ProductGroup|FAQPage,true,JudgeMe,meta_description_length|missing_image_alt|script_count_high|image_alt_duplicate_on_page|image_missing_dimensions
https://triprindia.com/products/men-sweat-shirt-highneck-olivegreen,https://triprindia.com/products/men-sweat-shirt-highneck-olivegreen,false,0,200,product,Men Zipper High Neck Olivegreen Sweatshirt – TRIPR,"Men's Sweatshirt (No Hoodie) - Perfect for Casual Wear Key Features: Classic Design: Sleek and simple, this sweatshirt is ideal for a clean, timeless look. Comfortable Fit: Made with soft, breathable fabric for all-day comfort. Versatile Style: Perfect for casual outings, layering, or lounging at home. Durable Quality:",https://triprindia.com/products/men-sweat-shirt-highneck-olivegreen,,true,indexable,https://triprindia.com/products/men-sweat-shirt-highneck-olivegreen,true,Men Zipper High Neck Olivegreen Sweatshirt,1,1130,282,1166,41,11,1,1,4,2,0,high,false,17,6,46,ProductGroup|FAQPage,true,JudgeMe,meta_description_length|missing_image_alt|script_count_high|image_alt_duplicate_on_page|image_missing_dimensions
https://triprindia.com/products/black-winter-jacket-for-men,https://triprindia.com/products/black-winter-jacket-for-men,false,0,200,product,Black Winter Jacket For Men Online – TRIPR,Explore Black Winter Jacket for men Online at 399 Rs. Only. Ideal for Winter and Enjoy Fastest Delivery and Easy Returns.,https://triprindia.com/products/black-winter-jacket-for-men,,true,indexable,https://triprindia.com/products/black-winter-jacket-for-men,true,Black Winter Jackets,1,1161,316,1178,41,11,1,1,4,2,4,high,false,15,6,46,ProductGroup|FAQPage,true,JudgeMe,missing_image_alt|serp_boilerplate_meta_description|script_count_high|image_alt_duplicate_on_page|image_missing_dimensions
https://triprindia.com/products/men-winter-navy-blue-high-neck-sweatshirt,https://triprindia.com/products/men-winter-navy-blue-high-neck-sweatshirt,false,0,200,product,Men Navy blue Zipper High Neck Sweatshirt – TRIPR,"Men's Sweatshirt (No Hoodie) - Perfect for Casual Wear Key Features: Classic Design: Sleek and simple, this sweatshirt is ideal for a clean, timeless look. Comfortable Fit: Made with soft, breathable fabric for all-day comfort. Versatile Style: Perfect for casual outings, layering, or lounging at home. Durable Quality:",https://triprindia.com/products/men-winter-navy-blue-high-neck-sweatshirt,,true,indexable,https://triprindia.com/products/men-winter-navy-blue-high-neck-sweatshirt,true,Men Navy blue Zipper High Neck Sweatshirt,1,1134,290,1186,41,11,1,1,4,2,7,high,false,20,4,46,ProductGroup|FAQPage,true,JudgeMe,meta_description_length|missing_image_alt|script_count_high|large_image_url_width|image_alt_duplicate_on_page|image_missing_dimensions
https://triprindia.com/products/men-winter-grey-high-necksweatshirt,https://triprindia.com/products/men-winter-grey-high-necksweatshirt,false,0,200,product,Men Zip-Top High Neck Grey Sweatshirt – TRIPR,"Men's Sweatshirt (No Hoodie) - Perfect for Casual Wear Key Features: Classic Design: Sleek and simple, this sweatshirt is ideal for a clean, timeless look. Comfortable Fit: Made with soft, breathable fabric for all-day comfort. Versatile Style: Perfect for casual outings, layering, or lounging at home. Durable Quality:",https://triprindia.com/products/men-winter-grey-high-necksweatshirt,,true,indexable,https://triprindia.com/products/men-winter-grey-high-necksweatshirt,true,Men Zip-Top High Neck Grey Sweatshirt,1,1132,276,1172,41,11,1,1,4,2,1,high,false,19,6,46,ProductGroup|FAQPage,true,JudgeMe,meta_description_length|missing_image_alt|script_count_high|image_alt_duplicate_on_page|image_missing_dimensions
https://triprindia.com/products/men-high-neck-zipper-t-shirts-four-colours,https://triprindia.com/products/men-high-neck-zipper-t-shirts-four-colours,false,0,200,product,Buy High Neck T-Shirts For Men Online with 4 Colors – TRIPR,Buy our men's black-color zip t-shirt for 229 Rs online at the lowest price. Round-neck or crew neck zip t-shirts and short-sleeve stylish t-shirts are designed to be best fitted for men and made with lightweight cotton-blend. Find the best tees at TRIPR India.,https://triprindia.com/products/men-high-neck-zipper-t-shirts-four-colours,,true,indexable,https://triprindia.com/products/men-high-neck-zipper-t-shirts-four-colours,true,Men High Neck Zipper Half Sleeve T-shirt with 8 Colors,1,1138,390,1247,41,11,1,1,4,2,3,high,false,20,4,45,ProductGroup|FAQPage,true,JudgeMe,meta_description_length|missing_image_alt|script_count_high|image_alt_duplicate_on_page|image_missing_dimensions
https://triprindia.com/products/men-white-zip-neck-half-sleeve-black-piping-t-shirt-copy,https://triprindia.com/products/men-white-zip-neck-half-sleeve-black-piping-t-shirt-copy,false,0,200,product,Buy Men White V-neck Half Sleeve Zip Black Piping T-shirt Online – TRIPR,"Buy White Zip V-neck tshirt for men online clearance sale at Just 279 Rs. Lowest Price, Finest online budget tshirt. Explore tshirts under 100 rs",https://triprindia.com/products/men-white-zip-neck-half-sleeve-black-piping-t-shirt-copy,,true,indexable,https://triprindia.com/products/men-white-zip-neck-half-sleeve-black-piping-t-shirt-copy,true,SHORT AND LONG SLEEVE Men White Zip-neck Black Piping T-shirt,1,1130,287,1173,41,11,1,1,4,2,0,high,false,13,6,46,ProductGroup|FAQPage,true,JudgeMe,title_length|missing_image_alt|script_count_high|image_alt_duplicate_on_page|image_missing_dimensions
https://triprindia.com/products/men-solid-mandarin-collar-cotton-blend-full-seelve-t-shirt-copy,https://triprindia.com/products/men-solid-mandarin-collar-cotton-blend-full-seelve-t-shirt-copy,false,0,200,product,Men DARK GREY Mandarin Collar Full Seelve Zip Neck T-Shirt – TRIPR,Product Description Men Solid Mandarin Collar Front adds a playful and trendy element. Dark grey color cotton blend  full sleeve T-shirt provides a stylish contrast. Designed to Deliver both style and functionality With Fashionable one Visually appealing and versatile ensemble suitable for various occasions. Fabric &am,https://triprindia.com/products/men-solid-mandarin-collar-cotton-blend-full-seelve-t-shirt-copy,,true,indexable,https://triprindia.com/products/men-solid-mandarin-collar-cotton-blend-full-seelve-t-shirt-copy,true,Men DARK GREY Mandarin Collar Full Seelve Zip Neck T-Shirt,1,1115,277,1170,41,11,1,1,4,2,0,high,false,19,6,46,ProductGroup|FAQPage,true,JudgeMe,title_length|meta_description_length|missing_image_alt|script_count_high|image_alt_duplicate_on_page|image_missing_dimensions
https://triprindia.com/products/men-solid-dark-grey-mandarin-collar-full-seelve-t-shirt-copy,https://triprindia.com/products/men-solid-dark-grey-mandarin-collar-full-seelve-t-shirt-copy,false,0,200,product,Men Brown Mandarin Collar Full Sleeve Zip Neck T-Shirt – TRIPR,"Fabric &amp; Care: Cotton Blend Fabric. 170 to 180 gsm ,Regular Machine wash.Shipping/Delivery: The order will be dispatched within 24-48 hours, and you can expect to receive your order within 4-5 business days.Return and Exchange: We have an easy 7 days return policy. Return the product within 7 days from the day of r",https://triprindia.com/products/men-solid-dark-grey-mandarin-collar-full-seelve-t-shirt-copy,,true,indexable,https://triprindia.com/products/men-solid-dark-grey-mandarin-collar-full-seelve-t-shirt-copy,true,Men Brown Mandarin Collar Full Sleeve Zip Neck T-Shirt,1,1072,277,1163,41,11,1,1,4,2,0,high,false,19,6,46,ProductGroup|FAQPage,true,JudgeMe,meta_description_length|missing_image_alt|script_count_high|image_alt_duplicate_on_page|image_missing_dimensions
https://triprindia.com/products/men-dark-grey-high-neck-full-sleeve-t-shirt,https://triprindia.com/products/men-dark-grey-high-neck-full-sleeve-t-shirt,false,0,200,product,Men DARK GREY ZIPPER NECK Full Sleeve TShirt – TRIPR,Buy Men DARK GREY ZIPPER NECK Full Sleeve TShirt Online at best price. High neck with Zipper neck model.,https://triprindia.com/products/men-dark-grey-high-neck-full-sleeve-t-shirt,,true,indexable,https://triprindia.com/products/men-dark-grey-high-neck-full-sleeve-t-shirt,true,Men DARK GREY ZIPPER NECK Full Sleeve T-Shirt,1,1068,281,1163,41,11,1,1,4,2,6,high,false,19,6,46,ProductGroup|FAQPage,true,JudgeMe,missing_image_alt|script_count_high|image_alt_duplicate_on_page|image_missing_dimensions
https://triprindia.com/products/men-dark-grey-zipper-neck-full-seelve-t-shirt-copy,https://triprindia.com/products/men-dark-grey-zipper-neck-full-seelve-t-shirt-copy,false,0,200,product,Men BROWN ZIPPER NECK Full Sleeve TShirt – TRIPR,Shop Men BROWN ZIPPER NECK Full Sleeve T-Shirt Online at best price only at triprindia.com,https://triprindia.com/products/men-dark-grey-zipper-neck-full-seelve-t-shirt-copy,,true,indexable,https://triprindia.com/products/men-dark-grey-zipper-neck-full-seelve-t-shirt-copy,true,Men BROWN ZIPPER NECK Full Sleeve T-Shirt,1,1066,276,1162,41,11,1,1,4,2,6,high,false,19,6,46,ProductGroup|FAQPage,true,JudgeMe,missing_image_alt|script_count_high|image_alt_duplicate_on_page|image_missing_dimensions
https://triprindia.com/products/men-tracksuit-018,https://triprindia.com/products/men-tracksuit-018,false,0,200,product,mens tracksuit OLIVE GREEN-BLACK – TRIPR,""" Product Description Introducing the ultimate pair of matching tracksuits from TRIPR India! Elevate your style with our fashionable tracksuit combo for men. Enjoy the perfect blend of comfort and trendiness with our T-shirt and trackpant set, designed for those who appreciate both fashion and function. Fabric &amp; Ca",https://triprindia.com/products/men-tracksuit-018,,true,indexable,https://triprindia.com/products/men-tracksuit-018,true,mens tracksuit OLIVE GREEN-BLACK,1,1100,273,1170,41,11,1,1,4,2,0,high,false,19,6,45,ProductGroup|FAQPage,true,JudgeMe,meta_description_length|missing_image_alt|script_count_high|image_alt_duplicate_on_page|image_missing_dimensions
https://triprindia.com/products/mandarin-collar-tshirts,https://triprindia.com/products/mandarin-collar-tshirts,false,0,200,product,Buy Mandarin Collar T-Shirt Online – TRIPR,"Shop Mandarin Collar T-shirt For Men Online for Just 239 Rs. Stylish contrast, Made of Cotton Blend, clearance sale at Lowest Price Offer, Finest online budget rate tshirt. Explore more Mandarin collar tshirts at triprindia.com",https://triprindia.com/products/mandarin-collar-tshirts,,true,indexable,https://triprindia.com/products/mandarin-collar-tshirts,true,Men Mandarin Collar Half Sleeve T-Shirts | 8 Colors,1,1059,396,1256,41,11,1,1,4,2,0,high,false,20,5,46,ProductGroup|FAQPage,true,JudgeMe,meta_description_length|missing_image_alt|serp_title_h1_mismatch|script_count_high|image_alt_duplicate_on_page|image_missing_dimensions
https://triprindia.com/products/full-sleeve-high-neck-navy-blue-t-shirt,https://triprindia.com/products/full-sleeve-high-neck-navy-blue-t-shirt,false,0,200,product,Buy Men Full Sleeve Navy Blue Zipper Neck T-shirt Online – TRIPR,Product Description High Zipper neck  adds a playful and trendy element. Solid navy blue Full hand T-shirt provides a stylish contrast Designed to Deliver both style and functionality With Fashionable one Visually appealing and versatile ensemble suitable for various occasions. Fabric &amp; Care: Cotton Blend Fabric. 1,https://triprindia.com/products/full-sleeve-high-neck-navy-blue-t-shirt,,true,indexable,https://triprindia.com/products/full-sleeve-high-neck-navy-blue-t-shirt,true,Men High Neck Full Sleeve Navy Blue Zipper T-shirt,1,1115,266,1148,41,11,1,1,4,2,0,high,false,15,6,46,ProductGroup|FAQPage,true,JudgeMe,meta_description_length|missing_image_alt|script_count_high|image_alt_duplicate_on_page|image_missing_dimensions
https://triprindia.com/products/full-hand-tshirt-11-3,https://triprindia.com/products/full-hand-tshirt-11-3,false,0,200,product,Men Full Sleeve Black-Grey Mandarin Collar Neck T-shirt – TRIPR,"Brand: TRIPR India Material: Cotton Blend for comfort and durability Fit: Regular Fit Design: Solid color, perfect for versatile styling Sleeves: Full sleeves, suitable for all seasons Sizes Available: S, M, L, XL, 2XL Ideal For: Casual outings, everyday wear, or layering Fabric &amp; Care: Cotton Blend Fabric. 170 - 1",https://triprindia.com/products/full-hand-tshirt-11-3,,true,indexable,https://triprindia.com/products/full-hand-tshirt-11-3,true,Men Full Sleeve Black-Grey Mandarin Collar Neck T-shirt,1,1045,268,1157,41,11,1,1,4,2,0,high,false,15,6,46,ProductGroup|FAQPage,true,JudgeMe,meta_description_length|missing_image_alt|script_count_high|image_alt_duplicate_on_page|image_missing_dimensions
https://triprindia.com/products/plain-black-sweatshirt-for-men,https://triprindia.com/products/plain-black-sweatshirt-for-men,false,0,200,product,PLAIN BLACK MEN REGULAR FIT CASUAL SWEATSHIRT – TRIPR,"Product Description: Cotton Blend Fabric: Made with a soft and durable cotton blend (270-280 GSM) for all-day comfort and warmth. Regular Fit: Designed for a relaxed yet tailored fit, offering ease of movement and a sleek silhouette. Solid Colors: Available in a range of classic solid colors that pair perfectly with an",https://triprindia.com/products/plain-black-sweatshirt-for-men,,true,indexable,https://triprindia.com/products/plain-black-sweatshirt-for-men,true,PLAIN BLACK MEN REGULAR FIT CASUAL SWEATSHIRT,1,1184,288,1216,41,11,1,1,4,2,7,high,false,19,6,48,ProductGroup|FAQPage,true,JudgeMe,meta_description_length|missing_image_alt|script_count_high|large_image_url_width|image_alt_duplicate_on_page|image_missing_dimensions
https://triprindia.com/products/maroon-plain-sweatshirt-for-men,https://triprindia.com/products/maroon-plain-sweatshirt-for-men,false,0,200,product,PLAIN MAROON MEN REGULAR FIT CASUAL SWEATSHIRT – TRIPR,"Product Description: Premium Cotton Blend Fabric: Made with a soft and durable cotton blend (270-280 GSM) for all-day comfort and warmth. Regular Fit: Designed for a relaxed yet tailored fit, offering ease of movement and a sleek silhouette. Solid Colors: Available in a range of classic solid colors that pair perfectly",https://triprindia.com/products/maroon-plain-sweatshirt-for-men,,true,indexable,https://triprindia.com/products/maroon-plain-sweatshirt-for-men,true,PLAIN MAROON MEN REGULAR FIT CASUAL SWEATSHIRT,1,1145,283,1171,41,11,1,1,4,2,7,high,false,19,6,46,ProductGroup|FAQPage,true,JudgeMe,meta_description_length|missing_image_alt|script_count_high|large_image_url_width|image_alt_duplicate_on_page|image_missing_dimensions
https://triprindia.com/products/beige-plain-sweatshirt-for-men,https://triprindia.com/products/beige-plain-sweatshirt-for-men,false,0,200,product,PLAIN BEIGE MEN REGULAR FIT CASUAL SWEATSHIRT – TRIPR,"Product Description: Premium Cotton Blend Fabric: Made with a soft and durable cotton blend (270-280 GSM) for all-day comfort and warmth. Regular Fit: Designed for a relaxed yet tailored fit, offering ease of movement and a sleek silhouette. Solid Colors: Available in a range of classic solid colors that pair perfectly",https://triprindia.com/products/beige-plain-sweatshirt-for-men,,true,indexable,https://triprindia.com/products/beige-plain-sweatshirt-for-men,true,PLAIN BEIGE MEN REGULAR FIT CASUAL SWEATSHIRT,1,1145,283,1171,41,11,1,1,4,2,7,high,false,19,6,46,ProductGroup|FAQPage,true,JudgeMe,meta_description_length|missing_image_alt|script_count_high|large_image_url_width|image_alt_duplicate_on_page|image_missing_dimensions
https://triprindia.com/products/navy-blue-plain-color-sweatshirt-for-men,https://triprindia.com/products/navy-blue-plain-color-sweatshirt-for-men,false,0,200,product,PLAIN NAVY BLUE MEN REGULAR FIT CASUAL SWEATSHIRT – TRIPR,"Product Description: Premium Cotton Blend Fabric: Made with a soft and durable cotton blend (270-280 GSM) for all-day comfort and warmth. Regular Fit: Designed for a relaxed yet tailored fit, offering ease of movement and a sleek silhouette. Solid Colors: Available in a range of classic solid colors that pair perfectly",https://triprindia.com/products/navy-blue-plain-color-sweatshirt-for-men,,true,indexable,https://triprindia.com/products/navy-blue-plain-color-sweatshirt-for-men,true,PLAIN NAVY BLUE MEN REGULAR FIT CASUAL SWEATSHIRT,1,1147,284,1171,41,11,1,1,4,2,7,high,false,19,6,46,ProductGroup|FAQPage,true,JudgeMe,meta_description_length|missing_image_alt|script_count_high|large_image_url_width|image_alt_duplicate_on_page|image_missing_dimensions
https://triprindia.com/products/olive-green-plain-color-sweatshirt-for-men,https://triprindia.com/products/olive-green-plain-color-sweatshirt-for-men,false,0,200,product,PLAIN OLIVE GREEN MEN REGULAR FIT CASUAL SWEATSHIRT – TRIPR,"Product Description: Premium Cotton Blend Fabric: Made with a soft and durable cotton blend (270-280 GSM) for all-day comfort and warmth. Regular Fit: Designed for a relaxed yet tailored fit, offering ease of movement and a sleek silhouette. Solid Colors: Available in a range of classic solid colors that pair perfectly",https://triprindia.com/products/olive-green-plain-color-sweatshirt-for-men,,true,indexable,https://triprindia.com/products/olive-green-plain-color-sweatshirt-for-men,true,PLAIN OLIVE GREEN MEN REGULAR FIT CASUAL SWEATSHIRT,1,1147,278,1171,41,11,1,1,4,2,7,high,false,19,6,46,ProductGroup|FAQPage,true,JudgeMe,meta_description_length|missing_image_alt|script_count_high|large_image_url_width|image_alt_duplicate_on_page|image_missing_dimensions
https://triprindia.com/products/men-printed-trunk-light-orange,https://triprindia.com/products/men-printed-trunk-light-orange,false,0,200,product,Printed Trunk For Men Online – TRIPR,Shop Men Trunk for 179 Online Black Printed Trunk from TRIPR India. Comfy Soft Cotton Blend Ideal for Innerwears. Best Online Rate.,https://triprindia.com/products/men-printed-trunk-light-orange,,true,indexable,https://triprindia.com/products/men-printed-trunk-light-orange,true,Men Light Orange Printed Trunk,1,1057,265,1136,41,11,1,1,4,2,1,high,false,13,6,46,ProductGroup|FAQPage,true,JudgeMe,missing_image_alt|script_count_high|image_alt_duplicate_on_page|image_missing_dimensions
https://triprindia.com/products/men-red-printed-trunk,https://triprindia.com/products/men-red-printed-trunk,false,0,200,product,Printed Red Trunk For Men Online – TRIPR,Shop Men Trunk for 179 Online Black Printed Trunk from TRIPR India. Comfy Soft Cotton Blend Ideal for Innerwears. Best Online Rate.,https://triprindia.com/products/men-red-printed-trunk,,true,indexable,https://triprindia.com/products/men-red-printed-trunk,true,Men Red Printed Trunk,1,1059,266,1141,41,11,1,1,4,2,1,high,false,15,6,46,ProductGroup|FAQPage,true,JudgeMe,missing_image_alt|script_count_high|image_alt_duplicate_on_page|image_missing_dimensions
https://triprindia.com/products/pink-trunk-for-men-u9,https://triprindia.com/products/pink-trunk-for-men-u9,false,0,200,product,Men Pink Printed Trunk – TRIPR,"Structured in a combination of print and solid, this multicolor combo Trunk for men is offered at best price on our website. We ensure customer feels comfortable and stylish at the same time and enjoy time without worrying about other things.  Fabric &amp; Care: Cotton Blend Fabric; 170-200gsm. Regular Machine wash.Shi",https://triprindia.com/products/pink-trunk-for-men-u9,,true,indexable,https://triprindia.com/products/pink-trunk-for-men-u9,true,Men Pink Printed Trunk,1,1057,265,1134,41,11,1,1,4,2,1,high,false,13,6,46,ProductGroup|FAQPage,true,JudgeMe,meta_description_length|missing_image_alt|script_count_high|image_alt_duplicate_on_page|image_missing_dimensions
https://triprindia.com/products/red-trunk-for-men-u11,https://triprindia.com/products/red-trunk-for-men-u11,false,0,200,product,Men Red Printed Trunk – TRIPR,"Structured in a combination of print and solid, this multicolor combo Trunk for men is offered at best price on our website. We ensure customer feels comfortable and stylish at the same time and enjoy time without worrying about other things.  Fabric &amp; Care: Cotton Blend Fabric; 170-200gsm. Regular Machine wash.Shi",https://triprindia.com/products/red-trunk-for-men-u11,,true,indexable,https://triprindia.com/products/red-trunk-for-men-u11,true,Men Red Printed Trunk,1,1057,265,1134,41,11,1,1,4,2,1,high,false,13,6,46,ProductGroup|FAQPage,true,JudgeMe,meta_description_length|missing_image_alt|script_count_high|image_alt_duplicate_on_page|image_missing_dimensions
https://triprindia.com/products/black-trunk-for-men-u13,https://triprindia.com/products/black-trunk-for-men-u13,false,0,200,product,Men Black Printed Trunk – TRIPR,"Structured in a combination of print and solid, this multicolor combo Trunk for men is offered at best price on our website. We ensure customer feels comfortable and stylish at the same time and enjoy time without worrying about other things.  Fabric &amp; Care: Cotton Blend Fabric; 170-200gsm. Regular Machine wash.Shi",https://triprindia.com/products/black-trunk-for-men-u13,,true,indexable,https://triprindia.com/products/black-trunk-for-men-u13,true,Men Black Printed Trunk,1,1057,265,1134,41,11,1,1,4,2,1,high,false,13,6,46,ProductGroup|FAQPage,true,JudgeMe,meta_description_length|missing_image_alt|script_count_high|image_alt_duplicate_on_page|image_missing_dimensions
https://triprindia.com/products/mens-high-neck-sweatshirt-maroon,https://triprindia.com/products/mens-high-neck-sweatshirt-maroon,false,0,200,product,Men Zipper High Neck Maroon Sweatshirt – TRIPR,"Men's Sweatshirt (No Hoodie) - Perfect for Casual Wear Key Features: Classic Design: Sleek and simple, this sweatshirt is ideal for a clean, timeless look. Comfortable Fit: Made with soft, breathable fabric for all-day comfort. Versatile Style: Perfect for casual outings, layering, or lounging at home. Durable Quality:",https://triprindia.com/products/mens-high-neck-sweatshirt-maroon,,true,indexable,https://triprindia.com/products/mens-high-neck-sweatshirt-maroon,true,Men Zipper High Neck Maroon Sweatshirt,1,1130,278,1174,41,11,1,1,4,2,7,high,false,19,6,46,ProductGroup|FAQPage,true,JudgeMe,meta_description_length|missing_image_alt|script_count_high|large_image_url_width|image_alt_duplicate_on_page|image_missing_dimensions
https://triprindia.com/products/solid-men-black-track-pant,https://triprindia.com/products/solid-men-black-track-pant,false,0,200,product,Solid Men Black Track Pant – TRIPR,Solid Men's Black Track Pants is classic and forever in fashion. Wear it for enhanced workout or sports session as it is made of premium quality cotton blend fabric and allows maximum body movements while workouts. Buy it exclusively from Tripr India website. Cotton Blend Fabric; 170-180 gsm. Regular Machine wash.Shipp,https://triprindia.com/products/solid-men-black-track-pant,,true,indexable,https://triprindia.com/products/solid-men-black-track-pant,true,Solid Men Black Track Pant,1,1095,270,1145,41,11,1,1,4,2,0,high,false,15,6,46,ProductGroup|FAQPage,true,JudgeMe,meta_description_length|missing_image_alt|script_count_high|image_alt_duplicate_on_page|image_missing_dimensions
https://triprindia.com/products/men-high-neck-sweatshirt-beige,https://triprindia.com/products/men-high-neck-sweatshirt-beige,false,0,200,product,Men Zipper high Neck Beige Sweatshirt – TRIPR,"Men's Sweatshirt (No Hoodie) - Perfect for Casual Wear Key Features: Classic Design: Sleek and simple, this sweatshirt is ideal for a clean, timeless look. Comfortable Fit: Made with soft, breathable fabric for all-day comfort. Versatile Style: Perfect for casual outings, layering, or lounging at home. Durable Quality:",https://triprindia.com/products/men-high-neck-sweatshirt-beige,,true,indexable,https://triprindia.com/products/men-high-neck-sweatshirt-beige,true,Men Zipper high Neck Beige Sweatshirt,1,1132,268,1151,41,11,1,1,4,2,1,high,false,13,6,46,ProductGroup|FAQPage,true,JudgeMe,meta_description_length|missing_image_alt|script_count_high|image_alt_duplicate_on_page|image_missing_dimensions
https://triprindia.com/products/men-plain-zipper-high-neck-casual-sweatshirt-black,https://triprindia.com/products/men-plain-zipper-high-neck-casual-sweatshirt-black,false,0,200,product,Men Plain Zipper High Neck Casual Sweatshirt / Black – TRIPR,"Men's Sweatshirt (No Hoodie) - Perfect for Casual Wear Key Features: Classic Design: Sleek and simple, this sweatshirt is ideal for a clean, timeless look. Comfortable Fit: Made with soft, breathable fabric for all-day comfort. Versatile Style: Perfect for casual outings, layering, or lounging at home. Durable Quality:",https://triprindia.com/products/men-plain-zipper-high-neck-casual-sweatshirt-black,,true,indexable,https://triprindia.com/products/men-plain-zipper-high-neck-casual-sweatshirt-black,true,Men Plain Zipper High Neck Casual Sweatshirt / Black,1,1138,280,1172,41,11,1,1,4,2,7,high,false,19,6,46,ProductGroup|FAQPage,true,JudgeMe,meta_description_length|missing_image_alt|script_count_high|large_image_url_width|image_alt_duplicate_on_page|image_missing_dimensions
https://triprindia.com/products/men-plain-zipper-high-neck-casual-sweatshirt-maroon,https://triprindia.com/products/men-plain-zipper-high-neck-casual-sweatshirt-maroon,false,0,200,product,Men Plain Zipper High Neck Casual Sweatshirt / Maroon – TRIPR,"Men's Sweatshirt (No Hoodie) - Perfect for Casual Wear Key Features: Classic Design: Sleek and simple, this sweatshirt is ideal for a clean, timeless look. Comfortable Fit: Made with soft, breathable fabric for all-day comfort. Versatile Style: Perfect for casual outings, layering, or lounging at home. Durable Quality:",https://triprindia.com/products/men-plain-zipper-high-neck-casual-sweatshirt-maroon,,true,indexable,https://triprindia.com/products/men-plain-zipper-high-neck-casual-sweatshirt-maroon,true,Men Plain Zipper High Neck Casual Sweatshirt / Maroon,1,1138,279,1172,41,11,1,1,4,2,7,high,false,19,6,46,ProductGroup|FAQPage,true,JudgeMe,meta_description_length|missing_image_alt|script_count_high|large_image_url_width|image_alt_duplicate_on_page|image_missing_dimensions
https://triprindia.com/products/men-plain-zipper-high-neck-casual-sweatshirt-beige,https://triprindia.com/products/men-plain-zipper-high-neck-casual-sweatshirt-beige,false,0,200,product,Men Plain Zipper High Neck Casual Sweatshirt Beige – TRIPR,"Men's Sweatshirt (No Hoodie) - Perfect for Casual Wear Key Features: Classic Design: Sleek and simple, this sweatshirt is ideal for a clean, timeless look. Comfortable Fit: Made with soft, breathable fabric for all-day comfort. Versatile Style: Perfect for casual outings, layering, or lounging at home. Durable Quality:",https://triprindia.com/products/men-plain-zipper-high-neck-casual-sweatshirt-beige,,true,indexable,https://triprindia.com/products/men-plain-zipper-high-neck-casual-sweatshirt-beige,true,Men Plain Zipper High Neck Casual Sweatshirt Beige,1,1134,280,1175,41,11,1,1,4,2,7,high,false,19,6,46,ProductGroup|FAQPage,true,JudgeMe,meta_description_length|missing_image_alt|script_count_high|large_image_url_width|image_alt_duplicate_on_page|image_missing_dimensions
https://triprindia.com/products/men-plain-zipper-high-neck-casual-sweatshirt-olivegreen,https://triprindia.com/products/men-plain-zipper-high-neck-casual-sweatshirt-olivegreen,false,0,200,product,Men Plain Zipper High Neck Casual Sweatshirt Olivegreen – TRIPR,"Men's Sweatshirt (No Hoodie) - Perfect for Casual Wear Key Features: Classic Design: Sleek and simple, this sweatshirt is ideal for a clean, timeless look. Comfortable Fit: Made with soft, breathable fabric for all-day comfort. Versatile Style: Perfect for casual outings, layering, or lounging at home. Durable Quality:",https://triprindia.com/products/men-plain-zipper-high-neck-casual-sweatshirt-olivegreen,,true,indexable,https://triprindia.com/products/men-plain-zipper-high-neck-casual-sweatshirt-olivegreen,true,Men Plain Zipper High Neck Casual Sweatshirt Olivegreen,1,1134,281,1174,41,11,1,1,4,2,7,high,false,19,6,46,ProductGroup|FAQPage,true,JudgeMe,meta_description_length|missing_image_alt|script_count_high|large_image_url_width|image_alt_duplicate_on_page|image_missing_dimensions
https://triprindia.com/products/men-plain-zipper-high-neck-casual-sweatshirt-grey,https://triprindia.com/products/men-plain-zipper-high-neck-casual-sweatshirt-grey,false,0,200,product,Buy Men Plain Zipper High Neck Grey Casual Sweatshirt Online – TRIPR,Buy Men Plain Zipper High Neck Grey Casual Sweatshirt Online at an affordable price,https://triprindia.com/products/men-plain-zipper-high-neck-casual-sweatshirt-grey,,true,indexable,https://triprindia.com/products/men-plain-zipper-high-neck-casual-sweatshirt-grey,true,Men Plain Zipper High Neck Casual Sweatshirt / Grey,1,1137,288,1188,41,11,1,1,4,2,7,high,false,20,4,46,ProductGroup|FAQPage,true,JudgeMe,title_length|missing_image_alt|script_count_high|large_image_url_width|image_alt_duplicate_on_page|image_missing_dimensions
https://triprindia.com/products/men-full-sleeve-henly-neck-t-shirt-black-01,https://triprindia.com/products/men-full-sleeve-henly-neck-t-shirt-black-01,false,0,200,product,Men High Neck Zipper Full Sleeve Black T-Shirt – TRIPR,Product Description Black full sleeve at Front adds a playful and trendy element.  solid henley neck T-shirt provides a stylish contrast.  Designed to Deliver both style and functionality With Fashionable one Visually appealing and versatile ensemble suitable for various occasions. Fabric &amp; Care: Cotton Blend Fabri,https://triprindia.com/products/men-full-sleeve-henly-neck-t-shirt-black-01,,true,indexable,https://triprindia.com/products/men-full-sleeve-henly-neck-t-shirt-black-01,true,Men High Neck Zipper Full Sleeve Black T-Shirt,1,1108,272,1174,41,11,1,1,4,2,0,high,false,17,6,46,ProductGroup|FAQPage,true,JudgeMe,meta_description_length|missing_image_alt|script_count_high|image_alt_duplicate_on_page|image_missing_dimensions
https://triprindia.com/products/color-block-men-regular-fit-shorts-beige-black,https://triprindia.com/products/color-block-men-regular-fit-shorts-beige-black,false,0,200,product,Buy Sport Red Shorts @199 Online | Beige & Black Sport Shorts – TRIPR,"Buy Beige-Black Sport Shorts Online at 199 Rs. Suitable for Every Occasions, Quick dry in summer Sports Activities. Made of Cotton blend to keep cool.",https://triprindia.com/products/color-block-men-regular-fit-shorts-beige-black,,true,indexable,https://triprindia.com/products/color-block-men-regular-fit-shorts-beige-black,true,Color Block Men Beige & Black Regular Fit Shorts,1,1111,261,1128,41,11,1,1,4,2,3,high,false,11,5,46,ProductGroup|FAQPage,true,JudgeMe,title_length|serp_title_h1_mismatch|script_count_high|image_alt_duplicate_on_page|image_missing_dimensions
https://triprindia.com/products/men-full-sleeve-plain-t-shirt-01,https://triprindia.com/products/men-full-sleeve-plain-t-shirt-01,false,0,200,product,Mens Full Sleeve Round Neck Plain Grey T-shirt – TRIPR,"Product Description: Classic Round Neck Design: Features a versatile round neck that suits all casual and semi-casual occasions. Comfortable Daily Wear: Made with breathable, soft fabric to ensure all-day comfort. Full Sleeve Style: Offers added coverage for a sleek, stylish look. Plain Yet Versatile: Minimalist design",https://triprindia.com/products/men-full-sleeve-plain-t-shirt-01,,true,indexable,https://triprindia.com/products/men-full-sleeve-plain-t-shirt-01,true,Mens Full Sleeve Round Neck Plain Grey T-shirt,1,1182,282,1183,41,11,1,1,4,2,2,high,false,19,6,46,ProductGroup|FAQPage,true,JudgeMe,meta_description_length|missing_image_alt|script_count_high|image_alt_duplicate_on_page|image_missing_dimensions
https://triprindia.com/products/men-full-sleeve-plain-t-shirt-02,https://triprindia.com/products/men-full-sleeve-plain-t-shirt-02,false,0,200,product,Mens Full Sleeve Round Neck Black T-shirt – TRIPR,"Product Description: Classic Round Neck Design: Features a versatile round neck that suits all casual and semi-casual occasions. Comfortable Daily Wear: Made with breathable, soft fabric to ensure all-day comfort. Full Sleeve Style: Offers added coverage for a sleek, stylish look. Plain Yet Versatile: Minimalist design",https://triprindia.com/products/men-full-sleeve-plain-t-shirt-02,,true,indexable,https://triprindia.com/products/men-full-sleeve-plain-t-shirt-02,true,Mens Full Sleeve Round Neck Black T-shirt,1,1180,284,1183,41,11,1,1,4,2,7,high,false,19,6,46,ProductGroup|FAQPage,true,JudgeMe,meta_description_length|missing_image_alt|script_count_high|large_image_url_width|image_alt_duplicate_on_page|image_missing_dimensions
https://triprindia.com/products/men-full-sleeve-plain-t-shirt-03,https://triprindia.com/products/men-full-sleeve-plain-t-shirt-03,false,0,200,product,Mens Full Sleeve Round Neck Olive Green T-shirt – TRIPR,"Product Description: Classic Round Neck Design: Features a versatile round neck that suits all casual and semi-casual occasions. Comfortable Daily Wear: Made with breathable, soft fabric to ensure all-day comfort. Full Sleeve Style: Offers added coverage for a sleek, stylish look. Plain Yet Versatile: Minimalist design",https://triprindia.com/products/men-full-sleeve-plain-t-shirt-03,,true,indexable,https://triprindia.com/products/men-full-sleeve-plain-t-shirt-03,true,Mens Full Sleeve Round Neck Olive Green T-shirt,1,1182,276,1175,41,11,1,1,4,2,0,high,false,17,6,46,ProductGroup|FAQPage,true,JudgeMe,meta_description_length|missing_image_alt|script_count_high|image_alt_duplicate_on_page|image_missing_dimensions
https://triprindia.com/products/men-high-neck-zipper-sweatshirts-for-men,https://triprindia.com/products/men-high-neck-zipper-sweatshirts-for-men,false,0,200,product,Buy Men High Neck Zip Up Sweatshirts Online – TRIPR,Buy High Neck Quarter Zip Up Sweatshirt for men online. Select from Various colors and enjoy fastest delivery and easy returns,https://triprindia.com/products/men-high-neck-zipper-sweatshirts-for-men,,true,indexable,https://triprindia.com/products/men-high-neck-zipper-sweatshirts-for-men,true,Logo Printed High Neck Zipper Sweatshirts with 9 Variants,1,1149,421,1274,41,11,1,1,4,2,3,high,false,20,4,46,ProductGroup|FAQPage,true,JudgeMe,missing_image_alt|serp_title_h1_mismatch|serp_boilerplate_meta_description|script_count_high|image_alt_duplicate_on_page|image_missing_dimensions
https://triprindia.com/products/men-multi-pocket-plain-cargo-jogger-grey,https://triprindia.com/products/men-multi-pocket-plain-cargo-jogger-grey,false,0,200,product,Mens Multi Pockets Plain Grey Cargo Jogger – TRIPR,Product Description: Cuffed Bottoms: Features ribbed cuffs at the ankles for a snug fit and trendy appearance. Multiple Pockets: Equipped with spacious and functional pockets to keep your essentials handy. Solid Colors: Available in versatile solid shades that easily match any outfit. Adjustable Fit: Elastic waistband,https://triprindia.com/products/men-multi-pocket-plain-cargo-jogger-grey,,true,indexable,https://triprindia.com/products/men-multi-pocket-plain-cargo-jogger-grey,true,Mens Multi Pockets Plain Grey Cargo Jogger,1,1144,271,1170,41,11,1,1,4,2,0,high,false,17,6,46,ProductGroup|FAQPage,true,JudgeMe,meta_description_length|missing_image_alt|script_count_high|image_alt_duplicate_on_page|image_missing_dimensions
https://triprindia.com/products/men-multi-pocket-plain-cargo-jogger-black,https://triprindia.com/products/men-multi-pocket-plain-cargo-jogger-black,false,0,200,product,Mens Multi Pockets Plain Black Cargo Jogger – TRIPR,Product Description: Cuffed Bottoms: Features ribbed cuffs at the ankles for a snug fit and trendy appearance. Multiple Pockets: Equipped with spacious and functional pockets to keep your essentials handy. Solid Colors: Available in versatile solid shades that easily match any outfit. Adjustable Fit: Elastic waistband,https://triprindia.com/products/men-multi-pocket-plain-cargo-jogger-black,,true,indexable,https://triprindia.com/products/men-multi-pocket-plain-cargo-jogger-black,true,Mens Multi Pockets Plain Black Cargo Jogger,1,1144,271,1170,41,11,1,1,4,2,0,high,false,17,6,46,ProductGroup|FAQPage,true,JudgeMe,meta_description_length|missing_image_alt|script_count_high|image_alt_duplicate_on_page|image_missing_dimensions
https://triprindia.com/products/men-multi-pocket-plain-cargo-jogger-olive-green,https://triprindia.com/products/men-multi-pocket-plain-cargo-jogger-olive-green,false,0,200,product,Mens Multi Pockets Plain Olive Green Cargo Jogger – TRIPR,Product Description: Cuffed Bottoms: Features ribbed cuffs at the ankles for a snug fit and trendy appearance. Multiple Pockets: Equipped with spacious and functional pockets to keep your essentials handy. Solid Colors: Available in versatile solid shades that easily match any outfit. Adjustable Fit: Elastic waistband,https://triprindia.com/products/men-multi-pocket-plain-cargo-jogger-olive-green,,true,indexable,https://triprindia.com/products/men-multi-pocket-plain-cargo-jogger-olive-green,true,Mens Multi Pockets Plain Olive Green Cargo Jogger,1,1146,271,1170,41,11,1,1,4,2,0,high,false,17,6,46,ProductGroup|FAQPage,true,JudgeMe,meta_description_length|missing_image_alt|script_count_high|image_alt_duplicate_on_page|image_missing_dimensions
https://triprindia.com/products/men-multi-pocket-plain-cargo-jogger-maroon,https://triprindia.com/products/men-multi-pocket-plain-cargo-jogger-maroon,false,0,200,product,Mens Multi Pockets Plain Maroon Cargo Jogger – TRIPR,Product Description: Cuffed Bottoms: Features ribbed cuffs at the ankles for a snug fit and trendy appearance. Multiple Pockets: Equipped with spacious and functional pockets to keep your essentials handy. Solid Colors: Available in versatile solid shades that easily match any outfit. Adjustable Fit: Elastic waistband,https://triprindia.com/products/men-multi-pocket-plain-cargo-jogger-maroon,,true,indexable,https://triprindia.com/products/men-multi-pocket-plain-cargo-jogger-maroon,true,Mens Multi Pockets Plain Maroon Cargo Jogger,1,1144,271,1170,41,11,1,1,4,2,0,high,false,17,6,46,ProductGroup|FAQPage,true,JudgeMe,meta_description_length|missing_image_alt|script_count_high|image_alt_duplicate_on_page|image_missing_dimensions
https://triprindia.com/products/plain-zipper-high-neck-casual-sweatshirts-for-men,https://triprindia.com/products/plain-zipper-high-neck-casual-sweatshirts-for-men,false,0,200,product,Buy Men Plain Zipper High Neck Casual Sweatshirts - 5 Colors Variants – TRIPR,"Buy Men Plain Zipper High Neck Casual Sweatshirts Online, Choose from 5 Colors Variants, No hooded zip neck stylish Sweatshirt and enjoy fastest delivery",https://triprindia.com/products/plain-zipper-high-neck-casual-sweatshirts-for-men,,true,indexable,https://triprindia.com/products/plain-zipper-high-neck-casual-sweatshirts-for-men,true,Men Plain Zipper High Neck Casual Sweatshirts - 5 Colors,1,1150,360,1236,41,11,1,1,4,2,7,high,false,20,4,46,ProductGroup|FAQPage,true,JudgeMe,title_length|missing_image_alt|serp_boilerplate_meta_description|script_count_high|large_image_url_width|image_alt_duplicate_on_page|image_missing_dimensions
https://triprindia.com/products/plain-men-regular-fit-round-neck-casual-sweatshirts-7-colors,https://triprindia.com/products/plain-men-regular-fit-round-neck-casual-sweatshirts-7-colors,false,0,200,product,MEN PLAIN REGULAR FIT ROUND NECK CASUAL SWEATSHIRTS - 7 COLORS – TRIPR,"Product Description: Premium Cotton Blend Fabric: Made with a soft and durable cotton blend (270-280 GSM) for all-day comfort and warmth. Regular Fit: Designed for a relaxed yet tailored fit, offering ease of movement and a sleek silhouette. Solid Colors: Available in a range of classic solid colors - BLACK | BEIGE | C",https://triprindia.com/products/plain-men-regular-fit-round-neck-casual-sweatshirts-7-colors,,true,indexable,https://triprindia.com/products/plain-men-regular-fit-round-neck-casual-sweatshirts-7-colors,true,MEN PLAIN REGULAR FIT ROUND NECK CASUAL SWEATSHIRTS - 7 COLORS,1,1183,394,1243,41,11,1,1,4,2,9,high,false,20,4,46,ProductGroup|FAQPage,true,JudgeMe,title_length|meta_description_length|missing_image_alt|script_count_high|large_image_url_width|image_alt_duplicate_on_page|image_missing_dimensions
https://triprindia.com/products/pack-of-1-mens-printed-trunks-14-color-variants,https://triprindia.com/products/pack-of-1-mens-printed-trunks-14-color-variants,false,0,200,product,Trunk For Men Online | Men TRIPR Trunk Online,CLEARANCE | S A L E | Men Trunk for @ 179 Online Black Printed Trunk from TRIPR India. Comfy Soft Cotton Blend Ideal for Innerwears. Best Online Rate.,https://triprindia.com/products/pack-of-1-mens-printed-trunks-14-color-variants,,true,indexable,https://triprindia.com/products/pack-of-1-mens-printed-trunks-14-color-variants,true,MENS PRINTED TRUNKS with 9 COLOR VARIANTS,1,1074,423,1249,41,11,1,1,4,2,1,high,false,20,4,46,ProductGroup|FAQPage,true,JudgeMe,missing_image_alt|serp_title_h1_mismatch|script_count_high|image_alt_duplicate_on_page|image_missing_dimensions
https://triprindia.com/products/combo-trunks-bricked,https://triprindia.com/products/combo-trunks-bricked,false,0,200,product,Trunk For Men Online | Men TRIPR Trunk Online,CLEARANCE | S A L E | Men Trunk for @ 179 Online Black Printed Trunk from TRIPR India. Comfy Soft Cotton Blend Ideal for Innerwears. Best Online Rate.,https://triprindia.com/products/combo-trunks-bricked,,true,indexable,https://triprindia.com/products/combo-trunks-bricked,true,"Black Printed Combo Trunks (Pack of 2, 3 & 4)",1,1075,399,1232,41,11,1,1,4,2,0,high,false,20,4,46,ProductGroup|FAQPage,true,JudgeMe,missing_image_alt|serp_title_h1_mismatch|script_count_high|image_alt_duplicate_on_page|image_missing_dimensions
https://triprindia.com/products/mens-black-full-sleeve-plain-hooded-t-shirt,https://triprindia.com/products/mens-black-full-sleeve-plain-hooded-t-shirt,false,0,200,product,Mens Black Full Sleeve Plain Hooded T-shirt – TRIPR,"TRIPR INDIA Full Sleeve Plain Hooded T-Shirt✔ Versatile Design: Full-sleeve hooded t-shirt, perfect for outings, casual streetwear, and everyday comfort.✔ Solid Colors to Choose From: Available in a range of vibrant and classic solid shades to match your style.✔ Unmatched Value: Enjoy the lowest price online without co",https://triprindia.com/products/mens-black-full-sleeve-plain-hooded-t-shirt,,true,indexable,https://triprindia.com/products/mens-black-full-sleeve-plain-hooded-t-shirt,true,Mens Black Full Sleeve Plain Hooded T-shirt,1,1154,278,1164,41,11,1,1,4,2,6,high,false,17,6,46,ProductGroup|FAQPage,true,JudgeMe,meta_description_length|missing_image_alt|script_count_high|image_alt_duplicate_on_page|image_missing_dimensions
https://triprindia.com/products/mens-olivegreen-full-sleeve-plain-hooded-t-shirt,https://triprindia.com/products/mens-olivegreen-full-sleeve-plain-hooded-t-shirt,false,0,200,product,Mens Olivegreen Full Sleeve Plain Hooded T-shirt – TRIPR,"TRIPR INDIA Full Sleeve Plain Hooded T-Shirt✔ Versatile Design: Full-sleeve hooded t-shirt, perfect for outings, casual streetwear, and everyday comfort.✔ Solid Colors to Choose From: Available in a range of vibrant and classic solid shades to match your style.✔ Unmatched Value: Enjoy the lowest price online without co",https://triprindia.com/products/mens-olivegreen-full-sleeve-plain-hooded-t-shirt,,true,indexable,https://triprindia.com/products/mens-olivegreen-full-sleeve-plain-hooded-t-shirt,true,Mens Olivegreen Full Sleeve Plain Hooded T-shirt,1,1148,282,1169,41,11,1,1,4,2,7,high,false,19,6,46,ProductGroup|FAQPage,true,JudgeMe,meta_description_length|missing_image_alt|script_count_high|large_image_url_width|image_alt_duplicate_on_page|image_missing_dimensions
https://triprindia.com/products/mens-grey-full-sleeve-plain-hooded-t-shirt,https://triprindia.com/products/mens-grey-full-sleeve-plain-hooded-t-shirt,false,0,200,product,Mens Grey Full Sleeve Plain Hooded T-shirt – TRIPR,"TRIPR INDIA Full Sleeve Plain Hooded T-Shirt✔ Versatile Design: Full-sleeve hooded t-shirt, perfect for outings, casual streetwear, and everyday comfort.✔ Solid Colors to Choose From: Available in a range of vibrant and classic solid shades to match your style.✔ Unmatched Value: Enjoy the lowest price online without co",https://triprindia.com/products/mens-grey-full-sleeve-plain-hooded-t-shirt,,true,indexable,https://triprindia.com/products/mens-grey-full-sleeve-plain-hooded-t-shirt,true,Mens Grey Full Sleeve Plain Hooded T-shirt,1,1171,274,1166,41,11,1,1,4,2,2,high,false,17,6,46,ProductGroup|FAQPage,true,JudgeMe,meta_description_length|missing_image_alt|script_count_high|image_alt_duplicate_on_page|image_missing_dimensions
https://triprindia.com/products/men-full-sleeve-henley-t-shirt-pack-of-2-dark-grey-maroon,https://triprindia.com/products/men-full-sleeve-henley-t-shirt-pack-of-2-dark-grey-maroon,false,0,200,product,Mens Henely Neck Full Sleeve Dark Grey & Maroon T-shirts (Pack Of 2) – TRIPR,"PRODUCT DESCRIPTION: Stylish Design: Crafted with a Henley neck and eye-catching prints, perfect for adding a trendy touch to your wardrobe. Premium Quality Fabric: Made with soft, breathable, and durable fabric for ultimate comfort throughout the day. Pack of 2 Multicolor Variants: Available in a range of vibrant colo",https://triprindia.com/products/men-full-sleeve-henley-t-shirt-pack-of-2-dark-grey-maroon,,true,indexable,https://triprindia.com/products/men-full-sleeve-henley-t-shirt-pack-of-2-dark-grey-maroon,true,Mens Henely Neck Full Sleeve Dark Grey & Maroon T-shirts (Pack Of 2),1,1129,265,1137,41,11,1,1,4,2,0,high,false,11,6,46,ProductGroup|FAQPage,true,JudgeMe,title_length|meta_description_length|missing_image_alt|script_count_high|image_alt_duplicate_on_page|image_missing_dimensions
https://triprindia.com/products/men-full-sleeve-henley-t-shirt-pack-of-2-olive-green-dark-grey,https://triprindia.com/products/men-full-sleeve-henley-t-shirt-pack-of-2-olive-green-dark-grey,false,0,200,product,Mens Henely Neck Full Sleeve Olivegreen & Dark Grey T-shirts (Pack Of  – TRIPR,"PRODUCT DESCRIPTION: Stylish Design: Crafted with a Henley neck and eye-catching prints, perfect for adding a trendy touch to your wardrobe. Premium Quality Fabric: Made with soft, breathable, and durable fabric for ultimate comfort throughout the day. Pack of 2 Multicolor Variants: Available in a range of vibrant colo",https://triprindia.com/products/men-full-sleeve-henley-t-shirt-pack-of-2-olive-green-dark-grey,,true,indexable,https://triprindia.com/products/men-full-sleeve-henley-t-shirt-pack-of-2-olive-green-dark-grey,true,Mens Henely Neck Full Sleeve Olivegreen & Dark Grey T-shirts (Pack Of 2),1,1128,265,1137,41,11,1,1,4,2,0,high,false,11,6,46,ProductGroup|FAQPage,true,JudgeMe,title_length|meta_description_length|missing_image_alt|script_count_high|image_alt_duplicate_on_page|image_missing_dimensions
https://triprindia.com/products/men-full-sleeve-high-neck-t-shirt-pack-of-2-maroon-black,https://triprindia.com/products/men-full-sleeve-high-neck-t-shirt-pack-of-2-maroon-black,false,0,200,product,Mens High Neck Full Sleeve Maroon & Black T-shirts (Pack Of 2) – TRIPR,"PRODUCT DESCRIPTION: Stylish Design: Crafted with a High neck and eye-catching prints, perfect for adding a trendy touch to your wardrobe. Premium Quality Fabric: Made with soft, breathable, and durable fabric for ultimate comfort throughout the day. Pack of 2 Multicolor Variants: Available in a range of vibrant colors",https://triprindia.com/products/men-full-sleeve-high-neck-t-shirt-pack-of-2-maroon-black,,true,indexable,https://triprindia.com/products/men-full-sleeve-high-neck-t-shirt-pack-of-2-maroon-black,true,Mens High Neck Full Sleeve Maroon & Black T-shirts (Pack Of 2),1,1130,264,1137,41,11,1,1,4,2,0,high,false,11,6,46,ProductGroup|FAQPage,true,JudgeMe,title_length|meta_description_length|missing_image_alt|script_count_high|image_alt_duplicate_on_page|image_missing_dimensions
https://triprindia.com/products/men-full-sleeve-high-neck-t-shirt-pack-of-2-dark-grey-olive-green,https://triprindia.com/products/men-full-sleeve-high-neck-t-shirt-pack-of-2-dark-grey-olive-green,false,0,200,product,Mens High Neck Full Sleeve Dark Grey & Olivegreen T-shirts (Pack Of 2) – TRIPR,"PRODUCT DESCRIPTION: Stylish Design: Crafted with a High neck and eye-catching prints, perfect for adding a trendy touch to your wardrobe. Premium Quality Fabric: Made with soft, breathable, and durable fabric for ultimate comfort throughout the day. Pack of 2 Multicolor Variants: Available in a range of vibrant colors",https://triprindia.com/products/men-full-sleeve-high-neck-t-shirt-pack-of-2-dark-grey-olive-green,,true,indexable,https://triprindia.com/products/men-full-sleeve-high-neck-t-shirt-pack-of-2-dark-grey-olive-green,true,Mens High Neck Full Sleeve Dark Grey & Olivegreen T-shirts (Pack Of 2),1,1129,265,1137,41,11,1,1,4,2,0,high,false,11,6,46,ProductGroup|FAQPage,true,JudgeMe,title_length|meta_description_length|missing_image_alt|script_count_high|image_alt_duplicate_on_page|image_missing_dimensions
https://triprindia.com/products/pack-of-2-mens-henely-high-neck-full-sleeve-t-shirts-6-variants-combo,https://triprindia.com/products/pack-of-2-mens-henely-high-neck-full-sleeve-t-shirts-6-variants-combo,false,0,200,product,(Pack Of 2) Full Sleeve Mens High & Henley Neck T-shirts with 6 Varian – TRIPR,"PRODUCT DESCRIPTION: Stylish Design: Crafted with a High neck and eye-catching prints, perfect for adding a trendy touch to your wardrobe. Premium Quality Fabric: Made with soft, breathable, and durable fabric for ultimate comfort throughout the day. Pack of 2 Multicolor Variants: Available in a range of vibrant colors",https://triprindia.com/products/pack-of-2-mens-henely-high-neck-full-sleeve-t-shirts-6-variants-combo,,true,indexable,https://triprindia.com/products/pack-of-2-mens-henely-high-neck-full-sleeve-t-shirts-6-variants-combo,true,(Pack Of 2) Full Sleeve Mens High & Henley Neck T-shirts with 6 Variants Combo,1,1241,356,1209,41,11,1,1,4,2,0,high,false,19,6,46,ProductGroup|FAQPage,true,JudgeMe,title_length|meta_description_length|missing_image_alt|script_count_high|image_alt_duplicate_on_page|image_missing_dimensions
https://triprindia.com/products/pack-of-1-men-half-sleeve-round-neck-plain-t-shirt-grey,https://triprindia.com/products/pack-of-1-men-half-sleeve-round-neck-plain-t-shirt-grey,false,0,200,product,Men Half Sleeve Round Neck Plain Grey T-shirt – TRIPR,"Product Description: Cotton Blend: Made from good-quality cotton blend fabric for a soft and breathable experience, perfect for all-day comfort. Round Neck Design: Classic round neck style offering a versatile and timeless look for daily wear. Half-Sleeve Style: Comfortable half-sleeve design suitable for casual outing",https://triprindia.com/products/pack-of-1-men-half-sleeve-round-neck-plain-t-shirt-grey,,true,indexable,https://triprindia.com/products/pack-of-1-men-half-sleeve-round-neck-plain-t-shirt-grey,true,Men Half Sleeve Round Neck Plain Grey T-shirt,1,1183,280,1173,41,11,1,1,4,2,6,high,false,17,6,46,ProductGroup|FAQPage,true,JudgeMe,meta_description_length|missing_image_alt|script_count_high|image_alt_duplicate_on_page|image_missing_dimensions
https://triprindia.com/products/pack-of-1-men-half-sleeve-round-neck-plain-t-shirt-dark-grey,https://triprindia.com/products/pack-of-1-men-half-sleeve-round-neck-plain-t-shirt-dark-grey,false,0,200,product,Men's Grey T-shirts Online – TRIPR,Explore Grey T-shirts for men Starting at ₹189 Online. Choose from Different Styles of Grey Colour T-shirts at TRIPR INDIA and Get Offers and Coupons.,https://triprindia.com/products/pack-of-1-men-half-sleeve-round-neck-plain-t-shirt-dark-grey,,true,indexable,https://triprindia.com/products/pack-of-1-men-half-sleeve-round-neck-plain-t-shirt-dark-grey,true,Men Grey T-shirts,1,1219,475,1274,41,11,1,1,4,2,5,high,false,20,4,46,ProductGroup|FAQPage,true,JudgeMe,missing_image_alt|script_count_high|image_alt_duplicate_on_page|image_missing_dimensions
https://triprindia.com/products/pack-of-1-men-half-sleeve-round-neck-plain-t-shirt-charcoal-black,https://triprindia.com/products/pack-of-1-men-half-sleeve-round-neck-plain-t-shirt-charcoal-black,false,0,200,product,(Pack Of 1) Men Half Sleeve Round Neck Plain Charcoal Black T-shirt – TRIPR,"Product Description: Cotton Blend: Made from good-quality cotton blend fabric for a soft and breathable experience, perfect for all-day comfort. Round Neck Design: Classic round neck style offering a versatile and timeless look for daily wear. Half-Sleeve Style: Comfortable half-sleeve design suitable for casual outing",https://triprindia.com/products/pack-of-1-men-half-sleeve-round-neck-plain-t-shirt-charcoal-black,,true,indexable,https://triprindia.com/products/pack-of-1-men-half-sleeve-round-neck-plain-t-shirt-charcoal-black,true,(Pack Of 1) Men Half Sleeve Round Neck Plain Charcoal Black T-shirt,1,1191,283,1173,41,11,1,1,4,2,6,high,false,17,6,46,ProductGroup|FAQPage,true,JudgeMe,title_length|meta_description_length|missing_image_alt|script_count_high|image_alt_duplicate_on_page|image_missing_dimensions
https://triprindia.com/products/pack-of-1-men-half-sleeve-round-neck-plain-t-shirt-brown,https://triprindia.com/products/pack-of-1-men-half-sleeve-round-neck-plain-t-shirt-brown,false,0,200,product,(Pack Of 1) Men Half Sleeve Round Neck Plain Brown T-shirt – TRIPR,"Product Description: Cotton Blend: Made from good-quality cotton blend fabric for a soft and breathable experience, perfect for all-day comfort. Round Neck Design: Classic round neck style offering a versatile and timeless look for daily wear. Half-Sleeve Style: Comfortable half-sleeve design suitable for casual outing",https://triprindia.com/products/pack-of-1-men-half-sleeve-round-neck-plain-t-shirt-brown,,true,indexable,https://triprindia.com/products/pack-of-1-men-half-sleeve-round-neck-plain-t-shirt-brown,true,(Pack Of 1) Men Half Sleeve Round Neck Plain Brown T-shirt,1,1189,281,1173,41,11,1,1,4,2,6,high,false,17,6,46,ProductGroup|FAQPage,true,JudgeMe,title_length|meta_description_length|missing_image_alt|script_count_high|image_alt_duplicate_on_page|image_missing_dimensions
https://triprindia.com/products/pack-of-1-men-half-sleeve-round-neck-plain-t-shirt-black,https://triprindia.com/products/pack-of-1-men-half-sleeve-round-neck-plain-t-shirt-black,false,0,200,product,(Pack Of 1) Men Half Sleeve Round Neck Plain Black T-shirt – TRIPR,"Product Description: Cotton Blend: Made from good-quality cotton blend fabric for a soft and breathable experience, perfect for all-day comfort. Round Neck Design: Classic round neck style offering a versatile and timeless look for daily wear. Half-Sleeve Style: Comfortable half-sleeve design suitable for casual outing",https://triprindia.com/products/pack-of-1-men-half-sleeve-round-neck-plain-t-shirt-black,,true,indexable,https://triprindia.com/products/pack-of-1-men-half-sleeve-round-neck-plain-t-shirt-black,true,(Pack Of 1) Men Half Sleeve Round Neck Plain Black T-shirt,1,1189,280,1173,41,11,1,1,4,2,6,high,false,17,6,46,ProductGroup|FAQPage,true,JudgeMe,title_length|meta_description_length|missing_image_alt|script_count_high|image_alt_duplicate_on_page|image_missing_dimensions
https://triprindia.com/products/pack-of-1-men-half-sleeve-round-neck-plain-t-shirt-beige,https://triprindia.com/products/pack-of-1-men-half-sleeve-round-neck-plain-t-shirt-beige,false,0,200,product,(Pack Of 1) Men Half Sleeve Round Neck Plain Beige T-shirt – TRIPR,"Product Description: Cotton Blend: Made from good-quality cotton blend fabric for a soft and breathable experience, perfect for all-day comfort. Round Neck Design: Classic round neck style offering a versatile and timeless look for daily wear. Half-Sleeve Style: Comfortable half-sleeve design suitable for casual outing",https://triprindia.com/products/pack-of-1-men-half-sleeve-round-neck-plain-t-shirt-beige,,true,indexable,https://triprindia.com/products/pack-of-1-men-half-sleeve-round-neck-plain-t-shirt-beige,true,(Pack Of 1) Men Half Sleeve Round Neck Plain Beige T-shirt,1,1189,281,1173,41,11,1,1,4,2,6,high,false,17,6,46,ProductGroup|FAQPage,true,JudgeMe,title_length|meta_description_length|missing_image_alt|script_count_high|image_alt_duplicate_on_page|image_missing_dimensions
https://triprindia.com/products/pack-of-1-men-half-sleeve-round-neck-plain-t-shirt-white,https://triprindia.com/products/pack-of-1-men-half-sleeve-round-neck-plain-t-shirt-white,false,0,200,product,(Pack Of 1) Men Half Sleeve Round Neck Plain White T-shirt – TRIPR,"Product Description: Cotton Blend: Made from good-quality cotton blend fabric for a soft and breathable experience, perfect for all-day comfort. Round Neck Design: Classic round neck style offering a versatile and timeless look for daily wear. Half-Sleeve Style: Comfortable half-sleeve design suitable for casual outing",https://triprindia.com/products/pack-of-1-men-half-sleeve-round-neck-plain-t-shirt-white,,true,indexable,https://triprindia.com/products/pack-of-1-men-half-sleeve-round-neck-plain-t-shirt-white,true,(Pack Of 1) Men Half Sleeve Round Neck Plain White T-shirt,1,1187,286,1173,41,11,1,1,4,2,6,high,false,17,6,46,ProductGroup|FAQPage,true,JudgeMe,title_length|meta_description_length|missing_image_alt|script_count_high|image_alt_duplicate_on_page|image_missing_dimensions
https://triprindia.com/products/pack-of-1-men-half-sleeve-round-neck-plain-t-shirt-olive-green,https://triprindia.com/products/pack-of-1-men-half-sleeve-round-neck-plain-t-shirt-olive-green,false,0,200,product,(Pack Of 1) Men Half Sleeve Round Neck Plain Olive Green T-shirt – TRIPR,"Product Description: Cotton Blend: Made from good-quality cotton blend fabric for a soft and breathable experience, perfect for all-day comfort. Round Neck Design: Classic round neck style offering a versatile and timeless look for daily wear. Half-Sleeve Style: Comfortable half-sleeve design suitable for casual outing",https://triprindia.com/products/pack-of-1-men-half-sleeve-round-neck-plain-t-shirt-olive-green,,true,indexable,https://triprindia.com/products/pack-of-1-men-half-sleeve-round-neck-plain-t-shirt-olive-green,true,(Pack Of 1) Men Half Sleeve Round Neck Plain Olive Green T-shirt,1,1189,282,1173,41,11,1,1,4,2,6,high,false,17,6,46,ProductGroup|FAQPage,true,JudgeMe,title_length|meta_description_length|missing_image_alt|script_count_high|image_alt_duplicate_on_page|image_missing_dimensions
https://triprindia.com/products/pack-of-1-men-half-sleeve-round-neck-plain-t-shirt-navy-blue,https://triprindia.com/products/pack-of-1-men-half-sleeve-round-neck-plain-t-shirt-navy-blue,false,0,200,product,(Pack Of 1) Men Half Sleeve Round Neck Plain Navy Blue T-shirt – TRIPR,"Product Description: Cotton Blend: Made from good-quality cotton blend fabric for a soft and breathable experience, perfect for all-day comfort. Round Neck Design: Classic round neck style offering a versatile and timeless look for daily wear. Half-Sleeve Style: Comfortable half-sleeve design suitable for casual outing",https://triprindia.com/products/pack-of-1-men-half-sleeve-round-neck-plain-t-shirt-navy-blue,,true,indexable,https://triprindia.com/products/pack-of-1-men-half-sleeve-round-neck-plain-t-shirt-navy-blue,true,(Pack Of 1) Men Half Sleeve Round Neck Plain Navy Blue T-shirt,1,1189,282,1173,41,11,1,1,4,2,6,high,false,17,6,46,ProductGroup|FAQPage,true,JudgeMe,title_length|meta_description_length|missing_image_alt|script_count_high|image_alt_duplicate_on_page|image_missing_dimensions
https://triprindia.com/products/pack-of-1-men-half-sleeve-round-neck-plain-t-shirt-maroon,https://triprindia.com/products/pack-of-1-men-half-sleeve-round-neck-plain-t-shirt-maroon,false,0,200,product,(Pack Of 1) Men Half Sleeve Round Neck Plain Maroon T-shirt – TRIPR,"Product Description: Cotton Blend: Made from good-quality cotton blend fabric for a soft and breathable experience, perfect for all-day comfort. Round Neck Design: Classic round neck style offering a versatile and timeless look for daily wear. Half-Sleeve Style: Comfortable half-sleeve design suitable for casual outing",https://triprindia.com/products/pack-of-1-men-half-sleeve-round-neck-plain-t-shirt-maroon,,true,indexable,https://triprindia.com/products/pack-of-1-men-half-sleeve-round-neck-plain-t-shirt-maroon,true,(Pack Of 1) Men Half Sleeve Round Neck Plain Maroon T-shirt,1,1187,281,1173,41,11,1,1,4,2,6,high,false,17,6,46,ProductGroup|FAQPage,true,JudgeMe,title_length|meta_description_length|missing_image_alt|script_count_high|image_alt_duplicate_on_page|image_missing_dimensions
https://triprindia.com/products/men-half-sleeve-high-neck-pack-of-2-t-shirts-brown-maroon,https://triprindia.com/products/men-half-sleeve-high-neck-pack-of-2-t-shirts-brown-maroon,false,0,200,product,Mens High Neck Half Sleeve Brown & Maroon T-shirts (Pack Of 2) – TRIPR,Product Description Adjustable Zipper at top adds a playful and trendy element. High Neck Plain Color provides a stylish contrast. Crafted from a comfortable fabric blend.  Designed to deliver both style and functionality With Fashionable one Visually appealing and versatile ensemble suitable for various occasions. Siz,https://triprindia.com/products/men-half-sleeve-high-neck-pack-of-2-t-shirts-brown-maroon,,true,indexable,https://triprindia.com/products/men-half-sleeve-high-neck-pack-of-2-t-shirts-brown-maroon,true,Mens High Neck Half Sleeve Brown & Maroon T-shirts (Pack Of 2),1,1067,278,1165,41,11,1,1,4,2,0,high,false,17,6,46,ProductGroup|FAQPage,true,JudgeMe,title_length|meta_description_length|missing_image_alt|script_count_high|image_alt_duplicate_on_page|image_missing_dimensions
https://triprindia.com/products/mens-henely-high-neck-half-sleeve-t-shirts-pack-of-2,https://triprindia.com/products/mens-henely-high-neck-half-sleeve-t-shirts-pack-of-2,false,0,200,product,Mens Henely & High Neck Half Sleeve T-shirts (Pack Of 2) - 10 Variants – TRIPR,Product Description Henley Neck &amp; High Neck Collar adds a playful and trendy element. Contrast Colors at Sleeves &amp; Neck provides a stylish look. Designed to Deliver both style and functionality With Fashionable one Visually appealing and versatile ensemble suitable for various occasions. Fabric &amp; Care: Cott,https://triprindia.com/products/mens-henely-high-neck-half-sleeve-t-shirts-pack-of-2,,true,indexable,https://triprindia.com/products/mens-henely-high-neck-half-sleeve-t-shirts-pack-of-2,true,Mens Henely & High Neck Half Sleeve T-shirts (Pack Of 2) - 10 Variants,1,1160,446,1272,41,11,1,1,4,2,0,high,false,20,4,46,ProductGroup|FAQPage,true,JudgeMe,title_length|meta_description_length|missing_image_alt|script_count_high|image_alt_duplicate_on_page|image_missing_dimensions
https://triprindia.com/products/men-full-sleeve-high-neck-pack-of-2-t-shirts-brown-maroon,https://triprindia.com/products/men-full-sleeve-high-neck-pack-of-2-t-shirts-brown-maroon,false,0,200,product,Mens High Neck Full Sleeve Brown & Maroon T-shirts (Pack Of 2) – TRIPR,"PRODUCT DESCRIPTION: Stylish Design: Crafted with a High neck and eye-catching prints, perfect for adding a trendy touch to your wardrobe. Premium Quality Fabric: Made with soft, breathable, and durable fabric for ultimate comfort throughout the day. Pack of 2 Multicolor Variants: Available in a range of vibrant colors",https://triprindia.com/products/men-full-sleeve-high-neck-pack-of-2-t-shirts-brown-maroon,,true,indexable,https://triprindia.com/products/men-full-sleeve-high-neck-pack-of-2-t-shirts-brown-maroon,true,Mens High Neck Full Sleeve Brown & Maroon T-shirts (Pack Of 2),1,1134,270,1150,41,11,1,1,4,2,0,high,false,15,6,46,ProductGroup|FAQPage,true,JudgeMe,title_length|meta_description_length|missing_image_alt|script_count_high|image_alt_duplicate_on_page|image_missing_dimensions
https://triprindia.com/products/men-full-sleeve-high-neck-pack-of-2-t-shirts-black-dark-grey,https://triprindia.com/products/men-full-sleeve-high-neck-pack-of-2-t-shirts-black-dark-grey,false,0,200,product,Mens High Neck Full Sleeve Black & Dark Grey T-shirts (Pack Of 2) – TRIPR,"PRODUCT DESCRIPTION: Stylish Design: Crafted with a High neck and eye-catching prints, perfect for adding a trendy touch to your wardrobe. Premium Quality Fabric: Made with soft, breathable, and durable fabric for ultimate comfort throughout the day. Pack of 2 Multicolor Variants: Available in a range of vibrant colors",https://triprindia.com/products/men-full-sleeve-high-neck-pack-of-2-t-shirts-black-dark-grey,,true,indexable,https://triprindia.com/products/men-full-sleeve-high-neck-pack-of-2-t-shirts-black-dark-grey,true,Mens High Neck Full Sleeve Black & Dark Grey T-shirts (Pack Of 2),1,1136,271,1150,41,11,1,1,4,2,0,high,false,15,6,46,ProductGroup|FAQPage,true,JudgeMe,title_length|meta_description_length|missing_image_alt|script_count_high|image_alt_duplicate_on_page|image_missing_dimensions
https://triprindia.com/products/men-full-sleeve-henley-neck-pack-of-2-t-shirts-maroon-olive-green,https://triprindia.com/products/men-full-sleeve-henley-neck-pack-of-2-t-shirts-maroon-olive-green,false,0,200,product,Mens Henely Neck Full Sleeve T-shirts Maroon & Olive (Pack Of 2) – TRIPR,"PRODUCT DESCRIPTION: Stylish Design: Crafted with a Henley neck and eye-catching prints, perfect for adding a trendy touch to your wardrobe. Premium Quality Fabric: Made with soft, breathable, and durable fabric for ultimate comfort throughout the day. Pack of 2 Multicolor Variants: Available in a range of vibrant colo",https://triprindia.com/products/men-full-sleeve-henley-neck-pack-of-2-t-shirts-maroon-olive-green,,true,indexable,https://triprindia.com/products/men-full-sleeve-henley-neck-pack-of-2-t-shirts-maroon-olive-green,true,Mens Henely Neck Full Sleeve T-shirts Maroon & Olive (Pack Of 2),1,1134,272,1150,41,11,1,1,4,2,0,high,false,15,6,46,ProductGroup|FAQPage,true,JudgeMe,title_length|meta_description_length|missing_image_alt|script_count_high|image_alt_duplicate_on_page|image_missing_dimensions
https://triprindia.com/products/men-full-sleeve-henley-neck-pack-of-2-t-shirts-brown-black,https://triprindia.com/products/men-full-sleeve-henley-neck-pack-of-2-t-shirts-brown-black,false,0,200,product,Mens Henely Neck Full Sleeve Brown & Black T-shirts (Pack Of 2) – TRIPR,"PRODUCT DESCRIPTION: Stylish Design: Crafted with a Henley neck and eye-catching prints, perfect for adding a trendy touch to your wardrobe. Premium Quality Fabric: Made with soft, breathable, and durable fabric for ultimate comfort throughout the day. Pack of 2 Multicolor Variants: Available in a range of vibrant colo",https://triprindia.com/products/men-full-sleeve-henley-neck-pack-of-2-t-shirts-brown-black,,true,indexable,https://triprindia.com/products/men-full-sleeve-henley-neck-pack-of-2-t-shirts-brown-black,true,Mens Henely Neck Full Sleeve Brown & Black T-shirts (Pack Of 2),1,1134,271,1150,41,11,1,1,4,2,0,high,false,15,6,46,ProductGroup|FAQPage,true,JudgeMe,title_length|meta_description_length|missing_image_alt|script_count_high|image_alt_duplicate_on_page|image_missing_dimensions
https://triprindia.com/products/men-full-sleeve-henley-neck-pack-of-2-t-shirts-dark-grey-brown,https://triprindia.com/products/men-full-sleeve-henley-neck-pack-of-2-t-shirts-dark-grey-brown,false,0,200,product,Mens Henely Neck Full Sleeve Dark Grey & Brown T-shirts (Pack Of 2) – TRIPR,"PRODUCT DESCRIPTION: Stylish Design: Crafted with a Henley neck and eye-catching prints, perfect for adding a trendy touch to your wardrobe. Premium Quality Fabric: Made with soft, breathable, and durable fabric for ultimate comfort throughout the day. Pack of 2 Multicolor Variants: Available in a range of vibrant colo",https://triprindia.com/products/men-full-sleeve-henley-neck-pack-of-2-t-shirts-dark-grey-brown,,true,indexable,https://triprindia.com/products/men-full-sleeve-henley-neck-pack-of-2-t-shirts-dark-grey-brown,true,Mens Henely Neck Full Sleeve Dark Grey & Brown T-shirts (Pack Of 2),1,1133,272,1150,41,11,1,1,4,2,0,high,false,15,6,46,ProductGroup|FAQPage,true,JudgeMe,title_length|meta_description_length|missing_image_alt|script_count_high|image_alt_duplicate_on_page|image_missing_dimensions
https://triprindia.com/products/mens-track-suit-black-hooded-full-sleeve-t-shirt-black-jogger-pant,https://triprindia.com/products/mens-track-suit-black-hooded-full-sleeve-t-shirt-black-jogger-pant,false,0,200,product,Black Hooded Full Sleeve T-shirt with Black Trackpant Tracksuit – TRIPR,"Product Description: Cotton Fabric: Made with high-quality, breathable cotton for maximum comfort and durability. Versatile Design: Includes a plain hooded t-shirt and plain trackpants, offering a sleek and stylish look. All-Weather Wear: Designed for year-round comfort, whether it's sunny, rainy, or chilly. Perfect fo",https://triprindia.com/products/mens-track-suit-black-hooded-full-sleeve-t-shirt-black-jogger-pant,,true,indexable,https://triprindia.com/products/mens-track-suit-black-hooded-full-sleeve-t-shirt-black-jogger-pant,true,Black Hooded Full Sleeve T-shirt with Black Trackpant Tracksuit,1,1173,272,1171,41,11,1,1,4,2,0,high,false,15,6,46,ProductGroup|FAQPage,true,JudgeMe,title_length|meta_description_length|missing_image_alt|script_count_high|image_alt_duplicate_on_page|image_missing_dimensions
https://triprindia.com/products/mens-track-suit-grey-hooded-full-sleeve-t-shirt-black-jogger-pant,https://triprindia.com/products/mens-track-suit-grey-hooded-full-sleeve-t-shirt-black-jogger-pant,false,0,200,product,Grey Hooded Full Sleeve T-shirt with Black Trackpant Tracksuit – TRIPR,"Product Description: Cotton Fabric: Made with high-quality, breathable cotton for maximum comfort and durability. Versatile Design: Includes a plain hooded t-shirt and plain trackpants, offering a sleek and stylish look. All-Weather Wear: Designed for year-round comfort, whether it's sunny, rainy, or chilly. Perfect fo",https://triprindia.com/products/mens-track-suit-grey-hooded-full-sleeve-t-shirt-black-jogger-pant,,true,indexable,https://triprindia.com/products/mens-track-suit-grey-hooded-full-sleeve-t-shirt-black-jogger-pant,true,Grey Hooded Full Sleeve T-shirt with Black Trackpant Tracksuit,1,1173,276,1178,41,11,1,1,4,2,0,high,false,17,6,46,ProductGroup|FAQPage,true,JudgeMe,title_length|meta_description_length|missing_image_alt|script_count_high|image_alt_duplicate_on_page|image_missing_dimensions
https://triprindia.com/products/mens-track-suit-black-hooded-full-sleeve-t-shirt-grey-jogger-pant,https://triprindia.com/products/mens-track-suit-black-hooded-full-sleeve-t-shirt-grey-jogger-pant,false,0,200,product,Tracksuit For Men Black Hooded Full Sleeve T-shirt / Grey Trackpant – TRIPR,"Product Description: Cotton Fabric: Made with high-quality, breathable cotton for maximum comfort and durability. Versatile Design: Includes a plain hooded t-shirt and plain trackpants, offering a sleek and stylish look. All-Weather Wear: Designed for year-round comfort, whether it's sunny, rainy, or chilly. Perfect fo",https://triprindia.com/products/mens-track-suit-black-hooded-full-sleeve-t-shirt-grey-jogger-pant,,true,indexable,https://triprindia.com/products/mens-track-suit-black-hooded-full-sleeve-t-shirt-grey-jogger-pant,true,Tracksuit For Men Black Hooded Full Sleeve T-shirt / Grey Trackpant,1,1177,276,1178,41,11,1,1,4,2,0,high,false,17,6,46,ProductGroup|FAQPage,true,JudgeMe,title_length|meta_description_length|missing_image_alt|script_count_high|image_alt_duplicate_on_page|image_missing_dimensions
https://triprindia.com/products/mens-track-suit-grey-hooded-full-sleeve-t-shirt-grey-jogger-pant,https://triprindia.com/products/mens-track-suit-grey-hooded-full-sleeve-t-shirt-grey-jogger-pant,false,0,200,product,Tracksuit For Men Grey Hooded Full Sleeve T-shirt with Grey Trackpant – TRIPR,"Product Description: Cotton Fabric: Made with high-quality, breathable cotton for maximum comfort and durability. Versatile Design: Includes a plain hooded t-shirt and plain trackpants, offering a sleek and stylish look. All-Weather Wear: Designed for year-round comfort, whether it's sunny, rainy, or chilly. Perfect fo",https://triprindia.com/products/mens-track-suit-grey-hooded-full-sleeve-t-shirt-grey-jogger-pant,,true,indexable,https://triprindia.com/products/mens-track-suit-grey-hooded-full-sleeve-t-shirt-grey-jogger-pant,true,Grey Hooded Full Sleeve T-shirt with Grey Trackpant Tracksuit,1,1175,276,1178,41,11,1,1,4,2,0,high,false,17,6,46,ProductGroup|FAQPage,true,JudgeMe,title_length|meta_description_length|missing_image_alt|script_count_high|image_alt_duplicate_on_page|image_missing_dimensions
https://triprindia.com/products/mens-track-suit-olive-green-hooded-full-sleeve-t-shirt-black-jogger-pant,https://triprindia.com/products/mens-track-suit-olive-green-hooded-full-sleeve-t-shirt-black-jogger-pant,false,0,200,product,Olive Green Hooded Full Sleeve T-shirt with Black Trackpant Tracksuit – TRIPR,"Product Description: Cotton Fabric: Made with high-quality, breathable cotton for maximum comfort and durability. Versatile Design: Includes a plain hooded t-shirt and plain trackpants, offering a sleek and stylish look. All-Weather Wear: Designed for year-round comfort, whether it's sunny, rainy, or chilly. Perfect fo",https://triprindia.com/products/mens-track-suit-olive-green-hooded-full-sleeve-t-shirt-black-jogger-pant,,true,indexable,https://triprindia.com/products/mens-track-suit-olive-green-hooded-full-sleeve-t-shirt-black-jogger-pant,true,Olive Green Hooded Full Sleeve T-shirt with Black Trackpant Tracksuit,1,1175,277,1178,41,11,1,1,4,2,0,high,false,17,6,46,ProductGroup|FAQPage,true,JudgeMe,title_length|meta_description_length|missing_image_alt|script_count_high|image_alt_duplicate_on_page|image_missing_dimensions
https://triprindia.com/products/men-plain-over-size-t-shirt-navy-blue,https://triprindia.com/products/men-plain-over-size-t-shirt-navy-blue,false,0,200,product,Navy Blue Mens Round Neck Solid Oversized T-shirt – TRIPR,"Product Description: Cotton Blend Fabric: Crafted from a high-quality cotton blend for a soft, breathable, and comfortable feel, perfect for all-day summer wear. Oversized Fit for Style &amp; Comfort: Designed with a trendy oversized fit to give you a relaxed, stylish look while ensuring ultimate comfort. Available in",https://triprindia.com/products/men-plain-over-size-t-shirt-navy-blue,,true,indexable,https://triprindia.com/products/men-plain-over-size-t-shirt-navy-blue,true,Navy Blue Mens Round Neck Solid Oversized T-shirt,1,1228,275,1174,41,11,1,1,4,2,0,high,false,17,6,46,ProductGroup|FAQPage,true,JudgeMe,meta_description_length|missing_image_alt|script_count_high|image_alt_duplicate_on_page|image_missing_dimensions
https://triprindia.com/products/men-plain-over-size-t-shirt-black,https://triprindia.com/products/men-plain-over-size-t-shirt-black,false,0,200,product,Black Mens Round Neck Solid Oversized T-shirt – TRIPR,"Product Description: Cotton Blend Fabric: Crafted from a high-quality cotton blend for a soft, breathable, and comfortable feel, perfect for all-day summer wear. Oversized Fit for Style &amp; Comfort: Designed with a trendy oversized fit to give you a relaxed, stylish look while ensuring ultimate comfort. Available in",https://triprindia.com/products/men-plain-over-size-t-shirt-black,,true,indexable,https://triprindia.com/products/men-plain-over-size-t-shirt-black,true,Black Mens Round Neck Solid Oversized T-shirt,1,1226,274,1174,41,11,1,1,4,2,0,high,false,17,6,46,ProductGroup|FAQPage,true,JudgeMe,meta_description_length|missing_image_alt|script_count_high|image_alt_duplicate_on_page|image_missing_dimensions
https://triprindia.com/products/men-plain-over-size-t-shirt-olive-green,https://triprindia.com/products/men-plain-over-size-t-shirt-olive-green,false,0,200,product,Olive Green Mens Round Neck Solid Oversized T-shirt – TRIPR,"Product Description: Cotton Blend Fabric: Crafted from a high-quality cotton blend for a soft, breathable, and comfortable feel, perfect for all-day summer wear. Oversized Fit for Style &amp; Comfort: Designed with a trendy oversized fit to give you a relaxed, stylish look while ensuring ultimate comfort. Available in",https://triprindia.com/products/men-plain-over-size-t-shirt-olive-green,,true,indexable,https://triprindia.com/products/men-plain-over-size-t-shirt-olive-green,true,Olive Green Mens Round Neck Solid Oversized T-shirt,1,1226,275,1176,41,11,1,1,4,2,0,high,false,17,6,46,ProductGroup|FAQPage,true,JudgeMe,meta_description_length|missing_image_alt|script_count_high|image_alt_duplicate_on_page|image_missing_dimensions
https://triprindia.com/products/men-full-sleeve-plain-round-neck-t-shirt-charcoal-black,https://triprindia.com/products/men-full-sleeve-plain-round-neck-t-shirt-charcoal-black,false,0,200,product,Mens Round Neck Full Sleeve Plain Charcoal Black T-shirt – TRIPR,"Product Description: Classic Round Neck Design: Features a versatile round neck that suits all casual and semi-casual occasions. Comfortable Daily Wear: Made with breathable, soft fabric to ensure all-day comfort. Full Sleeve Style: Offers added coverage for a sleek, stylish look. Plain Yet Versatile: Minimalist design",https://triprindia.com/products/men-full-sleeve-plain-round-neck-t-shirt-charcoal-black,,true,indexable,https://triprindia.com/products/men-full-sleeve-plain-round-neck-t-shirt-charcoal-black,true,Mens Round Neck Full Sleeve Plain Charcoal Black T-shirt,1,1184,270,1153,41,11,1,1,4,2,0,high,false,11,6,46,ProductGroup|FAQPage,true,JudgeMe,meta_description_length|missing_image_alt|script_count_high|image_alt_duplicate_on_page|image_missing_dimensions
https://triprindia.com/products/men-full-sleeve-plain-round-neck-t-shirt-white,https://triprindia.com/products/men-full-sleeve-plain-round-neck-t-shirt-white,false,0,200,product,Mens Round Neck Full Sleeve Plain White T-shirt – TRIPR,"Product Description: Classic Round Neck Design: Features a versatile round neck that suits all casual and semi-casual occasions. Comfortable Daily Wear: Made with breathable, soft fabric to ensure all-day comfort. Full Sleeve Style: Offers added coverage for a sleek, stylish look. Plain Yet Versatile: Minimalist design",https://triprindia.com/products/men-full-sleeve-plain-round-neck-t-shirt-white,,true,indexable,https://triprindia.com/products/men-full-sleeve-plain-round-neck-t-shirt-white,true,Mens Round Neck Full Sleeve Plain White T-shirt,1,1193,281,1170,41,11,1,1,4,2,5,high,false,15,6,46,ProductGroup|FAQPage,true,JudgeMe,meta_description_length|missing_image_alt|script_count_high|image_alt_duplicate_on_page|image_missing_dimensions
https://triprindia.com/products/men-full-sleeve-plain-round-neck-t-shirt-dark-grey,https://triprindia.com/products/men-full-sleeve-plain-round-neck-t-shirt-dark-grey,false,0,200,product,Mens Round Neck Full Sleeve Plain Dark Grey T-shirt – TRIPR,"Product Description: Classic Round Neck Design: Features a versatile round neck that suits all casual and semi-casual occasions. Comfortable Daily Wear: Made with breathable, soft fabric to ensure all-day comfort. Full Sleeve Style: Offers added coverage for a sleek, stylish look. Plain Yet Versatile: Minimalist design",https://triprindia.com/products/men-full-sleeve-plain-round-neck-t-shirt-dark-grey,,true,indexable,https://triprindia.com/products/men-full-sleeve-plain-round-neck-t-shirt-dark-grey,true,Mens Round Neck Full Sleeve Plain Dark Grey T-shirt,1,1197,285,1175,41,11,1,1,4,2,6,high,false,17,6,46,ProductGroup|FAQPage,true,JudgeMe,meta_description_length|missing_image_alt|script_count_high|image_alt_duplicate_on_page|image_missing_dimensions
https://triprindia.com/products/men-full-sleeve-plain-round-neck-t-shirt-beige,https://triprindia.com/products/men-full-sleeve-plain-round-neck-t-shirt-beige,false,0,200,product,Mens Round Neck Full Sleeve Plain Beige T-shirt – TRIPR,"Product Description: Classic Round Neck Design: Features a versatile round neck that suits all casual and semi-casual occasions. Comfortable Daily Wear: Made with breathable, soft fabric to ensure all-day comfort. Full Sleeve Style: Offers added coverage for a sleek, stylish look. Plain Yet Versatile: Minimalist design",https://triprindia.com/products/men-full-sleeve-plain-round-neck-t-shirt-beige,,true,indexable,https://triprindia.com/products/men-full-sleeve-plain-round-neck-t-shirt-beige,true,Mens Round Neck Full Sleeve Plain Beige T-shirt,1,1180,284,1176,41,11,1,1,4,2,6,high,false,17,6,46,ProductGroup|FAQPage,true,JudgeMe,meta_description_length|missing_image_alt|script_count_high|image_alt_duplicate_on_page|image_missing_dimensions
https://triprindia.com/products/men-full-sleeve-plain-round-neck-t-shirt-maroon,https://triprindia.com/products/men-full-sleeve-plain-round-neck-t-shirt-maroon,false,0,200,product,Mens Round Neck Full Sleeve Plain Maroon T-shirt – TRIPR,"Product Description: Classic Round Neck Design: Features a versatile round neck that suits all casual and semi-casual occasions. Comfortable Daily Wear: Made with breathable, soft fabric to ensure all-day comfort. Full Sleeve Style: Offers added coverage for a sleek, stylish look. Plain Yet Versatile: Minimalist design",https://triprindia.com/products/men-full-sleeve-plain-round-neck-t-shirt-maroon,,true,indexable,https://triprindia.com/products/men-full-sleeve-plain-round-neck-t-shirt-maroon,true,Mens Round Neck Full Sleeve Plain Maroon T-shirt,1,1193,285,1177,41,11,1,1,4,2,6,high,false,17,6,46,ProductGroup|FAQPage,true,JudgeMe,meta_description_length|missing_image_alt|script_count_high|image_alt_duplicate_on_page|image_missing_dimensions
https://triprindia.com/products/men-full-sleeve-plain-round-neck-t-shirt-brown,https://triprindia.com/products/men-full-sleeve-plain-round-neck-t-shirt-brown,false,0,200,product,Mens Round Neck Full Sleeve Plain Brown T-shirt – TRIPR,"Product Description: Classic Round Neck Design: Features a versatile round neck that suits all casual and semi-casual occasions. Comfortable Daily Wear: Made with breathable, soft fabric to ensure all-day comfort. Full Sleeve Style: Offers added coverage for a sleek, stylish look. Plain Yet Versatile: Minimalist design",https://triprindia.com/products/men-full-sleeve-plain-round-neck-t-shirt-brown,,true,indexable,https://triprindia.com/products/men-full-sleeve-plain-round-neck-t-shirt-brown,true,Mens Round Neck Full Sleeve Plain Brown T-shirt,1,1120,269,1147,41,11,1,1,4,2,0,high,false,11,6,46,ProductGroup|FAQPage,true,JudgeMe,meta_description_length|missing_image_alt|script_count_high|image_alt_duplicate_on_page|image_missing_dimensions
https://triprindia.com/products/men-full-sleeve-plain-round-neck-t-shirt-navy-blue,https://triprindia.com/products/men-full-sleeve-plain-round-neck-t-shirt-navy-blue,false,0,200,product,Mens Round Neck Full Sleeve Plain Navy Blue T-shirt – TRIPR,"Product Description: Classic Round Neck Design: Features a versatile round neck that suits all casual and semi-casual occasions. Comfortable Daily Wear: Made with breathable, soft fabric to ensure all-day comfort. Full Sleeve Style: Offers added coverage for a sleek, stylish look. Plain Yet Versatile: Minimalist design",https://triprindia.com/products/men-full-sleeve-plain-round-neck-t-shirt-navy-blue,,true,indexable,https://triprindia.com/products/men-full-sleeve-plain-round-neck-t-shirt-navy-blue,true,Mens Round Neck Full Sleeve Plain Navy Blue T-shirt,1,1182,285,1176,41,11,1,1,4,2,6,high,false,17,6,46,ProductGroup|FAQPage,true,JudgeMe,meta_description_length|missing_image_alt|script_count_high|image_alt_duplicate_on_page|image_missing_dimensions
https://triprindia.com/products/men-full-sleeve-plain-round-neck-pack-of-2-t-shirts-brown-black,https://triprindia.com/products/men-full-sleeve-plain-round-neck-pack-of-2-t-shirts-brown-black,false,0,200,product,Mens Round Neck Full Sleeve Plain T-shirts (Pack Of 2) Brown & Black – TRIPR,"Product Description: Classic Round Neck Design: Features a versatile round neck that suits all casual and semi-casual occasions. Comfortable Daily Wear: Made with breathable, soft fabric to ensure all-day comfort. Full Sleeve Style: Offers added coverage for a sleek, stylish look. Plain Yet Versatile: Minimalist design",https://triprindia.com/products/men-full-sleeve-plain-round-neck-pack-of-2-t-shirts-brown-black,,true,indexable,https://triprindia.com/products/men-full-sleeve-plain-round-neck-pack-of-2-t-shirts-brown-black,true,Mens Round Neck Full Sleeve Plain T-shirts (Pack Of 2) Brown & Black,1,1189,275,1162,41,11,1,1,4,2,0,high,false,13,6,46,ProductGroup|FAQPage,true,JudgeMe,title_length|meta_description_length|missing_image_alt|script_count_high|image_alt_duplicate_on_page|image_missing_dimensions
https://triprindia.com/products/men-full-sleeve-plain-round-neck-pack-of-2-t-shirts-black-white,https://triprindia.com/products/men-full-sleeve-plain-round-neck-pack-of-2-t-shirts-black-white,false,0,200,product,Mens Round Neck Full Sleeve Plain Black & White T-shirts (Pack Of 2) – TRIPR,"Product Description: Classic Round Neck Design: Features a versatile round neck that suits all casual and semi-casual occasions. Comfortable Daily Wear: Made with breathable, soft fabric to ensure all-day comfort. Full Sleeve Style: Offers added coverage for a sleek, stylish look. Plain Yet Versatile: Minimalist design",https://triprindia.com/products/men-full-sleeve-plain-round-neck-pack-of-2-t-shirts-black-white,,true,indexable,https://triprindia.com/products/men-full-sleeve-plain-round-neck-pack-of-2-t-shirts-black-white,true,Mens Round Neck Full Sleeve Plain Black & White T-shirts (Pack Of 2),1,1131,275,1153,41,11,1,1,4,2,0,high,false,13,6,46,ProductGroup|FAQPage,true,JudgeMe,title_length|meta_description_length|missing_image_alt|script_count_high|image_alt_duplicate_on_page|image_missing_dimensions
https://triprindia.com/products/men-full-sleeve-plain-round-neck-pack-of-2-t-shirts-grey-charcoal-black,https://triprindia.com/products/men-full-sleeve-plain-round-neck-pack-of-2-t-shirts-grey-charcoal-black,false,0,200,product,Mens Round Neck Full Sleeve Plain Grey & Charcoalblack T-shirts (Pack  – TRIPR,"Product Description: Classic Round Neck Design: Features a versatile round neck that suits all casual and semi-casual occasions. Comfortable Daily Wear: Made with breathable, soft fabric to ensure all-day comfort. Full Sleeve Style: Offers added coverage for a sleek, stylish look. Plain Yet Versatile: Minimalist design",https://triprindia.com/products/men-full-sleeve-plain-round-neck-pack-of-2-t-shirts-grey-charcoal-black,,true,indexable,https://triprindia.com/products/men-full-sleeve-plain-round-neck-pack-of-2-t-shirts-grey-charcoal-black,true,Mens Round Neck Full Sleeve Plain Grey & Charcoalblack T-shirts (Pack Of 2),1,1130,276,1152,41,11,1,1,4,2,0,high,false,13,6,46,ProductGroup|FAQPage,true,JudgeMe,title_length|meta_description_length|missing_image_alt|script_count_high|image_alt_duplicate_on_page|image_missing_dimensions
https://triprindia.com/products/men-full-sleeve-plain-round-neck-pack-of-2-t-shirts-olive-navy,https://triprindia.com/products/men-full-sleeve-plain-round-neck-pack-of-2-t-shirts-olive-navy,false,0,200,product,Mens Round Neck Full Sleeve Plain Olive & Navy T-shirts (Pack Of 2) – TRIPR,"Product Description: Classic Round Neck Design: Features a versatile round neck that suits all casual and semi-casual occasions. Comfortable Daily Wear: Made with breathable, soft fabric to ensure all-day comfort. Full Sleeve Style: Offers added coverage for a sleek, stylish look. Plain Yet Versatile: Minimalist design",https://triprindia.com/products/men-full-sleeve-plain-round-neck-pack-of-2-t-shirts-olive-navy,,true,indexable,https://triprindia.com/products/men-full-sleeve-plain-round-neck-pack-of-2-t-shirts-olive-navy,true,Mens Round Neck Full Sleeve Plain Olive & Navy T-shirts (Pack Of 2),1,1131,275,1153,41,11,1,1,4,2,0,high,false,13,6,46,ProductGroup|FAQPage,true,JudgeMe,title_length|meta_description_length|missing_image_alt|script_count_high|image_alt_duplicate_on_page|image_missing_dimensions
https://triprindia.com/products/men-full-sleeve-plain-round-neck-pack-of-2-t-shirts-navy-charcoal-black,https://triprindia.com/products/men-full-sleeve-plain-round-neck-pack-of-2-t-shirts-navy-charcoal-black,false,0,200,product,Mens Round Neck Full Sleeve Plain T-shirts Navy & Charcoalblack (Pack  – TRIPR,"Product Description: Classic Round Neck Design: Features a versatile round neck that suits all casual and semi-casual occasions. Comfortable Daily Wear: Made with breathable, soft fabric to ensure all-day comfort. Full Sleeve Style: Offers added coverage for a sleek, stylish look. Plain Yet Versatile: Minimalist design",https://triprindia.com/products/men-full-sleeve-plain-round-neck-pack-of-2-t-shirts-navy-charcoal-black,,true,indexable,https://triprindia.com/products/men-full-sleeve-plain-round-neck-pack-of-2-t-shirts-navy-charcoal-black,true,Mens Round Neck Full Sleeve Plain T-shirts Navy & Charcoalblack (Pack Of 2),1,1130,276,1152,41,11,1,1,4,2,0,high,false,13,6,46,ProductGroup|FAQPage,true,JudgeMe,title_length|meta_description_length|missing_image_alt|script_count_high|image_alt_duplicate_on_page|image_missing_dimensions
https://triprindia.com/products/men-full-sleeve-plain-round-neck-pack-of-2-t-shirts-black-beige,https://triprindia.com/products/men-full-sleeve-plain-round-neck-pack-of-2-t-shirts-black-beige,false,0,200,product,Mens Round Neck Full Sleeve Plain Black & Beige T-shirts (Pack Of 2) – TRIPR,"Product Description: Classic Round Neck Design: Features a versatile round neck that suits all casual and semi-casual occasions. Comfortable Daily Wear: Made with breathable, soft fabric to ensure all-day comfort. Full Sleeve Style: Offers added coverage for a sleek, stylish look. Plain Yet Versatile: Minimalist design",https://triprindia.com/products/men-full-sleeve-plain-round-neck-pack-of-2-t-shirts-black-beige,,true,indexable,https://triprindia.com/products/men-full-sleeve-plain-round-neck-pack-of-2-t-shirts-black-beige,true,Mens Round Neck Full Sleeve Plain Black & Beige T-shirts (Pack Of 2),1,1190,275,1161,41,11,1,1,4,2,0,high,false,13,6,46,ProductGroup|FAQPage,true,JudgeMe,title_length|meta_description_length|missing_image_alt|script_count_high|image_alt_duplicate_on_page|image_missing_dimensions
https://triprindia.com/products/men-full-sleeve-plain-round-neck-pack-of-3-t-shirts-maroon-white-navy,https://triprindia.com/products/men-full-sleeve-plain-round-neck-pack-of-3-t-shirts-maroon-white-navy,false,0,200,product,Mens Round Neck Full Sleeve Plain T-shirts (Pack Of 3) – TRIPR,"Product Description: Classic Round Neck Design: Features a versatile round neck that suits all casual and semi-casual occasions. Comfortable Daily Wear: Made with breathable, soft fabric to ensure all-day comfort. Full Sleeve Style: Offers added coverage for a sleek, stylish look. Plain Yet Versatile: Minimalist design",https://triprindia.com/products/men-full-sleeve-plain-round-neck-pack-of-3-t-shirts-maroon-white-navy,,true,indexable,https://triprindia.com/products/men-full-sleeve-plain-round-neck-pack-of-3-t-shirts-maroon-white-navy,true,Mens Round Neck Full Sleeve Plain T-shirts (Pack Of 3),1,1125,284,1167,41,11,1,1,4,2,6,high,false,17,6,46,ProductGroup|FAQPage,true,JudgeMe,meta_description_length|missing_image_alt|script_count_high|image_alt_duplicate_on_page|image_missing_dimensions
https://triprindia.com/products/men-plain-grey-zipper-high-neck-half-sleeve-t-shirt,https://triprindia.com/products/men-plain-grey-zipper-high-neck-half-sleeve-t-shirt,false,0,200,product,Buy Men Navy Blue Zip High Collar Half Sleeve Round Neck T-shirt Online – TRIPR,"Buy Beige High Collar Zip tshirt Printed for men online clearance sale at Just 129 Rs. Lowest Price, Finest online Low budget High Collar Neck tshirt. Explore tshirts under 100 at triprindia.com",https://triprindia.com/products/men-plain-grey-zipper-high-neck-half-sleeve-t-shirt,,true,indexable,https://triprindia.com/products/men-plain-grey-zipper-high-neck-half-sleeve-t-shirt,true,Men Plain Grey Zipper High Neck Half Sleeve T-shirt,1,1059,267,1157,41,11,1,1,4,2,0,high,false,15,6,46,ProductGroup|FAQPage,true,JudgeMe,title_length|meta_description_length|missing_image_alt|script_count_high|image_alt_duplicate_on_page|image_missing_dimensions
https://triprindia.com/products/mens-tracksuit-half-sleeve-over-size-grey-t-shirt-grey-plain-trackpant,https://triprindia.com/products/mens-tracksuit-half-sleeve-over-size-grey-t-shirt-grey-plain-trackpant,false,0,200,product,Mens Tracksuit - Half Sleeve Grey t-shirt / Grey plain Trackpant – TRIPR,"Product Description: 🔹 Cotton Fabric – Crafted from good-quality breathable cotton, ensuring comfort throughout the day. 🔹 Stylish &amp; Minimalist Design – A plain half-sleeve T-shirt paired with plain track pants for a sleek, modern look. 🔹 Perfect Fit &amp; Comfort – Tailored for a relaxed fit, allowing ease of move",https://triprindia.com/products/mens-tracksuit-half-sleeve-over-size-grey-t-shirt-grey-plain-trackpant,,true,indexable,https://triprindia.com/products/mens-tracksuit-half-sleeve-over-size-grey-t-shirt-grey-plain-trackpant,true,Mens Tracksuit - Half Sleeve Grey t-shirt / Grey plain Trackpant,1,1181,277,1165,41,11,1,1,4,2,0,high,false,17,6,46,ProductGroup|FAQPage,true,JudgeMe,title_length|meta_description_length|missing_image_alt|script_count_high|image_alt_duplicate_on_page|image_missing_dimensions
https://triprindia.com/products/mens-tracksuit-half-sleeve-over-size-beige-t-shirt-black-plain-trackpant,https://triprindia.com/products/mens-tracksuit-half-sleeve-over-size-beige-t-shirt-black-plain-trackpant,false,0,200,product,Mens Tracksuit - Half Sleeve Beige t-shirt / Black Plain Trackpant – TRIPR,"Product Description: 🔹 Cotton Fabric – Crafted from good-quality breathable cotton, ensuring comfort throughout the day. 🔹 Stylish &amp; Minimalist Design – A plain half-sleeve T-shirt paired with plain track pants for a sleek, modern look. 🔹 Perfect Fit &amp; Comfort – Tailored for a relaxed fit, allowing ease of move",https://triprindia.com/products/mens-tracksuit-half-sleeve-over-size-beige-t-shirt-black-plain-trackpant,,true,indexable,https://triprindia.com/products/mens-tracksuit-half-sleeve-over-size-beige-t-shirt-black-plain-trackpant,true,Mens Tracksuit - Half Sleeve Beige t-shirt / Black Plain Trackpant,1,1181,278,1165,41,11,1,1,4,2,0,high,false,17,6,46,ProductGroup|FAQPage,true,JudgeMe,title_length|meta_description_length|missing_image_alt|script_count_high|image_alt_duplicate_on_page|image_missing_dimensions
https://triprindia.com/products/men-henely-high-neck-full-sleeve-t-shirts-pack-of-2-10-variants,https://triprindia.com/products/men-henely-high-neck-full-sleeve-t-shirts-pack-of-2-10-variants,false,0,200,product,Men Henely & High Neck Full Sleeve T-shirts (Pack Of 2) - 10 Variants – TRIPR,"flipPRODUCT DESCRIPTION: Stylish Design: Crafted with a Henley &amp; High neck and eye-catching prints, perfect for adding a trendy touch to your wardrobe. Premium Quality Fabric: Made with soft, breathable, and durable fabric for ultimate comfort throughout the day. Pack of 2 Multicolor Variants: Available in a range",https://triprindia.com/products/men-henely-high-neck-full-sleeve-t-shirts-pack-of-2-10-variants,,true,indexable,https://triprindia.com/products/men-henely-high-neck-full-sleeve-t-shirts-pack-of-2-10-variants,true,Men Henely & High Neck Full Sleeve T-shirts (Pack Of 2) - 10 Variants,1,1317,460,1288,41,11,1,1,4,2,0,high,false,20,4,46,ProductGroup|FAQPage,true,JudgeMe,title_length|meta_description_length|missing_image_alt|script_count_high|image_alt_duplicate_on_page|image_missing_dimensions
https://triprindia.com/products/mens-track-suit-white-plain-half-sleeve-t-shirt-plain-jogger,https://triprindia.com/products/mens-track-suit-white-plain-half-sleeve-t-shirt-plain-jogger,false,0,200,product,Half Sleeve White t-shirt with Navy Trackpant Mens Tracksuit – TRIPR,"Product Description: 🔹 Cotton Fabric – Crafted from high-quality breathable cotton, ensuring comfort throughout the day. 🔹 Stylish &amp; Minimalist Design – A plain half-sleeve T-shirt paired with plain track pants for a sleek, modern look. 🔹 Perfect Fit &amp; Comfort – Tailored for a relaxed fit, allowing ease of move",https://triprindia.com/products/mens-track-suit-white-plain-half-sleeve-t-shirt-plain-jogger,,true,indexable,https://triprindia.com/products/mens-track-suit-white-plain-half-sleeve-t-shirt-plain-jogger,true,Half Sleeve White t-shirt with Navy Trackpant Mens Tracksuit,1,1223,281,1208,41,11,1,1,4,2,0,high,false,17,6,48,ProductGroup|FAQPage,true,JudgeMe,title_length|meta_description_length|missing_image_alt|script_count_high|image_alt_duplicate_on_page|image_missing_dimensions
https://triprindia.com/products/mens-track-suit-olive-green-plain-half-sleeve-t-shirt-plain-jogger,https://triprindia.com/products/mens-track-suit-olive-green-plain-half-sleeve-t-shirt-plain-jogger,false,0,200,product,Mens Tracksuit - Half Sleeve Olive Green t-shirt / Black Trackpant – TRIPR,"Product Description: 🔹 Cotton Fabric – Crafted from high-quality breathable cotton, ensuring comfort throughout the day. 🔹 Stylish &amp; Minimalist Design – A plain half-sleeve T-shirt paired with plain track pants for a sleek, modern look. 🔹 Perfect Fit &amp; Comfort – Tailored for a relaxed fit, allowing ease of move",https://triprindia.com/products/mens-track-suit-olive-green-plain-half-sleeve-t-shirt-plain-jogger,,true,indexable,https://triprindia.com/products/mens-track-suit-olive-green-plain-half-sleeve-t-shirt-plain-jogger,true,Mens Tracksuit - Half Sleeve Olive Green t-shirt / Black Trackpant,1,1181,276,1165,41,11,1,1,4,2,0,high,false,17,6,46,ProductGroup|FAQPage,true,JudgeMe,title_length|meta_description_length|missing_image_alt|script_count_high|image_alt_duplicate_on_page|image_missing_dimensions
https://triprindia.com/products/mens-track-suit-full-sleeve-dark-grey-t-shirt-black-track-pant,https://triprindia.com/products/mens-track-suit-full-sleeve-dark-grey-t-shirt-black-track-pant,false,0,200,product,Mens Tracksuit - Full Sleeve Dark Grey t-shirt / Black Trackpant – TRIPR,"Product Description: ✅ Cotton Fabric: Crafted from high-quality cotton, ensuring breathability, comfort, and durability for all-day wear.✅ All-Weather Wear: Ideal for any season – whether it's a chilly morning jog or a relaxed evening, this tracksuit keeps you comfortable year-round.✅ Stylish Design: Plain full-sleeve",https://triprindia.com/products/mens-track-suit-full-sleeve-dark-grey-t-shirt-black-track-pant,,true,indexable,https://triprindia.com/products/mens-track-suit-full-sleeve-dark-grey-t-shirt-black-track-pant,true,Mens Tracksuit - Full Sleeve Dark Grey t-shirt / Black Trackpant,1,1223,274,1162,41,11,1,1,4,2,0,high,false,15,6,46,ProductGroup|FAQPage,true,JudgeMe,title_length|meta_description_length|missing_image_alt|script_count_high|image_alt_duplicate_on_page|image_missing_dimensions
https://triprindia.com/products/mens-track-suit-full-sleeve-grey-t-shirt-grey-track-pant,https://triprindia.com/products/mens-track-suit-full-sleeve-grey-t-shirt-grey-track-pant,false,0,200,product,Mens Tracksuit - Full Sleeve Grey t-shirt / Grey Trackpant – TRIPR,"Product Description: ✅ Cotton Fabric: Crafted from high-quality cotton, ensuring breathability, comfort, and durability for all-day wear.✅ All-Weather Wear: Ideal for any season – whether it's a chilly morning jog or a relaxed evening, this tracksuit keeps you comfortable year-round.✅ Stylish Design: Plain full-sleeve",https://triprindia.com/products/mens-track-suit-full-sleeve-grey-t-shirt-grey-track-pant,,true,indexable,https://triprindia.com/products/mens-track-suit-full-sleeve-grey-t-shirt-grey-track-pant,true,Mens Tracksuit - Full Sleeve Grey t-shirt / Grey Trackpant,1,1219,277,1171,41,11,1,1,4,2,0,high,false,17,6,46,ProductGroup|FAQPage,true,JudgeMe,title_length|meta_description_length|missing_image_alt|script_count_high|image_alt_duplicate_on_page|image_missing_dimensions
https://triprindia.com/products/mens-track-suit-full-sleeve-navy-blue-t-shirt-navy-track-pant,https://triprindia.com/products/mens-track-suit-full-sleeve-navy-blue-t-shirt-navy-track-pant,false,0,200,product,Mens Tracksuit - Full Sleeve Navy t-shirt / Navy Trackpant – TRIPR,"Product Description: ✅ Cotton Fabric: Crafted from high-quality cotton, ensuring breathability, comfort, and durability for all-day wear.✅ All-Weather Wear: Ideal for any season – whether it's a chilly morning jog or a relaxed evening, this tracksuit keeps you comfortable year-round.✅ Stylish Design: Plain full-sleeve",https://triprindia.com/products/mens-track-suit-full-sleeve-navy-blue-t-shirt-navy-track-pant,,true,indexable,https://triprindia.com/products/mens-track-suit-full-sleeve-navy-blue-t-shirt-navy-track-pant,true,Mens Tracksuit - Full Sleeve Navy t-shirt / Navy Trackpant,1,1200,273,1163,41,11,1,1,4,2,0,high,false,15,6,46,ProductGroup|FAQPage,true,JudgeMe,title_length|meta_description_length|missing_image_alt|script_count_high|image_alt_duplicate_on_page|image_missing_dimensions
https://triprindia.com/products/mens-track-suit-full-sleeve-grey-t-shirt-black-track-pant,https://triprindia.com/products/mens-track-suit-full-sleeve-grey-t-shirt-black-track-pant,false,0,200,product,Mens Tracksuit - Full Sleeve Grey t-shirt / Black Trackpant – TRIPR,"Product Description: ✅ Cotton Fabric: Crafted from high-quality cotton, ensuring breathability, comfort, and durability for all-day wear.✅ All-Weather Wear: Ideal for any season – whether it's a chilly morning jog or a relaxed evening, this tracksuit keeps you comfortable year-round.✅ Stylish Design: Plain full-sleeve",https://triprindia.com/products/mens-track-suit-full-sleeve-grey-t-shirt-black-track-pant,,true,indexable,https://triprindia.com/products/mens-track-suit-full-sleeve-grey-t-shirt-black-track-pant,true,Mens Tracksuit - Full Sleeve Grey t-shirt / Black Trackpant,1,1219,277,1171,41,11,1,1,4,2,0,high,false,17,6,46,ProductGroup|FAQPage,true,JudgeMe,title_length|meta_description_length|missing_image_alt|script_count_high|image_alt_duplicate_on_page|image_missing_dimensions
https://triprindia.com/products/mens-track-suit-full-sleeve-olive-green-t-shirt-black-track-pant,https://triprindia.com/products/mens-track-suit-full-sleeve-olive-green-t-shirt-black-track-pant,false,0,200,product,Mens Tracksuit - Full Sleeve Olive t-shirt / Black Trackpant – TRIPR,"Product Description: ✅ Cotton Fabric: Crafted from high-quality cotton, ensuring breathability, comfort, and durability for all-day wear.✅ All-Weather Wear: Ideal for any season – whether it's a chilly morning jog or a relaxed evening, this tracksuit keeps you comfortable year-round.✅ Stylish Design: Plain full-sleeve",https://triprindia.com/products/mens-track-suit-full-sleeve-olive-green-t-shirt-black-track-pant,,true,indexable,https://triprindia.com/products/mens-track-suit-full-sleeve-olive-green-t-shirt-black-track-pant,true,Mens Tracksuit - Full Sleeve Olive t-shirt / Black Trackpant,1,1219,274,1171,41,11,1,1,4,2,0,high,false,17,6,46,ProductGroup|FAQPage,true,JudgeMe,title_length|meta_description_length|missing_image_alt|script_count_high|image_alt_duplicate_on_page|image_missing_dimensions
https://triprindia.com/products/mens-track-suit-full-sleeve-maroon-t-shirt-navy-track-pant,https://triprindia.com/products/mens-track-suit-full-sleeve-maroon-t-shirt-navy-track-pant,false,0,200,product,Mens Tracksuit - Full Sleeve Maroon t-shirt / Navy Blue Trackpant – TRIPR,"Product Description: ✅ Cotton Fabric: Crafted from high-quality cotton, ensuring breathability, comfort, and durability for all-day wear.✅ All-Weather Wear: Ideal for any season – whether it's a chilly morning jog or a relaxed evening, this tracksuit keeps you comfortable year-round.✅ Stylish Design: Plain full-sleeve",https://triprindia.com/products/mens-track-suit-full-sleeve-maroon-t-shirt-navy-track-pant,,true,indexable,https://triprindia.com/products/mens-track-suit-full-sleeve-maroon-t-shirt-navy-track-pant,true,Mens Tracksuit - Full Sleeve Maroon t-shirt / Navy Blue Trackpant,1,1202,273,1162,41,11,1,1,4,2,0,high,false,15,6,46,ProductGroup|FAQPage,true,JudgeMe,title_length|meta_description_length|missing_image_alt|script_count_high|image_alt_duplicate_on_page|image_missing_dimensions
https://triprindia.com/products/mens-track-suit-full-sleeve-white-t-shirt-navy-track-pant,https://triprindia.com/products/mens-track-suit-full-sleeve-white-t-shirt-navy-track-pant,false,0,200,product,Mens Tracksuit - Full Sleeve White t-shirt / Navy Blue Trackpant – TRIPR,"Product Description: ✅ Cotton Fabric: Crafted from good-quality cotton, ensuring breathability, comfort, and durability for all-day wear.✅ All-Weather Wear: Ideal for any season – whether it's a chilly morning jog or a relaxed evening, this tracksuit keeps you comfortable year-round.✅ Stylish Design: Plain full-sleeve",https://triprindia.com/products/mens-track-suit-full-sleeve-white-t-shirt-navy-track-pant,,true,indexable,https://triprindia.com/products/mens-track-suit-full-sleeve-white-t-shirt-navy-track-pant,true,Mens Tracksuit - Full Sleeve White t-shirt / Navy Blue Trackpant,1,1202,273,1163,41,11,1,1,4,2,0,high,false,15,6,46,ProductGroup|FAQPage,true,JudgeMe,title_length|meta_description_length|missing_image_alt|script_count_high|image_alt_duplicate_on_page|image_missing_dimensions
https://triprindia.com/products/mens-track-suit-full-sleeve-black-t-shirt-black-track-pant,https://triprindia.com/products/mens-track-suit-full-sleeve-black-t-shirt-black-track-pant,false,0,200,product,Mens Tracksuit - Full Sleeve Black t-shirt / Black Trackpant – TRIPR,"Product Description: ✅ Cotton Fabric: Crafted from high-quality cotton, ensuring breathability, comfort, and durability for all-day wear.✅ All-Weather Wear: Ideal for any season – whether it's a chilly morning jog or a relaxed evening, this tracksuit keeps you comfortable year-round.✅ Stylish Design: Plain full-sleeve",https://triprindia.com/products/mens-track-suit-full-sleeve-black-t-shirt-black-track-pant,,true,indexable,https://triprindia.com/products/mens-track-suit-full-sleeve-black-t-shirt-black-track-pant,true,Mens Tracksuit - Full Sleeve Black t-shirt / Black Trackpant,1,1219,274,1171,41,11,1,1,4,2,0,high,false,17,6,46,ProductGroup|FAQPage,true,JudgeMe,title_length|meta_description_length|missing_image_alt|script_count_high|image_alt_duplicate_on_page|image_missing_dimensions
https://triprindia.com/products/mens-track-suit-full-sleeve-beige-t-shirt-black-track-pant,https://triprindia.com/products/mens-track-suit-full-sleeve-beige-t-shirt-black-track-pant,false,0,200,product,Mens Tracksuit - Full Sleeve Beige t-shirt / Black Trackpant – TRIPR,"Product Description: ✅ Cotton Fabric: Crafted from good-quality cotton, ensuring breathability, comfort, and durability for all-day wear.✅ Stylish Design: Plain full-sleeve T-shirt paired with matching cuffed track pants offers a sleek, modern look. Perfect for casual outings, workouts, or lounging.✅ Multi-Color Varian",https://triprindia.com/products/mens-track-suit-full-sleeve-beige-t-shirt-black-track-pant,,true,indexable,https://triprindia.com/products/mens-track-suit-full-sleeve-beige-t-shirt-black-track-pant,true,Mens Tracksuit - Full Sleeve Beige t-shirt / Black Trackpant,1,1179,272,1166,41,11,1,1,4,2,0,high,false,17,6,46,ProductGroup|FAQPage,true,JudgeMe,title_length|meta_description_length|missing_image_alt|script_count_high|image_alt_duplicate_on_page|image_missing_dimensions
https://triprindia.com/products/mens-track-suit-full-sleeve-black-t-shirt-grey-track-pant,https://triprindia.com/products/mens-track-suit-full-sleeve-black-t-shirt-grey-track-pant,false,0,200,product,Mens Tracksuit - Full Sleeve Black t-shirt / Grey Trackpant – TRIPR,"Product Description: ✅ Cotton Fabric: Crafted from high-quality cotton, ensuring breathability, comfort, and durability for all-day wear.✅ All-Weather Wear: Ideal for any season – whether it's a chilly morning jog or a relaxed evening, this tracksuit keeps you comfortable year-round.✅ Stylish Design: Plain full-sleeve",https://triprindia.com/products/mens-track-suit-full-sleeve-black-t-shirt-grey-track-pant,,true,indexable,https://triprindia.com/products/mens-track-suit-full-sleeve-black-t-shirt-grey-track-pant,true,Mens Tracksuit - Full Sleeve Black t-shirt / Grey Trackpant,1,1219,274,1171,41,11,1,1,4,2,0,high,false,17,6,46,ProductGroup|FAQPage,true,JudgeMe,title_length|meta_description_length|missing_image_alt|script_count_high|image_alt_duplicate_on_page|image_missing_dimensions
https://triprindia.com/products/mens-plain-half-sleeve-henley-neck-zip-type-t-shirt-black,https://triprindia.com/products/mens-plain-half-sleeve-henley-neck-zip-type-t-shirt-black,false,0,200,product,Half Sleeve Henley Neck Zip Type Plain Black T-shirt – TRIPR,"Product Description: Stylish Henley Neck with Zip Closure – This trendy half-sleeve T-shirt features a modern Henley neck design with a sleek zip closure for a contemporary look. Cotton Blend Fabric – Crafted from a high-quality cotton blend, offering a soft and breathable feel for all-day comfort. Available in Multipl",https://triprindia.com/products/mens-plain-half-sleeve-henley-neck-zip-type-t-shirt-black,,true,indexable,https://triprindia.com/products/mens-plain-half-sleeve-henley-neck-zip-type-t-shirt-black,true,Half Sleeve Henley Neck Zip Type Plain Black T-shirt,1,1226,274,1170,41,11,1,1,4,2,0,high,false,17,6,46,ProductGroup|FAQPage,true,JudgeMe,meta_description_length|missing_image_alt|script_count_high|image_alt_duplicate_on_page|image_missing_dimensions
https://triprindia.com/products/pack-of-2-plain-track-pant-balck-grey,https://triprindia.com/products/pack-of-2-plain-track-pant-balck-grey,false,0,200,product,(Pack Of 2) Mens Plain Black & Grey Tarackpants – TRIPR,"Product Description: (Pack of 2) high quality men's trackpants with cuffed bottoms for a trendy and snug fit. Available in solid colors, perfect for casual wear, gym sessions, or lounging at home. Made from soft and breathable fabric, ensuring all-day comfort and durability. Elastic waistband with drawstring for an adj",https://triprindia.com/products/pack-of-2-plain-track-pant-balck-grey,,true,indexable,https://triprindia.com/products/pack-of-2-plain-track-pant-balck-grey,true,(Pack Of 2) Mens Plain Black & Grey Tarackpants,1,1158,269,1156,41,11,1,1,4,2,0,high,false,15,6,46,ProductGroup|FAQPage,true,JudgeMe,meta_description_length|missing_image_alt|script_count_high|image_alt_duplicate_on_page|image_missing_dimensions
https://triprindia.com/products/pack-of-2-plain-track-pant-grey,https://triprindia.com/products/pack-of-2-plain-track-pant-grey,false,0,200,product,(Pack Of 2) Mens Plain Grey Tarackpants – TRIPR,"Product Description: (Pack of 2) high quality men's trackpants with cuffed bottoms for a trendy and snug fit. Available in solid colors, perfect for casual wear, gym sessions, or lounging at home. Made from soft and breathable fabric, ensuring all-day comfort and durability. Elastic waistband with drawstring for an adj",https://triprindia.com/products/pack-of-2-plain-track-pant-grey,,true,indexable,https://triprindia.com/products/pack-of-2-plain-track-pant-grey,true,(Pack Of 2) Mens Plain Grey Tarackpants,1,1154,268,1156,41,11,1,1,4,2,0,high,false,15,6,46,ProductGroup|FAQPage,true,JudgeMe,meta_description_length|missing_image_alt|script_count_high|image_alt_duplicate_on_page|image_missing_dimensions
https://triprindia.com/products/pack-of-2-plain-track-pant-black,https://triprindia.com/products/pack-of-2-plain-track-pant-black,false,0,200,product,(Pack Of 2) Mens Plain Black Tarackpants – TRIPR,"Product Description: (Pack of 2) high quality men's trackpants with cuffed bottoms for a trendy and snug fit. Available in solid colors, perfect for casual wear, gym sessions, or lounging at home. Made from soft and breathable fabric, ensuring all-day comfort and durability. Elastic waistband with drawstring for an adj",https://triprindia.com/products/pack-of-2-plain-track-pant-black,,true,indexable,https://triprindia.com/products/pack-of-2-plain-track-pant-black,true,(Pack Of 2) Mens Plain Black Tarackpants,1,1154,268,1156,41,11,1,1,4,2,0,high,false,15,6,46,ProductGroup|FAQPage,true,JudgeMe,meta_description_length|missing_image_alt|script_count_high|image_alt_duplicate_on_page|image_missing_dimensions
https://triprindia.com/products/men-plain-full-sleeve-hooded-t-shirt-3-variants,https://triprindia.com/products/men-plain-full-sleeve-hooded-t-shirt-3-variants,false,0,200,product,Men Plain Full Sleeve Hooded TShirts with 4 Colors – TRIPR,"TRIPR INDIA Full Sleeve Plain Hooded T-Shirt✔ Versatile Design: Full-sleeve hooded t-shirt, perfect for outings, casual wear, and everyday comfort.✔ Solid Colors to Choose From: Available in a range of vibrant and classic solid shades to match your style.✔ Unmatched Value: Enjoy the lowest price online without compromi",https://triprindia.com/products/men-plain-full-sleeve-hooded-t-shirt-3-variants,,true,indexable,https://triprindia.com/products/men-plain-full-sleeve-hooded-t-shirt-3-variants,true,Men Plain Full Sleeve Hooded TShirts with 4 Colors,1,1159,323,1207,41,11,1,1,4,2,2,high,false,17,6,46,ProductGroup|FAQPage,true,JudgeMe,meta_description_length|missing_image_alt|script_count_high|image_alt_duplicate_on_page|image_missing_dimensions
https://triprindia.com/products/men-half-sleeve-pack-of-2-round-neck-plain-t-shirts-grey-navy,https://triprindia.com/products/men-half-sleeve-pack-of-2-round-neck-plain-t-shirts-grey-navy,false,0,200,product,Mens Round Neck Half Sleeve Grey & Navy T-shirts (Pack Of 2) – TRIPR,"Product Description: Cotton Blend: Made from good-quality cotton blend fabric for a soft and breathable experience, perfect for all-day comfort. Round Neck Design: Classic round neck style offering a versatile and timeless look for daily wear. Half-Sleeve Style: Comfortable half-sleeve design suitable for casual outing",https://triprindia.com/products/men-half-sleeve-pack-of-2-round-neck-plain-t-shirts-grey-navy,,true,indexable,https://triprindia.com/products/men-half-sleeve-pack-of-2-round-neck-plain-t-shirts-grey-navy,true,Mens Round Neck Half Sleeve Grey & Navy T-shirts (Pack Of 2),1,1129,273,1151,41,11,1,1,4,2,0,high,false,13,6,46,ProductGroup|FAQPage,true,JudgeMe,title_length|meta_description_length|missing_image_alt|script_count_high|image_alt_duplicate_on_page|image_missing_dimensions
https://triprindia.com/products/mens-top-printed-vest-pack-of-4-black-grey-navy-charcoal-black,https://triprindia.com/products/mens-top-printed-vest-pack-of-4-black-grey-navy-charcoal-black,false,0,200,product,(Pack Of 4) Mens Printed Vest / Black & Grey & Navy & Charcoalblack – TRIPR,"Product Description: Fabric: Crafted with a soft and breathable cotton blend for all-day comfort. Stylish Printed Design: Trendy prints that add a touch of personality to your daily gym look. Versatile Gym Wear: Perfectly designed for workouts, casual outings, or lounging at home. Available in Multiple Colors: Choose f",https://triprindia.com/products/mens-top-printed-vest-pack-of-4-black-grey-navy-charcoal-black,,true,indexable,https://triprindia.com/products/mens-top-printed-vest-pack-of-4-black-grey-navy-charcoal-black,true,(Pack Of 4) Mens Printed Vest / Black & Grey & Navy & Charcoalblack,1,1127,275,1162,41,11,1,1,4,2,5,high,false,15,6,46,ProductGroup|FAQPage,true,JudgeMe,title_length|meta_description_length|missing_image_alt|script_count_high|image_alt_duplicate_on_page|image_missing_dimensions
https://triprindia.com/products/mens-half-sleeve-plain-round-neck-t-shirts-pack-of-2-variants,https://triprindia.com/products/mens-half-sleeve-plain-round-neck-t-shirts-pack-of-2-variants,false,0,200,product,Mens Half Sleeve Plain Round Neck T-shirts (Pack Of 2) - 19 Variants – TRIPR,"Product Description: Cotton Blend: Made from high-quality cotton blend fabric for a soft and breathable experience, perfect for all-day comfort. Round Neck Design: Classic round neck style offering a versatile and timeless look for daily wear. Half-Sleeve Style: Comfortable half-sleeve design suitable for casual outing",https://triprindia.com/products/mens-half-sleeve-plain-round-neck-t-shirts-pack-of-2-variants,,true,indexable,https://triprindia.com/products/mens-half-sleeve-plain-round-neck-t-shirts-pack-of-2-variants,true,Mens Half Sleeve Plain Round Neck T-shirts (Pack Of 2) - 19 Variants,1,1153,712,1383,41,11,1,1,4,2,0,high,false,20,4,46,ProductGroup|FAQPage,true,JudgeMe,title_length|meta_description_length|missing_image_alt|html_size_large|script_count_high|image_count_high|image_alt_duplicate_on_page|image_missing_dimensions
https://triprindia.com/products/mens-half-sleeve-plain-round-neck-t-shirts-pack-of-3-variants,https://triprindia.com/products/mens-half-sleeve-plain-round-neck-t-shirts-pack-of-3-variants,false,0,200,product,Mens Half Sleeve Plain Round Neck T-shirts (Pack Of 3) - 11 Variants – TRIPR,"Product Description: Cotton Blend: Made from high-quality cotton blend fabric for a soft and breathable experience, perfect for all-day comfort. Round Neck Design: Classic round neck style offering a versatile and timeless look for daily wear. Half-Sleeve Style: Comfortable half-sleeve design suitable for casual outing",https://triprindia.com/products/mens-half-sleeve-plain-round-neck-t-shirts-pack-of-3-variants,,true,indexable,https://triprindia.com/products/mens-half-sleeve-plain-round-neck-t-shirts-pack-of-3-variants,true,Mens Half Sleeve Plain Round Neck T-shirts (Pack Of 3) - 11 Variants,1,1205,525,1287,41,11,1,1,4,2,0,high,false,20,4,46,ProductGroup|FAQPage,true,JudgeMe,title_length|meta_description_length|missing_image_alt|html_size_large|script_count_high|image_alt_duplicate_on_page|image_missing_dimensions
https://triprindia.com/products/mens-half-sleeve-plain-round-neck-t-shirts-pack-of-4-4-variants,https://triprindia.com/products/mens-half-sleeve-plain-round-neck-t-shirts-pack-of-4-4-variants,false,0,200,product,Mens Half Sleeve Plain Round Neck T-shirts (Pack Of 4) - 13 Variants – TRIPR,"Product Description: Cotton Blend: Made from high-quality cotton blend fabric for a soft and breathable experience, perfect for all-day comfort. Round Neck Design: Classic round neck style offering a versatile and timeless look for daily wear. Half-Sleeve Style: Comfortable half-sleeve design suitable for casual outing",https://triprindia.com/products/mens-half-sleeve-plain-round-neck-t-shirts-pack-of-4-4-variants,,true,indexable,https://triprindia.com/products/mens-half-sleeve-plain-round-neck-t-shirts-pack-of-4-4-variants,true,Mens Half Sleeve Plain Round Neck T-shirts (Pack Of 4) - 13 Variants,1,1149,590,1305,41,11,1,1,4,2,0,high,false,20,4,46,ProductGroup|FAQPage,true,JudgeMe,title_length|meta_description_length|missing_image_alt|html_size_large|script_count_high|image_alt_duplicate_on_page|image_missing_dimensions
https://triprindia.com/products/mens-round-neck-solid-oversized-tshirts-4-colors,https://triprindia.com/products/mens-round-neck-solid-oversized-tshirts-4-colors,false,0,200,product,Men Oversized Plain T-shirts 4 Colours – TRIPR,"Product Description: Cotton Blend Fabric: Crafted from a high-quality cotton blend for a soft, breathable, and comfortable feel, perfect for all-day summer wear. Oversized Fit for Style &amp; Comfort: Designed with a trendy oversized fit to give you a relaxed, stylish look while ensuring ultimate comfort. Available in",https://triprindia.com/products/mens-round-neck-solid-oversized-tshirts-4-colors,,true,indexable,https://triprindia.com/products/mens-round-neck-solid-oversized-tshirts-4-colors,true,Men Oversized Plain T-shirts 4 Colours,1,1231,332,1227,41,11,1,1,4,2,0,high,false,20,4,46,ProductGroup|FAQPage,true,JudgeMe,meta_description_length|missing_image_alt|script_count_high|image_alt_duplicate_on_page|image_missing_dimensions
https://triprindia.com/products/feather-printed-half-sleeve-round-neck-mens-t-shirt-black,https://triprindia.com/products/feather-printed-half-sleeve-round-neck-mens-t-shirt-black,false,0,200,product,Feather Printed Half Sleeve Round Neck Mens Black T-shirt – TRIPR,"Product Description: Classic Black Color: Timeless black shade that pairs effortlessly with any outfit for a sleek, stylish look. Comfortable Round Neck: Designed with a round neck for a relaxed fit, making it ideal for casual daily wear. Soft Cotton Blend Fabric: Crafted from a premium cotton blend for a soft, breatha",https://triprindia.com/products/feather-printed-half-sleeve-round-neck-mens-t-shirt-black,,true,indexable,https://triprindia.com/products/feather-printed-half-sleeve-round-neck-mens-t-shirt-black,true,Feather Printed Half Sleeve Round Neck Mens Black T-shirt,1,1182,272,1162,41,11,1,1,4,2,0,high,false,13,6,46,ProductGroup|FAQPage,true,JudgeMe,meta_description_length|missing_image_alt|script_count_high|image_alt_duplicate_on_page|image_missing_dimensions
https://triprindia.com/products/pack-of-2-mens-baniyan-pack-of-2,https://triprindia.com/products/pack-of-2-mens-baniyan-pack-of-2,false,0,200,product,(Pack of 2) Men's Baniyans - 11 Variants – TRIPR,Sun is shining bright and temperature is rising everyday and summers are officially here. Buy this pack of 2 printed BANIYAN Tops for men from Tripr India. You can buy best Tank Tops for men at our website at lowest prices. Our tank tops are made of best quality cotton blend fabric which is extremely soft and comfortab,https://triprindia.com/products/pack-of-2-mens-baniyan-pack-of-2,,true,indexable,https://triprindia.com/products/pack-of-2-mens-baniyan-pack-of-2,true,(Pack of 2) Men's Baniyans - 11 Variants,1,1108,441,1268,41,11,1,1,4,2,7,high,false,20,4,46,ProductGroup|FAQPage,true,JudgeMe,meta_description_length|missing_image_alt|script_count_high|large_image_url_width|image_alt_duplicate_on_page|image_missing_dimensions
https://triprindia.com/products/mens-round-neck-full-sleeve-plain-t-shirts-pack-of-2-3-variants,https://triprindia.com/products/mens-round-neck-full-sleeve-plain-t-shirts-pack-of-2-3-variants,false,0,200,product,Pack Of 2 - Men Round Neck Full Sleeve Plain T-shirts - 12 Variants – TRIPR,"Product Description: Classic Round Neck Design: Features a versatile round neck that suits all casual and semi-casual occasions. Comfortable Daily Wear: Made with breathable, soft fabric to ensure all-day comfort. Full Sleeve Style: Offers added coverage for a sleek, stylish look. Plain Yet Versatile: Minimalist design",https://triprindia.com/products/mens-round-neck-full-sleeve-plain-t-shirts-pack-of-2-3-variants,,true,indexable,https://triprindia.com/products/mens-round-neck-full-sleeve-plain-t-shirts-pack-of-2-3-variants,true,Pack Of 2 - Men Round Neck Full Sleeve Plain T-shirts - 12 Variants,1,1216,564,1309,41,11,1,1,4,2,10,high,false,20,4,46,ProductGroup|FAQPage,true,JudgeMe,title_length|meta_description_length|missing_image_alt|html_size_large|script_count_high|large_image_url_width|image_alt_duplicate_on_page|image_missing_dimensions
https://triprindia.com/products/mens-round-neck-full-sleeve-plain-t-shirts-pack-of-3,https://triprindia.com/products/mens-round-neck-full-sleeve-plain-t-shirts-pack-of-3,false,0,200,product,Mens Round Neck Full Sleeve Plain T-shirts (Pack Of 3) - 2 Variants – TRIPR,"Product Description: Classic Round Neck Design: Features a versatile round neck that suits all casual and semi-casual occasions. Comfortable Daily Wear: Made with breathable, soft fabric to ensure all-day comfort. Full Sleeve Style: Offers added coverage for a sleek, stylish look. Plain Yet Versatile: Minimalist design",https://triprindia.com/products/mens-round-neck-full-sleeve-plain-t-shirts-pack-of-3,,true,indexable,https://triprindia.com/products/mens-round-neck-full-sleeve-plain-t-shirts-pack-of-3,true,Mens Round Neck Full Sleeve Plain T-shirts (Pack Of 3) - 2 Variants,1,1193,311,1194,41,11,1,1,4,2,0,high,false,17,6,46,ProductGroup|FAQPage,true,JudgeMe,title_length|meta_description_length|missing_image_alt|script_count_high|image_alt_duplicate_on_page|image_missing_dimensions
https://triprindia.com/products/mens-round-neck-full-sleeve-plain-t-shirts-pack-of-4-2-variants,https://triprindia.com/products/mens-round-neck-full-sleeve-plain-t-shirts-pack-of-4-2-variants,false,0,200,product,Men Round Neck Plain Full Sleeve T-shirts Combo Packs 17 Variants – TRIPR,"Product Description: Classic Round Neck Design: Features a versatile round neck that suits all casual and semi-casual occasions. Comfortable Daily Wear: Made with breathable, soft fabric to ensure all-day comfort. Full Sleeve Style: Offers added coverage for a sleek, stylish look. Plain Yet Versatile: Minimalist design",https://triprindia.com/products/mens-round-neck-full-sleeve-plain-t-shirts-pack-of-4-2-variants,,true,indexable,https://triprindia.com/products/mens-round-neck-full-sleeve-plain-t-shirts-pack-of-4-2-variants,true,Men Round Neck Plain Full Sleeve T-shirts Combo Packs 17 Variants,1,1205,693,1375,41,11,1,1,4,2,1,high,false,20,4,46,ProductGroup|FAQPage,true,JudgeMe,title_length|meta_description_length|missing_image_alt|html_size_large|script_count_high|image_count_high|image_alt_duplicate_on_page|image_missing_dimensions
https://triprindia.com/products/pack-of-4-men-tops-colorblock-vest-multicolour,https://triprindia.com/products/pack-of-4-men-tops-colorblock-vest-multicolour,false,0,200,product,(Pack of 4) Men Tops Colorblock Vest / Multicolour – TRIPR,"Product Description: Stylish color-block design that adds a modern and sporty look to your outfit. Available in multiple vibrant colors to match your style preferences. Made with Good-quality fabric for all-day comfort and durability. Perfect for workouts, casual wear, or layering in any season. Comes in a wide range o",https://triprindia.com/products/pack-of-4-men-tops-colorblock-vest-multicolour,,true,indexable,https://triprindia.com/products/pack-of-4-men-tops-colorblock-vest-multicolour,true,(Pack of 4) Men Tops Colorblock Vest / Multicolour,1,1093,255,1114,41,11,1,1,4,2,0,high,false,8,6,46,ProductGroup|FAQPage,true,JudgeMe,meta_description_length|missing_image_alt|script_count_high|image_alt_duplicate_on_page|image_missing_dimensions
https://triprindia.com/products/men-round-neck-plain-t-shirts-half-sleeve-20-variants,https://triprindia.com/products/men-round-neck-plain-t-shirts-half-sleeve-20-variants,false,0,200,product,Half Sleeve Round Neck Plain T-shirts Combos – TRIPR,Men's Half Sleeve Combo T-Shirts Online. Pack of 2 for ₹309 | Pack of 3 for ₹429 | Pack of 4 for ₹529. Explore Various Combo T-Shirts for Men and Enjoy Fastest Delivery | 7 days Returns.,https://triprindia.com/products/men-round-neck-plain-t-shirts-half-sleeve-20-variants,,true,indexable,https://triprindia.com/products/men-round-neck-plain-t-shirts-half-sleeve-20-variants,true,Half Sleeve Round Neck Plain T-shirts Combos,1,1140,675,1370,41,11,1,1,4,2,0,high,false,20,4,46,ProductGroup|FAQPage,true,JudgeMe,meta_description_length|missing_image_alt|serp_boilerplate_meta_description|html_size_large|script_count_high|image_count_high|image_alt_duplicate_on_page|image_missing_dimensions
https://triprindia.com/products/round-neck-tshirts,https://triprindia.com/products/round-neck-tshirts,false,0,200,product,Plain Round Neck T-Shirs For Men – TRIPR,"Explore Plain Round Neck T-Shirts for men at just ₹189. Regular fit, Cotton mix fabric. Enjoy fastest delivery and easy 7-day returns at TRIPR India.",https://triprindia.com/products/round-neck-tshirts,,true,indexable,https://triprindia.com/products/round-neck-tshirts,true,Round Neck Plain T-Shirts,1,1128,461,1266,41,11,1,1,4,2,11,high,false,20,4,46,ProductGroup|FAQPage,true,JudgeMe,missing_image_alt|serp_boilerplate_meta_description|script_count_high|large_image_url_width|image_alt_duplicate_on_page|image_missing_dimensions
https://triprindia.com/products/full-sleeve-hooded-neck-dual-color-printed-t-shirt-black-grey,https://triprindia.com/products/full-sleeve-hooded-neck-dual-color-printed-t-shirt-black-grey,false,0,200,product,Mens Full Sleeve Hooded Neck Dual Color Printed T-shirt / Black & Grey – TRIPR,"Product Description: Stylish full sleeve hooded t-shirt designed for comfort and versatility. Features a unique printed design at the chest, adding a trendy touch to your look. Colorblock style for a bold and modern appearance. Available in a variety of vibrant colors to suit your style. Made from high-quality fabric f",https://triprindia.com/products/full-sleeve-hooded-neck-dual-color-printed-t-shirt-black-grey,,true,indexable,https://triprindia.com/products/full-sleeve-hooded-neck-dual-color-printed-t-shirt-black-grey,true,Mens Full Sleeve Hooded Neck Dual Color Printed T-shirt / Black & Grey,1,1152,277,1177,41,11,1,1,4,2,6,high,false,17,6,46,ProductGroup|FAQPage,true,JudgeMe,title_length|meta_description_length|missing_image_alt|script_count_high|image_alt_duplicate_on_page|image_missing_dimensions
https://triprindia.com/products/full-sleeve-hooded-neck-dual-color-printed-t-shirt-black-beige,https://triprindia.com/products/full-sleeve-hooded-neck-dual-color-printed-t-shirt-black-beige,false,0,200,product,Mens Full Sleeve Hooded Neck Dual Color Printed T-shirt / Black & Beig – TRIPR,"Product Description: Stylish full sleeve hooded t-shirt designed for comfort and versatility. Features a unique printed design at the chest, adding a trendy touch to your look. Colorblock style for a bold and modern appearance. Available in a variety of vibrant colors to suit your style. Made from high-quality fabric f",https://triprindia.com/products/full-sleeve-hooded-neck-dual-color-printed-t-shirt-black-beige,,true,indexable,https://triprindia.com/products/full-sleeve-hooded-neck-dual-color-printed-t-shirt-black-beige,true,Mens Full Sleeve Hooded Neck Dual Color Printed T-shirt / Black & Beige,1,1152,280,1177,41,11,1,1,4,2,6,high,false,17,6,46,ProductGroup|FAQPage,true,JudgeMe,title_length|meta_description_length|missing_image_alt|script_count_high|image_alt_duplicate_on_page|image_missing_dimensions
https://triprindia.com/products/full-sleeve-hooded-neck-dual-color-printed-t-shirt-beige-red,https://triprindia.com/products/full-sleeve-hooded-neck-dual-color-printed-t-shirt-beige-red,false,0,200,product,Mens Full Sleeve Hooded Neck Dual Color Printed T-shirt Beige & Red – TRIPR,"Product Description: Stylish full sleeve hooded t-shirt designed for comfort and versatility. Features a unique printed design at the chest, adding a trendy touch to your look. Colorblock style for a bold and modern appearance. Available in a variety of vibrant colors to suit your style. Made from high-quality fabric f",https://triprindia.com/products/full-sleeve-hooded-neck-dual-color-printed-t-shirt-beige-red,,true,indexable,https://triprindia.com/products/full-sleeve-hooded-neck-dual-color-printed-t-shirt-beige-red,true,Mens Full Sleeve Hooded Neck Dual Color Printed T-shirt Beige & Red,1,1150,280,1177,41,11,1,1,4,2,6,high,false,17,6,46,ProductGroup|FAQPage,true,JudgeMe,title_length|meta_description_length|missing_image_alt|script_count_high|image_alt_duplicate_on_page|image_missing_dimensions
https://triprindia.com/products/full-sleeve-hooded-neck-dual-color-printed-t-shirt-red-dark-grey,https://triprindia.com/products/full-sleeve-hooded-neck-dual-color-printed-t-shirt-red-dark-grey,false,0,200,product,Mens Full Sleeve Hooded Neck Dual Color Printed T-shirt / Red & Darkgr – TRIPR,"Product Description: Stylish full sleeve hooded t-shirt designed for comfort and versatility. Features a unique printed design at the chest, adding a trendy touch to your look. Colorblock style for a bold and modern appearance. Available in a variety of vibrant colors to suit your style. Made from high-quality fabric f",https://triprindia.com/products/full-sleeve-hooded-neck-dual-color-printed-t-shirt-red-dark-grey,,true,indexable,https://triprindia.com/products/full-sleeve-hooded-neck-dual-color-printed-t-shirt-red-dark-grey,true,Mens Full Sleeve Hooded Neck Dual Color Printed T-shirt / Red & Darkgrey,1,1155,280,1177,41,11,1,1,4,2,6,high,false,17,6,46,ProductGroup|FAQPage,true,JudgeMe,title_length|meta_description_length|missing_image_alt|script_count_high|image_alt_duplicate_on_page|image_missing_dimensions
https://triprindia.com/products/full-sleeve-hooded-neck-dual-color-printed-t-shirt-navy-dark-grey,https://triprindia.com/products/full-sleeve-hooded-neck-dual-color-printed-t-shirt-navy-dark-grey,false,0,200,product,Mens Full Sleeve Hooded Neck Dual Color Printed T-shirt / Navy & Darkg – TRIPR,"Product Description: Stylish full sleeve hooded t-shirt designed for comfort and versatility. Features a unique printed design at the chest, adding a trendy touch to your look. Colorblock style for a bold and modern appearance. Available in a variety of vibrant colors to suit your style. Made from good-quality fabric f",https://triprindia.com/products/full-sleeve-hooded-neck-dual-color-printed-t-shirt-navy-dark-grey,,true,indexable,https://triprindia.com/products/full-sleeve-hooded-neck-dual-color-printed-t-shirt-navy-dark-grey,true,Mens Full Sleeve Hooded Neck Dual Color Printed T-shirt / Navy & Darkgrey,1,1155,280,1177,41,11,1,1,4,2,6,high,false,17,6,46,ProductGroup|FAQPage,true,JudgeMe,title_length|meta_description_length|missing_image_alt|script_count_high|image_alt_duplicate_on_page|image_missing_dimensions
https://triprindia.com/products/full-sleeve-hooded-neck-dual-color-printed-t-shirt-black-red,https://triprindia.com/products/full-sleeve-hooded-neck-dual-color-printed-t-shirt-black-red,false,0,200,product,Mens Full Sleeve Hooded Neck Dual Color Printed T-shirt / Black & Red – TRIPR,"Product Description: Stylish full sleeve hooded t-shirt designed for comfort and versatility. Features a unique printed design at the chest, adding a trendy touch to your look. Colorblock style for a bold and modern appearance. Available in a variety of vibrant colors to suit your style. Made from high-quality fabric f",https://triprindia.com/products/full-sleeve-hooded-neck-dual-color-printed-t-shirt-black-red,,true,indexable,https://triprindia.com/products/full-sleeve-hooded-neck-dual-color-printed-t-shirt-black-red,true,Mens Full Sleeve Hooded Neck Dual Color Printed T-shirt / Black & Red,1,1152,276,1177,41,11,1,1,4,2,6,high,false,17,6,46,ProductGroup|FAQPage,true,JudgeMe,title_length|meta_description_length|missing_image_alt|script_count_high|image_alt_duplicate_on_page|image_missing_dimensions
https://triprindia.com/products/full-sleeve-hooded-neck-dual-color-printed-t-shirt-black-olive-green,https://triprindia.com/products/full-sleeve-hooded-neck-dual-color-printed-t-shirt-black-olive-green,false,0,200,product,Mens Full Sleeve Hooded Neck Dual Color Printed T-shirt Black & Olive – TRIPR,"Product Description: Stylish full sleeve hooded t-shirt designed for comfort and versatility. Features a unique printed design at the chest, adding a trendy touch to your look. Colorblock style for a bold and modern appearance. Available in a variety of vibrant colors to suit your style. Made from good-quality fabric f",https://triprindia.com/products/full-sleeve-hooded-neck-dual-color-printed-t-shirt-black-olive-green,,true,indexable,https://triprindia.com/products/full-sleeve-hooded-neck-dual-color-printed-t-shirt-black-olive-green,true,Mens Full Sleeve Hooded Neck Dual Color Printed T-shirt Black & Olive,1,1155,277,1175,41,11,1,1,4,2,6,high,false,17,6,46,ProductGroup|FAQPage,true,JudgeMe,title_length|meta_description_length|missing_image_alt|script_count_high|image_alt_duplicate_on_page|image_missing_dimensions
https://triprindia.com/products/full-sleeve-hooded-neck-printed-t-shirt-grey,https://triprindia.com/products/full-sleeve-hooded-neck-printed-t-shirt-grey,false,0,200,product,Mens Full Sleeve Hooded Neck Printed T-shirt Grey – TRIPR,"Product Description: Stylish full sleeve hooded t-shirt designed for comfort and versatility. Features a unique printed design at the chest, adding a trendy touch to your look. Colorblock style for a bold and modern appearance. Available in a variety of vibrant colors to suit your style. Made from high-quality fabric f",https://triprindia.com/products/full-sleeve-hooded-neck-printed-t-shirt-grey,,true,indexable,https://triprindia.com/products/full-sleeve-hooded-neck-printed-t-shirt-grey,true,Mens Full Sleeve Hooded Neck Printed T-shirt Grey,1,1142,265,1163,41,11,1,1,4,2,0,high,false,13,6,46,ProductGroup|FAQPage,true,JudgeMe,meta_description_length|missing_image_alt|script_count_high|image_alt_duplicate_on_page|image_missing_dimensions
https://triprindia.com/products/full-sleeve-hooded-neck-printed-t-shirt-black,https://triprindia.com/products/full-sleeve-hooded-neck-printed-t-shirt-black,false,0,200,product,Mens Full Sleeve Hooded Neck Printed T-shirt Black – TRIPR,"Product Description: Stylish full sleeve hooded t-shirt designed for comfort and versatility. Features a unique printed design at the chest, adding a trendy touch to your look. Colorblock style for a bold and modern appearance. Available in a variety of vibrant colors to suit your style. Made from high-quality fabric f",https://triprindia.com/products/full-sleeve-hooded-neck-printed-t-shirt-black,,true,indexable,https://triprindia.com/products/full-sleeve-hooded-neck-printed-t-shirt-black,true,Mens Full Sleeve Hooded Neck Printed T-shirt Black,1,1142,265,1163,41,11,1,1,4,2,0,high,false,13,6,46,ProductGroup|FAQPage,true,JudgeMe,meta_description_length|missing_image_alt|script_count_high|image_alt_duplicate_on_page|image_missing_dimensions
https://triprindia.com/products/full-sleeve-hooded-neck-printed-t-shirt-navy-blue,https://triprindia.com/products/full-sleeve-hooded-neck-printed-t-shirt-navy-blue,false,0,200,product,Mens Full Sleeve Hooded Neck Printed Navy Blue T-shirt – TRIPR,"Product Description: Stylish full sleeve hooded t-shirt designed for comfort and versatility. Features a unique printed design at the chest, adding a trendy touch to your look. Colorblock style for a bold and modern appearance. Available in a variety of vibrant colors to suit your style. Made from high-quality fabric f",https://triprindia.com/products/full-sleeve-hooded-neck-printed-t-shirt-navy-blue,,true,indexable,https://triprindia.com/products/full-sleeve-hooded-neck-printed-t-shirt-navy-blue,true,Mens Full Sleeve Hooded Neck Printed Navy Blue T-shirt,1,1144,266,1163,41,11,1,1,4,2,0,high,false,13,6,46,ProductGroup|FAQPage,true,JudgeMe,meta_description_length|missing_image_alt|script_count_high|image_alt_duplicate_on_page|image_missing_dimensions
https://triprindia.com/products/full-sleeve-hooded-neck-printed-t-shirt-olive-green,https://triprindia.com/products/full-sleeve-hooded-neck-printed-t-shirt-olive-green,false,0,200,product,Mens Full Sleeve Hooded Neck Printed T-shirt Olive Green – TRIPR,"Product Description: Stylish full sleeve hooded t-shirt designed for comfort and versatility. Features a unique printed design at the chest, adding a trendy touch to your look. Colorblock style for a bold and modern appearance. Available in a variety of vibrant colors to suit your style. Made from high-quality fabric f",https://triprindia.com/products/full-sleeve-hooded-neck-printed-t-shirt-olive-green,,true,indexable,https://triprindia.com/products/full-sleeve-hooded-neck-printed-t-shirt-olive-green,true,Mens Full Sleeve Hooded Neck Printed T-shirt Olive Green,1,1147,266,1163,41,11,1,1,4,2,0,high,false,13,6,46,ProductGroup|FAQPage,true,JudgeMe,meta_description_length|missing_image_alt|script_count_high|image_alt_duplicate_on_page|image_missing_dimensions
https://triprindia.com/products/full-sleeve-hooded-neck-printed-t-shirt-maroon,https://triprindia.com/products/full-sleeve-hooded-neck-printed-t-shirt-maroon,false,0,200,product,Mens Full Sleeve Hooded Neck Printed T-shirt Maroon – TRIPR,"Product Description: Stylish full sleeve hooded t-shirt designed for comfort and versatility. Features a unique printed design at the chest, adding a trendy touch to your look. Colorblock style for a bold and modern appearance. Available in a variety of vibrant colors to suit your style. Made from high-quality fabric f",https://triprindia.com/products/full-sleeve-hooded-neck-printed-t-shirt-maroon,,true,indexable,https://triprindia.com/products/full-sleeve-hooded-neck-printed-t-shirt-maroon,true,Mens Full Sleeve Hooded Neck Printed T-shirt Maroon,1,1145,265,1163,41,11,1,1,4,2,0,high,false,13,6,46,ProductGroup|FAQPage,true,JudgeMe,meta_description_length|missing_image_alt|script_count_high|image_alt_duplicate_on_page|image_missing_dimensions
https://triprindia.com/products/pack-of-4-mens-baniyans-black-grey,https://triprindia.com/products/pack-of-4-mens-baniyans-black-grey,false,0,200,product,( Pack Of 4 ) Mens Baniyans / Black & Grey – TRIPR,"Product Description: Fabric: Crafted with a soft and breathable cotton blend for all-day comfort. Stylish Printed Design: Trendy prints that add a touch of personality to your daily gym look. Versatile Gym Wear: Perfectly designed for workouts, casual outings, or lounging at home. Available in Multiple Colors: Choose f",https://triprindia.com/products/pack-of-4-mens-baniyans-black-grey,,true,indexable,https://triprindia.com/products/pack-of-4-mens-baniyans-black-grey,true,( Pack Of 4 ) Mens Baniyans / Black & Grey,1,1119,320,1197,41,11,1,1,4,2,0,high,false,17,6,46,ProductGroup|FAQPage,true,JudgeMe,meta_description_length|missing_image_alt|script_count_high|image_alt_duplicate_on_page|image_filename_not_descriptive|image_missing_dimensions
https://triprindia.com/products/plain-gym-vest-for-men-black,https://triprindia.com/products/plain-gym-vest-for-men-black,false,0,200,product,Men Black V-neck Plain Vest – TRIPR,"Product Description: Fabric: Crafted with a soft and breathable cotton blend for all-day comfort. Stylish Printed Design: Trendy prints that add a touch of personality to your daily gym look. Versatile Gym Wear: Perfectly designed for workouts, casual outings, or lounging at home. Available in Multiple Colors: Choose f",https://triprindia.com/products/plain-gym-vest-for-men-black,,true,indexable,https://triprindia.com/products/plain-gym-vest-for-men-black,true,Men Black V-neck Plain Vest,1,1102,262,1151,41,11,1,1,4,2,0,high,false,13,6,46,ProductGroup|FAQPage,true,JudgeMe,meta_description_length|missing_image_alt|script_count_high|image_alt_duplicate_on_page|image_missing_dimensions
https://triprindia.com/products/plain-gym-vest-for-men-olive-green,https://triprindia.com/products/plain-gym-vest-for-men-olive-green,false,0,200,product,Men Olive Green V-neck Plain Vest – TRIPR,"Product Description: Fabric: Crafted with a soft and breathable cotton blend for all-day comfort. Stylish Printed Design: Trendy prints that add a touch of personality to your daily gym look. Versatile Gym Wear: Perfectly designed for workouts, casual outings, or lounging at home. Available in Multiple Colors: Choose f",https://triprindia.com/products/plain-gym-vest-for-men-olive-green,,true,indexable,https://triprindia.com/products/plain-gym-vest-for-men-olive-green,true,Men Olive Green V-neck Plain Vest,1,1104,263,1151,41,11,1,1,4,2,0,high,false,13,6,46,ProductGroup|FAQPage,true,JudgeMe,meta_description_length|missing_image_alt|script_count_high|image_alt_duplicate_on_page|image_missing_dimensions
https://triprindia.com/products/men-casual-printed-vest-beige,https://triprindia.com/products/men-casual-printed-vest-beige,false,0,200,product,Men Printed Beige Casual Vest – TRIPR,"Product Description: Fabric: Crafted with a soft and breathable cotton blend for all-day comfort. Stylish Printed Design: Trendy prints that add a touch of personality to your daily gym look. Versatile Gym Wear: Perfectly designed for workouts, casual outings, or lounging at home. Available in Multiple Colors: Choose f",https://triprindia.com/products/men-casual-printed-vest-beige,,true,indexable,https://triprindia.com/products/men-casual-printed-vest-beige,true,Men Printed Beige Casual Vest,1,1100,273,1174,41,11,1,1,4,2,0,high,false,19,6,46,ProductGroup|FAQPage,true,JudgeMe,meta_description_length|missing_image_alt|script_count_high|image_alt_duplicate_on_page|image_missing_dimensions
https://triprindia.com/products/casual-round-neck-printed-sleeve-less-vest-black,https://triprindia.com/products/casual-round-neck-printed-sleeve-less-vest-black,false,0,200,product,Men Black Round Neck Printed Sleeveless – TRIPR,"Product Description: Fabric: Crafted with a soft and breathable cotton blend for all-day comfort. Stylish Printed Design: Trendy prints that add a touch of personality to your daily gym look. Versatile Gym Wear: Perfectly designed for workouts, casual outings, or lounging at home. Available in Multiple Colors: Choose f",https://triprindia.com/products/casual-round-neck-printed-sleeve-less-vest-black,,true,indexable,https://triprindia.com/products/casual-round-neck-printed-sleeve-less-vest-black,true,Men Black Round Neck Printed Sleeveless,1,1102,271,1167,41,11,1,1,4,2,6,high,false,17,6,46,ProductGroup|FAQPage,true,JudgeMe,meta_description_length|missing_image_alt|script_count_high|image_alt_duplicate_on_page|image_missing_dimensions
https://triprindia.com/products/men-printed-cuffed-jogger-navy-blue,https://triprindia.com/products/men-printed-cuffed-jogger-navy-blue,false,0,200,product,Mens Design Printed Navy Blue Trackpant – TRIPR,"Product Description: Trendy Ankle-Fit Design – Modern slim-fit style with cuffed bottoms for a sharp and stylish look. Fabric – Crafted from soft, breathable, and durable material for all-day comfort. Stylish Prints – Features eye-catching prints that add a fashionable edge to your casual wear. Versatile &amp; Fashion-",https://triprindia.com/products/men-printed-cuffed-jogger-navy-blue,,true,indexable,https://triprindia.com/products/men-printed-cuffed-jogger-navy-blue,true,Mens Design Printed Navy Blue Trackpant,1,1156,268,1168,41,11,1,1,4,2,0,high,false,15,6,46,ProductGroup|FAQPage,true,JudgeMe,meta_description_length|missing_image_alt|script_count_high|image_alt_duplicate_on_page|image_missing_dimensions
https://triprindia.com/products/men-printed-cuffed-jogger-maroon,https://triprindia.com/products/men-printed-cuffed-jogger-maroon,false,0,200,product,Mens Design Printed Maroon Trackpant – TRIPR,"Product Description: Trendy Ankle-Fit Design – Modern slim-fit style with cuffed bottoms for a sharp and stylish look. Fabric – Crafted from soft, breathable, and durable material for all-day comfort. Stylish Prints – Features eye-catching prints that add a fashionable edge to your casual wear. Versatile &amp; Fashion-",https://triprindia.com/products/men-printed-cuffed-jogger-maroon,,true,indexable,https://triprindia.com/products/men-printed-cuffed-jogger-maroon,true,Mens Design Printed Maroon Trackpant,1,1156,268,1166,41,11,1,1,4,2,0,high,false,15,6,46,ProductGroup|FAQPage,true,JudgeMe,meta_description_length|missing_image_alt|script_count_high|image_alt_duplicate_on_page|image_missing_dimensions
https://triprindia.com/products/men-printed-cuffed-jogger-olive-green,https://triprindia.com/products/men-printed-cuffed-jogger-olive-green,false,0,200,product,Mens Design Printed Olive Green Trackpant – TRIPR,"Product Description: Trendy Ankle-Fit Design – Modern slim-fit style with cuffed bottoms for a sharp and stylish look. Fabric – Crafted from soft, breathable, and durable material for all-day comfort. Stylish Prints – Features eye-catching prints that add a fashionable edge to your casual wear. Versatile &amp; Fashion-",https://triprindia.com/products/men-printed-cuffed-jogger-olive-green,,true,indexable,https://triprindia.com/products/men-printed-cuffed-jogger-olive-green,true,Mens Design Printed Olive Green Trackpant,1,1156,268,1168,41,11,1,1,4,2,0,high,false,15,6,46,ProductGroup|FAQPage,true,JudgeMe,meta_description_length|missing_image_alt|script_count_high|image_alt_duplicate_on_page|image_missing_dimensions
https://triprindia.com/products/men-printed-cuffed-jogger-beige,https://triprindia.com/products/men-printed-cuffed-jogger-beige,false,0,200,product,Mens Design Printed Beige Trackpant – TRIPR,"Product Description: Trendy Ankle-Fit Design – Modern slim-fit style with cuffed bottoms for a sharp and stylish look. Fabric – Crafted from soft, breathable, and durable material for all-day comfort. Stylish Prints – Features eye-catching prints that add a fashionable edge to your casual wear. Versatile &amp; Fashion-",https://triprindia.com/products/men-printed-cuffed-jogger-beige,,true,indexable,https://triprindia.com/products/men-printed-cuffed-jogger-beige,true,Mens Design Printed Beige Trackpant,1,1154,268,1168,41,11,1,1,4,2,0,high,false,15,6,46,ProductGroup|FAQPage,true,JudgeMe,meta_description_length|missing_image_alt|script_count_high|image_alt_duplicate_on_page|image_missing_dimensions
https://triprindia.com/products/men-printed-cuffed-jogger-grey,https://triprindia.com/products/men-printed-cuffed-jogger-grey,false,0,200,product,Mens Design Printed Grey Trackpant – TRIPR,"Product Description: Trendy Ankle-Fit Design – Modern slim-fit style with cuffed bottoms for a sharp and stylish look. Fabric – Crafted from soft, breathable, and durable material for all-day comfort. Stylish Prints – Features eye-catching prints that add a fashionable edge to your casual wear. Versatile &amp; Fashion-",https://triprindia.com/products/men-printed-cuffed-jogger-grey,,true,indexable,https://triprindia.com/products/men-printed-cuffed-jogger-grey,true,Mens Design Printed Grey Trackpant,1,1154,268,1168,41,11,1,1,4,2,0,high,false,15,6,46,ProductGroup|FAQPage,true,JudgeMe,meta_description_length|missing_image_alt|script_count_high|image_alt_duplicate_on_page|image_missing_dimensions
https://triprindia.com/products/men-printed-cuffed-jogger-black,https://triprindia.com/products/men-printed-cuffed-jogger-black,false,0,200,product,Mens Design Printed Black Trackpant – TRIPR,"Product Description: Trendy Ankle-Fit Design – Modern slim-fit style with cuffed bottoms for a sharp and stylish look. Fabric – Crafted from soft, breathable, and durable material for all-day comfort. Stylish Prints – Features eye-catching prints that add a fashionable edge to your casual wear. Versatile &amp; Fashion-",https://triprindia.com/products/men-printed-cuffed-jogger-black,,true,indexable,https://triprindia.com/products/men-printed-cuffed-jogger-black,true,Mens Design Printed Black Trackpant,1,1154,271,1175,41,11,1,1,4,2,0,high,false,17,6,46,ProductGroup|FAQPage,true,JudgeMe,meta_description_length|missing_image_alt|script_count_high|image_alt_duplicate_on_page|image_missing_dimensions
https://triprindia.com/products/men-hooded-full-sleeve-zig-zag-printed-t-shirt-beige,https://triprindia.com/products/men-hooded-full-sleeve-zig-zag-printed-t-shirt-beige,false,0,200,product,Round Neck Full Sleeve Zig Zag Printed Beige T-shirt – TRIPR,"Product Description: Stylish full sleeve round neck t-shirt designed for a trendy and comfortable fit. Features a unique zig-zag printed design, adding a bold and modern touch. Available in a variety of attractive colors to match your style. Made from soft and breathable fabric, perfect for all-day wear. Available in s",https://triprindia.com/products/men-hooded-full-sleeve-zig-zag-printed-t-shirt-beige,,true,indexable,https://triprindia.com/products/men-hooded-full-sleeve-zig-zag-printed-t-shirt-beige,true,Round Neck Full Sleeve Zig Zag Printed Beige T-shirt,1,1077,271,1165,41,11,1,1,4,2,0,high,false,17,6,46,ProductGroup|FAQPage,true,JudgeMe,meta_description_length|missing_image_alt|script_count_high|image_alt_duplicate_on_page|image_missing_dimensions
https://triprindia.com/products/men-hooded-full-sleeve-zig-zag-printed-t-shirt-olive-green,https://triprindia.com/products/men-hooded-full-sleeve-zig-zag-printed-t-shirt-olive-green,false,0,200,product,Round Neck Full Sleeve Zig Zag Printed Olive Green T-shirt – TRIPR,"Product Description: Stylish full sleeve round neck t-shirt designed for a trendy and comfortable fit. Features a unique zig-zag printed design, adding a bold and modern touch. Available in a variety of attractive colors to match your style. Made from soft and breathable fabric, perfect for all-day wear. Available in s",https://triprindia.com/products/men-hooded-full-sleeve-zig-zag-printed-t-shirt-olive-green,,true,indexable,https://triprindia.com/products/men-hooded-full-sleeve-zig-zag-printed-t-shirt-olive-green,true,Round Neck Full Sleeve Zig Zag Printed Olive Green T-shirt,1,1141,273,1171,41,11,1,1,4,2,0,high,false,17,6,46,ProductGroup|FAQPage,true,JudgeMe,title_length|meta_description_length|missing_image_alt|script_count_high|image_alt_duplicate_on_page|image_missing_dimensions
https://triprindia.com/products/men-hooded-full-sleeve-zig-zag-printed-t-shirt-grey,https://triprindia.com/products/men-hooded-full-sleeve-zig-zag-printed-t-shirt-grey,false,0,200,product,Round Neck Full Sleeve Zig Zag Printed Grey T-shirt – TRIPR,"Product Description: Stylish full sleeve round neck t-shirt designed for a trendy and comfortable fit. Features a unique zig-zag printed design, adding a bold and modern touch. Available in a variety of attractive colors to match your style. Made from soft and breathable fabric, perfect for all-day wear. Available in s",https://triprindia.com/products/men-hooded-full-sleeve-zig-zag-printed-t-shirt-grey,,true,indexable,https://triprindia.com/products/men-hooded-full-sleeve-zig-zag-printed-t-shirt-grey,true,Round Neck Full Sleeve Zig Zag Printed Grey T-shirt,1,1134,272,1171,41,11,1,1,4,2,0,high,false,17,6,46,ProductGroup|FAQPage,true,JudgeMe,meta_description_length|missing_image_alt|script_count_high|image_alt_duplicate_on_page|image_missing_dimensions
https://triprindia.com/products/men-hooded-full-sleeve-zig-zag-printed-t-shirt-black,https://triprindia.com/products/men-hooded-full-sleeve-zig-zag-printed-t-shirt-black,false,0,200,product,Round Neck Full Sleeve Zig Zag Printed Black T-shirt – TRIPR,"Product Description: Stylish full sleeve round neck t-shirt designed for a trendy and comfortable fit. Features a unique zig-zag printed design, adding a bold and modern touch. Available in a variety of attractive colors to match your style. Made from soft and breathable fabric, perfect for all-day wear. Available in s",https://triprindia.com/products/men-hooded-full-sleeve-zig-zag-printed-t-shirt-black,,true,indexable,https://triprindia.com/products/men-hooded-full-sleeve-zig-zag-printed-t-shirt-black,true,Round Neck Full Sleeve Zig Zag Printed Black T-shirt,1,1139,265,1157,41,11,1,1,4,2,0,high,false,13,6,46,ProductGroup|FAQPage,true,JudgeMe,meta_description_length|missing_image_alt|script_count_high|image_alt_duplicate_on_page|image_missing_dimensions
https://triprindia.com/products/men-hooded-full-sleeve-zig-zag-printed-t-shirt-maroon,https://triprindia.com/products/men-hooded-full-sleeve-zig-zag-printed-t-shirt-maroon,false,0,200,product,Men’s Round Neck Full Sleeve Zig Zag Printed T-Shirt – Maroon – TRIPR,"Make a bold statement with this stylish full sleeve round neck T-shirt, featuring a unique zig-zag printed design that adds a modern and trendy touch. Crafted from soft, breathable cotton blend fabric, it ensures all-day comfort whether you’re out for casual outings, layering, or everyday wear.",https://triprindia.com/products/men-hooded-full-sleeve-zig-zag-printed-t-shirt-maroon,,true,indexable,https://triprindia.com/products/men-hooded-full-sleeve-zig-zag-printed-t-shirt-maroon,true,Round Neck Full Sleeve Zig Zag Printed Maroon T-shirt,1,1141,272,1171,41,11,1,1,4,2,0,high,false,17,6,46,ProductGroup|FAQPage,true,JudgeMe,title_length|meta_description_length|missing_image_alt|script_count_high|image_alt_duplicate_on_page|image_missing_dimensions
https://triprindia.com/products/men-hooded-full-sleeve-zig-zag-printed-t-shirt-navy-blue,https://triprindia.com/products/men-hooded-full-sleeve-zig-zag-printed-t-shirt-navy-blue,false,0,200,product,Round Neck Full Sleeve Zig Zag Printed Navyblue T-shirt – TRIPR,"Product Description: Stylish full sleeve round neck t-shirt designed for a trendy and comfortable fit. Features a unique zig-zag printed design, adding a bold and modern touch. Available in a variety of attractive colors to match your style. Made from soft and breathable fabric, perfect for all-day wear. Available in s",https://triprindia.com/products/men-hooded-full-sleeve-zig-zag-printed-t-shirt-navy-blue,,true,indexable,https://triprindia.com/products/men-hooded-full-sleeve-zig-zag-printed-t-shirt-navy-blue,true,Round Neck Full Sleeve Zig Zag Printed Navyblue T-shirt,1,1183,278,1216,41,11,1,1,4,2,0,high,false,17,6,48,ProductGroup|FAQPage,true,JudgeMe,meta_description_length|missing_image_alt|script_count_high|image_alt_duplicate_on_page|image_missing_dimensions
https://triprindia.com/products/men-hooded-full-sleeve-zig-zag-printed-t-shirt-dark-grey,https://triprindia.com/products/men-hooded-full-sleeve-zig-zag-printed-t-shirt-dark-grey,false,0,200,product,Round Neck Full Sleeve Zig Zag Printed Dark Grey T-shirt – TRIPR,"Product Description: Stylish full sleeve round neck t-shirt designed for a trendy and comfortable fit. Features a unique zig-zag printed design, adding a bold and modern touch. Available in a variety of attractive colors to match your style. Made from soft and breathable fabric, perfect for all-day wear. Available in s",https://triprindia.com/products/men-hooded-full-sleeve-zig-zag-printed-t-shirt-dark-grey,,true,indexable,https://triprindia.com/products/men-hooded-full-sleeve-zig-zag-printed-t-shirt-dark-grey,true,Round Neck Full Sleeve Zig Zag Printed Dark Grey T-shirt,1,1141,272,1171,41,11,1,1,4,2,0,high,false,17,6,46,ProductGroup|FAQPage,true,JudgeMe,meta_description_length|missing_image_alt|script_count_high|image_alt_duplicate_on_page|image_missing_dimensions
https://triprindia.com/products/pack-of-2-men-printed-track-pant-black-grey,https://triprindia.com/products/pack-of-2-men-printed-track-pant-black-grey,false,0,200,product,(Pack Of 2) Mens Printed Trackpants 16-Variants – TRIPR,"Product Description: Trendy Ankle-Fit Design – Modern slim-fit style with cuffed bottoms for a sharp and stylish look. Fabric – Crafted from soft, breathable, and durable material for all-day comfort. Stylish Prints – Features eye-catching prints that add a fashionable edge to your casual wear. Versatile &amp; Fashion-",https://triprindia.com/products/pack-of-2-men-printed-track-pant-black-grey,,true,indexable,https://triprindia.com/products/pack-of-2-men-printed-track-pant-black-grey,true,(Pack Of 2) Mens Printed Trackpants 16-Variants,1,1177,529,1361,41,11,1,1,4,2,0,high,false,20,4,46,ProductGroup|FAQPage,true,JudgeMe,meta_description_length|missing_image_alt|html_size_large|script_count_high|image_count_high|image_alt_duplicate_on_page|image_missing_dimensions
https://triprindia.com/products/track-suit-for-men-beige-t-shirt-beige-track-pant,https://triprindia.com/products/track-suit-for-men-beige-t-shirt-beige-track-pant,false,0,200,product,Round Neck Full Sleeve Beige T-shirt with Beige Trackpant Mens Tracksu – TRIPR,"Product Description: Trendy Zig-Zag Printed Full-Sleeve T-Shirt: Features a stylish round-neck design with a unique zig-zag print, adding a modern touch to your casual look. Printed Cuffed Trackpants: Designed with matching prints and elasticated cuffs for a comfortable, tapered fit. Fabric: Made from Good-quality cott",https://triprindia.com/products/track-suit-for-men-beige-t-shirt-beige-track-pant,,true,indexable,https://triprindia.com/products/track-suit-for-men-beige-t-shirt-beige-track-pant,true,Round Neck Full Sleeve Beige T-shirt with Beige Trackpant Mens Tracksuit,1,1127,276,1159,41,11,1,1,4,2,0,high,false,17,6,46,ProductGroup|FAQPage,true,JudgeMe,title_length|meta_description_length|missing_image_alt|script_count_high|image_alt_duplicate_on_page|image_missing_dimensions
https://triprindia.com/products/track-suit-for-men-black-t-shirt-black-track-pant,https://triprindia.com/products/track-suit-for-men-black-t-shirt-black-track-pant,false,0,200,product,Round Neck Full Sleeve Black T-shirt with Black Trackpant Mens Tracksu – TRIPR,"Product Description: Trendy Zig-Zag Printed Full-Sleeve T-Shirt: Features a stylish round-neck design with a unique zig-zag print, adding a modern touch to your casual look. Printed Cuffed Trackpants: Designed with matching prints and elasticated cuffs for a comfortable, tapered fit. Fabric: Made from Good-quality cott",https://triprindia.com/products/track-suit-for-men-black-t-shirt-black-track-pant,,true,indexable,https://triprindia.com/products/track-suit-for-men-black-t-shirt-black-track-pant,true,Round Neck Full Sleeve Black T-shirt with Black Trackpant Mens Tracksuit,1,1189,276,1166,41,11,1,1,4,2,0,high,false,17,6,46,ProductGroup|FAQPage,true,JudgeMe,title_length|meta_description_length|missing_image_alt|script_count_high|image_alt_duplicate_on_page|image_missing_dimensions
https://triprindia.com/products/track-suit-for-men-dark-grey-t-shirt-dark-grey-track-pant,https://triprindia.com/products/track-suit-for-men-dark-grey-t-shirt-dark-grey-track-pant,false,0,200,product,Round Neck Full Sleeve Darkgrey T-shirt with Darkgrey Trackpant Mens T – TRIPR,"Product Description: Trendy Zig-Zag Printed Full-Sleeve T-Shirt: Features a stylish round-neck design with a unique zig-zag print, adding a modern touch to your casual look. Printed Cuffed Trackpants: Designed with matching prints and elasticated cuffs for a comfortable, tapered fit. Fabric: Made from Good-quality cott",https://triprindia.com/products/track-suit-for-men-dark-grey-t-shirt-dark-grey-track-pant,,true,indexable,https://triprindia.com/products/track-suit-for-men-dark-grey-t-shirt-dark-grey-track-pant,true,Round Neck Full Sleeve Darkgrey T-shirt with Darkgrey Trackpant Mens Tracksuit,1,1169,277,1164,41,11,1,1,4,2,0,high,false,17,6,46,ProductGroup|FAQPage,true,JudgeMe,title_length|meta_description_length|missing_image_alt|script_count_high|image_alt_duplicate_on_page|image_missing_dimensions
https://triprindia.com/products/track-suit-for-men-grey-t-shirt-grey-track-pant,https://triprindia.com/products/track-suit-for-men-grey-t-shirt-grey-track-pant,false,0,200,product,Round Neck Full Sleeve Grey T-shirt with Grey Trackpant Mens Tracksuit – TRIPR,"Product Description: Trendy Zig-Zag Printed Full-Sleeve T-Shirt: Features a stylish round-neck design with a unique zig-zag print, adding a modern touch to your casual look. Printed Cuffed Trackpants: Designed with matching prints and elasticated cuffs for a comfortable, tapered fit. Fabric: Made from Good-quality cott",https://triprindia.com/products/track-suit-for-men-grey-t-shirt-grey-track-pant,,true,indexable,https://triprindia.com/products/track-suit-for-men-grey-t-shirt-grey-track-pant,true,Round Neck Full Sleeve Grey T-shirt with Grey Trackpant Mens Tracksuit,1,1189,276,1166,41,11,1,1,4,2,0,high,false,17,6,46,ProductGroup|FAQPage,true,JudgeMe,title_length|meta_description_length|missing_image_alt|script_count_high|image_alt_duplicate_on_page|image_missing_dimensions
https://triprindia.com/products/track-suit-for-men-maroon-t-shirt-maroon-track-pant,https://triprindia.com/products/track-suit-for-men-maroon-t-shirt-maroon-track-pant,false,0,200,product,Round Neck Full Sleeve Maroon T-shirt with Maroon Trackpant Mens Track – TRIPR,"Product Description: Trendy Zig-Zag Printed Full-Sleeve T-Shirt: Features a stylish round-neck design with a unique zig-zag print, adding a modern touch to your casual look. Printed Cuffed Trackpants: Designed with matching prints and elasticated cuffs for a comfortable, tapered fit. Fabric: Made from Good-quality cott",https://triprindia.com/products/track-suit-for-men-maroon-t-shirt-maroon-track-pant,,true,indexable,https://triprindia.com/products/track-suit-for-men-maroon-t-shirt-maroon-track-pant,true,Round Neck Full Sleeve Maroon T-shirt with Maroon Trackpant Mens Tracksuit,1,1184,277,1168,41,11,1,1,4,2,0,high,false,17,6,46,ProductGroup|FAQPage,true,JudgeMe,title_length|meta_description_length|missing_image_alt|script_count_high|image_alt_duplicate_on_page|image_missing_dimensions
https://triprindia.com/products/track-suit-for-men-navy-t-shirt-navy-track-pant,https://triprindia.com/products/track-suit-for-men-navy-t-shirt-navy-track-pant,false,0,200,product,Round Neck Full Sleeve Navy T-shirt with Navy Trackpant Mens Tracksuit – TRIPR,"Product Description: Trendy Zig-Zag Printed Full-Sleeve T-Shirt: Features a stylish round-neck design with a unique zig-zag print, adding a modern touch to your casual look. Printed Cuffed Trackpants: Designed with matching prints and elasticated cuffs for a comfortable, tapered fit. Fabric: Made from Good-quality cott",https://triprindia.com/products/track-suit-for-men-navy-t-shirt-navy-track-pant,,true,indexable,https://triprindia.com/products/track-suit-for-men-navy-t-shirt-navy-track-pant,true,Round Neck Full Sleeve Navy T-shirt with Navy Trackpant Mens Tracksuit,1,1177,281,1202,41,11,1,1,4,2,0,high,false,17,6,48,ProductGroup|FAQPage,true,JudgeMe,title_length|meta_description_length|missing_image_alt|script_count_high|image_alt_duplicate_on_page|image_missing_dimensions
https://triprindia.com/products/track-suit-for-men-olive-green-t-shirt-olive-green-track-pant,https://triprindia.com/products/track-suit-for-men-olive-green-t-shirt-olive-green-track-pant,false,0,200,product,Round Neck Full Sleeve Olivegreen T-shirt with Olivegreen Trackpant Me – TRIPR,"Product Description: Trendy Zig-Zag Printed Full-Sleeve T-Shirt: Features a stylish round-neck design with a unique zig-zag print, adding a modern touch to your casual look. Printed Cuffed Trackpants: Designed with matching prints and elasticated cuffs for a comfortable, tapered fit. Fabric: Made from Good-quality cott",https://triprindia.com/products/track-suit-for-men-olive-green-t-shirt-olive-green-track-pant,,true,indexable,https://triprindia.com/products/track-suit-for-men-olive-green-t-shirt-olive-green-track-pant,true,Round Neck Full Sleeve Olivegreen T-shirt with Olivegreen Trackpant Mens Tracksuit,1,1128,277,1157,41,11,1,1,4,2,0,high,false,17,6,46,ProductGroup|FAQPage,true,JudgeMe,title_length|meta_description_length|missing_image_alt|script_count_high|image_alt_duplicate_on_page|image_missing_dimensions
https://triprindia.com/products/men-printed-half-sleeve-t-shirt-maroon,https://triprindia.com/products/men-printed-half-sleeve-t-shirt-maroon,false,0,200,product,Men Printed Half Sleeve Round Neck Cotton Blend Maroon T-Shirt – TRIPR,"Product Description: Trendy half sleeve t-shirt with a unique printed design for a stylish look. Available in black, beige, and maroon to match your personality. Crafted from soft and breathable fabric for all-day comfort. Perfect for casual outings, weekend wear, or everyday styling. Available in sizes S, M, L, XL, an",https://triprindia.com/products/men-printed-half-sleeve-t-shirt-maroon,,true,indexable,https://triprindia.com/products/men-printed-half-sleeve-t-shirt-maroon,true,Men Printed Half Sleeve Round Neck Cotton Blend Maroon T-Shirt,1,1139,271,1172,41,11,1,1,4,2,0,high,false,17,6,46,ProductGroup|FAQPage,true,JudgeMe,title_length|meta_description_length|missing_image_alt|script_count_high|image_alt_duplicate_on_page|image_missing_dimensions
https://triprindia.com/products/men-printed-half-sleeve-t-shirt-beige,https://triprindia.com/products/men-printed-half-sleeve-t-shirt-beige,false,0,200,product,Men Printed Half Sleeve Round Neck Cotton Blend Beige T-Shirt – TRIPR,"Product Description: Trendy half sleeve t-shirt with a unique printed design for a stylish look. Available in black, beige, and maroon to match your personality. Crafted from soft and breathable fabric for all-day comfort. Perfect for casual outings, weekend wear, or everyday styling. Available in sizes S, M, L, XL, an",https://triprindia.com/products/men-printed-half-sleeve-t-shirt-beige,,true,indexable,https://triprindia.com/products/men-printed-half-sleeve-t-shirt-beige,true,Men Printed Half Sleeve Round Neck Cotton Blend Beige T-Shirt,1,1139,271,1171,41,11,1,1,4,2,0,high,false,17,6,46,ProductGroup|FAQPage,true,JudgeMe,title_length|meta_description_length|missing_image_alt|script_count_high|image_alt_duplicate_on_page|image_missing_dimensions
https://triprindia.com/products/men-printed-hooded-neck-full-sleeve-t-shirt-olive-green,https://triprindia.com/products/men-printed-hooded-neck-full-sleeve-t-shirt-olive-green,false,0,200,product,Men Full Sleeve Zig Zag Printed Hooded T-shirt / Olivgreen – TRIPR,"Product Description: Stylish full sleeve hooded t-shirt designed for comfort and versatility. Features a unique printed design at the chest, adding a trendy touch to your look. Colorblock style for a bold and modern appearance. Available in a variety of vibrant colors to suit your style. Made from high-quality fabric f",https://triprindia.com/products/men-printed-hooded-neck-full-sleeve-t-shirt-olive-green,,true,indexable,https://triprindia.com/products/men-printed-hooded-neck-full-sleeve-t-shirt-olive-green,true,Men Full Sleeve Zig Zag Printed Hooded T-shirt / Olivgreen,1,1151,276,1177,41,11,1,1,4,2,6,high,false,17,6,46,ProductGroup|FAQPage,true,JudgeMe,title_length|meta_description_length|missing_image_alt|script_count_high|image_alt_duplicate_on_page|image_missing_dimensions
https://triprindia.com/products/men-printed-hooded-neck-full-sleeve-t-shirt-grey,https://triprindia.com/products/men-printed-hooded-neck-full-sleeve-t-shirt-grey,false,0,200,product,Men Full Sleeve Zig Zag Printed Hooded T-shirt / Grey – TRIPR,"Product Description: Stylish full sleeve hooded t-shirt designed for comfort and versatility. Features a unique printed design at the chest, adding a trendy touch to your look. Colorblock style for a bold and modern appearance. Available in a variety of vibrant colors to suit your style. Made from high-quality fabric f",https://triprindia.com/products/men-printed-hooded-neck-full-sleeve-t-shirt-grey,,true,indexable,https://triprindia.com/products/men-printed-hooded-neck-full-sleeve-t-shirt-grey,true,Men Full Sleeve Zig Zag Printed Hooded T-shirt / Grey,1,1148,276,1177,41,11,1,1,4,2,6,high,false,17,6,46,ProductGroup|FAQPage,true,JudgeMe,meta_description_length|missing_image_alt|script_count_high|image_alt_duplicate_on_page|image_missing_dimensions
https://triprindia.com/products/men-printed-hooded-neck-full-sleeve-t-shirt-maroon,https://triprindia.com/products/men-printed-hooded-neck-full-sleeve-t-shirt-maroon,false,0,200,product,Men Full Sleeve Zig Zag Printed Hooded Maroon T-shirt – TRIPR,"Product Description: Stylish full sleeve hooded t-shirt designed for comfort and versatility. Features a unique printed design at the chest, adding a trendy touch to your look. Colorblock style for a bold and modern appearance. Available in a variety of vibrant colors to suit your style. Made from high-quality fabric f",https://triprindia.com/products/men-printed-hooded-neck-full-sleeve-t-shirt-maroon,,true,indexable,https://triprindia.com/products/men-printed-hooded-neck-full-sleeve-t-shirt-maroon,true,Men Full Sleeve Zig Zag Printed Hooded Maroon T-shirt,1,1149,276,1177,41,11,1,1,4,2,6,high,false,17,6,46,ProductGroup|FAQPage,true,JudgeMe,meta_description_length|missing_image_alt|script_count_high|image_alt_duplicate_on_page|image_missing_dimensions
https://triprindia.com/products/men-printed-hooded-neck-full-sleeve-t-shirt-navy,https://triprindia.com/products/men-printed-hooded-neck-full-sleeve-t-shirt-navy,false,0,200,product,Men Full Sleeve Zig Zag Printed Hooded Navyblue T-shirt – TRIPR,"Product Description: Stylish full sleeve hooded t-shirt designed for comfort and versatility. Features a unique printed design at the chest, adding a trendy touch to your look. Colorblock style for a bold and modern appearance. Available in a variety of vibrant colors to suit your style. Made from high-quality fabric f",https://triprindia.com/products/men-printed-hooded-neck-full-sleeve-t-shirt-navy,,true,indexable,https://triprindia.com/products/men-printed-hooded-neck-full-sleeve-t-shirt-navy,true,Men Full Sleeve Zig Zag Printed Hooded Navyblue T-shirt,1,1144,276,1177,41,11,1,1,4,2,6,high,false,17,6,46,ProductGroup|FAQPage,true,JudgeMe,meta_description_length|missing_image_alt|script_count_high|image_alt_duplicate_on_page|image_missing_dimensions
https://triprindia.com/products/men-printed-hooded-neck-full-sleeve-t-shirt-black,https://triprindia.com/products/men-printed-hooded-neck-full-sleeve-t-shirt-black,false,0,200,product,Men Full Sleeve Zig Zag Printed Hooded T-shirt / Black – TRIPR,"Product Description: Stylish full sleeve hooded t-shirt designed for comfort and versatility. Features a unique printed design at the chest, adding a trendy touch to your look. Colorblock style for a bold and modern appearance. Available in a variety of vibrant colors to suit your style. Made from high-quality fabric f",https://triprindia.com/products/men-printed-hooded-neck-full-sleeve-t-shirt-black,,true,indexable,https://triprindia.com/products/men-printed-hooded-neck-full-sleeve-t-shirt-black,true,Men Full Sleeve Zig Zag Printed Hooded T-shirt / Black,1,1146,276,1177,41,11,1,1,4,2,6,high,false,17,6,46,ProductGroup|FAQPage,true,JudgeMe,meta_description_length|missing_image_alt|script_count_high|image_alt_duplicate_on_page|image_missing_dimensions
https://triprindia.com/products/men-beige-printed-jogger,https://triprindia.com/products/men-beige-printed-jogger,false,0,200,product,Men Cuffed Printed Beige Jogger – TRIPR,Casual comfort reimagined: beige joggers with subtle prints. Elastic waist and soft cotton blend for effortless wear.,https://triprindia.com/products/men-beige-printed-jogger,,true,indexable,https://triprindia.com/products/men-beige-printed-jogger,true,Men Cuffed Printed Beige Jogger,1,1154,274,1175,41,11,1,1,4,2,0,high,false,17,6,46,ProductGroup|FAQPage,true,JudgeMe,missing_image_alt|script_count_high|image_alt_duplicate_on_page|image_missing_dimensions
https://triprindia.com/products/men-maroon-printed-jogger,https://triprindia.com/products/men-maroon-printed-jogger,false,0,200,product,Men Cuffed Maroon Printed Jogger – TRIPR,"Product Description: Trendy Ankle-Fit Design – Modern slim-fit style with cuffed bottoms for a sharp and stylish look. Fabric – Crafted from soft, breathable, and durable material for all-day comfort. Stylish Prints – Features eye-catching prints that add a fashionable edge to your casual wear. Versatile &amp; Fashion-",https://triprindia.com/products/men-maroon-printed-jogger,,true,indexable,https://triprindia.com/products/men-maroon-printed-jogger,true,Men Cuffed Maroon Printed Jogger,1,1154,275,1175,41,11,1,1,4,2,0,high,false,17,6,46,ProductGroup|FAQPage,true,JudgeMe,meta_description_length|missing_image_alt|script_count_high|image_alt_duplicate_on_page|image_missing_dimensions
https://triprindia.com/products/men-track-suit-round-neck-printed-jogger-01,https://triprindia.com/products/men-track-suit-round-neck-printed-jogger-01,false,0,200,product,Tracksuit For Men - Half Sleeve Beige T-shirt / Beige Printed Trackpan – TRIPR,"Product Description: Design: Features bold typography printed designs for a trendy and modern look. Complete Set: Includes a coordinated full-sleeve T-shirt and jogger pants. Size Range: Available in sizes S to 2XL, ensuring a perfect fit for everyone. Trendy Colors: Available in a range of colors to match your person",https://triprindia.com/products/men-track-suit-round-neck-printed-jogger-01,,true,indexable,https://triprindia.com/products/men-track-suit-round-neck-printed-jogger-01,true,Tracksuit For Men - Half Sleeve Beige T-shirt / Beige Printed Trackpant,1,1120,276,1177,41,11,1,1,4,2,0,high,false,17,6,46,ProductGroup|FAQPage,true,JudgeMe,title_length|meta_description_length|missing_image_alt|script_count_high|image_alt_duplicate_on_page|image_missing_dimensions
https://triprindia.com/products/men-track-suit-round-neck-printed-jogger-02,https://triprindia.com/products/men-track-suit-round-neck-printed-jogger-02,false,0,200,product,Half Sleeve Maroon T-shirt with Maroon Printed Trackpant Tracksuit – TRIPR,"Product Description: Design: Features bold typography printed designs for a trendy and modern look. Complete Set: Includes a coordinated full-sleeve T-shirt and jogger pants. Size Range: Available in sizes S to 2XL, ensuring a perfect fit for everyone. Trendy Colors: Available in a range of colors to match your persona",https://triprindia.com/products/men-track-suit-round-neck-printed-jogger-02,,true,indexable,https://triprindia.com/products/men-track-suit-round-neck-printed-jogger-02,true,Half Sleeve Maroon T-shirt with Maroon Printed Trackpant Tracksuit,1,1114,274,1177,41,11,1,1,4,2,0,high,false,17,6,46,ProductGroup|FAQPage,true,JudgeMe,title_length|meta_description_length|missing_image_alt|script_count_high|image_alt_duplicate_on_page|image_missing_dimensions
https://triprindia.com/products/men-printed-top-tank-black-01,https://triprindia.com/products/men-printed-top-tank-black-01,false,0,200,product,Men Casual Black Printed Top Tank – TRIPR,"Product Description: Fabric: Crafted with a soft and breathable cotton blend for all-day comfort. Stylish Printed Design: Trendy prints that add a touch of personality to your daily gym look. Versatile Gym Wear: Perfectly designed for workouts, casual outings, or lounging at home. Available in Multiple Colors: Choose f",https://triprindia.com/products/men-printed-top-tank-black-01,,true,indexable,https://triprindia.com/products/men-printed-top-tank-black-01,true,Men Casual Black Printed Top Tank,1,1102,273,1174,41,11,1,1,4,2,0,high,false,19,6,46,ProductGroup|FAQPage,true,JudgeMe,meta_description_length|missing_image_alt|script_count_high|image_alt_duplicate_on_page|image_missing_dimensions
https://triprindia.com/products/men-printed-top-tank-black-02,https://triprindia.com/products/men-printed-top-tank-black-02,false,0,200,product,Men Black Graphic Printed Round Neck Vest – TRIPR,"Product Description: Fabric: Crafted with a soft and breathable cotton blend for all-day comfort. Stylish Printed Design: Trendy prints that add a touch of personality to your daily gym look. Versatile Gym Wear: Perfectly designed for workouts, casual outings, or lounging at home. Available in Multiple Colors: Choose f",https://triprindia.com/products/men-printed-top-tank-black-02,,true,indexable,https://triprindia.com/products/men-printed-top-tank-black-02,true,Men Black Graphic Printed Round Neck Vest,1,1104,267,1160,41,11,1,1,4,2,5,high,false,15,6,46,ProductGroup|FAQPage,true,JudgeMe,meta_description_length|missing_image_alt|script_count_high|image_alt_duplicate_on_page|image_missing_dimensions
https://triprindia.com/products/men-printed-top-tank-beige,https://triprindia.com/products/men-printed-top-tank-beige,false,0,200,product,Men Casual Beige Printed Round Neck Vest – TRIPR,"Product Description: Fabric: Crafted with a soft and breathable cotton blend for all-day comfort. Stylish Printed Design: Trendy prints that add a touch of personality to your daily gym look. Versatile Gym Wear: Perfectly designed for workouts, casual outings, or lounging at home. Available in Multiple Colors: Choose f",https://triprindia.com/products/men-printed-top-tank-beige,,true,indexable,https://triprindia.com/products/men-printed-top-tank-beige,true,Men Casual Beige Printed Round Neck Vest,1,1104,273,1174,41,11,1,1,4,2,0,high,false,19,6,46,ProductGroup|FAQPage,true,JudgeMe,meta_description_length|missing_image_alt|script_count_high|image_alt_duplicate_on_page|image_missing_dimensions
https://triprindia.com/products/men-printed-cuffed-jogger-pant-j62-black,https://triprindia.com/products/men-printed-cuffed-jogger-pant-j62-black,false,0,200,product,Men Printed Ankle Fit Cuffed Black Jogger – TRIPR,"Product Description: Trendy Ankle-Fit Design – Modern slim-fit style with cuffed bottoms for a sharp and stylish look. Fabric – Crafted from soft, breathable, and durable material for all-day comfort. Stylish Prints – Features eye-catching prints that add a fashionable edge to your casual wear. Versatile &amp; Fashion-",https://triprindia.com/products/men-printed-cuffed-jogger-pant-j62-black,,true,indexable,https://triprindia.com/products/men-printed-cuffed-jogger-pant-j62-black,true,Men Printed Ankle Fit Cuffed Black Jogger,1,1158,275,1175,41,11,1,1,4,2,0,high,false,17,6,46,ProductGroup|FAQPage,true,JudgeMe,meta_description_length|missing_image_alt|script_count_high|image_alt_duplicate_on_page|image_missing_dimensions
https://triprindia.com/products/men-color-blocked-cuffed-jogger-pant-j63-black,https://triprindia.com/products/men-color-blocked-cuffed-jogger-pant-j63-black,false,0,200,product,Men Plain Ankle Fit Cuffed Black Jogger – TRIPR,"Product Description: Trendy Ankle-Fit Design – Modern slim-fit style with cuffed bottoms for a sharp and stylish look. Fabric – Crafted from soft, breathable, and durable material for all-day comfort. Stylish Prints – Features eye-catching prints that add a fashionable edge to your casual wear. Versatile &amp; Fashion-",https://triprindia.com/products/men-color-blocked-cuffed-jogger-pant-j63-black,,true,indexable,https://triprindia.com/products/men-color-blocked-cuffed-jogger-pant-j63-black,true,Men Plain Ankle Fit Cuffed Black Jogger,1,1158,275,1175,41,11,1,1,4,2,0,high,false,17,6,46,ProductGroup|FAQPage,true,JudgeMe,meta_description_length|missing_image_alt|script_count_high|image_alt_duplicate_on_page|image_missing_dimensions
https://triprindia.com/products/men-printed-half-sleeve-round-neck-cotton-blend-t-shirt-black,https://triprindia.com/products/men-printed-half-sleeve-round-neck-cotton-blend-t-shirt-black,false,0,200,product,Karma Printed Half Sleeve Round Neck Cotton Blend Black T-Shirt – TRIPR,"Product Description: Trendy half sleeve t-shirt with a unique printed design for a stylish look. Available in black, beige, and maroon to match your personality. Crafted from soft and breathable fabric for all-day comfort. Perfect for casual outings, weekend wear, or everyday styling. Available in sizes S, M, L, XL, an",https://triprindia.com/products/men-printed-half-sleeve-round-neck-cotton-blend-t-shirt-black,,true,indexable,https://triprindia.com/products/men-printed-half-sleeve-round-neck-cotton-blend-t-shirt-black,true,Karma Printed Half Sleeve Round Neck Cotton Blend Black T-Shirt,1,1139,269,1164,41,11,1,1,4,2,0,high,false,15,6,46,ProductGroup|FAQPage,true,JudgeMe,title_length|meta_description_length|missing_image_alt|script_count_high|image_alt_duplicate_on_page|image_missing_dimensions
https://triprindia.com/products/men-printed-half-sleeve-round-neck-cotton-blend-black-t-shirt,https://triprindia.com/products/men-printed-half-sleeve-round-neck-cotton-blend-black-t-shirt,false,0,200,product,Pause Printed Half Sleeve Round Neck Cotton Blend Black T-Shirt – TRIPR,"Product Description: Trendy half sleeve t-shirt with a unique printed design for a stylish look. Available in black, beige, and maroon to match your personality. Crafted from soft and breathable fabric for all-day comfort. Perfect for casual outings, weekend wear, or everyday styling. Available in sizes S, M, L, XL, an",https://triprindia.com/products/men-printed-half-sleeve-round-neck-cotton-blend-black-t-shirt,,true,indexable,https://triprindia.com/products/men-printed-half-sleeve-round-neck-cotton-blend-black-t-shirt,true,Pause Printed Half Sleeve Round Neck Cotton Blend Black T-Shirt,1,1139,266,1157,41,11,1,1,4,2,0,high,false,13,6,46,ProductGroup|FAQPage,true,JudgeMe,title_length|meta_description_length|missing_image_alt|script_count_high|image_alt_duplicate_on_page|image_missing_dimensions
https://triprindia.com/products/men-plain-cargo-jogger-beige,https://triprindia.com/products/men-plain-cargo-jogger-beige,false,0,200,product,Men Plain Beige Cargo Jogger – TRIPR,Product Description: Cuffed Bottoms: Features ribbed cuffs at the ankles for a snug fit and trendy appearance. Multiple Pockets: Equipped with spacious and functional pockets to keep your essentials handy. Solid Colors: Available in versatile solid shades that easily match any outfit. Adjustable Fit: Elastic waistband,https://triprindia.com/products/men-plain-cargo-jogger-beige,,true,indexable,https://triprindia.com/products/men-plain-cargo-jogger-beige,true,Men Plain Beige Cargo Jogger,1,1140,270,1170,41,11,1,1,4,2,0,high,false,17,6,46,ProductGroup|FAQPage,true,JudgeMe,meta_description_length|missing_image_alt|script_count_high|image_alt_duplicate_on_page|image_missing_dimensions
https://triprindia.com/products/men-top-printed-round-neck-vest-vt6-black,https://triprindia.com/products/men-top-printed-round-neck-vest-vt6-black,false,0,200,product,Men Printed Black Round Neck Top Tank – TRIPR,"Product Description: Fabric: Crafted with a soft and breathable cotton blend for all-day comfort. Stylish Printed Design: Trendy prints that add a touch of personality to your daily gym look. Versatile Gym Wear: Perfectly designed for workouts, casual outings, or lounging at home. Available in Multiple Colors: Choose f",https://triprindia.com/products/men-top-printed-round-neck-vest-vt6-black,,true,indexable,https://triprindia.com/products/men-top-printed-round-neck-vest-vt6-black,true,Men Printed Black Round Neck Top Tank,1,1104,271,1167,41,11,1,1,4,2,6,high,false,17,6,46,ProductGroup|FAQPage,true,JudgeMe,meta_description_length|missing_image_alt|script_count_high|image_alt_duplicate_on_page|image_missing_dimensions
https://triprindia.com/products/men-top-printed-round-neck-vest-vt5-black-all-over-print,https://triprindia.com/products/men-top-printed-round-neck-vest-vt5-black-all-over-print,false,0,200,product,Men Printed Black Round Neck Top Vest – TRIPR,"Product Description: Fabric: Crafted with a soft and breathable cotton blend for all-day comfort. Stylish Printed Design: Trendy prints that add a touch of personality to your daily gym look. Versatile Gym Wear: Perfectly designed for workouts, casual outings, or lounging at home. Available in Multiple Colors: Choose f",https://triprindia.com/products/men-top-printed-round-neck-vest-vt5-black-all-over-print,,true,indexable,https://triprindia.com/products/men-top-printed-round-neck-vest-vt5-black-all-over-print,true,Men Printed Black Round Neck Top Vest,1,1104,274,1174,41,11,1,1,4,2,0,high,false,19,6,46,ProductGroup|FAQPage,true,JudgeMe,meta_description_length|missing_image_alt|script_count_high|image_alt_duplicate_on_page|image_missing_dimensions
https://triprindia.com/products/mens-round-neck-full-sleeve-plain-t-shirts-9-colours,https://triprindia.com/products/mens-round-neck-full-sleeve-plain-t-shirts-9-colours,false,0,200,product,Men's Round Neck Full Sleeve Plain Tshirts - 10 Colours – TRIPR,"Product Description: Classic Round Neck Design: Features a versatile round neck that suits all casual and semi-casual occasions. Comfortable Daily Wear: Made with breathable, soft fabric to ensure all-day comfort. Full Sleeve Style: Offers added coverage for a sleek, stylish look. Plain Yet Versatile: Minimalist design",https://triprindia.com/products/mens-round-neck-full-sleeve-plain-t-shirts-9-colours,,true,indexable,https://triprindia.com/products/mens-round-neck-full-sleeve-plain-t-shirts-9-colours,true,Men's Round Neck Full Sleeve Plain Tshirts - 10 Colours,1,1201,483,1277,41,11,1,1,4,2,1,high,false,20,4,46,ProductGroup|FAQPage,true,JudgeMe,meta_description_length|missing_image_alt|script_count_high|image_alt_duplicate_on_page|image_missing_dimensions
https://triprindia.com/products/men-plain-trunk-black-21,https://triprindia.com/products/men-plain-trunk-black-21,false,0,200,product,Men Plain Black Trunk – TRIPR,"Product Description: Classic plain trunk designed for ultimate comfort and everyday wear. Made from soft, breathable, and stretchable fabric for a perfect fit. a comfortable waistband that provides a secure yet flexible fit. Available in a variety of colors to suit your preference. Fabric &amp; Care: Cotton Blend Fabri",https://triprindia.com/products/men-plain-trunk-black-21,,true,indexable,https://triprindia.com/products/men-plain-trunk-black-21,true,Men Plain Black Trunk,1,1021,270,1152,41,11,1,1,4,2,0,high,false,17,6,46,ProductGroup|FAQPage,true,JudgeMe,meta_description_length|missing_image_alt|script_count_high|image_alt_duplicate_on_page|image_missing_dimensions
https://triprindia.com/products/men-plain-trunk-navy-blue-22,https://triprindia.com/products/men-plain-trunk-navy-blue-22,false,0,200,product,Men Plain Navy Blue Trunk – TRIPR,"Product Description: Classic plain trunk designed for ultimate comfort and everyday wear. Made from soft, breathable, and stretchable fabric for a perfect fit. a comfortable waistband that provides a secure yet flexible fit. Available in a variety of colors to suit your preference. Fabric &amp; Care: Cotton Blend Fabri",https://triprindia.com/products/men-plain-trunk-navy-blue-22,,true,indexable,https://triprindia.com/products/men-plain-trunk-navy-blue-22,true,Men Plain Navy Blue Trunk,1,1059,267,1160,41,11,1,1,4,2,0,high,false,17,6,46,ProductGroup|FAQPage,true,JudgeMe,meta_description_length|missing_image_alt|script_count_high|image_alt_duplicate_on_page|image_missing_dimensions
https://triprindia.com/products/men-plain-trunk-maroon-23,https://triprindia.com/products/men-plain-trunk-maroon-23,false,0,200,product,Men Plain Maroon Trunk – TRIPR,"Product Description: Classic plain trunk designed for ultimate comfort and everyday wear. Made from soft, breathable, and stretchable fabric for a perfect fit. a comfortable waistband that provides a secure yet flexible fit. Available in a variety of colors to suit your preference. Fabric &amp; Care: Cotton Blend Fabri",https://triprindia.com/products/men-plain-trunk-maroon-23,,true,indexable,https://triprindia.com/products/men-plain-trunk-maroon-23,true,Men Plain Maroon Trunk,1,1059,268,1158,41,11,1,1,4,2,0,high,false,17,6,46,ProductGroup|FAQPage,true,JudgeMe,meta_description_length|missing_image_alt|script_count_high|image_alt_duplicate_on_page|image_missing_dimensions
https://triprindia.com/products/men-plain-trunk-grey-24,https://triprindia.com/products/men-plain-trunk-grey-24,false,0,200,product,Men Plain Grey Trunk – TRIPR,"Product Description: Classic plain trunk designed for ultimate comfort and everyday wear. Made from soft, breathable, and stretchable fabric for a perfect fit. a comfortable waistband that provides a secure yet flexible fit. Available in a variety of colors to suit your preference. Fabric &amp; Care: Cotton Blend Fabri",https://triprindia.com/products/men-plain-trunk-grey-24,,true,indexable,https://triprindia.com/products/men-plain-trunk-grey-24,true,Men Plain Grey Trunk,1,1057,267,1160,41,11,1,1,4,2,0,high,false,17,6,46,ProductGroup|FAQPage,true,JudgeMe,meta_description_length|missing_image_alt|script_count_high|image_alt_duplicate_on_page|image_missing_dimensions
https://triprindia.com/products/men-plain-trunk-beige-25,https://triprindia.com/products/men-plain-trunk-beige-25,false,0,200,product,Men Plain Beige Trunk – TRIPR,"Product Description: Classic plain trunk designed for ultimate comfort and everyday wear. Made from soft, breathable, and stretchable fabric for a perfect fit. a comfortable waistband that provides a secure yet flexible fit. Available in a variety of colors to suit your preference. Fabric &amp; Care: Cotton Blend Fabri",https://triprindia.com/products/men-plain-trunk-beige-25,,true,indexable,https://triprindia.com/products/men-plain-trunk-beige-25,true,Men Plain Beige Trunk,1,1059,267,1158,41,11,1,1,4,2,0,high,false,17,6,46,ProductGroup|FAQPage,true,JudgeMe,meta_description_length|missing_image_alt|script_count_high|image_alt_duplicate_on_page|image_missing_dimensions
https://triprindia.com/products/pack-of-2-printed-track-pant-for-men-beige-maroon-01,https://triprindia.com/products/pack-of-2-printed-track-pant-for-men-beige-maroon-01,false,0,200,product,(Pack Of 2) Men Striped Printed Beige & Maroon Trackpants – TRIPR,"Product Description: Trendy Ankle-Fit Design – Modern slim-fit style with cuffed bottoms for a sharp and stylish look. Fabric – Crafted from soft, breathable, and durable material for all-day comfort. Stylish Prints – Features eye-catching prints that add a fashionable edge to your casual wear. Single &amp; Combo Packs",https://triprindia.com/products/pack-of-2-printed-track-pant-for-men-beige-maroon-01,,true,indexable,https://triprindia.com/products/pack-of-2-printed-track-pant-for-men-beige-maroon-01,true,(Pack Of 2) Men Striped Printed Beige & Maroon Trackpants,1,1150,273,1173,41,11,1,1,4,2,0,high,false,17,6,46,ProductGroup|FAQPage,true,JudgeMe,meta_description_length|missing_image_alt|script_count_high|image_alt_duplicate_on_page|image_missing_dimensions
https://triprindia.com/products/pack-of-2-men-round-neck-printed-vest-black-04,https://triprindia.com/products/pack-of-2-men-round-neck-printed-vest-black-04,false,0,200,product,(Pack Of 2) Graphic Printed Round Neck Vests- 15 Variants – TRIPR,"Product Description: Fabric: Crafted with a soft and breathable cotton blend for all-day comfort. Stylish Printed Design: Trendy prints that add a touch of personality to your daily gym look. Versatile Gym Wear: Perfectly designed for workouts, casual outings, or lounging at home. Available in Multiple Colors: Choose f",https://triprindia.com/products/pack-of-2-men-round-neck-printed-vest-black-04,,true,indexable,https://triprindia.com/products/pack-of-2-men-round-neck-printed-vest-black-04,true,(Pack Of 2) Graphic Printed Round Neck Vests- 15 Variants,1,1190,527,1340,41,11,1,1,4,2,1,high,false,20,4,46,ProductGroup|FAQPage,true,JudgeMe,meta_description_length|missing_image_alt|html_size_large|script_count_high|image_alt_duplicate_on_page|image_missing_dimensions
https://triprindia.com/products/men-combo-plain-trunk-beige-navy,https://triprindia.com/products/men-combo-plain-trunk-beige-navy,false,0,200,product,Combo Pack Of 2 Beige & Navy Men Plain Trunks – TRIPR,"Product Description: Classic plain trunk designed for ultimate comfort and everyday wear. Made from soft, breathable, and stretchable fabric for a perfect fit. a comfortable waistband that provides a secure yet flexible fit. Available in a variety of colors to suit your preference. Fabric &amp; Care: Cotton Blend Fabri",https://triprindia.com/products/men-combo-plain-trunk-beige-navy,,true,indexable,https://triprindia.com/products/men-combo-plain-trunk-beige-navy,true,Combo Pack Of 2 Beige & Navy Men Plain Trunks,1,1069,270,1160,41,11,1,1,4,2,0,high,false,17,6,46,ProductGroup|FAQPage,true,JudgeMe,meta_description_length|missing_image_alt|script_count_high|image_alt_duplicate_on_page|image_missing_dimensions
https://triprindia.com/products/men-combo-plain-trunk-maroon-beige,https://triprindia.com/products/men-combo-plain-trunk-maroon-beige,false,0,200,product,Combo Pack Of 2 Maroon & Beige Men Plain Trunks – TRIPR,"Product Description: Classic plain trunk designed for ultimate comfort and everyday wear. Made from soft, breathable, and stretchable fabric for a perfect fit. a comfortable waistband that provides a secure yet flexible fit. Available in a variety of colors to suit your preference. Fabric &amp; Care: Cotton Blend Fabri",https://triprindia.com/products/men-combo-plain-trunk-maroon-beige,,true,indexable,https://triprindia.com/products/men-combo-plain-trunk-maroon-beige,true,Combo Pack Of 2 Maroon & Beige Men Plain Trunks,1,1071,269,1158,41,11,1,1,4,2,0,high,false,17,6,46,ProductGroup|FAQPage,true,JudgeMe,meta_description_length|missing_image_alt|script_count_high|image_alt_duplicate_on_page|image_missing_dimensions
https://triprindia.com/products/men-combo-plain-trunk-navy-gery,https://triprindia.com/products/men-combo-plain-trunk-navy-gery,false,0,200,product,Combo Pack Of 2 Navy & Gery Men Plain Trunks – TRIPR,"Product Description: Classic plain trunk designed for ultimate comfort and everyday wear. Made from soft, breathable, and stretchable fabric for a perfect fit. a comfortable waistband that provides a secure yet flexible fit. Available in a variety of colors to suit your preference. Fabric &amp; Care: Cotton Blend Fabri",https://triprindia.com/products/men-combo-plain-trunk-navy-gery,,true,indexable,https://triprindia.com/products/men-combo-plain-trunk-navy-gery,true,Combo Pack Of 2 Navy & Gery Men Plain Trunks,1,1069,271,1160,41,11,1,1,4,2,0,high,false,17,6,46,ProductGroup|FAQPage,true,JudgeMe,meta_description_length|missing_image_alt|script_count_high|image_alt_duplicate_on_page|image_missing_dimensions
https://triprindia.com/products/mens-full-sleeve-hooded-neck-printed-t-shirts-5-colours,https://triprindia.com/products/mens-full-sleeve-hooded-neck-printed-t-shirts-5-colours,false,0,200,product,Mens Full Sleeve Hooded Neck Printed T-shirts - 5 Colours – TRIPR,"Product Description: Stylish full sleeve hooded t-shirt designed for comfort and versatility. Features a unique printed design at the chest, adding a trendy touch to your look. Colorblock style for a bold and modern appearance. Available in a variety of vibrant colors to suit your style. Made from high-quality fabric f",https://triprindia.com/products/mens-full-sleeve-hooded-neck-printed-t-shirts-5-colours,,true,indexable,https://triprindia.com/products/mens-full-sleeve-hooded-neck-printed-t-shirts-5-colours,true,Mens Full Sleeve Hooded Neck Printed T-shirts - 5 Colours,1,1157,341,1227,41,11,1,1,4,2,0,high,false,20,5,46,ProductGroup|FAQPage,true,JudgeMe,meta_description_length|missing_image_alt|script_count_high|image_alt_duplicate_on_page|image_missing_dimensions
https://triprindia.com/products/men-black-printed-corgo-jogger,https://triprindia.com/products/men-black-printed-corgo-jogger,false,0,200,product,Men All Over Printed Multi Pockets Black Cargo Jogger – TRIPR,Product Description: Trendy Ankle-Fit with Cuffed Bottoms – Modern fit with ribbed cuffs for a sharp and stylish finish. All-Over Printed Design – Bold black base with striking prints for a standout streetwear vibe. Available in Cargo ; Jogger Styles – Choose your vibe: structured cargo jogger fit. Multiple Utility Poc,https://triprindia.com/products/men-black-printed-corgo-jogger,,true,indexable,https://triprindia.com/products/men-black-printed-corgo-jogger,true,Men All Over Printed Multi Pockets Black Cargo Jogger,1,1147,273,1170,41,11,1,1,4,2,0,high,false,17,6,46,ProductGroup|FAQPage,true,JudgeMe,meta_description_length|missing_image_alt|script_count_high|image_alt_duplicate_on_page|image_missing_dimensions
https://triprindia.com/products/men-plain-textured-pattern-short-maroon,https://triprindia.com/products/men-plain-textured-pattern-short-maroon,false,0,200,product,Men Plain Maroon Waffle Short – TRIPR,"Product Description: Trendy Waffle Pattern shorts with a unique and eye-catching pattern. Crafted for ultimate comfort, perfect for summer wear. Lightweight and breathable fabric keeps you cool and relaxed all day. Versatile design ideal for casual outings, beach trips, or lounging at home. Available in sizes S, M, L,",https://triprindia.com/products/men-plain-textured-pattern-short-maroon,,true,indexable,https://triprindia.com/products/men-plain-textured-pattern-short-maroon,true,Men Plain Maroon Waffle Short,1,1133,274,1176,43,12,1,1,4,2,0,high,false,17,5,46,ProductGroup|FAQPage,true,JudgeMe,meta_description_length|script_count_high|image_alt_duplicate_on_page|image_missing_dimensions
https://triprindia.com/products/men-plain-textured-pattern-short-olive-green,https://triprindia.com/products/men-plain-textured-pattern-short-olive-green,false,0,200,product,Men Plain Olive Green Waffle Short – TRIPR,"Product Description: Trendy Waffle Pattern shorts with a unique and eye-catching pattern. Crafted for ultimate comfort, perfect for summer wear. Lightweight and breathable fabric keeps you cool and relaxed all day. Versatile design ideal for casual outings, beach trips, or lounging at home. Available in sizes S, M, L,",https://triprindia.com/products/men-plain-textured-pattern-short-olive-green,,true,indexable,https://triprindia.com/products/men-plain-textured-pattern-short-olive-green,true,Men Plain Olive Green Waffle Short,1,1137,273,1172,41,11,1,1,4,2,0,high,false,17,5,46,ProductGroup|FAQPage,true,JudgeMe,meta_description_length|script_count_high|image_alt_duplicate_on_page|image_missing_dimensions
https://triprindia.com/products/men-plain-textured-pattern-short-beige,https://triprindia.com/products/men-plain-textured-pattern-short-beige,false,0,200,product,Men Plain Beige Waffle Short – TRIPR,"Product Description: Trendy Waffle Pattern shorts with a unique and eye-catching pattern. Crafted for ultimate comfort, perfect for summer wear. Lightweight and breathable fabric keeps you cool and relaxed all day. Versatile design ideal for casual outings, beach trips, or lounging at home. Available in sizes S, M, L,",https://triprindia.com/products/men-plain-textured-pattern-short-beige,,true,indexable,https://triprindia.com/products/men-plain-textured-pattern-short-beige,true,Men Plain Beige Waffle Short,1,1133,273,1174,41,11,1,1,4,2,0,high,false,17,5,46,ProductGroup|FAQPage,true,JudgeMe,meta_description_length|script_count_high|image_alt_duplicate_on_page|image_missing_dimensions
https://triprindia.com/products/men-plain-textured-pattern-short-black,https://triprindia.com/products/men-plain-textured-pattern-short-black,false,0,200,product,Men Plain Black Waffle Short – TRIPR,"Product Description: Trendy Waffle Pattern shorts with a unique and eye-catching pattern. Crafted for ultimate comfort, perfect for summer wear. Lightweight and breathable fabric keeps you cool and relaxed all day. Versatile design ideal for casual outings, beach trips, or lounging at home. Available in sizes S, M, L,",https://triprindia.com/products/men-plain-textured-pattern-short-black,,true,indexable,https://triprindia.com/products/men-plain-textured-pattern-short-black,true,Men Plain Black Waffle Short,1,1133,273,1174,41,11,1,1,4,2,0,high,false,17,5,46,ProductGroup|FAQPage,true,JudgeMe,meta_description_length|script_count_high|image_alt_duplicate_on_page|image_missing_dimensions
https://triprindia.com/products/men-printed-regular-fit-shorts-20-variants,https://triprindia.com/products/men-printed-regular-fit-shorts-20-variants,false,0,200,product,Mens Printed Regular Fit Shorts Online – TRIPR,Buy Men's Printed Shorts Online. Suitable for Daily wear Activities. Choose from variety of Styles.,https://triprindia.com/products/men-printed-regular-fit-shorts-20-variants,,true,indexable,https://triprindia.com/products/men-printed-regular-fit-shorts-20-variants,true,Men Printed Regular Fit Shorts with 16 Variants,1,1137,552,1344,41,11,1,1,4,2,1,high,false,20,4,46,ProductGroup|FAQPage,true,JudgeMe,serp_product_description_missing_detail|html_size_large|script_count_high|image_count_high|image_alt_duplicate_on_page|image_missing_dimensions
https://triprindia.com/products/mens-multi-pockets-plain-cargo-jogger-6-colors,https://triprindia.com/products/mens-multi-pockets-plain-cargo-jogger-6-colors,false,0,200,product,Mens Multi Pockets Plain Cargo Joggers 6 Colors Variants – TRIPR,Product Description: Cuffed Bottoms: Features ribbed cuffs at the ankles for a snug fit and trendy appearance. Multiple Pockets: Equipped with spacious and functional pockets to keep your essentials handy. Solid Colors: Available in versatile solid shades that easily match any outfit. Adjustable Fit: Elastic waistband,https://triprindia.com/products/mens-multi-pockets-plain-cargo-jogger-6-colors,,true,indexable,https://triprindia.com/products/mens-multi-pockets-plain-cargo-jogger-6-colors,true,Mens Multi Pockets Plain Cargo Jogger with 6 Color Variants,1,1158,352,1219,41,11,1,1,4,2,1,high,false,19,6,46,ProductGroup|FAQPage,true,JudgeMe,meta_description_length|missing_image_alt|script_count_high|image_alt_duplicate_on_page|image_missing_dimensions
https://triprindia.com/products/men-half-sleeve-printed-t-shirt-white-d189,https://triprindia.com/products/men-half-sleeve-printed-t-shirt-white-d189,false,0,200,product,Men Half Sleeve Round Neck Cotton Blend White-Black T-Shirt – TRIPR,"Product Description:  Trendy printed half sleeve t-shirts designed for a stylish casual look. Crafted from soft, breathable fabric for everyday comfort. Machine washable for easy care and durability. Combines style and comfort effortlessly. Available in multicolor variants to match your vibe. Sizes: S to 2XL for a perf",https://triprindia.com/products/men-half-sleeve-printed-t-shirt-white-d189,,true,indexable,https://triprindia.com/products/men-half-sleeve-printed-t-shirt-white-d189,true,Men Half Sleeve Round Neck Cotton Blend White-Black T-Shirt,1,1168,276,1205,41,11,1,1,4,2,0,high,false,17,6,48,ProductGroup|FAQPage,true,JudgeMe,title_length|meta_description_length|missing_image_alt|script_count_high|image_alt_duplicate_on_page|image_missing_dimensions
https://triprindia.com/products/men-half-sleeve-printed-t-shirt-grey-d189,https://triprindia.com/products/men-half-sleeve-printed-t-shirt-grey-d189,false,0,200,product,Men Half Sleeve Round Neck Cotton Blend Grey-Black T-Shirt – TRIPR,"Product Description:  Trendy printed half sleeve t-shirts designed for a stylish casual look. Crafted from soft, breathable fabric for everyday comfort. Machine washable for easy care and durability. Combines style and comfort effortlessly. Available in multicolor variants to match your vibe. Sizes: S to 2XL for a perf",https://triprindia.com/products/men-half-sleeve-printed-t-shirt-grey-d189,,true,indexable,https://triprindia.com/products/men-half-sleeve-printed-t-shirt-grey-d189,true,Men Half Sleeve Round Neck Cotton Blend Grey-Black T-Shirt,1,1122,271,1162,41,11,1,1,4,2,0,high,false,17,6,46,ProductGroup|FAQPage,true,JudgeMe,title_length|meta_description_length|missing_image_alt|script_count_high|image_alt_duplicate_on_page|image_missing_dimensions
https://triprindia.com/products/men-sleeveless-printed-vest,https://triprindia.com/products/men-sleeveless-printed-vest,false,0,200,product,Buy Stylish Men Sleeveless Black Printed Vest Online – TRIPR,"Buy TRIPR Men's Vest - Sleeveless Printed Black Vest with 87% Off - Online Clearance Sale Discount. Absorbs Sweats Easily, Very Soft to Wear, Ideal For All Activities. Shop Now",https://triprindia.com/products/men-sleeveless-printed-vest,,true,indexable,https://triprindia.com/products/men-sleeveless-printed-vest,true,Men Sleeveless Printed Vest with 17 Variants,1,1138,608,1349,41,11,1,1,4,2,16,high,false,20,4,46,ProductGroup|FAQPage,true,JudgeMe,meta_description_length|missing_image_alt|serp_product_description_missing_detail|html_size_large|script_count_high|large_image_url_width|image_alt_duplicate_on_page|image_missing_dimensions
https://triprindia.com/products/mens-full-sleeve-hooded-neck-dual-color-printed-t-shirt-7-colors,https://triprindia.com/products/mens-full-sleeve-hooded-neck-dual-color-printed-t-shirt-7-colors,false,0,200,product,Mens Full Sleeve Hooded Neck Dual Color Printed T-shirt - 7 Variants – TRIPR,"Product Description: Stylish full sleeve hooded t-shirt designed for comfort and versatility. Features a unique printed design at the chest, adding a trendy touch to your look. Colorblock style for a bold and modern appearance. Available in a variety of vibrant colors to suit your style. Made from high-quality fabric f",https://triprindia.com/products/mens-full-sleeve-hooded-neck-dual-color-printed-t-shirt-7-colors,,true,indexable,https://triprindia.com/products/mens-full-sleeve-hooded-neck-dual-color-printed-t-shirt-7-colors,true,Mens Full Sleeve Hooded Neck Dual Color Printed T-shirt - 7 Variants,1,1160,405,1253,41,11,1,1,4,2,10,high,false,20,4,46,ProductGroup|FAQPage,true,JudgeMe,title_length|meta_description_length|missing_image_alt|script_count_high|large_image_url_width|image_alt_duplicate_on_page|image_missing_dimensions
https://triprindia.com/products/mens-beige-full-sleeve-plain-hooded-t-shirt,https://triprindia.com/products/mens-beige-full-sleeve-plain-hooded-t-shirt,false,0,200,product,Mens Beige Full Sleeve Plain Hooded T-shirt – TRIPR,"TRIPR INDIA Full Sleeve Plain Hooded T-Shirt✔ Versatile Design: Full-sleeve hooded t-shirt, perfect for outings, casual streetwear, and everyday comfort.✔ Solid Colors to Choose From: Available in a range of vibrant and classic solid shades to match your style.✔ Unmatched Value: Enjoy the lowest price online without co",https://triprindia.com/products/mens-beige-full-sleeve-plain-hooded-t-shirt,,true,indexable,https://triprindia.com/products/mens-beige-full-sleeve-plain-hooded-t-shirt,true,Mens Beige Full Sleeve Plain Hooded T-shirt,1,1155,280,1162,41,11,1,1,4,2,6,high,false,17,6,46,ProductGroup|FAQPage,true,JudgeMe,meta_description_length|missing_image_alt|script_count_high|image_alt_duplicate_on_page|image_missing_dimensions
https://triprindia.com/products/tracksuit-for-men-beige-hooded-full-sleeve-t-shirt-black-plain-trackpant,https://triprindia.com/products/tracksuit-for-men-beige-hooded-full-sleeve-t-shirt-black-plain-trackpant,false,0,200,product,Tracksuit For Men Beige Hooded Full Sleeve T-shirt Black Plain Trackpa – TRIPR,"Product Description: Cotton Fabric: Made with high-quality, breathable cotton for maximum comfort and durability. Versatile Design: Includes a plain hooded t-shirt and plain trackpants, offering a sleek and stylish look. All-Weather Wear: Designed for year-round comfort, whether it's sunny, rainy, or chilly. Perfect fo",https://triprindia.com/products/tracksuit-for-men-beige-hooded-full-sleeve-t-shirt-black-plain-trackpant,,true,indexable,https://triprindia.com/products/tracksuit-for-men-beige-hooded-full-sleeve-t-shirt-black-plain-trackpant,true,Tracksuit For Men Beige Hooded Full Sleeve T-shirt Black Plain Trackpant,1,1170,278,1170,41,11,1,1,4,2,0,high,false,17,6,46,ProductGroup|FAQPage,true,JudgeMe,title_length|meta_description_length|missing_image_alt|script_count_high|image_alt_duplicate_on_page|image_missing_dimensions
https://triprindia.com/products/men-plain-waffle-short-s32-white,https://triprindia.com/products/men-plain-waffle-short-s32-white,false,0,200,product,Men Plain White Waffle Short – TRIPR,"Product Description: Trendy Waffle Pattern shorts with a unique and eye-catching pattern. Crafted for ultimate comfort, perfect for summer wear. Lightweight and breathable fabric keeps you cool and relaxed all day. Versatile design ideal for casual outings, beach trips, or lounging at home. Available in sizes S, M, L,",https://triprindia.com/products/men-plain-waffle-short-s32-white,,true,indexable,https://triprindia.com/products/men-plain-waffle-short-s32-white,true,Men Plain White Waffle Short,1,1133,270,1174,41,11,1,1,4,2,0,high,false,17,5,46,ProductGroup|FAQPage,true,JudgeMe,meta_description_length|script_count_high|image_alt_duplicate_on_page|image_missing_dimensions
https://triprindia.com/products/pack-of-4-mens-round-neck-printed-vest-vt-4-black-vt-5-black-vt-6-black-vt-8-black,https://triprindia.com/products/pack-of-4-mens-round-neck-printed-vest-vt-4-black-vt-5-black-vt-6-black-vt-8-black,false,0,200,product,Pack Of 4 Round Neck Black Printed Vests Combo – TRIPR,"Product Description: Fabric: Crafted with a soft and breathable cotton blend for all-day comfort. Stylish Printed Design: Trendy prints that add a touch of personality to your daily gym look. Versatile Gym Wear: Perfectly designed for workouts, casual outings, or lounging at home. Available in Multiple Colors: Choose f",https://triprindia.com/products/pack-of-4-mens-round-neck-printed-vest-vt-4-black-vt-5-black-vt-6-black-vt-8-black,,true,indexable,https://triprindia.com/products/pack-of-4-mens-round-neck-printed-vest-vt-4-black-vt-5-black-vt-6-black-vt-8-black,true,Pack Of 4 Round Neck Black Printed Vests Combo,1,1108,276,1167,41,11,1,1,4,2,0,high,false,17,6,46,ProductGroup|FAQPage,true,JudgeMe,meta_description_length|missing_image_alt|script_count_high|image_alt_duplicate_on_page|image_missing_dimensions
https://triprindia.com/products/pack-of-4-mens-round-neck-printed-vest-vt-7-black-vt-4-black-vt-8-black-vt-5-black,https://triprindia.com/products/pack-of-4-mens-round-neck-printed-vest-vt-7-black-vt-4-black-vt-8-black-vt-5-black,false,0,200,product,(Pack Of 4) Round Neck Printed Sleeveless / Black – TRIPR,"Product Description: Fabric: Crafted with a soft and breathable cotton blend for all-day comfort. Stylish Printed Design: Trendy prints that add a touch of personality to your daily gym look. Versatile Gym Wear: Perfectly designed for workouts, casual outings, or lounging at home. Available in Multiple Colors: Choose f",https://triprindia.com/products/pack-of-4-mens-round-neck-printed-vest-vt-7-black-vt-4-black-vt-8-black-vt-5-black,,true,indexable,https://triprindia.com/products/pack-of-4-mens-round-neck-printed-vest-vt-7-black-vt-4-black-vt-8-black-vt-5-black,true,(Pack Of 4) Round Neck Printed Sleeveless / Black,1,1108,277,1167,41,11,1,1,4,2,0,high,false,17,6,46,ProductGroup|FAQPage,true,JudgeMe,meta_description_length|missing_image_alt|script_count_high|image_alt_duplicate_on_page|image_missing_dimensions
https://triprindia.com/products/men-printed-track-pant-j68-black-white,https://triprindia.com/products/men-printed-track-pant-j68-black-white,false,0,200,product,Men Black Star Printed With Cuffed Trackpant – TRIPR,"Product Description: Trendy Ankle-Fit Design – Modern slim-fit with cuffed bottoms for a sharp and stylish silhouette. Eye-Catching All-Over Prints – Unique and fashionable prints that elevate your casual look. Fabric – Made from soft, breathable, and durable material for maximum comfort. Versatile Streetwear Style – P",https://triprindia.com/products/men-printed-track-pant-j68-black-white,,true,indexable,https://triprindia.com/products/men-printed-track-pant-j68-black-white,true,Men Black Star Printed With Cuffed Trackpant,1,1128,274,1176,41,11,1,1,4,2,0,high,false,17,6,46,ProductGroup|FAQPage,true,JudgeMe,meta_description_length|missing_image_alt|script_count_high|image_alt_duplicate_on_page|image_missing_dimensions
https://triprindia.com/products/men-all-over-printed-track-pant-j66-black,https://triprindia.com/products/men-all-over-printed-track-pant-j66-black,false,0,200,product,Men All Over Printed Black Trackpant – TRIPR,"Product Description for TRIPR INDIA All-Over Printed Trackpant (Men): Trendy Ankle-Fit Design – Modern slim-fit with cuffed bottoms for a sharp and stylish silhouette. Eye-Catching All-Over Prints – Unique and fashionable prints that elevate your casual look. Fabric – Made from soft, breathable, and durable material fo",https://triprindia.com/products/men-all-over-printed-track-pant-j66-black,,true,indexable,https://triprindia.com/products/men-all-over-printed-track-pant-j66-black,true,Men All Over Printed Black Trackpant,1,1135,276,1175,41,11,1,1,4,2,0,high,false,17,6,46,ProductGroup|FAQPage,true,JudgeMe,meta_description_length|missing_image_alt|script_count_high|image_alt_duplicate_on_page|image_missing_dimensions
https://triprindia.com/products/pack-of-3-round-neck-printed-vest-vt4-black-vt6-black-vt5-black,https://triprindia.com/products/pack-of-3-round-neck-printed-vest-vt4-black-vt6-black-vt5-black,false,0,200,product,(Pack Of 3) Men Typography Printed Round Neck Vests Combo – TRIPR,"Product Description: Fabric: Crafted with a soft and breathable cotton blend for all-day comfort. Stylish Printed Design: Trendy prints that add a touch of personality to your daily gym look. Versatile Gym Wear: Perfectly designed for workouts, casual outings, or lounging at home. Available in Multiple Colors: Choose f",https://triprindia.com/products/pack-of-3-round-neck-printed-vest-vt4-black-vt6-black-vt5-black,,true,indexable,https://triprindia.com/products/pack-of-3-round-neck-printed-vest-vt4-black-vt6-black-vt5-black,true,(Pack Of 3) Men Typography Printed Round Neck Vests Combo,1,1111,274,1167,41,11,1,1,4,2,0,high,false,17,6,46,ProductGroup|FAQPage,true,JudgeMe,meta_description_length|missing_image_alt|script_count_high|image_alt_duplicate_on_page|image_missing_dimensions
https://triprindia.com/products/track-suit-black-wite-full-sleeve-d194-t-shirt-j68-black-track-pant,https://triprindia.com/products/track-suit-black-wite-full-sleeve-d194-t-shirt-j68-black-track-pant,false,0,200,product,Tracksuit - Black Full Sleeve Printed T-shirt with Black Printed Track – TRIPR,"Product Description: Stylish Star Print Design: Full-sleeve round-neck black t-shirt with matching star-printed cuffed trackpants for a trendy look. Cotton Fabric: Made from good-quality cotton for a soft, breathable, and skin-friendly feel. Comfortable Cuffed Trackpants: Elasticated cuffs provide a snug fit, ensuring",https://triprindia.com/products/track-suit-black-wite-full-sleeve-d194-t-shirt-j68-black-track-pant,,true,indexable,https://triprindia.com/products/track-suit-black-wite-full-sleeve-d194-t-shirt-j68-black-track-pant,true,Tracksuit - Black Full Sleeve Printed T-shirt with Black Printed Trackpant,1,1136,275,1176,41,11,1,1,4,2,0,high,false,17,6,46,ProductGroup|FAQPage,true,JudgeMe,title_length|meta_description_length|missing_image_alt|script_count_high|image_alt_duplicate_on_page|image_missing_dimensions
https://triprindia.com/products/men-printed-half-sleeve-round-neck-cotton-blend-olivegreen-t-shirt,https://triprindia.com/products/men-printed-half-sleeve-round-neck-cotton-blend-olivegreen-t-shirt,false,0,200,product,Men Half Sleeve Round Neck Cotton Blend Olivegreen Printed TShirt – TRIPR,"Product Description: Trendy half sleeve t-shirt with a unique printed design for a stylish look. Available in black, beige, and maroon to match your personality. Crafted from soft and breathable fabric for all-day comfort. Perfect for casual outings, weekend wear, or everyday styling. Available in sizes S, M, L, XL, an",https://triprindia.com/products/men-printed-half-sleeve-round-neck-cotton-blend-olivegreen-t-shirt,,true,indexable,https://triprindia.com/products/men-printed-half-sleeve-round-neck-cotton-blend-olivegreen-t-shirt,true,Men Half Sleeve Round Neck Cotton Blend Olivegreen Printed TShirt,1,1139,272,1171,41,11,1,1,4,2,0,high,false,17,6,46,ProductGroup|FAQPage,true,JudgeMe,title_length|meta_description_length|missing_image_alt|script_count_high|image_alt_duplicate_on_page|image_missing_dimensions
https://triprindia.com/products/men-printed-half-sleeve-round-neck-cotton-blend-grey-t-shirt,https://triprindia.com/products/men-printed-half-sleeve-round-neck-cotton-blend-grey-t-shirt,false,0,200,product,Half Sleeve Round Neck Grey Printed TShirt – TRIPR,"Product Description: Trendy half sleeve t-shirt with a unique printed design for a stylish look. Available in black, beige, and maroon to match your personality. Crafted from soft and breathable fabric for all-day comfort. Perfect for casual outings, weekend wear, or everyday styling. Available in sizes S, M, L, XL, an",https://triprindia.com/products/men-printed-half-sleeve-round-neck-cotton-blend-grey-t-shirt,,true,indexable,https://triprindia.com/products/men-printed-half-sleeve-round-neck-cotton-blend-grey-t-shirt,true,Half Sleeve Round Neck Grey Printed TShirt,1,1133,270,1171,41,11,1,1,4,2,0,high,false,17,6,46,ProductGroup|FAQPage,true,JudgeMe,meta_description_length|missing_image_alt|script_count_high|image_alt_duplicate_on_page|image_missing_dimensions
https://triprindia.com/products/men-cuffed-jogger-with-printed-grey,https://triprindia.com/products/men-cuffed-jogger-with-printed-grey,false,0,200,product,Men Cuffed Joggers – TRIPR,"Shop Cuffed Joggers Online at 249 Rs. Ideal for all Activities, Cuffed Ankles, Stretchable Fabric and enjoy Fastest Delivery.",https://triprindia.com/products/men-cuffed-jogger-with-printed-grey,,true,indexable,https://triprindia.com/products/men-cuffed-jogger-with-printed-grey,true,Men Cuffed Printed Jogger Grey,1,1152,270,1175,41,11,1,1,4,2,0,high,false,17,6,46,ProductGroup|FAQPage,true,JudgeMe,missing_image_alt|serp_title_h1_mismatch|serp_boilerplate_meta_description|script_count_high|image_alt_duplicate_on_page|image_missing_dimensions
https://triprindia.com/products/men-cuffed-jogger-with-printed-j61-olivegreen,https://triprindia.com/products/men-cuffed-jogger-with-printed-j61-olivegreen,false,0,200,product,Men Cuffed Printed Jogger Olivegreen – TRIPR,"Product Description: Trendy Ankle-Fit Design – Modern slim-fit style with cuffed bottoms for a sharp and stylish look. Fabric – Crafted from soft, breathable, and durable material for all-day comfort. Stylish Prints – Features eye-catching prints that add a fashionable edge to your casual wear. Versatile &amp; Fashion-",https://triprindia.com/products/men-cuffed-jogger-with-printed-j61-olivegreen,,true,indexable,https://triprindia.com/products/men-cuffed-jogger-with-printed-j61-olivegreen,true,Men Cuffed Printed Jogger Olivegreen,1,1154,272,1175,41,11,1,1,4,2,0,high,false,17,6,46,ProductGroup|FAQPage,true,JudgeMe,meta_description_length|missing_image_alt|script_count_high|image_alt_duplicate_on_page|image_missing_dimensions
https://triprindia.com/products/tracksuit-for-men-half-sleeve-grey-t-shirt-grey-printed-trackpant,https://triprindia.com/products/tracksuit-for-men-half-sleeve-grey-t-shirt-grey-printed-trackpant,false,0,200,product,Tracksuit For Men - Half Sleeve Grey T-shirt with Grey Printed Trackpa – TRIPR,"Product Description: Design: Features bold typography printed designs for a trendy and modern look. Complete Set: Includes a coordinated full-sleeve T-shirt and jogger pants. Size Range: Available in sizes S to 2XL, ensuring a perfect fit for everyone. Trendy Colors: Available in a range of colors to match your persona",https://triprindia.com/products/tracksuit-for-men-half-sleeve-grey-t-shirt-grey-printed-trackpant,,true,indexable,https://triprindia.com/products/tracksuit-for-men-half-sleeve-grey-t-shirt-grey-printed-trackpant,true,Tracksuit For Men - Half Sleeve Grey T-shirt with Grey Printed Trackpant,1,1120,275,1178,41,11,1,1,4,2,0,high,false,17,6,46,ProductGroup|FAQPage,true,JudgeMe,title_length|meta_description_length|missing_image_alt|script_count_high|image_alt_duplicate_on_page|image_missing_dimensions
https://triprindia.com/products/tracksuit-for-men-half-sleeve-olivegreen-t-shirt-olivegreen-printed-trackpant,https://triprindia.com/products/tracksuit-for-men-half-sleeve-olivegreen-t-shirt-olivegreen-printed-trackpant,false,0,200,product,Tracksuit For Men - Half Sleeve Olivegreen T-shirt with Olivegreen Pri – TRIPR,"Product Description: Design: Features bold typography printed designs for a trendy and modern look. Complete Set: Includes a coordinated full-sleeve T-shirt and jogger pants. Size Range: Available in sizes S to 2XL, ensuring a perfect fit for everyone. Trendy Colors: Available in a range of colors to match your persona",https://triprindia.com/products/tracksuit-for-men-half-sleeve-olivegreen-t-shirt-olivegreen-printed-trackpant,,true,indexable,https://triprindia.com/products/tracksuit-for-men-half-sleeve-olivegreen-t-shirt-olivegreen-printed-trackpant,true,Tracksuit For Men - Half Sleeve Olivegreen T-shirt with Olivegreen Printed Trackpant,1,1119,277,1178,41,11,1,1,4,2,0,high,false,17,6,46,ProductGroup|FAQPage,true,JudgeMe,title_length|meta_description_length|missing_image_alt|script_count_high|image_alt_duplicate_on_page|image_missing_dimensions
https://triprindia.com/products/men-full-sleeve-star-printed-round-neck-t-shirts-black-d194,https://triprindia.com/products/men-full-sleeve-star-printed-round-neck-t-shirts-black-d194,false,0,200,product,Men Full Sleeve Star Printed Round Neck Black T-Shirt – TRIPR,"Product Description: Stylish full sleeve round neck t-shirt for a trendy and versatile look. Features a unique printed design, adding a modern and fashionable touch. Available in a variety of attractive colors to match your style. Made from soft and breathable fabric for all-day comfort. Perfect for casual wear, outing",https://triprindia.com/products/men-full-sleeve-star-printed-round-neck-t-shirts-black-d194,,true,indexable,https://triprindia.com/products/men-full-sleeve-star-printed-round-neck-t-shirts-black-d194,true,Men Full Sleeve Star Printed Round Neck Black T-Shirt,1,1153,357,1215,41,11,1,1,4,2,0,high,false,19,6,46,ProductGroup|FAQPage,true,JudgeMe,meta_description_length|missing_image_alt|script_count_high|image_alt_duplicate_on_page|image_missing_dimensions
https://triprindia.com/products/men-printed-half-sleeve-round-neck-cotton-blend-black-t-shirt-d184,https://triprindia.com/products/men-printed-half-sleeve-round-neck-cotton-blend-black-t-shirt-d184,false,0,200,product,Men Printed Half Sleeve Round Neck Cotton Blend T-Shirts Multi Variant – TRIPR,"Product Description: Trendy half sleeve t-shirt with a unique printed design for a stylish look. Available in black, beige, and maroon to match your personality. Crafted from soft and breathable fabric for all-day comfort. Perfect for casual outings, weekend wear, or everyday styling. Available in sizes S, M, L, XL, an",https://triprindia.com/products/men-printed-half-sleeve-round-neck-cotton-blend-black-t-shirt-d184,,true,indexable,https://triprindia.com/products/men-printed-half-sleeve-round-neck-cotton-blend-black-t-shirt-d184,true,Men Printed Half Sleeve Round Neck Cotton Blend T-Shirts Multi Variants,1,1159,488,1311,41,11,1,1,4,2,0,high,false,20,4,46,ProductGroup|FAQPage,true,JudgeMe,title_length|meta_description_length|missing_image_alt|script_count_high|image_alt_duplicate_on_page|image_missing_dimensions
https://triprindia.com/products/men-printed-half-sleeve-round-neck-cotton-blend-black-t-shirt-1,https://triprindia.com/products/men-printed-half-sleeve-round-neck-cotton-blend-black-t-shirt-1,false,0,200,product,Men Printed Half Sleeve Round Neck Black Beige T-Shirt – TRIPR,"Product Description: Trendy half sleeve t-shirt with a unique printed design for a stylish look. Available in black, beige, and maroon to match your personality. Crafted from soft and breathable fabric for all-day comfort. Perfect for casual outings, weekend wear, or everyday styling. Available in sizes S, M, L, XL, an",https://triprindia.com/products/men-printed-half-sleeve-round-neck-cotton-blend-black-t-shirt-1,,true,indexable,https://triprindia.com/products/men-printed-half-sleeve-round-neck-cotton-blend-black-t-shirt-1,true,Men Printed Half Sleeve Round Neck Black Beige T-Shirt,1,1137,272,1171,41,11,1,1,4,2,0,high,false,17,6,46,ProductGroup|FAQPage,true,JudgeMe,meta_description_length|missing_image_alt|script_count_high|image_alt_duplicate_on_page|image_missing_dimensions
https://triprindia.com/products/tracksuit-for-men-half-sleeve-black-t-shirt-black-printed-trackpant,https://triprindia.com/products/tracksuit-for-men-half-sleeve-black-t-shirt-black-printed-trackpant,false,0,200,product,Tracksuit For Men - Half Sleeve Black T-shirt with Black Printed Track – TRIPR,"Product Description: Design: Features bold typography printed designs for a trendy and modern look. Complete Set: Includes a coordinated full-sleeve T-shirt and jogger pants. Size Range: Available in sizes S to 2XL, ensuring a perfect fit for everyone. Trendy Colors: Available in a range of colors to match your persona",https://triprindia.com/products/tracksuit-for-men-half-sleeve-black-t-shirt-black-printed-trackpant,,true,indexable,https://triprindia.com/products/tracksuit-for-men-half-sleeve-black-t-shirt-black-printed-trackpant,true,Tracksuit For Men - Half Sleeve Black T-shirt with Black Printed Trackpant,1,1120,270,1164,41,11,1,1,4,2,0,high,false,13,6,46,ProductGroup|FAQPage,true,JudgeMe,title_length|meta_description_length|missing_image_alt|script_count_high|image_alt_duplicate_on_page|image_missing_dimensions
https://triprindia.com/products/men-printed-ankle-fit-cuffed-jogger-j62-navy-grey,https://triprindia.com/products/men-printed-ankle-fit-cuffed-jogger-j62-navy-grey,false,0,200,product,Men Printed Ankle Fit Cuffed Navy & Grey Jogger – TRIPR,"Product Description: Trendy Ankle-Fit Design – Modern slim-fit style with cuffed bottoms for a sharp and stylish look. Fabric – Crafted from soft, breathable, and durable material for all-day comfort. Stylish Prints – Features eye-catching prints that add a fashionable edge to your casual wear. Versatile &amp; Fashion-",https://triprindia.com/products/men-printed-ankle-fit-cuffed-jogger-j62-navy-grey,,true,indexable,https://triprindia.com/products/men-printed-ankle-fit-cuffed-jogger-j62-navy-grey,true,Men Printed Ankle Fit Cuffed Navy & Grey Jogger,1,1162,271,1168,41,11,1,1,4,2,0,high,false,15,6,46,ProductGroup|FAQPage,true,JudgeMe,meta_description_length|missing_image_alt|script_count_high|image_alt_duplicate_on_page|image_missing_dimensions
https://triprindia.com/products/men-printed-ankle-fit-cuffed-jogger-j62-darkgrey-grey,https://triprindia.com/products/men-printed-ankle-fit-cuffed-jogger-j62-darkgrey-grey,false,0,200,product,Men Printed Ankle Fit Cuffed Darkgrey & Grey Jogger – TRIPR,"Product Description: Trendy Ankle-Fit Design – Modern slim-fit style with cuffed bottoms for a sharp and stylish look. Fabric – Crafted from soft, breathable, and durable material for all-day comfort. Stylish Prints – Features eye-catching prints that add a fashionable edge to your casual wear. Versatile &amp; Fashion-",https://triprindia.com/products/men-printed-ankle-fit-cuffed-jogger-j62-darkgrey-grey,,true,indexable,https://triprindia.com/products/men-printed-ankle-fit-cuffed-jogger-j62-darkgrey-grey,true,Men Printed Ankle Fit Cuffed Darkgrey & Grey Jogger,1,1162,275,1175,41,11,1,1,4,2,0,high,false,17,6,46,ProductGroup|FAQPage,true,JudgeMe,meta_description_length|missing_image_alt|script_count_high|image_alt_duplicate_on_page|image_missing_dimensions
https://triprindia.com/products/men-printed-ankle-fit-cuffed-jogger-j62-grey-black,https://triprindia.com/products/men-printed-ankle-fit-cuffed-jogger-j62-grey-black,false,0,200,product,Men Printed Ankle Fit Cuffed Grey & Black Jogger – TRIPR,"Product Description: Trendy Ankle-Fit Design – Modern slim-fit style with cuffed bottoms for a sharp and stylish look. Fabric – Crafted from soft, breathable, and durable material for all-day comfort. Stylish Prints – Features eye-catching prints that add a fashionable edge to your casual wear. Versatile &amp; Fashion-",https://triprindia.com/products/men-printed-ankle-fit-cuffed-jogger-j62-grey-black,,true,indexable,https://triprindia.com/products/men-printed-ankle-fit-cuffed-jogger-j62-grey-black,true,Men Printed Ankle Fit Cuffed Grey & Black Jogger,1,1162,274,1175,41,11,1,1,4,2,0,high,false,17,6,46,ProductGroup|FAQPage,true,JudgeMe,meta_description_length|missing_image_alt|script_count_high|image_alt_duplicate_on_page|image_missing_dimensions
https://triprindia.com/products/men-printed-ankle-fit-cuffed-jogger-j62-olivegreen-grey,https://triprindia.com/products/men-printed-ankle-fit-cuffed-jogger-j62-olivegreen-grey,false,0,200,product,Men Printed Ankle Fit Cuffed Olivegreen & Grey Jogger – TRIPR,"Product Description: Trendy Ankle-Fit Design – Modern slim-fit style with cuffed bottoms for a sharp and stylish look. Fabric – Crafted from soft, breathable, and durable material for all-day comfort. Stylish Prints – Features eye-catching prints that add a fashionable edge to your casual wear. Versatile &amp; Fashion-",https://triprindia.com/products/men-printed-ankle-fit-cuffed-jogger-j62-olivegreen-grey,,true,indexable,https://triprindia.com/products/men-printed-ankle-fit-cuffed-jogger-j62-olivegreen-grey,true,Men Printed Ankle Fit Cuffed Olivegreen & Grey Jogger,1,1162,275,1175,41,11,1,1,4,2,0,high,false,17,6,46,ProductGroup|FAQPage,true,JudgeMe,meta_description_length|missing_image_alt|script_count_high|image_alt_duplicate_on_page|image_missing_dimensions
https://triprindia.com/products/men-printed-ankle-fit-cuffed-jogger-j62-beige-black,https://triprindia.com/products/men-printed-ankle-fit-cuffed-jogger-j62-beige-black,false,0,200,product,Men Printed Ankle Fit Cuffed Beige & Black Jogger – TRIPR,"Product Description: Trendy Ankle-Fit Design – Modern slim-fit style with cuffed bottoms for a sharp and stylish look. Fabric – Crafted from soft, breathable, and durable material for all-day comfort. Stylish Prints – Features eye-catching prints that add a fashionable edge to your casual wear. Versatile &amp; Fashion-",https://triprindia.com/products/men-printed-ankle-fit-cuffed-jogger-j62-beige-black,,true,indexable,https://triprindia.com/products/men-printed-ankle-fit-cuffed-jogger-j62-beige-black,true,Men Printed Ankle Fit Cuffed Beige & Black Jogger,1,1164,271,1166,41,11,1,1,4,2,0,high,false,15,6,46,ProductGroup|FAQPage,true,JudgeMe,meta_description_length|missing_image_alt|script_count_high|image_alt_duplicate_on_page|image_missing_dimensions
https://triprindia.com/products/men-printed-half-sleeve-round-neck-cotton-blend-t-shirt-d185-maroon,https://triprindia.com/products/men-printed-half-sleeve-round-neck-cotton-blend-t-shirt-d185-maroon,false,0,200,product,Men Printed Half Sleeve Round Neck Cotton Blend T-Shirt / Maroon – TRIPR,"Product Description: Trendy half sleeve t-shirt with a unique printed design for a stylish look. Available in black, beige, and maroon to match your personality. Crafted from soft and breathable fabric for all-day comfort. Perfect for casual outings, weekend wear, or everyday styling. Available in sizes S, M, L, XL, an",https://triprindia.com/products/men-printed-half-sleeve-round-neck-cotton-blend-t-shirt-d185-maroon,,true,indexable,https://triprindia.com/products/men-printed-half-sleeve-round-neck-cotton-blend-t-shirt-d185-maroon,true,Men Printed Half Sleeve Round Neck Cotton Blend T-Shirt / Maroon,1,1079,263,1142,41,11,1,1,4,2,0,high,false,11,6,46,ProductGroup|FAQPage,true,JudgeMe,title_length|meta_description_length|missing_image_alt|script_count_high|image_alt_duplicate_on_page|image_missing_dimensions
https://triprindia.com/products/men-printed-half-sleeve-round-neck-cotton-blend-t-shirt-d185-grey,https://triprindia.com/products/men-printed-half-sleeve-round-neck-cotton-blend-t-shirt-d185-grey,false,0,200,product,Men Printed Half Sleeve Round Neck Cotton Blend Grey T-Shirt – TRIPR,"Product Description: Trendy half sleeve t-shirt with a unique printed design for a stylish look. Available in black, beige, and maroon to match your personality. Crafted from soft and breathable fabric for all-day comfort. Perfect for casual outings, weekend wear, or everyday styling. Available in sizes S, M, L, XL, an",https://triprindia.com/products/men-printed-half-sleeve-round-neck-cotton-blend-t-shirt-d185-grey,,true,indexable,https://triprindia.com/products/men-printed-half-sleeve-round-neck-cotton-blend-t-shirt-d185-grey,true,Men Printed Half Sleeve Round Neck Cotton Blend Grey T-Shirt,1,1139,274,1171,41,11,1,1,4,2,0,high,false,17,6,46,ProductGroup|FAQPage,true,JudgeMe,title_length|meta_description_length|missing_image_alt|script_count_high|image_alt_duplicate_on_page|image_missing_dimensions
https://triprindia.com/products/men-printed-half-sleeve-round-neck-cotton-blend-t-shirt-d185-olivegreen,https://triprindia.com/products/men-printed-half-sleeve-round-neck-cotton-blend-t-shirt-d185-olivegreen,false,0,200,product,Men Printed Half Sleeve Round Neck Cotton Blend Olivegreen T-Shirt – TRIPR,"Product Description: Trendy half sleeve t-shirt with a unique printed design for a stylish look. Available in black, beige, and maroon to match your personality. Crafted from soft and breathable fabric for all-day comfort. Perfect for casual outings, weekend wear, or everyday styling. Available in sizes S, M, L, XL, an",https://triprindia.com/products/men-printed-half-sleeve-round-neck-cotton-blend-t-shirt-d185-olivegreen,,true,indexable,https://triprindia.com/products/men-printed-half-sleeve-round-neck-cotton-blend-t-shirt-d185-olivegreen,true,Men Printed Half Sleeve Round Neck Cotton Blend Olivegreen T-Shirt,1,1139,267,1157,41,11,1,1,4,2,0,high,false,13,6,46,ProductGroup|FAQPage,true,JudgeMe,title_length|meta_description_length|missing_image_alt|script_count_high|image_alt_duplicate_on_page|image_missing_dimensions
https://triprindia.com/products/men-printed-half-sleeve-round-neck-cotton-blend-t-shirt-d185-beige,https://triprindia.com/products/men-printed-half-sleeve-round-neck-cotton-blend-t-shirt-d185-beige,false,0,200,product,Men Printed Half Sleeve Round Neck Beige Cotton Blend T-Shirt – TRIPR,"Product Description: Trendy half sleeve t-shirt with a unique printed design for a stylish look. Available in black, beige, and maroon to match your personality. Crafted from soft and breathable fabric for all-day comfort. Perfect for casual outings, weekend wear, or everyday styling. Available in sizes S, M, L, XL, an",https://triprindia.com/products/men-printed-half-sleeve-round-neck-cotton-blend-t-shirt-d185-beige,,true,indexable,https://triprindia.com/products/men-printed-half-sleeve-round-neck-cotton-blend-t-shirt-d185-beige,true,Men Printed Half Sleeve Round Neck Beige Cotton Blend T-Shirt,1,1187,279,1214,41,11,1,1,4,2,0,high,false,17,6,48,ProductGroup|FAQPage,true,JudgeMe,title_length|meta_description_length|missing_image_alt|script_count_high|image_alt_duplicate_on_page|image_missing_dimensions
https://triprindia.com/products/pack-of-2-mens-full-sleeve-plain-hooded-t-shirts-z133-grey-olivegreen,https://triprindia.com/products/pack-of-2-mens-full-sleeve-plain-hooded-t-shirts-z133-grey-olivegreen,false,0,200,product,(Pack Of 2) Mens Full Sleeve Plain Grey & Olivegreen Hooded T-shirts – TRIPR,"TRIPR INDIA Full Sleeve Plain Hooded T-Shirt✔ Versatile Design: Full-sleeve hooded t-shirt, perfect for outings, casual streetwear, and everyday comfort.✔ Solid Colors to Choose From: Available in a range of vibrant and classic solid shades to match your style.✔ Unmatched Value: Enjoy the lowest price online without co",https://triprindia.com/products/pack-of-2-mens-full-sleeve-plain-hooded-t-shirts-z133-grey-olivegreen,,true,indexable,https://triprindia.com/products/pack-of-2-mens-full-sleeve-plain-hooded-t-shirts-z133-grey-olivegreen,true,(Pack Of 2) Mens Full Sleeve Plain Grey & Olivegreen Hooded T-shirts,1,1162,277,1164,41,11,1,1,4,2,0,high,false,17,6,46,ProductGroup|FAQPage,true,JudgeMe,title_length|meta_description_length|missing_image_alt|script_count_high|image_alt_duplicate_on_page|image_missing_dimensions
https://triprindia.com/products/pack-of-2-mens-full-sleeve-plain-hooded-t-shirts-z133-grey-black,https://triprindia.com/products/pack-of-2-mens-full-sleeve-plain-hooded-t-shirts-z133-grey-black,false,0,200,product,(Pack Of 2) Mens Full Sleeve Plain Grey & Black Hooded T-shirts – TRIPR,"TRIPR INDIA Full Sleeve Plain Hooded T-Shirt✔ Versatile Design: Full-sleeve hooded t-shirt, perfect for outings, casual streetwear, and everyday comfort.✔ Solid Colors to Choose From: Available in a range of vibrant and classic solid shades to match your style.✔ Unmatched Value: Enjoy the lowest price online without co",https://triprindia.com/products/pack-of-2-mens-full-sleeve-plain-hooded-t-shirts-z133-grey-black,,true,indexable,https://triprindia.com/products/pack-of-2-mens-full-sleeve-plain-hooded-t-shirts-z133-grey-black,true,(Pack Of 2) Mens Full Sleeve Plain Grey & Black Hooded T-shirts,1,1162,266,1143,41,11,1,1,4,2,0,high,false,11,6,46,ProductGroup|FAQPage,true,JudgeMe,title_length|meta_description_length|missing_image_alt|script_count_high|image_alt_duplicate_on_page|image_missing_dimensions
https://triprindia.com/products/pack-of-2-mens-full-sleeve-plain-hooded-t-shirts-z133-olive-black,https://triprindia.com/products/pack-of-2-mens-full-sleeve-plain-hooded-t-shirts-z133-olive-black,false,0,200,product,(Pack Of 2) Mens Full Sleeve Plain Olive & Black Hooded T-shirts – TRIPR,"TRIPR INDIA Full Sleeve Plain Hooded T-Shirt✔ Versatile Design: Full-sleeve hooded t-shirt, perfect for outings, casual streetwear, and everyday comfort.✔ Solid Colors to Choose From: Available in a range of vibrant and classic solid shades to match your style.✔ Unmatched Value: Enjoy the lowest price online without co",https://triprindia.com/products/pack-of-2-mens-full-sleeve-plain-hooded-t-shirts-z133-olive-black,,true,indexable,https://triprindia.com/products/pack-of-2-mens-full-sleeve-plain-hooded-t-shirts-z133-olive-black,true,(Pack Of 2) Mens Full Sleeve Plain Olive & Black Hooded T-shirts,1,1162,277,1164,41,11,1,1,4,2,0,high,false,17,6,46,ProductGroup|FAQPage,true,JudgeMe,title_length|meta_description_length|missing_image_alt|script_count_high|image_alt_duplicate_on_page|image_missing_dimensions
https://triprindia.com/products/mens-multi-pockets-all-over-printed-baggy-fit-oversized-cargo-jogger-black-os3,https://triprindia.com/products/mens-multi-pockets-all-over-printed-baggy-fit-oversized-cargo-jogger-black-os3,false,0,200,product,Buy Navy Blue Baggy fit Multi Pocket Cargo Joggers Online – TRIPR,"Buy Baggy Cargo Jogger for men on Clearance Sale for ₹499 Online. Heavy Fabric, Multi pockets, Baggy oversized cargo jogger with cuff ankle. Explore huge collections of Trendy Cargo Joggers and enjoy Fastest delivery | Easy 7 days returns",https://triprindia.com/products/mens-multi-pockets-all-over-printed-baggy-fit-oversized-cargo-jogger-black-os3,,true,indexable,https://triprindia.com/products/mens-multi-pockets-all-over-printed-baggy-fit-oversized-cargo-jogger-black-os3,true,Mens Multi Pockets All Over Printed Baggy fit Black Oversized Cargo Jogger,1,1151,280,1170,41,11,1,1,4,2,6,high,false,17,6,46,ProductGroup|FAQPage,true,JudgeMe,meta_description_length|missing_image_alt|serp_title_h1_mismatch|serp_boilerplate_meta_description|script_count_high|image_alt_duplicate_on_page|image_missing_dimensions
https://triprindia.com/products/mens-multi-pockets-all-over-printed-baggy-fit-oversized-cargo-jogger-black-os4,https://triprindia.com/products/mens-multi-pockets-all-over-printed-baggy-fit-oversized-cargo-jogger-black-os4,false,0,200,product,Buy Navy Blue Baggy fit Multi Pocket Cargo Joggers Online – TRIPR,"Buy Baggy Cargo Jogger for men on Clearance Sale for ₹399 Online. Heavy Fabric, Multi pockets, Baggy oversized cargo jogger with cuff ankle. Explore huge collections of Trendy Cargo Joggers under 300 or 500 only at TRIPR India and enjoy Fastest delivery | Easy 7 days returns",https://triprindia.com/products/mens-multi-pockets-all-over-printed-baggy-fit-oversized-cargo-jogger-black-os4,,true,indexable,https://triprindia.com/products/mens-multi-pockets-all-over-printed-baggy-fit-oversized-cargo-jogger-black-os4,true,Mens Multi Pockets All Over Printed Baggy fit oversized Black Cargo Jogger,1,1203,285,1213,41,11,1,1,4,2,6,high,false,17,6,48,ProductGroup|FAQPage,true,JudgeMe,meta_description_length|missing_image_alt|serp_title_h1_mismatch|serp_boilerplate_meta_description|script_count_high|image_alt_duplicate_on_page|image_missing_dimensions
https://triprindia.com/products/mens-multi-pockets-all-over-printed-baggy-fit-oversized-cargo-jogger-black-os6,https://triprindia.com/products/mens-multi-pockets-all-over-printed-baggy-fit-oversized-cargo-jogger-black-os6,false,0,200,product,Buy Navy Blue Baggy fit Multi Pocket Cargo Joggers Online – TRIPR,"Buy Baggy Cargo Jogger for men on Clearance Sale for ₹399 Online. Heavy Fabric, Multi pockets, Baggy oversized cargo jogger with cuff ankle. Explore huge collections of Trendy Cargo Joggers under 300 or 500 and enjoy Fastest delivery | Easy 7 days returns",https://triprindia.com/products/mens-multi-pockets-all-over-printed-baggy-fit-oversized-cargo-jogger-black-os6,,true,indexable,https://triprindia.com/products/mens-multi-pockets-all-over-printed-baggy-fit-oversized-cargo-jogger-black-os6,true,Mens Multi Pockets All Over Printed Baggy fit Black Cargo Jogger,1,1150,274,1170,41,11,1,1,4,2,6,high,false,17,6,46,ProductGroup|FAQPage,true,JudgeMe,meta_description_length|missing_image_alt|serp_title_h1_mismatch|serp_boilerplate_meta_description|script_count_high|image_alt_duplicate_on_page|image_missing_dimensions
https://triprindia.com/products/mens-all-over-printed-drop-shoulder-t-shirt-d195-black,https://triprindia.com/products/mens-all-over-printed-drop-shoulder-t-shirt-d195-black,false,0,200,product,Mens All Over Printed Black Drop Shoulder Tshirt – TRIPR,"Product Description: Cotton Blend Fabric: Crafted from a good-quality cotton blend for a soft, breathable, and comfortable feel, perfect for all-day summer wear. Drop Shoulder Fit for Style &amp; Comfort: Designed with a trendy drop shoulder fit to give you a relaxed, stylish look while ensuring ultimate comfort. Soft",https://triprindia.com/products/mens-all-over-printed-drop-shoulder-t-shirt-d195-black,,true,indexable,https://triprindia.com/products/mens-all-over-printed-drop-shoulder-t-shirt-d195-black,true,Mens All Over Printed Black Drop Shoulder Tshirt,1,1181,277,1172,41,11,1,1,4,2,0,high,false,17,6,46,ProductGroup|FAQPage,true,JudgeMe,meta_description_length|missing_image_alt|script_count_high|image_alt_duplicate_on_page|image_missing_dimensions
https://triprindia.com/products/men-v-neck-plain-vest-grey-vt2,https://triprindia.com/products/men-v-neck-plain-vest-grey-vt2,false,0,200,product,Men V-neck Plain Grey Vest – TRIPR,"Product Description: Fabric: Crafted with a soft and breathable cotton blend for all-day comfort. Stylish Printed Design: Trendy prints that add a touch of personality to your daily gym look. Versatile Gym Wear: Perfectly designed for workouts, casual outings, or lounging at home. Available in Multiple Colors: Choose f",https://triprindia.com/products/men-v-neck-plain-vest-grey-vt2,,true,indexable,https://triprindia.com/products/men-v-neck-plain-vest-grey-vt2,true,Men V-neck Plain Grey Vest,1,1100,270,1167,41,11,1,1,4,2,0,high,false,17,6,46,ProductGroup|FAQPage,true,JudgeMe,meta_description_length|missing_image_alt|script_count_high|image_alt_duplicate_on_page|image_missing_dimensions
https://triprindia.com/products/men-v-neck-plain-vest-navy-blue-vt2,https://triprindia.com/products/men-v-neck-plain-vest-navy-blue-vt2,false,0,200,product,Men V-neck Plain Navy Blue Vest – TRIPR,"Product Description: Fabric: Crafted with a soft and breathable cotton blend for all-day comfort. Stylish Printed Design: Trendy prints that add a touch of personality to your daily gym look. Versatile Gym Wear: Perfectly designed for workouts, casual outings, or lounging at home. Available in Multiple Colors: Choose f",https://triprindia.com/products/men-v-neck-plain-vest-navy-blue-vt2,,true,indexable,https://triprindia.com/products/men-v-neck-plain-vest-navy-blue-vt2,true,Men V-neck Plain Navy Blue Vest,1,1102,270,1167,41,11,1,1,4,2,0,high,false,17,6,46,ProductGroup|FAQPage,true,JudgeMe,meta_description_length|missing_image_alt|script_count_high|image_alt_duplicate_on_page|image_missing_dimensions
https://triprindia.com/products/men-v-neck-plain-vest-beige-vt2,https://triprindia.com/products/men-v-neck-plain-vest-beige-vt2,false,0,200,product,Men V-neck Plain Beige Vest – TRIPR,"Product Description: Fabric: Crafted with a soft and breathable cotton blend for all-day comfort. Stylish Printed Design: Trendy prints that add a touch of personality to your daily gym look. Versatile Gym Wear: Perfectly designed for workouts, casual outings, or lounging at home. Available in Multiple Colors: Choose f",https://triprindia.com/products/men-v-neck-plain-vest-beige-vt2,,true,indexable,https://triprindia.com/products/men-v-neck-plain-vest-beige-vt2,true,Men V-neck Plain Beige Vest,1,1100,270,1167,41,11,1,1,4,2,0,high,false,17,6,46,ProductGroup|FAQPage,true,JudgeMe,meta_description_length|missing_image_alt|script_count_high|image_alt_duplicate_on_page|image_missing_dimensions
https://triprindia.com/products/men-v-neck-plain-vest-vt2-brown,https://triprindia.com/products/men-v-neck-plain-vest-vt2-brown,false,0,200,product,Men V-neck Plain Vest / Brown – TRIPR,"Product Description: Fabric: Crafted with a soft and breathable cotton blend for all-day comfort. Stylish Printed Design: Trendy prints that add a touch of personality to your daily gym look. Versatile Gym Wear: Perfectly designed for workouts, casual outings, or lounging at home. Available in Multiple Colors: Choose f",https://triprindia.com/products/men-v-neck-plain-vest-vt2-brown,,true,indexable,https://triprindia.com/products/men-v-neck-plain-vest-vt2-brown,true,Men V-neck Plain Vest / Brown,1,1111,263,1153,41,11,1,1,4,2,0,high,false,13,6,46,ProductGroup|FAQPage,true,JudgeMe,meta_description_length|missing_image_alt|script_count_high|image_alt_duplicate_on_page|image_missing_dimensions
https://triprindia.com/products/pack-of-2-men-plain-v-neck-top-vest-vt2-navy-vt2-beige,https://triprindia.com/products/pack-of-2-men-plain-v-neck-top-vest-vt2-navy-vt2-beige,false,0,200,product,(Pack Of 2) Mens Navy & Beige Plain V-Neck Vests – TRIPR,"Product Description:Fabric: Crafted with a soft and breathable cotton blend for all-day comfort.Stylish Printed Design: Trendy prints that add a touch of personality to your daily gym look.Versatile Gym Wear: Perfectly designed for workouts, casual outings, or lounging at home.Available in Multiple Colors: Choose from",https://triprindia.com/products/pack-of-2-men-plain-v-neck-top-vest-vt2-navy-vt2-beige,,true,indexable,https://triprindia.com/products/pack-of-2-men-plain-v-neck-top-vest-vt2-navy-vt2-beige,true,(Pack Of 2) Mens Navy & Beige Plain V-Neck Vests,1,1105,271,1153,41,11,1,1,4,2,0,high,false,17,6,45,ProductGroup|FAQPage,true,JudgeMe,meta_description_length|missing_image_alt|script_count_high|image_alt_duplicate_on_page|image_missing_dimensions
https://triprindia.com/products/pack-of-2-men-plain-v-neck-top-vest-vt2-navy-vt2-grey,https://triprindia.com/products/pack-of-2-men-plain-v-neck-top-vest-vt2-navy-vt2-grey,false,0,200,product,(Pack Of 2) Mens Navy & Grey Plain V-Neck Vests – TRIPR,"Product Description:Fabric: Crafted with a soft and breathable cotton blend for all-day comfort.Stylish Printed Design: Trendy prints that add a touch of personality to your daily gym look.Versatile Gym Wear: Perfectly designed for workouts, casual outings, or lounging at home.Available in Multiple Colors: Choose from",https://triprindia.com/products/pack-of-2-men-plain-v-neck-top-vest-vt2-navy-vt2-grey,,true,indexable,https://triprindia.com/products/pack-of-2-men-plain-v-neck-top-vest-vt2-navy-vt2-grey,true,(Pack Of 2) Mens Navy & Grey Plain V-Neck Vests,1,1105,264,1140,41,11,1,1,4,2,0,high,false,13,6,45,ProductGroup|FAQPage,true,JudgeMe,meta_description_length|missing_image_alt|script_count_high|image_alt_duplicate_on_page|image_missing_dimensions
https://triprindia.com/products/pack-of-2-men-plain-v-neck-top-vest-vt2-brown-vt2-navy,https://triprindia.com/products/pack-of-2-men-plain-v-neck-top-vest-vt2-brown-vt2-navy,false,0,200,product,(Pack Of 2) Mens Plain V-Neck Vest / Brown & Navy – TRIPR,"Product Description: Fabric: Crafted with a soft and breathable cotton blend for all-day comfort. Stylish Printed Design: Trendy prints that add a touch of personality to your daily gym look. Versatile Gym Wear: Perfectly designed for workouts, casual outings, or lounging at home. Available in Multiple Colors: Choose f",https://triprindia.com/products/pack-of-2-men-plain-v-neck-top-vest-vt2-brown-vt2-navy,,true,indexable,https://triprindia.com/products/pack-of-2-men-plain-v-neck-top-vest-vt2-brown-vt2-navy,true,(Pack Of 2) Mens Plain V-Neck Vest / Brown & Navy,1,1071,272,1159,41,11,1,1,4,2,0,high,false,17,6,46,ProductGroup|FAQPage,true,JudgeMe,meta_description_length|missing_image_alt|script_count_high|image_alt_duplicate_on_page|image_missing_dimensions
https://triprindia.com/products/men-printed-half-sleeve-round-neck-d186-cotton-blend-navyblue-t-shirt,https://triprindia.com/products/men-printed-half-sleeve-round-neck-d186-cotton-blend-navyblue-t-shirt,false,0,200,product,Men Printed Half Sleeve Round Neck Cotton Blend Navyblue T-Shirt – TRIPR,"Product Description: Trendy half sleeve t-shirt with a unique printed design for a stylish look. Crafted from soft and breathable fabric for all-day comfort. Perfect for casual outings, weekend wear, or everyday styling. Available in sizes S, M, L, XL, and 2XL for the ideal fit. Durable stitching and good print quality",https://triprindia.com/products/men-printed-half-sleeve-round-neck-d186-cotton-blend-navyblue-t-shirt,,true,indexable,https://triprindia.com/products/men-printed-half-sleeve-round-neck-d186-cotton-blend-navyblue-t-shirt,true,Men Printed Half Sleeve Round Neck Cotton Blend Navyblue T-Shirt,1,1128,263,1148,41,11,1,1,4,2,0,high,false,11,6,46,ProductGroup|FAQPage,true,JudgeMe,title_length|meta_description_length|missing_image_alt|script_count_high|image_alt_duplicate_on_page|image_missing_dimensions
https://triprindia.com/products/men-printed-half-sleeve-round-neck-d186-cotton-blend-grey-t-shirt,https://triprindia.com/products/men-printed-half-sleeve-round-neck-d186-cotton-blend-grey-t-shirt,false,0,200,product,Men Printed Half Sleeve Round Neck Cotton Blend Grey T-Shirt – TRIPR,"Product Description: Trendy half sleeve t-shirt with a unique printed design for a stylish look. Crafted from soft and breathable fabric for all-day comfort. Perfect for casual outings, weekend wear, or everyday styling. Available in sizes S, M, L, XL, and 2XL for the ideal fit. Durable stitching and good print quality",https://triprindia.com/products/men-printed-half-sleeve-round-neck-d186-cotton-blend-grey-t-shirt,,true,indexable,https://triprindia.com/products/men-printed-half-sleeve-round-neck-d186-cotton-blend-grey-t-shirt,true,Men Printed Half Sleeve Round Neck Cotton Blend Grey T-Shirt,1,1128,266,1155,41,11,1,1,4,2,0,high,false,13,6,46,ProductGroup|FAQPage,true,JudgeMe,title_length|meta_description_length|missing_image_alt|script_count_high|image_alt_duplicate_on_page|image_missing_dimensions
https://triprindia.com/products/men-printed-half-sleeve-round-neck-d186-cotton-blend-olivegreen-t-shirt-1,https://triprindia.com/products/men-printed-half-sleeve-round-neck-d186-cotton-blend-olivegreen-t-shirt-1,false,0,200,product,Men Printed Half Sleeve Round Neck Cotton Blend Olivegreen T-Shirt – TRIPR,"Product Description: Trendy half sleeve t-shirt with a unique printed design for a stylish look. Crafted from soft and breathable fabric for all-day comfort. Perfect for casual outings, weekend wear, or everyday styling. Available in sizes S, M, L, XL, and 2XL for the ideal fit. Durable stitching and good print quality",https://triprindia.com/products/men-printed-half-sleeve-round-neck-d186-cotton-blend-olivegreen-t-shirt-1,,true,indexable,https://triprindia.com/products/men-printed-half-sleeve-round-neck-d186-cotton-blend-olivegreen-t-shirt-1,true,Men Printed Half Sleeve Round Neck Cotton Blend Olivegreen T-Shirt,1,1131,274,1167,41,11,1,1,4,2,0,high,false,17,6,46,ProductGroup|FAQPage,true,JudgeMe,title_length|meta_description_length|missing_image_alt|script_count_high|image_alt_duplicate_on_page|image_missing_dimensions
https://triprindia.com/products/men-printed-half-sleeve-round-neck-d185-cotton-blend-t-shirt-charcoal-black,https://triprindia.com/products/men-printed-half-sleeve-round-neck-d185-cotton-blend-t-shirt-charcoal-black,false,0,200,product,Men Printed Half Sleeve Round Neck Cotton Blend Charcoal Black T-Shirt – TRIPR,"Product Description: Trendy half sleeve t-shirt with a unique printed design for a stylish look. Crafted from soft and breathable fabric for all-day comfort. Perfect for casual outings, weekend wear, or everyday styling. Available in sizes S, M, L, XL, and 2XL for the ideal fit. Durable stitching and good print quality",https://triprindia.com/products/men-printed-half-sleeve-round-neck-d185-cotton-blend-t-shirt-charcoal-black,,true,indexable,https://triprindia.com/products/men-printed-half-sleeve-round-neck-d185-cotton-blend-t-shirt-charcoal-black,true,Men Printed Half Sleeve Round Neck Cotton Blend Charcoal Black T-Shirt,1,1131,274,1170,41,11,1,1,4,2,0,high,false,17,6,46,ProductGroup|FAQPage,true,JudgeMe,title_length|meta_description_length|missing_image_alt|script_count_high|image_alt_duplicate_on_page|image_missing_dimensions
https://triprindia.com/products/men-printed-ankle-fit-cuffed-jogger-charcoal-grey-j62,https://triprindia.com/products/men-printed-ankle-fit-cuffed-jogger-charcoal-grey-j62,false,0,200,product,Men Printed Ankle Fit Cuffed Jogger / Charcoal & Grey – TRIPR,"Product Description: Trendy Ankle-Fit Design – Modern slim-fit style with cuffed bottoms for a sharp and stylish look. Fabric – Crafted from soft, breathable, and durable material for all-day comfort. Stylish Prints – Features eye-catching prints that add a fashionable edge to your casual wear. Versatile &amp; Fashion-",https://triprindia.com/products/men-printed-ankle-fit-cuffed-jogger-charcoal-grey-j62,,true,indexable,https://triprindia.com/products/men-printed-ankle-fit-cuffed-jogger-charcoal-grey-j62,true,Men Printed Ankle Fit Cuffed Jogger / Charcoal & Grey,1,1106,274,1165,41,11,1,1,4,2,0,high,false,17,6,46,ProductGroup|FAQPage,true,JudgeMe,meta_description_length|missing_image_alt|script_count_high|image_alt_duplicate_on_page|image_missing_dimensions
https://triprindia.com/products/pack-of-2-men-star-printed-black-trackpants,https://triprindia.com/products/pack-of-2-men-star-printed-black-trackpants,false,0,200,product,(Pack Of 2) Men Star Printed Black Trackpants – TRIPR,"Product Description: Trendy Ankle-Fit Design – Modern slim-fit with cuffed bottoms for a sharp and stylish silhouette. Eye-Catching All-Over Prints – Unique and fashionable prints that elevate your casual look. Fabric – Made from soft, breathable, and durable material for maximum comfort. Versatile Streetwear Style – P",https://triprindia.com/products/pack-of-2-men-star-printed-black-trackpants,,true,indexable,https://triprindia.com/products/pack-of-2-men-star-printed-black-trackpants,true,(Pack Of 2) Men Star Printed Black Trackpants,1,1130,272,1169,41,11,1,1,4,2,0,high,false,15,6,46,ProductGroup|FAQPage,true,JudgeMe,meta_description_length|missing_image_alt|script_count_high|image_alt_duplicate_on_page|image_missing_dimensions
https://triprindia.com/products/pack-of-2-men-printed-black-grey-j62-black-grey-j63-trackpants,https://triprindia.com/products/pack-of-2-men-printed-black-grey-j62-black-grey-j63-trackpants,false,0,200,product,(Pack Of 2) Men Printed Black & Grey Trackpants – TRIPR,"Product Description: Trendy Ankle-Fit Design – Modern slim-fit with cuffed bottoms for a sharp and stylish silhouette. Eye-Catching All-Over Prints – Unique and fashionable prints that elevate your casual look. Fabric – Made from soft, breathable, and durable material for maximum comfort. Versatile Streetwear Style – P",https://triprindia.com/products/pack-of-2-men-printed-black-grey-j62-black-grey-j63-trackpants,,true,indexable,https://triprindia.com/products/pack-of-2-men-printed-black-grey-j62-black-grey-j63-trackpants,true,(Pack Of 2) Men Printed Black & Grey Trackpants,1,1132,274,1169,41,11,1,1,4,2,0,high,false,15,6,46,ProductGroup|FAQPage,true,JudgeMe,meta_description_length|missing_image_alt|script_count_high|image_alt_duplicate_on_page|image_missing_dimensions
https://triprindia.com/products/pack-of-2-half-sleeve-printed-round-neck-t-shirts-d173-black-d173-charcoal-black,https://triprindia.com/products/pack-of-2-half-sleeve-printed-round-neck-t-shirts-d173-black-d173-charcoal-black,false,0,200,product,(Pack Of 2) Hlaf Sleeve Floral Printed T-shirts / Black & Charcoal Bla – TRIPR,"Product Description: Classic Black Color: Timeless black shade that pairs effortlessly with any outfit for a sleek, stylish look. Comfortable Round Neck: Designed with a round neck for a relaxed fit, making it ideal for casual daily wear. Soft Cotton Blend Fabric: Crafted from a premium cotton blend for a soft, breatha",https://triprindia.com/products/pack-of-2-half-sleeve-printed-round-neck-t-shirts-d173-black-d173-charcoal-black,,true,indexable,https://triprindia.com/products/pack-of-2-half-sleeve-printed-round-neck-t-shirts-d173-black-d173-charcoal-black,true,(Pack Of 2) Hlaf Sleeve Floral Printed T-shirts / Black & Charcoal Black,1,1183,275,1168,41,11,1,1,4,2,0,high,false,17,6,46,ProductGroup|FAQPage,true,JudgeMe,title_length|meta_description_length|missing_image_alt|script_count_high|image_alt_duplicate_on_page|image_missing_dimensions
https://triprindia.com/products/pack-of-3-men-round-neck-plain-waffle-vest-vt10-maroon-red-white,https://triprindia.com/products/pack-of-3-men-round-neck-plain-waffle-vest-vt10-maroon-red-white,false,0,200,product,(Pack Of 3) Men Casual Round Neck Printed And Plain Vests – TRIPR,"Product Description: Fabric: Crafted with a soft and breathable cotton blend for all-day comfort. Stylish Printed Design: Trendy prints that add a touch of personality to your daily gym look. Versatile Gym Wear: Perfectly designed for workouts, casual outings, or lounging at home. Available in Multiple Colors: Choose f",https://triprindia.com/products/pack-of-3-men-round-neck-plain-waffle-vest-vt10-maroon-red-white,,true,indexable,https://triprindia.com/products/pack-of-3-men-round-neck-plain-waffle-vest-vt10-maroon-red-white,true,(Pack Of 3) Men Casual Round Neck Printed And Plain Vests,1,1133,408,1242,41,11,1,1,4,2,3,high,false,20,4,46,ProductGroup|FAQPage,true,JudgeMe,meta_description_length|missing_image_alt|script_count_high|image_alt_duplicate_on_page|image_missing_dimensions
https://triprindia.com/products/mens-multi-pockets-plain-baggy-fit-oversized-cargo-jogger-black,https://triprindia.com/products/mens-multi-pockets-plain-baggy-fit-oversized-cargo-jogger-black,false,0,200,product,Buy Navy Blue Baggy fit Multi Pocket Cargo Joggers Online – TRIPR,"Buy Baggy Cargo Jogger for men on Clearance Sale for ₹399 Online. Heavy Fabric, Multi pockets, Baggy oversized cargo jogger with cuff ankle. Explore huge collections of Trendy Cargo Joggers under 300 or 500 only at TRIPR India and enjoy Fastest delivery | Easy 7 days returns",https://triprindia.com/products/mens-multi-pockets-plain-baggy-fit-oversized-cargo-jogger-black,,true,indexable,https://triprindia.com/products/mens-multi-pockets-plain-baggy-fit-oversized-cargo-jogger-black,true,Mens Multi Pockets Plain Baggy fit oversized Cargo Jogger Black,1,1147,286,1198,41,11,1,1,4,2,6,high,false,18,6,46,ProductGroup|FAQPage,true,JudgeMe,meta_description_length|missing_image_alt|serp_title_h1_mismatch|serp_boilerplate_meta_description|script_count_high|image_alt_too_long|image_alt_duplicate_on_page|image_missing_dimensions
https://triprindia.com/products/men-printed-over-size-t-shirt-d198-white,https://triprindia.com/products/men-printed-over-size-t-shirt-d198-white,false,0,200,product,Men Printed White Over Size T-shirt – TRIPR,"Product Description: Trendy oversized t-shirts with bold all-over printed designs. Perfect blend of style and streetwear for a relaxed, edgy look. Made from soft, breathable fabric for maximum comfort. Machine washable for easy maintenance. Available in multicolor variants to suit every mood. Sizes: S to 2XL for a rela",https://triprindia.com/products/men-printed-over-size-t-shirt-d198-white,,true,indexable,https://triprindia.com/products/men-printed-over-size-t-shirt-d198-white,true,Men Printed White Over Size T-shirt,1,1111,274,1178,41,11,1,1,4,2,0,high,false,17,6,46,ProductGroup|FAQPage,true,JudgeMe,meta_description_length|missing_image_alt|script_count_high|image_alt_duplicate_on_page|image_missing_dimensions
https://triprindia.com/products/men-printed-over-size-t-shirt-d199-white-blue,https://triprindia.com/products/men-printed-over-size-t-shirt-d199-white-blue,false,0,200,product,White & Blue Men Printed Oversized T-shirt – TRIPR,"Product Description: Trendy oversized t-shirts with bold all-over printed designs. Perfect blend of style and streetwear for a relaxed, edgy look. Made from soft, breathable fabric for maximum comfort. Machine washable for easy maintenance. Available in multicolor variants to suit every mood. Sizes: S to 2XL for a rela",https://triprindia.com/products/men-printed-over-size-t-shirt-d199-white-blue,,true,indexable,https://triprindia.com/products/men-printed-over-size-t-shirt-d199-white-blue,true,White & Blue Men Printed Oversized T-shirt,1,1113,275,1178,41,11,1,1,4,2,0,high,false,17,6,46,ProductGroup|FAQPage,true,JudgeMe,meta_description_length|missing_image_alt|script_count_high|image_alt_duplicate_on_page|image_missing_dimensions
https://triprindia.com/products/men-printed-over-size-t-shirt-d201-black,https://triprindia.com/products/men-printed-over-size-t-shirt-d201-black,false,0,200,product,Black Men Printed Oversized T-shirt – TRIPR,"Product Description: Trendy oversized t-shirts with bold all-over printed designs. Perfect blend of style and streetwear for a relaxed, edgy look. Made from soft, breathable fabric for maximum comfort. Machine washable for easy maintenance. Available in multicolor variants to suit every mood. Sizes: S to 2XL for a rela",https://triprindia.com/products/men-printed-over-size-t-shirt-d201-black,,true,indexable,https://triprindia.com/products/men-printed-over-size-t-shirt-d201-black,true,Black Men Printed Oversized T-shirt,1,1109,269,1151,41,11,1,1,4,2,0,high,false,17,6,46,ProductGroup|FAQPage,true,JudgeMe,meta_description_length|missing_image_alt|script_count_high|image_alt_duplicate_on_page|image_missing_dimensions
https://triprindia.com/products/men-fear-less-printed-over-size-t-shirt-black-d196,https://triprindia.com/products/men-fear-less-printed-over-size-t-shirt-black-d196,false,0,200,product,Buy Men’s Fearless Printed Oversized Black T-Shirt Online – TRIPR,"Shop black oversized men’s T-shirt online at just ₹249. Trendy Fear Less typography print, lowest price guaranteed. Fastest delivery & easy 7-day returns!",https://triprindia.com/products/men-fear-less-printed-over-size-t-shirt-black-d196,,true,indexable,https://triprindia.com/products/men-fear-less-printed-over-size-t-shirt-black-d196,true,Black Men Fear Less Printed Oversized T-shirt,1,1110,277,1180,41,11,1,1,4,2,0,high,false,17,6,47,ProductGroup|FAQPage,true,JudgeMe,missing_image_alt|serp_boilerplate_meta_description|script_count_high|image_alt_duplicate_on_page|image_missing_dimensions
https://triprindia.com/products/men-rock-rebel-printed-over-size-t-shirt-black-d197,https://triprindia.com/products/men-rock-rebel-printed-over-size-t-shirt-black-d197,false,0,200,product,Black Men Rock Rebel Printed Oversized T-shirt – TRIPR,"Product Description: Trendy oversized t-shirts with bold all-over printed designs. Perfect blend of style and streetwear for a relaxed, edgy look. Made from soft, breathable fabric for maximum comfort. Machine washable for easy maintenance. Available in multicolor variants to suit every mood. Sizes: S to 2XL for a rela",https://triprindia.com/products/men-rock-rebel-printed-over-size-t-shirt-black-d197,,true,indexable,https://triprindia.com/products/men-rock-rebel-printed-over-size-t-shirt-black-d197,true,Black Men Rock Rebel Printed Oversized T-shirt,1,1109,277,1179,41,11,1,1,4,2,0,high,false,17,6,46,ProductGroup|FAQPage,true,JudgeMe,meta_description_length|missing_image_alt|script_count_high|image_alt_duplicate_on_page|image_missing_dimensions
https://triprindia.com/products/pack-of-4-mens-printed-vests-grey,https://triprindia.com/products/pack-of-4-mens-printed-vests-grey,false,0,200,product,(Pack Of 4) Mens Grey Printed Vests – TRIPR,"Product Description: Fabric: Crafted with a soft and breathable cotton blend for all-day comfort. Stylish Printed Design: Trendy prints that add a touch of personality to your daily gym look. Versatile Gym Wear: Perfectly designed for workouts, casual outings, or lounging at home. Available in Multiple Colors: Choose f",https://triprindia.com/products/pack-of-4-mens-printed-vests-grey,,true,indexable,https://triprindia.com/products/pack-of-4-mens-printed-vests-grey,true,(Pack Of 4) Mens Grey Printed Vests,1,1104,262,1146,41,11,1,1,4,2,0,high,false,11,6,46,ProductGroup|FAQPage,true,JudgeMe,meta_description_length|missing_image_alt|script_count_high|image_alt_duplicate_on_page|image_missing_dimensions
https://triprindia.com/products/mens-multi-pockets-plain-baggy-fit-oversized-cargo-jogger-grey,https://triprindia.com/products/mens-multi-pockets-plain-baggy-fit-oversized-cargo-jogger-grey,false,0,200,product,Buy Navy Blue Baggy fit Multi Pocket Cargo Joggers Online – TRIPR,"Buy Baggy Cargo Jogger for men on Clearance Sale for ₹399 Online. Heavy Fabric, Multi pockets, Baggy oversized cargo jogger with cuff ankle. Explore huge collections of Trendy Cargo Joggers under 300 or 500 only at TRIPR India and enjoy Fastest delivery | Easy 7 days returns",https://triprindia.com/products/mens-multi-pockets-plain-baggy-fit-oversized-cargo-jogger-grey,,true,indexable,https://triprindia.com/products/mens-multi-pockets-plain-baggy-fit-oversized-cargo-jogger-grey,true,Mens Multi Pockets Plain Baggy fit oversized Cargo Jogger / Grey,1,1148,282,1197,41,11,1,1,4,2,1,high,false,18,6,46,ProductGroup|FAQPage,true,JudgeMe,meta_description_length|missing_image_alt|serp_title_h1_mismatch|serp_boilerplate_meta_description|script_count_high|image_alt_too_long|image_alt_duplicate_on_page|image_missing_dimensions
https://triprindia.com/products/mens-multi-pockets-plain-baggy-fit-oversized-cargo-jogger-olive-green,https://triprindia.com/products/mens-multi-pockets-plain-baggy-fit-oversized-cargo-jogger-olive-green,false,0,200,product,Buy Navy Blue Baggy fit Multi Pocket Cargo Joggers Online – TRIPR,"Buy Baggy Cargo Jogger for men on Clearance Sale for ₹399 Online. Heavy Fabric, Multi pockets, Baggy oversized cargo jogger with cuff ankle. Explore huge collections of Trendy Cargo Joggers under 300 or 500 only at TRIPR India and enjoy Fastest delivery | Easy 7 days returns",https://triprindia.com/products/mens-multi-pockets-plain-baggy-fit-oversized-cargo-jogger-olive-green,,true,indexable,https://triprindia.com/products/mens-multi-pockets-plain-baggy-fit-oversized-cargo-jogger-olive-green,true,Mens Multi Pockets Plain Baggy fit oversized Cargo Jogger / Olive Green,1,1149,280,1198,41,11,1,1,4,2,1,high,false,18,6,46,ProductGroup|FAQPage,true,JudgeMe,meta_description_length|missing_image_alt|serp_title_h1_mismatch|serp_boilerplate_meta_description|script_count_high|image_alt_too_long|image_alt_duplicate_on_page|image_missing_dimensions
https://triprindia.com/products/mens-multi-pockets-plain-baggy-fit-oversized-cargo-jogger-beige,https://triprindia.com/products/mens-multi-pockets-plain-baggy-fit-oversized-cargo-jogger-beige,false,0,200,product,Buy Navy Blue Baggy fit Multi Pocket Cargo Joggers Online – TRIPR,"Buy Baggy Cargo Jogger for men on Clearance Sale for ₹399 Online. Heavy Fabric, Multi pockets, Baggy oversized cargo jogger with cuff ankle. Explore huge collections of Trendy Cargo Joggers under 300 or 500 only at TRIPR India and enjoy Fastest delivery | Easy 7 days returns",https://triprindia.com/products/mens-multi-pockets-plain-baggy-fit-oversized-cargo-jogger-beige,,true,indexable,https://triprindia.com/products/mens-multi-pockets-plain-baggy-fit-oversized-cargo-jogger-beige,true,Mens Multi Pockets Plain Baggy fit oversized Beige Cargo Jogger,1,1147,281,1197,41,11,1,1,4,2,1,high,false,18,6,46,ProductGroup|FAQPage,true,JudgeMe,meta_description_length|missing_image_alt|serp_title_h1_mismatch|serp_boilerplate_meta_description|script_count_high|image_alt_too_long|image_alt_duplicate_on_page|image_missing_dimensions
https://triprindia.com/products/men-plain-waffle-short-navy-blue-s32,https://triprindia.com/products/men-plain-waffle-short-navy-blue-s32,false,0,200,product,Men Plain Waffle Short Navy Blue – TRIPR,"Product Description: Trendy Waffle Pattern shorts with a unique and eye-catching pattern. Crafted for ultimate comfort, perfect for summer wear. Lightweight and breathable fabric keeps you cool and relaxed all day. Versatile design ideal for casual outings, beach trips, or lounging at home. Available in sizes S, M, L,",https://triprindia.com/products/men-plain-waffle-short-navy-blue-s32,,true,indexable,https://triprindia.com/products/men-plain-waffle-short-navy-blue-s32,true,Men Plain Waffle Short Navy Blue,1,1134,269,1171,41,11,1,1,4,2,0,high,false,17,5,46,ProductGroup|FAQPage,true,JudgeMe,meta_description_length|script_count_high|image_alt_duplicate_on_page|image_missing_dimensions
https://triprindia.com/products/mens-multi-pockets-plain-baggy-fit-oversized-cargo-jogger-white,https://triprindia.com/products/mens-multi-pockets-plain-baggy-fit-oversized-cargo-jogger-white,false,0,200,product,Buy Navy Blue Baggy fit Multi Pocket Cargo Joggers Online – TRIPR,"Buy Baggy Cargo Jogger for men on Clearance Sale for ₹399 Online. Heavy Fabric, Multi pockets, Baggy oversized cargo jogger with cuff ankle. Explore huge collections of Trendy Cargo Joggers under 300 or 500 only at TRIPR India and enjoy Fastest delivery | Easy 7 days returns",https://triprindia.com/products/mens-multi-pockets-plain-baggy-fit-oversized-cargo-jogger-white,,true,indexable,https://triprindia.com/products/mens-multi-pockets-plain-baggy-fit-oversized-cargo-jogger-white,true,Mens Multi Pockets Plain Baggy fit oversized Cargo Jogger White,1,1147,277,1198,41,11,1,1,4,2,1,high,false,18,6,46,ProductGroup|FAQPage,true,JudgeMe,meta_description_length|missing_image_alt|serp_title_h1_mismatch|serp_boilerplate_meta_description|script_count_high|image_alt_too_long|image_alt_duplicate_on_page|image_missing_dimensions
https://triprindia.com/products/men-full-sleeve-double-pocket-plain-zip-model-shirt-sh85-maroon,https://triprindia.com/products/men-full-sleeve-double-pocket-plain-zip-model-shirt-sh85-maroon,false,0,200,product,Men Relaxed Fit Double Pocket Full Sleeve Maroon Waffle Shirt – TRIPR,"Product Description for Waffle Plain Contrast Shirts – TRIPR INDIA Trendy waffle-textured shirts with a sleek contrast design for a standout look. Features double front pockets and a zip closure for a modern streetwear vibe. Made from soft, breathable fabric with a unique textured pattern. Designed in a relaxed fit for",https://triprindia.com/products/men-full-sleeve-double-pocket-plain-zip-model-shirt-sh85-maroon,,true,indexable,https://triprindia.com/products/men-full-sleeve-double-pocket-plain-zip-model-shirt-sh85-maroon,true,Men Relaxed Fit Double Pocket Full Sleeve Maroon Waffle Shirt,1,1147,278,1183,41,11,1,1,4,2,0,high,false,17,6,46,ProductGroup|FAQPage,true,JudgeMe,title_length|meta_description_length|missing_image_alt|script_count_high|image_alt_duplicate_on_page|image_missing_dimensions
https://triprindia.com/products/men-beach-green-v-neck-half-sleeve-zip-black-piping-t-shirt-d145,https://triprindia.com/products/men-beach-green-v-neck-half-sleeve-zip-black-piping-t-shirt-d145,false,0,200,product,Men Mandarin Collar Beach Green Half Sleeve Zip Black Piping T-shirt – TRIPR,Product Description Black Piping at Edges &amp; Collar adds a playful and trendy element. Sandal with Zipper Neck Black Contrast Half Sleeve T-shirt provides a stylish contrast.  Designed to Deliver both style and functionality With Fashionable one Visually appealing and versatile ensemble suitable for various occasion,https://triprindia.com/products/men-beach-green-v-neck-half-sleeve-zip-black-piping-t-shirt-d145,,true,indexable,https://triprindia.com/products/men-beach-green-v-neck-half-sleeve-zip-black-piping-t-shirt-d145,true,Men Mandarin Collar Beach Green Half Sleeve Zip Black Piping T-shirt,1,1123,272,1167,41,11,1,1,4,2,0,high,false,17,6,46,ProductGroup|FAQPage,true,JudgeMe,title_length|meta_description_length|missing_image_alt|serp_product_description_missing_detail|script_count_high|image_alt_duplicate_on_page|image_missing_dimensions
https://triprindia.com/products/pack-of-2-all-over-printed-over-size-t-shirts-white,https://triprindia.com/products/pack-of-2-all-over-printed-over-size-t-shirts-white,false,0,200,product,Pack Of 2 Printed & Solid Oversized Combo T-shirts – TRIPR,"Product Description: Trendy oversized combo t-shirts with bold all-over printed designs and Solid Colors. Perfect blend of style and streetwear for a relaxed, edgy look. Made from soft, breathable fabric for maximum comfort. Machine washable for easy maintenance. Available in multicolor variants to suit every mood. Siz",https://triprindia.com/products/pack-of-2-all-over-printed-over-size-t-shirts-white,,true,indexable,https://triprindia.com/products/pack-of-2-all-over-printed-over-size-t-shirts-white,true,Pack Of 2 Printed & Solid Oversized Combo T-shirts,1,1176,541,1368,41,11,1,1,4,2,0,high,false,20,4,46,ProductGroup|FAQPage,true,JudgeMe,meta_description_length|missing_image_alt|html_size_large|script_count_high|image_alt_duplicate_on_page|image_missing_dimensions
https://triprindia.com/products/track-suit-olive-green-half-sleeve-t-shirt-with-plain-grey-track-pant,https://triprindia.com/products/track-suit-olive-green-half-sleeve-t-shirt-with-plain-grey-track-pant,false,0,200,product,Out Fit Sets For Men Printed Tshirt & Printed Trackpants 22 Variants – TRIPR,"Product Description: Trendy Printed Full-Sleeve T-Shirt: Features a stylish round-neck design with a unique print, adding a modern touch to your casual look. Printed Cuffed Trackpants: Designed with matching prints and elasticated cuffs for a comfortable, tapered fit. Fabric: Made from Good-quality cotton for a soft, b",https://triprindia.com/products/track-suit-olive-green-half-sleeve-t-shirt-with-plain-grey-track-pant,,true,indexable,https://triprindia.com/products/track-suit-olive-green-half-sleeve-t-shirt-with-plain-grey-track-pant,true,Out Fit Sets For Men Printed Tshirt & Printed Trackpants 22 Variants,1,1223,696,1425,41,11,1,1,4,2,6,high,false,20,4,46,ProductGroup|FAQPage,true,JudgeMe,title_length|meta_description_length|missing_image_alt|html_size_large|script_count_high|image_count_high|image_alt_duplicate_on_page|image_missing_dimensions
https://triprindia.com/products/men-half-sleeve-round-neck-cotton-blend-t-shirt-black-white-d189,https://triprindia.com/products/men-half-sleeve-round-neck-cotton-blend-t-shirt-black-white-d189,false,0,200,product,Men Half Sleeve Round Neck Black - White Cotton Blend T-Shirt – TRIPR,"Product Description:  Trendy printed half sleeve t-shirts designed for a stylish casual look. Crafted from soft, breathable fabric for everyday comfort. Machine washable for easy care and durability. Combines style and comfort effortlessly. Available in multicolor variants to match your vibe. Sizes: S to 2XL for a perf",https://triprindia.com/products/men-half-sleeve-round-neck-cotton-blend-t-shirt-black-white-d189,,true,indexable,https://triprindia.com/products/men-half-sleeve-round-neck-cotton-blend-t-shirt-black-white-d189,true,Men Half Sleeve Round Neck Black - White Cotton Blend T-Shirt,1,1126,271,1160,41,11,1,1,4,2,0,high,false,17,6,46,ProductGroup|FAQPage,true,JudgeMe,title_length|meta_description_length|missing_image_alt|script_count_high|image_alt_duplicate_on_page|image_missing_dimensions
https://triprindia.com/products/men-half-sleeve-round-neck-cotton-blend-t-shirt-maroon-white-d189,https://triprindia.com/products/men-half-sleeve-round-neck-cotton-blend-t-shirt-maroon-white-d189,false,0,200,product,Men Half Sleeve Round Neck Maroon - White Cotton Blend T-Shirt – TRIPR,"Product Description:  Trendy printed half sleeve t-shirts designed for a stylish casual look. Crafted from soft, breathable fabric for everyday comfort. Machine washable for easy care and durability. Combines style and comfort effortlessly. Available in multicolor variants to match your vibe. Sizes: S to 2XL for a perf",https://triprindia.com/products/men-half-sleeve-round-neck-cotton-blend-t-shirt-maroon-white-d189,,true,indexable,https://triprindia.com/products/men-half-sleeve-round-neck-cotton-blend-t-shirt-maroon-white-d189,true,Men Half Sleeve Round Neck Maroon - White Cotton Blend T-Shirt,1,1124,271,1162,41,11,1,1,4,2,0,high,false,17,6,46,ProductGroup|FAQPage,true,JudgeMe,title_length|meta_description_length|missing_image_alt|script_count_high|image_alt_duplicate_on_page|image_missing_dimensions
https://triprindia.com/products/men-half-sleeve-round-neck-cotton-blend-t-shirt-olivegreen-whited189,https://triprindia.com/products/men-half-sleeve-round-neck-cotton-blend-t-shirt-olivegreen-whited189,false,0,200,product,Men Half Sleeve Round Neck Olivegreen - White Cotton Blend T-Shirt – TRIPR,"Product Description:  Trendy printed half sleeve t-shirts designed for a stylish casual look. Crafted from soft, breathable fabric for everyday comfort. Machine washable for easy care and durability. Combines style and comfort effortlessly. Available in multicolor variants to match your vibe. Sizes: S to 2XL for a perf",https://triprindia.com/products/men-half-sleeve-round-neck-cotton-blend-t-shirt-olivegreen-whited189,,true,indexable,https://triprindia.com/products/men-half-sleeve-round-neck-cotton-blend-t-shirt-olivegreen-whited189,true,Men Half Sleeve Round Neck Olivegreen - White Cotton Blend T-Shirt,1,1126,271,1160,41,11,1,1,4,2,0,high,false,17,6,46,ProductGroup|FAQPage,true,JudgeMe,title_length|meta_description_length|missing_image_alt|script_count_high|image_alt_duplicate_on_page|image_missing_dimensions
https://triprindia.com/products/feather-printed-half-sleeve-round-neck-mens-t-shirt-beige-d173,https://triprindia.com/products/feather-printed-half-sleeve-round-neck-mens-t-shirt-beige-d173,false,0,200,product,Feather Printed Half Sleeve Round Neck Mens T-shirt / Beige – TRIPR,"Product Description: Classic Black Color: Timeless black shade that pairs effortlessly with any outfit for a sleek, stylish look. Comfortable Round Neck: Designed with a round neck for a relaxed fit, making it ideal for casual daily wear. Soft Cotton Blend Fabric: Crafted from a premium cotton blend for a soft, breatha",https://triprindia.com/products/feather-printed-half-sleeve-round-neck-mens-t-shirt-beige-d173,,true,indexable,https://triprindia.com/products/feather-printed-half-sleeve-round-neck-mens-t-shirt-beige-d173,true,Feather Printed Half Sleeve Round Neck Mens T-shirt / Beige,1,1122,273,1160,41,11,1,1,4,2,0,high,false,17,6,46,ProductGroup|FAQPage,true,JudgeMe,title_length|meta_description_length|missing_image_alt|script_count_high|image_alt_duplicate_on_page|image_missing_dimensions
https://triprindia.com/products/feather-printed-half-sleeve-round-neck-mens-t-shirt-charcoal-black-d173,https://triprindia.com/products/feather-printed-half-sleeve-round-neck-mens-t-shirt-charcoal-black-d173,false,0,200,product,Feather Printed Half Sleeve Round Neck Mens T-shirt / Charcoal Black – TRIPR,"Product Description: Classic Black Color: Timeless black shade that pairs effortlessly with any outfit for a sleek, stylish look. Comfortable Round Neck: Designed with a round neck for a relaxed fit, making it ideal for casual daily wear. Soft Cotton Blend Fabric: Crafted from a premium cotton blend for a soft, breatha",https://triprindia.com/products/feather-printed-half-sleeve-round-neck-mens-t-shirt-charcoal-black-d173,,true,indexable,https://triprindia.com/products/feather-printed-half-sleeve-round-neck-mens-t-shirt-charcoal-black-d173,true,Feather Printed Half Sleeve Round Neck Mens T-shirt / Charcoal Black,1,1124,274,1160,41,11,1,1,4,2,0,high,false,17,6,46,ProductGroup|FAQPage,true,JudgeMe,title_length|meta_description_length|missing_image_alt|script_count_high|image_alt_duplicate_on_page|image_missing_dimensions
https://triprindia.com/products/feather-printed-half-sleeve-round-neck-mens-t-shirt-maroon-d173,https://triprindia.com/products/feather-printed-half-sleeve-round-neck-mens-t-shirt-maroon-d173,false,0,200,product,Feather Printed Half Sleeve Round Neck Maroon Mens T-shirt – TRIPR,"Product Description: Classic Black Color: Timeless black shade that pairs effortlessly with any outfit for a sleek, stylish look. Comfortable Round Neck: Designed with a round neck for a relaxed fit, making it ideal for casual daily wear. Soft Cotton Blend Fabric: Crafted from a premium cotton blend for a soft, breatha",https://triprindia.com/products/feather-printed-half-sleeve-round-neck-mens-t-shirt-maroon-d173,,true,indexable,https://triprindia.com/products/feather-printed-half-sleeve-round-neck-mens-t-shirt-maroon-d173,true,Feather Printed Half Sleeve Round Neck Maroon Mens T-shirt,1,1183,274,1166,41,11,1,1,4,2,0,high,false,17,6,46,ProductGroup|FAQPage,true,JudgeMe,title_length|meta_description_length|missing_image_alt|script_count_high|image_alt_duplicate_on_page|image_missing_dimensions
https://triprindia.com/products/feather-printed-half-sleeve-round-neck-mens-t-shirt-navy-blue-d173,https://triprindia.com/products/feather-printed-half-sleeve-round-neck-mens-t-shirt-navy-blue-d173,false,0,200,product,Feather Printed Half Sleeve Navy Blue Round Neck Mens T-shirt – TRIPR,"Product Description: Classic Black Color: Timeless black shade that pairs effortlessly with any outfit for a sleek, stylish look. Comfortable Round Neck: Designed with a round neck for a relaxed fit, making it ideal for casual daily wear. Soft Cotton Blend Fabric: Crafted from a premium cotton blend for a soft, breatha",https://triprindia.com/products/feather-printed-half-sleeve-round-neck-mens-t-shirt-navy-blue-d173,,true,indexable,https://triprindia.com/products/feather-printed-half-sleeve-round-neck-mens-t-shirt-navy-blue-d173,true,Feather Printed Half Sleeve Navy Blue Round Neck Mens T-shirt,1,1182,273,1168,41,11,1,1,4,2,0,high,false,17,6,46,ProductGroup|FAQPage,true,JudgeMe,title_length|meta_description_length|missing_image_alt|script_count_high|image_alt_duplicate_on_page|image_missing_dimensions
https://triprindia.com/products/feather-printed-half-sleeve-round-neck-mens-t-shirt-olive-green-d173,https://triprindia.com/products/feather-printed-half-sleeve-round-neck-mens-t-shirt-olive-green-d173,false,0,200,product,Feather Printed Half Sleeve Olive Green Round Neck Mens T-shirt – TRIPR,"Product Description: Classic Black Color: Timeless black shade that pairs effortlessly with any outfit for a sleek, stylish look. Comfortable Round Neck: Designed with a round neck for a relaxed fit, making it ideal for casual daily wear. Soft Cotton Blend Fabric: Crafted from a premium cotton blend for a soft, breatha",https://triprindia.com/products/feather-printed-half-sleeve-round-neck-mens-t-shirt-olive-green-d173,,true,indexable,https://triprindia.com/products/feather-printed-half-sleeve-round-neck-mens-t-shirt-olive-green-d173,true,Feather Printed Half Sleeve Olive Green Round Neck Mens T-shirt,1,1182,274,1168,41,11,1,1,4,2,0,high,false,17,6,46,ProductGroup|FAQPage,true,JudgeMe,title_length|meta_description_length|missing_image_alt|script_count_high|image_alt_duplicate_on_page|image_missing_dimensions
https://triprindia.com/products/men-casual-round-neck-all-over-printed-top-vest-black-vt11,https://triprindia.com/products/men-casual-round-neck-all-over-printed-top-vest-black-vt11,false,0,200,product,Men Casual Round Neck All Over Printed Top Vest Black – TRIPR,"Product Description: Fabric: Crafted with a soft and breathable cotton blend for all-day comfort. Stylish Printed Design: Trendy prints that add a touch of personality to your daily gym look. Versatile Gym Wear: Perfectly designed for workouts, casual outings, or lounging at home. Available in Multiple Colors: Choose f",https://triprindia.com/products/men-casual-round-neck-all-over-printed-top-vest-black-vt11,,true,indexable,https://triprindia.com/products/men-casual-round-neck-all-over-printed-top-vest-black-vt11,true,Men Casual Round Neck All Over Printed Top Vest Black,1,1112,270,1165,41,11,1,1,4,2,0,high,false,17,6,46,ProductGroup|FAQPage,true,JudgeMe,meta_description_length|missing_image_alt|script_count_high|image_alt_duplicate_on_page|image_missing_dimensions
https://triprindia.com/products/men-over-all-printed-over-size-t-shirt-white-d204,https://triprindia.com/products/men-over-all-printed-over-size-t-shirt-white-d204,false,0,200,product,Men Over All Printed White Oversized T-shirt – TRIPR,"Product Description: Trendy oversized t-shirts with bold all-over printed designs. Perfect blend of style and streetwear for a relaxed, edgy look. Made from soft, breathable fabric for maximum comfort. Machine washable for easy maintenance. Available in multicolor variants to suit every mood. Sizes: S to 2XL for a rela",https://triprindia.com/products/men-over-all-printed-over-size-t-shirt-white-d204,,true,indexable,https://triprindia.com/products/men-over-all-printed-over-size-t-shirt-white-d204,true,Men Over All Printed White Oversized T-shirt,1,1111,276,1178,41,11,1,1,4,2,0,high,false,17,6,46,ProductGroup|FAQPage,true,JudgeMe,meta_description_length|missing_image_alt|script_count_high|image_alt_duplicate_on_page|image_missing_dimensions
https://triprindia.com/products/men-multicolor-all-over-printed-over-size-t-shirt-white-d205,https://triprindia.com/products/men-multicolor-all-over-printed-over-size-t-shirt-white-d205,false,0,200,product,Men White Multicolor All Over Printed Oversized T-shirt – TRIPR,"Product Description: Trendy oversized t-shirts with bold all-over printed designs. Perfect blend of style and streetwear for a relaxed, edgy look. Made from soft, breathable fabric for maximum comfort. Machine washable for easy maintenance. Available in multicolor variants to suit every mood. Sizes: S to 2XL for a rela",https://triprindia.com/products/men-multicolor-all-over-printed-over-size-t-shirt-white-d205,,true,indexable,https://triprindia.com/products/men-multicolor-all-over-printed-over-size-t-shirt-white-d205,true,Men White Multicolor All Over Printed Oversized T-shirt,1,1113,277,1178,41,11,1,1,4,2,0,high,false,17,6,46,ProductGroup|FAQPage,true,JudgeMe,meta_description_length|missing_image_alt|script_count_high|image_alt_duplicate_on_page|image_missing_dimensions
https://triprindia.com/products/track-suuit-half-sleeve-d189-grey-printed-t-shirt-with-plain-grey-track-pant,https://triprindia.com/products/track-suuit-half-sleeve-d189-grey-printed-t-shirt-with-plain-grey-track-pant,false,0,200,product,Track Suit Half Sleeve Colorblocked T-shirt with Plain Tackpants- 17 V – TRIPR,"Product Description: Trendy Printed T-Shirts: Half sleeve, round neck tees with bold, eye-catching prints that add a fresh touch to your everyday style. Plain Trackpants for a Balanced Look: Minimalist design trackpants provide a clean contrast to the printed t-shirt. Soft &amp; Breathable Cotton Fabric: Made from cott",https://triprindia.com/products/track-suuit-half-sleeve-d189-grey-printed-t-shirt-with-plain-grey-track-pant,,true,indexable,https://triprindia.com/products/track-suuit-half-sleeve-d189-grey-printed-t-shirt-with-plain-grey-track-pant,true,Track Suit Half Sleeve Colorblocked T-shirt with Plain Tackpants- 17 Variants,1,1191,574,1364,41,11,1,1,4,2,0,high,false,20,4,46,ProductGroup|FAQPage,true,JudgeMe,title_length|meta_description_length|missing_image_alt|html_size_large|script_count_high|image_count_high|image_alt_duplicate_on_page|image_missing_dimensions
https://triprindia.com/products/track-suuit-half-sleeve-d186-olive-green-printed-t-shirt-with-plain-track-pant-grey,https://triprindia.com/products/track-suuit-half-sleeve-d186-olive-green-printed-t-shirt-with-plain-track-pant-grey,false,0,200,product,Track Suit Half Sleeve Printed Tshirts & Plain Trackpants 14 Variants – TRIPR,"Product Description: Trendy Printed T-Shirts: Half sleeve, round neck tees with bold, eye-catching prints that add a fresh touch to your everyday style. Plain Trackpants for a Balanced Look: Minimalist design trackpants provide a clean contrast to the printed t-shirt. Soft &amp; Breathable Cotton Fabric: Made from cott",https://triprindia.com/products/track-suuit-half-sleeve-d186-olive-green-printed-t-shirt-with-plain-track-pant-grey,,true,indexable,https://triprindia.com/products/track-suuit-half-sleeve-d186-olive-green-printed-t-shirt-with-plain-track-pant-grey,true,Track Suit Half Sleeve Printed Tshirts & Plain Trackpants 14 Variants,1,1249,519,1323,41,11,1,1,4,2,0,high,false,20,4,46,ProductGroup|FAQPage,true,JudgeMe,title_length|meta_description_length|missing_image_alt|html_size_large|script_count_high|image_alt_duplicate_on_page|image_missing_dimensions
https://triprindia.com/products/track-suit-printed-d184-beige-t-shirt-with-plain-track-pant-black,https://triprindia.com/products/track-suit-printed-d184-beige-t-shirt-with-plain-track-pant-black,false,0,200,product,Track Suit Half Sleeve Beige Printed T-shirt with Plain Black Trackpan – TRIPR,"Product Description: Trendy Printed T-Shirts: Half sleeve, round neck tees with bold, eye-catching prints that add a fresh touch to your everyday style. Plain Trackpants for a Balanced Look: Minimalist design trackpants provide a clean contrast to the printed t-shirt. Soft &amp; Breathable Cotton Fabric: Made from cott",https://triprindia.com/products/track-suit-printed-d184-beige-t-shirt-with-plain-track-pant-black,,true,indexable,https://triprindia.com/products/track-suit-printed-d184-beige-t-shirt-with-plain-track-pant-black,true,Track Suit Half Sleeve Beige Printed T-shirt with Plain Black Trackpant,1,1169,272,1165,41,11,1,1,4,2,0,high,false,15,6,46,ProductGroup|FAQPage,true,JudgeMe,title_length|meta_description_length|missing_image_alt|script_count_high|image_alt_duplicate_on_page|image_missing_dimensions
https://triprindia.com/products/track-suit-printed-d184-grey-t-shirt-with-plain-track-pant-black,https://triprindia.com/products/track-suit-printed-d184-grey-t-shirt-with-plain-track-pant-black,false,0,200,product,Track Suit Half Sleeve Grey Printed T-shirt with Plain Black Trackpant – TRIPR,"Product Description: Trendy Printed T-Shirts: Half sleeve, round neck tees with bold, eye-catching prints that add a fresh touch to your everyday style. Plain Trackpants for a Balanced Look: Minimalist design trackpants provide a clean contrast to the printed t-shirt. Soft &amp; Breathable Cotton Fabric: Made from cott",https://triprindia.com/products/track-suit-printed-d184-grey-t-shirt-with-plain-track-pant-black,,true,indexable,https://triprindia.com/products/track-suit-printed-d184-grey-t-shirt-with-plain-track-pant-black,true,Track Suit Half Sleeve Grey Printed T-shirt with Plain Black Trackpant,1,1169,279,1172,41,11,1,1,4,2,0,high,false,17,6,46,ProductGroup|FAQPage,true,JudgeMe,title_length|meta_description_length|missing_image_alt|script_count_high|image_alt_duplicate_on_page|image_missing_dimensions
https://triprindia.com/products/track-suit-printed-d184-maroon-t-shirt-with-plain-track-pant-black,https://triprindia.com/products/track-suit-printed-d184-maroon-t-shirt-with-plain-track-pant-black,false,0,200,product,Track Suit Half Sleeve Maroon Printed T-shirt with Plain Black Trackpa – TRIPR,"Product Description: Trendy Printed T-Shirts: Half sleeve, round neck tees with bold, eye-catching prints that add a fresh touch to your everyday style. Plain Trackpants for a Balanced Look: Minimalist design trackpants provide a clean contrast to the printed t-shirt. Soft &amp; Breathable Cotton Fabric: Made from cott",https://triprindia.com/products/track-suit-printed-d184-maroon-t-shirt-with-plain-track-pant-black,,true,indexable,https://triprindia.com/products/track-suit-printed-d184-maroon-t-shirt-with-plain-track-pant-black,true,Track Suit Half Sleeve Maroon Printed T-shirt with Plain Black Trackpant,1,1169,275,1172,41,11,1,1,4,2,0,high,false,17,6,46,ProductGroup|FAQPage,true,JudgeMe,title_length|meta_description_length|missing_image_alt|script_count_high|image_alt_duplicate_on_page|image_missing_dimensions
https://triprindia.com/products/track-suit-printed-d184-olive-green-t-shirt-with-plain-track-pant-black,https://triprindia.com/products/track-suit-printed-d184-olive-green-t-shirt-with-plain-track-pant-black,false,0,200,product,Track Suit Half Sleeve Olive Green Printed T-shirt with Plain Black Tr – TRIPR,"Product Description: Trendy Printed T-Shirts: Half sleeve, round neck tees with bold, eye-catching prints that add a fresh touch to your everyday style. Plain Trackpants for a Balanced Look: Minimalist design trackpants provide a clean contrast to the printed t-shirt. Soft &amp; Breathable Cotton Fabric: Made from cott",https://triprindia.com/products/track-suit-printed-d184-olive-green-t-shirt-with-plain-track-pant-black,,true,indexable,https://triprindia.com/products/track-suit-printed-d184-olive-green-t-shirt-with-plain-track-pant-black,true,Track Suit Half Sleeve Olive Green Printed T-shirt with Plain Black Trackpant,1,1171,279,1172,41,11,1,1,4,2,0,high,false,17,6,46,ProductGroup|FAQPage,true,JudgeMe,title_length|meta_description_length|missing_image_alt|script_count_high|image_alt_duplicate_on_page|image_missing_dimensions
https://triprindia.com/products/track-suit-printed-d184-black-t-shirt-with-plain-track-pant-grey,https://triprindia.com/products/track-suit-printed-d184-black-t-shirt-with-plain-track-pant-grey,false,0,200,product,Track Suit Half Sleeve Black Printed T-shirt with Plain Grey Trackpant – TRIPR,"Product Description: Trendy Printed T-Shirts: Half sleeve, round neck tees with bold, eye-catching prints that add a fresh touch to your everyday style. Plain Trackpants for a Balanced Look: Minimalist design trackpants provide a clean contrast to the printed t-shirt. Soft &amp; Breathable Cotton Fabric: Made from cott",https://triprindia.com/products/track-suit-printed-d184-black-t-shirt-with-plain-track-pant-grey,,true,indexable,https://triprindia.com/products/track-suit-printed-d184-black-t-shirt-with-plain-track-pant-grey,true,Track Suit Half Sleeve Black Printed T-shirt with Plain Grey Trackpant,1,1160,277,1169,41,11,1,1,4,2,0,high,false,17,6,46,ProductGroup|FAQPage,true,JudgeMe,title_length|meta_description_length|missing_image_alt|script_count_high|image_alt_duplicate_on_page|image_missing_dimensions
https://triprindia.com/products/track-suit-printed-d184-maroon-t-shirt-with-plain-track-pant-grey,https://triprindia.com/products/track-suit-printed-d184-maroon-t-shirt-with-plain-track-pant-grey,false,0,200,product,Track Suit Half Sleeve Maroon Printed T-shirt with Plain Grey Trackpan – TRIPR,"Product Description: Trendy Printed T-Shirts: Half sleeve, round neck tees with bold, eye-catching prints that add a fresh touch to your everyday style. Plain Trackpants for a Balanced Look: Minimalist design trackpants provide a clean contrast to the printed t-shirt. Soft &amp; Breathable Cotton Fabric: Made from cott",https://triprindia.com/products/track-suit-printed-d184-maroon-t-shirt-with-plain-track-pant-grey,,true,indexable,https://triprindia.com/products/track-suit-printed-d184-maroon-t-shirt-with-plain-track-pant-grey,true,Track Suit Half Sleeve Maroon Printed T-shirt with Plain Grey Trackpant,1,1160,276,1162,41,11,1,1,4,2,0,high,false,15,6,46,ProductGroup|FAQPage,true,JudgeMe,title_length|meta_description_length|missing_image_alt|script_count_high|image_alt_duplicate_on_page|image_missing_dimensions
https://triprindia.com/products/track-suit-printed-d184-olive-green-t-shirt-with-plain-track-pant-grey,https://triprindia.com/products/track-suit-printed-d184-olive-green-t-shirt-with-plain-track-pant-grey,false,0,200,product,Track Suit Half Sleeve Olive Green Printed T-shirt with Plain Grey Tra – TRIPR,"Product Description: Trendy Printed T-Shirts: Half sleeve, round neck tees with bold, eye-catching prints that add a fresh touch to your everyday style. Plain Trackpants for a Balanced Look: Minimalist design trackpants provide a clean contrast to the printed t-shirt. Soft &amp; Breathable Cotton Fabric: Made from cott",https://triprindia.com/products/track-suit-printed-d184-olive-green-t-shirt-with-plain-track-pant-grey,,true,indexable,https://triprindia.com/products/track-suit-printed-d184-olive-green-t-shirt-with-plain-track-pant-grey,true,Track Suit Half Sleeve Olive Green Printed T-shirt with Plain Grey Trackpant,1,1162,279,1169,41,11,1,1,4,2,0,high,false,17,6,46,ProductGroup|FAQPage,true,JudgeMe,title_length|meta_description_length|missing_image_alt|script_count_high|image_alt_duplicate_on_page|image_missing_dimensions
https://triprindia.com/products/track-suit-printed-d184-black-t-shirt-with-printed-track-pant-j61-beige,https://triprindia.com/products/track-suit-printed-d184-black-t-shirt-with-printed-track-pant-j61-beige,false,0,200,product,Track Suit Half Sleeve Black Printed T-shirt with Beige Printed Trackp – TRIPR,"Product Description: Design: Features bold typography printed designs for a trendy and modern look. Complete Set: Includes a coordinated half-sleeve T-shirt and jogger pants. Size Range: Available in sizes S to 2XL, ensuring a perfect fit for everyone. Trendy Colors: Available in a range of colors to match your persona",https://triprindia.com/products/track-suit-printed-d184-black-t-shirt-with-printed-track-pant-j61-beige,,true,indexable,https://triprindia.com/products/track-suit-printed-d184-black-t-shirt-with-printed-track-pant-j61-beige,true,Track Suit Half Sleeve Black Printed T-shirt with Beige Printed Trackpant,1,1109,273,1175,41,11,1,1,4,2,0,high,false,17,6,46,ProductGroup|FAQPage,true,JudgeMe,title_length|meta_description_length|missing_image_alt|script_count_high|image_alt_duplicate_on_page|image_missing_dimensions
https://triprindia.com/products/track-suit-printed-d184-beige-t-shirt-with-printed-track-pant-j61-olive-green,https://triprindia.com/products/track-suit-printed-d184-beige-t-shirt-with-printed-track-pant-j61-olive-green,false,0,200,product,Track Suit Half Sleeve Beige Printed T-shirt with Olivegreen Printed T – TRIPR,"Product Description: Design: Features bold typography printed designs for a trendy and modern look. Complete Set: Includes a coordinated half-sleeve T-shirt and jogger pants. Size Range: Available in sizes S to 2XL, ensuring a perfect fit for everyone. Trendy Colors: Available in a range of colors to match your persona",https://triprindia.com/products/track-suit-printed-d184-beige-t-shirt-with-printed-track-pant-j61-olive-green,,true,indexable,https://triprindia.com/products/track-suit-printed-d184-beige-t-shirt-with-printed-track-pant-j61-olive-green,true,Track Suit Half Sleeve Beige Printed T-shirt with Olivegreen Printed Trackpant,1,1109,273,1175,41,11,1,1,4,2,0,high,false,17,6,46,ProductGroup|FAQPage,true,JudgeMe,title_length|meta_description_length|missing_image_alt|script_count_high|image_alt_duplicate_on_page|image_missing_dimensions|malformed_internal_link
https://triprindia.com/products/track-suit-printed-d184-beige-t-shirt-with-printed-track-pant-j61-black,https://triprindia.com/products/track-suit-printed-d184-beige-t-shirt-with-printed-track-pant-j61-black,false,0,200,product,Track Suit Half Sleeve Beige Printed T-shirt with Black Printed Trackp – TRIPR,"Product Description: Design: Features bold typography printed designs for a trendy and modern look. Complete Set: Includes a coordinated half-sleeve T-shirt and jogger pants. Size Range: Available in sizes S to 2XL, ensuring a perfect fit for everyone. Trendy Colors: Available in a range of colors to match your persona",https://triprindia.com/products/track-suit-printed-d184-beige-t-shirt-with-printed-track-pant-j61-black,,true,indexable,https://triprindia.com/products/track-suit-printed-d184-beige-t-shirt-with-printed-track-pant-j61-black,true,Track Suit Half Sleeve Beige Printed T-shirt with Black Printed Trackpant,1,1109,273,1175,41,11,1,1,4,2,0,high,false,17,6,46,ProductGroup|FAQPage,true,JudgeMe,title_length|meta_description_length|missing_image_alt|script_count_high|image_alt_duplicate_on_page|image_missing_dimensions|malformed_internal_link
https://triprindia.com/products/track-suit-printed-d184-grey-t-shirt-with-printed-track-pant-j61-black,https://triprindia.com/products/track-suit-printed-d184-grey-t-shirt-with-printed-track-pant-j61-black,false,0,200,product,Track Suit Half Sleeve Grey Printed T-shirt with Black Printed Trackpa – TRIPR,"Product Description: Design: Features bold typography printed designs for a trendy and modern look. Complete Set: Includes a coordinated half-sleeve T-shirt and jogger pants. Size Range: Available in sizes S to 2XL, ensuring a perfect fit for everyone. Trendy Colors: Available in a range of colors to match your persona",https://triprindia.com/products/track-suit-printed-d184-grey-t-shirt-with-printed-track-pant-j61-black,,true,indexable,https://triprindia.com/products/track-suit-printed-d184-grey-t-shirt-with-printed-track-pant-j61-black,true,Track Suit Half Sleeve Grey Printed T-shirt with Black Printed Trackpant,1,1109,273,1175,41,11,1,1,4,2,0,high,false,17,6,46,ProductGroup|FAQPage,true,JudgeMe,title_length|meta_description_length|missing_image_alt|script_count_high|image_alt_duplicate_on_page|image_missing_dimensions|malformed_internal_link
https://triprindia.com/products/track-suit-printed-d184-maroon-t-shirt-with-printed-track-pant-j61-black,https://triprindia.com/products/track-suit-printed-d184-maroon-t-shirt-with-printed-track-pant-j61-black,false,0,200,product,Track Suit Half Sleeve Maroon Printed T-shirt with Black Printed Track – TRIPR,"Product Description: Design: Features bold typography printed designs for a trendy and modern look. Complete Set: Includes a coordinated half-sleeve T-shirt and jogger pants. Size Range: Available in sizes S to 2XL, ensuring a perfect fit for everyone. Trendy Colors: Available in a range of colors to match your persona",https://triprindia.com/products/track-suit-printed-d184-maroon-t-shirt-with-printed-track-pant-j61-black,,true,indexable,https://triprindia.com/products/track-suit-printed-d184-maroon-t-shirt-with-printed-track-pant-j61-black,true,Track Suit Half Sleeve Maroon Printed T-shirt with Black Printed Trackpant,1,1109,273,1175,41,11,1,1,4,2,0,high,false,17,6,46,ProductGroup|FAQPage,true,JudgeMe,title_length|meta_description_length|missing_image_alt|script_count_high|image_alt_duplicate_on_page|image_missing_dimensions|malformed_internal_link
https://triprindia.com/products/track-suit-printed-d184-olive-green-t-shirt-with-printed-track-pant-j61-black,https://triprindia.com/products/track-suit-printed-d184-olive-green-t-shirt-with-printed-track-pant-j61-black,false,0,200,product,Track Suit Half Sleeve Olive Printed T-shirt with Black Printed Trackp – TRIPR,"Product Description: Design: Features bold typography printed designs for a trendy and modern look. Complete Set: Includes a coordinated half-sleeve T-shirt and jogger pants. Size Range: Available in sizes S to 2XL, ensuring a perfect fit for everyone. Trendy Colors: Available in a range of colors to match your persona",https://triprindia.com/products/track-suit-printed-d184-olive-green-t-shirt-with-printed-track-pant-j61-black,,true,indexable,https://triprindia.com/products/track-suit-printed-d184-olive-green-t-shirt-with-printed-track-pant-j61-black,true,Track Suit Half Sleeve Olive Printed T-shirt with Black Printed Trackpant,1,1109,273,1175,41,11,1,1,4,2,0,high,false,17,6,46,ProductGroup|FAQPage,true,JudgeMe,title_length|meta_description_length|missing_image_alt|script_count_high|image_alt_duplicate_on_page|image_missing_dimensions|malformed_internal_link
https://triprindia.com/products/track-suit-printed-d184-black-t-shirt-with-printed-track-pant-j61-olive-green,https://triprindia.com/products/track-suit-printed-d184-black-t-shirt-with-printed-track-pant-j61-olive-green,false,0,200,product,Track Suit Half Sleeve Black Printed T-shirt with Olive Green Printed  – TRIPR,"Product Description: Design: Features bold typography printed designs for a trendy and modern look. Complete Set: Includes a coordinated half-sleeve T-shirt and jogger pants. Size Range: Available in sizes S to 2XL, ensuring a perfect fit for everyone. Trendy Colors: Available in a range of colors to match your persona",https://triprindia.com/products/track-suit-printed-d184-black-t-shirt-with-printed-track-pant-j61-olive-green,,true,indexable,https://triprindia.com/products/track-suit-printed-d184-black-t-shirt-with-printed-track-pant-j61-olive-green,true,Track Suit Half Sleeve Black Printed T-shirt with Olive Green Printed Trackpant,1,1110,273,1175,41,11,1,1,4,2,0,high,false,17,6,46,ProductGroup|FAQPage,true,JudgeMe,title_length|meta_description_length|missing_image_alt|script_count_high|image_alt_duplicate_on_page|image_missing_dimensions|malformed_internal_link
https://triprindia.com/products/track-suit-printed-d184-black-t-shirt-with-printed-track-pant-j61-maroon,https://triprindia.com/products/track-suit-printed-d184-black-t-shirt-with-printed-track-pant-j61-maroon,false,0,200,product,Track Suit Half Sleeve Black Printed T-shirt with Maroon Printed Track – TRIPR,"Product Description: Design: Features bold typography printed designs for a trendy and modern look. Complete Set: Includes a coordinated half-sleeve T-shirt and jogger pants. Size Range: Available in sizes S to 2XL, ensuring a perfect fit for everyone. Trendy Colors: Available in a range of colors to match your persona",https://triprindia.com/products/track-suit-printed-d184-black-t-shirt-with-printed-track-pant-j61-maroon,,true,indexable,https://triprindia.com/products/track-suit-printed-d184-black-t-shirt-with-printed-track-pant-j61-maroon,true,Track Suit Half Sleeve Black Printed T-shirt with Maroon Printed Trackpant,1,1109,273,1175,41,11,1,1,4,2,0,high,false,17,6,46,ProductGroup|FAQPage,true,JudgeMe,title_length|meta_description_length|missing_image_alt|script_count_high|image_alt_duplicate_on_page|image_missing_dimensions|malformed_internal_link
https://triprindia.com/products/track-suit-printed-d184-black-t-shirt-with-printed-track-pant-j61-grey,https://triprindia.com/products/track-suit-printed-d184-black-t-shirt-with-printed-track-pant-j61-grey,false,0,200,product,Track Suit Half Sleeve Black Printed T-shirt with Grey Printed Trackpa – TRIPR,"Product Description: Design: Features bold typography printed designs for a trendy and modern look. Complete Set: Includes a coordinated half-sleeve T-shirt and jogger pants. Size Range: Available in sizes S to 2XL, ensuring a perfect fit for everyone. Trendy Colors: Available in a range of colors to match your persona",https://triprindia.com/products/track-suit-printed-d184-black-t-shirt-with-printed-track-pant-j61-grey,,true,indexable,https://triprindia.com/products/track-suit-printed-d184-black-t-shirt-with-printed-track-pant-j61-grey,true,Track Suit Half Sleeve Black Printed T-shirt with Grey Printed Trackpant,1,1109,272,1175,41,11,1,1,4,2,0,high,false,17,6,46,ProductGroup|FAQPage,true,JudgeMe,title_length|meta_description_length|missing_image_alt|script_count_high|image_alt_duplicate_on_page|image_missing_dimensions|malformed_internal_link
https://triprindia.com/products/track-suit-printed-d184-maroon-t-shirt-with-printed-track-pant-j61-grey,https://triprindia.com/products/track-suit-printed-d184-maroon-t-shirt-with-printed-track-pant-j61-grey,false,0,200,product,Track Suit Half Sleeve Maroon Printed T-shirt with Grey Printed Trackp – TRIPR,"Product Description: Design: Features bold typography printed designs for a trendy and modern look. Complete Set: Includes a coordinated half-sleeve T-shirt and jogger pants. Size Range: Available in sizes S to 2XL, ensuring a perfect fit for everyone. Trendy Colors: Available in a range of colors to match your persona",https://triprindia.com/products/track-suit-printed-d184-maroon-t-shirt-with-printed-track-pant-j61-grey,,true,indexable,https://triprindia.com/products/track-suit-printed-d184-maroon-t-shirt-with-printed-track-pant-j61-grey,true,Track Suit Half Sleeve Maroon Printed T-shirt with Grey Printed Trackpant,1,1109,273,1175,41,11,1,1,4,2,0,high,false,17,6,46,ProductGroup|FAQPage,true,JudgeMe,title_length|meta_description_length|missing_image_alt|script_count_high|image_alt_duplicate_on_page|image_missing_dimensions|malformed_internal_link
https://triprindia.com/products/track-suit-printed-d184-olive-green-t-shirt-with-printed-track-pant-j61-grey,https://triprindia.com/products/track-suit-printed-d184-olive-green-t-shirt-with-printed-track-pant-j61-grey,false,0,200,product,Track Suit Half Sleeve Olive Printed T-shirt with Grey Printed Trackpa – TRIPR,"Product Description: Design: Features bold typography printed designs for a trendy and modern look. Complete Set: Includes a coordinated half-sleeve T-shirt and jogger pants. Size Range: Available in sizes S to 2XL, ensuring a perfect fit for everyone. Trendy Colors: Available in a range of colors to match your persona",https://triprindia.com/products/track-suit-printed-d184-olive-green-t-shirt-with-printed-track-pant-j61-grey,,true,indexable,https://triprindia.com/products/track-suit-printed-d184-olive-green-t-shirt-with-printed-track-pant-j61-grey,true,Track Suit Half Sleeve Olive Printed T-shirt with Grey Printed Trackpant,1,1109,273,1175,41,11,1,1,4,2,0,high,false,17,6,46,ProductGroup|FAQPage,true,JudgeMe,title_length|meta_description_length|missing_image_alt|script_count_high|image_alt_duplicate_on_page|image_missing_dimensions|malformed_internal_link
https://triprindia.com/products/track-suit-printed-d184-grey-t-shirt-with-printed-track-pant-j61-olive-green,https://triprindia.com/products/track-suit-printed-d184-grey-t-shirt-with-printed-track-pant-j61-olive-green,false,0,200,product,Track Suit Half Sleeve Grey Printed T-shirt with Olive Green Printed T – TRIPR,"Product Description: Design: Features bold typography printed designs for a trendy and modern look. Complete Set: Includes a coordinated half-sleeve T-shirt and jogger pants. Size Range: Available in sizes S to 2XL, ensuring a perfect fit for everyone. Trendy Colors: Available in a range of colors to match your persona",https://triprindia.com/products/track-suit-printed-d184-grey-t-shirt-with-printed-track-pant-j61-olive-green,,true,indexable,https://triprindia.com/products/track-suit-printed-d184-grey-t-shirt-with-printed-track-pant-j61-olive-green,true,Track Suit Half Sleeve Grey Printed T-shirt with Olive Green Printed Trackpant,1,1111,273,1175,41,11,1,1,4,2,0,high,false,17,6,46,ProductGroup|FAQPage,true,JudgeMe,title_length|meta_description_length|missing_image_alt|script_count_high|image_alt_duplicate_on_page|image_missing_dimensions|malformed_internal_link
https://triprindia.com/products/track-suit-printed-d184-grey-t-shirt-with-printed-track-pant-j61-maroon,https://triprindia.com/products/track-suit-printed-d184-grey-t-shirt-with-printed-track-pant-j61-maroon,false,0,200,product,Track Suit Half Sleeve Grey Printed T-shirt with Maroon Printed Trackp – TRIPR,"Product Description: Design: Features bold typography printed designs for a trendy and modern look. Complete Set: Includes a coordinated half-sleeve T-shirt and jogger pants. Size Range: Available in sizes S to 2XL, ensuring a perfect fit for everyone. Trendy Colors: Available in a range of colors to match your persona",https://triprindia.com/products/track-suit-printed-d184-grey-t-shirt-with-printed-track-pant-j61-maroon,,true,indexable,https://triprindia.com/products/track-suit-printed-d184-grey-t-shirt-with-printed-track-pant-j61-maroon,true,Track Suit Half Sleeve Grey Printed T-shirt with Maroon Printed Trackpant,1,1109,273,1175,41,11,1,1,4,2,0,high,false,17,6,46,ProductGroup|FAQPage,true,JudgeMe,title_length|meta_description_length|missing_image_alt|script_count_high|image_alt_duplicate_on_page|image_missing_dimensions|malformed_internal_link
https://triprindia.com/products/track-suit-star-printed-beige-full-sleeve-t-shirt-with-star-printed-track-pant-beige,https://triprindia.com/products/track-suit-star-printed-beige-full-sleeve-t-shirt-with-star-printed-track-pant-beige,false,0,200,product,Tracksuit Full Sleeve Star Printed Beige T-shirt with Beige Printed Tr – TRIPR,"Product Description: Stylish Star Print Design: Full-sleeve round-neck black t-shirt with matching star-printed cuffed trackpants for a trendy look. Cotton Fabric: Made from good-quality cotton for a soft, breathable, and skin-friendly feel. Comfortable Cuffed Trackpants: Elasticated cuffs provide a snug fit, ensuring",https://triprindia.com/products/track-suit-star-printed-beige-full-sleeve-t-shirt-with-star-printed-track-pant-beige,,true,indexable,https://triprindia.com/products/track-suit-star-printed-beige-full-sleeve-t-shirt-with-star-printed-track-pant-beige,true,Tracksuit Full Sleeve Star Printed Beige T-shirt with Beige Printed Trackpant,1,1078,279,1165,41,11,1,1,4,2,0,high,false,17,6,46,ProductGroup|FAQPage,true,JudgeMe,title_length|meta_description_length|missing_image_alt|script_count_high|image_alt_duplicate_on_page|image_missing_dimensions
https://triprindia.com/products/track-suit-star-printed-dark-grey-full-sleeve-t-shirt-with-star-printed-track-pant-dark-grey,https://triprindia.com/products/track-suit-star-printed-dark-grey-full-sleeve-t-shirt-with-star-printed-track-pant-dark-grey,false,0,200,product,Tracksuit Full Sleeve Star Printed Darkgrey T-shirt / Darkgrey Printed – TRIPR,"Product Description: Stylish Star Print Design: Full-sleeve round-neck black t-shirt with matching star-printed cuffed trackpants for a trendy look. Cotton Fabric: Made from good-quality cotton for a soft, breathable, and skin-friendly feel. Comfortable Cuffed Trackpants: Elasticated cuffs provide a snug fit, ensuring",https://triprindia.com/products/track-suit-star-printed-dark-grey-full-sleeve-t-shirt-with-star-printed-track-pant-dark-grey,,true,indexable,https://triprindia.com/products/track-suit-star-printed-dark-grey-full-sleeve-t-shirt-with-star-printed-track-pant-dark-grey,true,Tracksuit Full Sleeve Star Printed Darkgrey T-shirt / Darkgrey Printed Trackpant,1,1077,279,1165,41,11,1,1,4,2,0,high,false,17,6,46,ProductGroup|FAQPage,true,JudgeMe,title_length|meta_description_length|missing_image_alt|script_count_high|image_alt_duplicate_on_page|image_missing_dimensions
https://triprindia.com/products/track-suit-star-printed-maroon-full-sleeve-t-shirt-with-star-printed-track-pant-maroon,https://triprindia.com/products/track-suit-star-printed-maroon-full-sleeve-t-shirt-with-star-printed-track-pant-maroon,false,0,200,product,Tracksuit Full Sleeve Star Printed Maroon T-shirt / Maroon Printed Tra – TRIPR,"Product Description: Stylish Star Print Design: Full-sleeve round-neck black t-shirt with matching star-printed cuffed trackpants for a trendy look. Cotton Fabric: Made from good-quality cotton for a soft, breathable, and skin-friendly feel. Comfortable Cuffed Trackpants: Elasticated cuffs provide a snug fit, ensuring",https://triprindia.com/products/track-suit-star-printed-maroon-full-sleeve-t-shirt-with-star-printed-track-pant-maroon,,true,indexable,https://triprindia.com/products/track-suit-star-printed-maroon-full-sleeve-t-shirt-with-star-printed-track-pant-maroon,true,Tracksuit Full Sleeve Star Printed Maroon T-shirt / Maroon Printed Trackpant,1,1078,279,1165,41,11,1,1,4,2,0,high,false,17,6,46,ProductGroup|FAQPage,true,JudgeMe,title_length|meta_description_length|missing_image_alt|script_count_high|image_alt_duplicate_on_page|image_missing_dimensions
https://triprindia.com/products/track-suit-star-printed-navy-blue-full-sleeve-t-shirt-with-star-printed-track-pant-navy-blue,https://triprindia.com/products/track-suit-star-printed-navy-blue-full-sleeve-t-shirt-with-star-printed-track-pant-navy-blue,false,0,200,product,Tracksuit Full Sleeve Star Printed Navyblue T-shirt with Navyblue Prin – TRIPR,"Product Description: Stylish Star Print Design: Full-sleeve round-neck black t-shirt with matching star-printed cuffed trackpants for a trendy look. Cotton Fabric: Made from good-quality cotton for a soft, breathable, and skin-friendly feel. Comfortable Cuffed Trackpants: Elasticated cuffs provide a snug fit, ensuring",https://triprindia.com/products/track-suit-star-printed-navy-blue-full-sleeve-t-shirt-with-star-printed-track-pant-navy-blue,,true,indexable,https://triprindia.com/products/track-suit-star-printed-navy-blue-full-sleeve-t-shirt-with-star-printed-track-pant-navy-blue,true,Tracksuit Full Sleeve Star Printed Navyblue T-shirt with Navyblue Printed Trackpant,1,1128,280,1171,41,11,1,1,4,2,0,high,false,17,6,46,ProductGroup|FAQPage,true,JudgeMe,title_length|meta_description_length|missing_image_alt|script_count_high|image_alt_duplicate_on_page|image_missing_dimensions
https://triprindia.com/products/track-suit-star-printed-olive-green-full-sleeve-t-shirt-with-star-printed-track-pant-olive-green,https://triprindia.com/products/track-suit-star-printed-olive-green-full-sleeve-t-shirt-with-star-printed-track-pant-olive-green,false,0,200,product,Tracksuit Full Sleeve Star Printed Olivegreen T-shirt with Olivegreen  – TRIPR,"Product Description: Stylish Star Print Design: Full-sleeve round-neck black t-shirt with matching star-printed cuffed trackpants for a trendy look. Cotton Fabric: Made from good-quality cotton for a soft, breathable, and skin-friendly feel. Comfortable Cuffed Trackpants: Elasticated cuffs provide a snug fit, ensuring",https://triprindia.com/products/track-suit-star-printed-olive-green-full-sleeve-t-shirt-with-star-printed-track-pant-olive-green,,true,indexable,https://triprindia.com/products/track-suit-star-printed-olive-green-full-sleeve-t-shirt-with-star-printed-track-pant-olive-green,true,Tracksuit Full Sleeve Star Printed Olivegreen T-shirt with Olivegreen Printed Trackpant,1,1125,281,1173,41,11,1,1,4,2,0,high,false,17,6,46,ProductGroup|FAQPage,true,JudgeMe,title_length|meta_description_length|missing_image_alt|script_count_high|image_alt_duplicate_on_page|image_missing_dimensions
https://triprindia.com/products/men-printed-loose-fit-colorblocked-trackpant-black-white-j70,https://triprindia.com/products/men-printed-loose-fit-colorblocked-trackpant-black-white-j70,false,0,200,product,Men Printed Baggy Colorblocked Track pant Black & White – TRIPR,"Product Description: Comfortable Loose Fit Design: Relaxed silhouette for maximum comfort and freedom of movement. Waffle Cotton Fabric: Soft, breathable, and textured fabric that keeps you cool and comfortable all day. Stylish Plain Look: Minimalist design perfect for casual, lounge, or travel wear. Stay Relaxed Anywh",https://triprindia.com/products/men-printed-loose-fit-colorblocked-trackpant-black-white-j70,,true,indexable,https://triprindia.com/products/men-printed-loose-fit-colorblocked-trackpant-black-white-j70,true,Men Printed Baggy Colorblocked Track pant Black & White,1,1125,274,1165,41,11,1,1,4,2,0,high,false,17,6,46,ProductGroup|FAQPage,true,JudgeMe,meta_description_length|missing_image_alt|script_count_high|image_alt_duplicate_on_page|image_missing_dimensions
https://triprindia.com/products/men-star-printed-with-cuffed-trackpant-maroon-white-j68,https://triprindia.com/products/men-star-printed-with-cuffed-trackpant-maroon-white-j68,false,0,200,product,Men Star Printed With Cuffed Trackpant Maroon & White – TRIPR,"Product Description: Trendy Ankle-Fit Design – Modern slim-fit with cuffed bottoms for a sharp and stylish silhouette. Eye-Catching All-Over Prints – Unique and fashionable prints that elevate your casual look. Fabric – Made from soft, breathable, and durable material for maximum comfort. Versatile Streetwear Style – P",https://triprindia.com/products/men-star-printed-with-cuffed-trackpant-maroon-white-j68,,true,indexable,https://triprindia.com/products/men-star-printed-with-cuffed-trackpant-maroon-white-j68,true,Men Star Printed With Cuffed Trackpant Maroon & White,1,1134,277,1174,41,11,1,1,4,2,0,high,false,17,6,46,ProductGroup|FAQPage,true,JudgeMe,meta_description_length|missing_image_alt|script_count_high|image_alt_duplicate_on_page|image_missing_dimensions
https://triprindia.com/products/men-star-printed-with-cuffed-trackpant-navyblue-white-j68,https://triprindia.com/products/men-star-printed-with-cuffed-trackpant-navyblue-white-j68,false,0,200,product,Men Navyblue & White Star Printed Cuffed Trackpant – TRIPR,"Product Description: Trendy Ankle-Fit Design – Modern slim-fit with cuffed bottoms for a sharp and stylish silhouette. Eye-Catching All-Over Prints – Unique and fashionable prints that elevate your casual look. Fabric – Made from soft, breathable, and durable material for maximum comfort. Versatile Streetwear Style – P",https://triprindia.com/products/men-star-printed-with-cuffed-trackpant-navyblue-white-j68,,true,indexable,https://triprindia.com/products/men-star-printed-with-cuffed-trackpant-navyblue-white-j68,true,Men Navyblue & White Star Printed Cuffed Trackpant,1,1130,277,1176,41,11,1,1,4,2,0,high,false,17,6,46,ProductGroup|FAQPage,true,JudgeMe,meta_description_length|missing_image_alt|script_count_high|image_alt_duplicate_on_page|image_missing_dimensions
https://triprindia.com/products/men-star-printed-with-cuffed-trackpant-olivegreen-white-j68,https://triprindia.com/products/men-star-printed-with-cuffed-trackpant-olivegreen-white-j68,false,0,200,product,Men White Star Printed With Cuffed Olivegreen Trackpant – TRIPR,"Product Description: Trendy Ankle-Fit Design – Modern slim-fit with cuffed bottoms for a sharp and stylish silhouette. Eye-Catching All-Over Prints – Unique and fashionable prints that elevate your casual look. Fabric – Made from soft, breathable, and durable material for maximum comfort. Versatile Streetwear Style – P",https://triprindia.com/products/men-star-printed-with-cuffed-trackpant-olivegreen-white-j68,,true,indexable,https://triprindia.com/products/men-star-printed-with-cuffed-trackpant-olivegreen-white-j68,true,Men White Star Printed With Cuffed Olivegreen Trackpant,1,1130,277,1176,41,11,1,1,4,2,0,high,false,17,6,46,ProductGroup|FAQPage,true,JudgeMe,meta_description_length|missing_image_alt|script_count_high|image_alt_duplicate_on_page|image_missing_dimensions
https://triprindia.com/products/men-star-printed-with-cuffed-trackpant-darkgrey-white-j68,https://triprindia.com/products/men-star-printed-with-cuffed-trackpant-darkgrey-white-j68,false,0,200,product,Men Star Printed With Cuffed Trackpant / Darkgrey & White – TRIPR,"Product Description: Trendy Ankle-Fit Design – Modern slim-fit with cuffed bottoms for a sharp and stylish silhouette. Eye-Catching All-Over Prints – Unique and fashionable prints that elevate your casual look. Fabric – Made from soft, breathable, and durable material for maximum comfort. Versatile Streetwear Style – P",https://triprindia.com/products/men-star-printed-with-cuffed-trackpant-darkgrey-white-j68,,true,indexable,https://triprindia.com/products/men-star-printed-with-cuffed-trackpant-darkgrey-white-j68,true,Men Star Printed With Cuffed Trackpant / Darkgrey & White,1,1074,277,1168,41,11,1,1,4,2,0,high,false,17,6,46,ProductGroup|FAQPage,true,JudgeMe,meta_description_length|missing_image_alt|script_count_high|image_alt_duplicate_on_page|image_missing_dimensions
https://triprindia.com/products/men-star-printed-with-cuffed-trackpant-grey-black-j68,https://triprindia.com/products/men-star-printed-with-cuffed-trackpant-grey-black-j68,false,0,200,product,Men Star Printed Grey & Black Cuffed Trackpant – TRIPR,"Product Description: Trendy Ankle-Fit Design – Modern slim-fit with cuffed bottoms for a sharp and stylish silhouette. Eye-Catching All-Over Prints – Unique and fashionable prints that elevate your casual look. Fabric – Made from soft, breathable, and durable material for maximum comfort. Versatile Streetwear Style – P",https://triprindia.com/products/men-star-printed-with-cuffed-trackpant-grey-black-j68,,true,indexable,https://triprindia.com/products/men-star-printed-with-cuffed-trackpant-grey-black-j68,true,Men Star Printed Grey & Black Cuffed Trackpant,1,1130,277,1176,41,11,1,1,4,2,0,high,false,17,6,46,ProductGroup|FAQPage,true,JudgeMe,meta_description_length|missing_image_alt|script_count_high|image_alt_duplicate_on_page|image_missing_dimensions
https://triprindia.com/products/men-star-printed-with-cuffed-trackpant-beige-black-j68,https://triprindia.com/products/men-star-printed-with-cuffed-trackpant-beige-black-j68,false,0,200,product,Men Beige & Black Star Printed Cuffed Trackpant – TRIPR,"Product Description: Trendy Ankle-Fit Design – Modern slim-fit with cuffed bottoms for a sharp and stylish silhouette. Eye-Catching All-Over Prints – Unique and fashionable prints that elevate your casual look. Fabric – Made from soft, breathable, and durable material for maximum comfort. Versatile Streetwear Style – P",https://triprindia.com/products/men-star-printed-with-cuffed-trackpant-beige-black-j68,,true,indexable,https://triprindia.com/products/men-star-printed-with-cuffed-trackpant-beige-black-j68,true,Men Beige & Black Star Printed Cuffed Trackpant,1,1072,276,1166,41,11,1,1,4,2,0,high,false,17,6,46,ProductGroup|FAQPage,true,JudgeMe,meta_description_length|missing_image_alt|script_count_high|image_alt_duplicate_on_page|image_missing_dimensions
https://triprindia.com/products/men-full-sleeve-star-printed-round-neck-t-shirts-olive-green-d194,https://triprindia.com/products/men-full-sleeve-star-printed-round-neck-t-shirts-olive-green-d194,false,0,200,product,Men Full Sleeve Star Printed Olive Green Round Neck T-Shirt – TRIPR,"Product Description: Stylish full sleeve round neck t-shirt for a trendy and versatile look. Features a unique printed design, adding a modern and fashionable touch. Available in a variety of attractive colors to match your style. Made from soft and breathable fabric for all-day comfort. Perfect for casual wear, outing",https://triprindia.com/products/men-full-sleeve-star-printed-round-neck-t-shirts-olive-green-d194,,true,indexable,https://triprindia.com/products/men-full-sleeve-star-printed-round-neck-t-shirts-olive-green-d194,true,Men Full Sleeve Star Printed Olive Green Round Neck T-Shirt,1,1140,274,1166,41,11,1,1,4,2,0,high,false,17,6,46,ProductGroup|FAQPage,true,JudgeMe,title_length|meta_description_length|missing_image_alt|script_count_high|image_alt_duplicate_on_page|image_missing_dimensions
https://triprindia.com/products/men-full-sleeve-star-printed-round-neck-t-shirts-maroon-d194,https://triprindia.com/products/men-full-sleeve-star-printed-round-neck-t-shirts-maroon-d194,false,0,200,product,Men Full Sleeve Star Printed Round Neck T-Shirt Maroon – TRIPR,"Product Description: Stylish full sleeve round neck t-shirt for a trendy and versatile look. Features a unique printed design, adding a modern and fashionable touch. Available in a variety of attractive colors to match your style. Made from soft and breathable fabric for all-day comfort. Perfect for casual wear, outing",https://triprindia.com/products/men-full-sleeve-star-printed-round-neck-t-shirts-maroon-d194,,true,indexable,https://triprindia.com/products/men-full-sleeve-star-printed-round-neck-t-shirts-maroon-d194,true,Men Full Sleeve Star Printed Round Neck T-Shirt Maroon,1,1138,273,1166,41,11,1,1,4,2,0,high,false,17,6,46,ProductGroup|FAQPage,true,JudgeMe,meta_description_length|missing_image_alt|script_count_high|image_alt_duplicate_on_page|image_missing_dimensions
https://triprindia.com/products/men-full-sleeve-star-printed-round-neck-t-shirts-navy-blue-d194,https://triprindia.com/products/men-full-sleeve-star-printed-round-neck-t-shirts-navy-blue-d194,false,0,200,product,Men Full Sleeve Star Printed Navy Blue Round Neck T-Shirt – TRIPR,"Product Description: Stylish full sleeve round neck t-shirt for a trendy and versatile look. Features a unique printed design, adding a modern and fashionable touch. Available in a variety of attractive colors to match your style. Made from soft and breathable fabric for all-day comfort. Perfect for casual wear, outing",https://triprindia.com/products/men-full-sleeve-star-printed-round-neck-t-shirts-navy-blue-d194,,true,indexable,https://triprindia.com/products/men-full-sleeve-star-printed-round-neck-t-shirts-navy-blue-d194,true,Men Full Sleeve Star Printed Navy Blue Round Neck T-Shirt,1,1142,273,1164,41,11,1,1,4,2,0,high,false,17,6,46,ProductGroup|FAQPage,true,JudgeMe,meta_description_length|missing_image_alt|script_count_high|image_alt_duplicate_on_page|image_missing_dimensions
https://triprindia.com/products/men-full-sleeve-star-printed-round-neck-t-shirts-dark-grey-d194,https://triprindia.com/products/men-full-sleeve-star-printed-round-neck-t-shirts-dark-grey-d194,false,0,200,product,Men Full Sleeve Star Printed Round Neck T-Shirt / Dark Grey – TRIPR,"Product Description: Stylish full sleeve round neck t-shirt for a trendy and versatile look. Features a unique printed design, adding a modern and fashionable touch. Available in a variety of attractive colors to match your style. Made from soft and breathable fabric for all-day comfort. Perfect for casual wear, outing",https://triprindia.com/products/men-full-sleeve-star-printed-round-neck-t-shirts-dark-grey-d194,,true,indexable,https://triprindia.com/products/men-full-sleeve-star-printed-round-neck-t-shirts-dark-grey-d194,true,Men Full Sleeve Star Printed Round Neck T-Shirt / Dark Grey,1,1084,273,1156,41,11,1,1,4,2,0,high,false,17,6,46,ProductGroup|FAQPage,true,JudgeMe,title_length|meta_description_length|missing_image_alt|script_count_high|image_alt_duplicate_on_page|image_missing_dimensions
https://triprindia.com/products/men-full-sleeve-star-printed-round-neck-t-shirts-beige-d194,https://triprindia.com/products/men-full-sleeve-star-printed-round-neck-t-shirts-beige-d194,false,0,200,product,Men Full Sleeve Star Printed Beige Round Neck T-Shirt – TRIPR,"Product Description: Stylish full sleeve round neck t-shirt for a trendy and versatile look. Features a unique printed design, adding a modern and fashionable touch. Available in a variety of attractive colors to match your style. Made from soft and breathable fabric for all-day comfort. Perfect for casual wear, outing",https://triprindia.com/products/men-full-sleeve-star-printed-round-neck-t-shirts-beige-d194,,true,indexable,https://triprindia.com/products/men-full-sleeve-star-printed-round-neck-t-shirts-beige-d194,true,Men Full Sleeve Star Printed Beige Round Neck T-Shirt,1,1138,273,1166,41,11,1,1,4,2,0,high,false,17,6,46,ProductGroup|FAQPage,true,JudgeMe,meta_description_length|missing_image_alt|script_count_high|image_alt_duplicate_on_page|image_missing_dimensions
https://triprindia.com/products/track-suit-star-printed-full-sleeve-olive-green-t-shirt-plain-black-track-pant,https://triprindia.com/products/track-suit-star-printed-full-sleeve-olive-green-t-shirt-plain-black-track-pant,false,0,200,product,Full Sleeve Printed Olivegreen T-shirt with Plain Black Trackpant Trac – TRIPR,"Product Description: Printed Full Sleeve T-Shirt: Eye-catching designs on a round-neck full-sleeve tee for a bold, fashionable look. Stylish Plain Trackpants: Clean, minimal trackpants perfectly balance the vibrant t-shirt for a modern outfit. Cotton Fabric: Soft, breathable cotton ensures all-day comfort in any weathe",https://triprindia.com/products/track-suit-star-printed-full-sleeve-olive-green-t-shirt-plain-black-track-pant,,true,indexable,https://triprindia.com/products/track-suit-star-printed-full-sleeve-olive-green-t-shirt-plain-black-track-pant,true,Full Sleeve Printed Olivegreen T-shirt with Plain Black Trackpant Tracksuit,1,1135,277,1166,41,11,1,1,4,2,0,high,false,17,6,46,ProductGroup|FAQPage,true,JudgeMe,title_length|meta_description_length|missing_image_alt|script_count_high|image_alt_duplicate_on_page|image_missing_dimensions
https://triprindia.com/products/track-suit-star-printed-full-sleeve-navy-blue-t-shirt-plain-grey-track-pant,https://triprindia.com/products/track-suit-star-printed-full-sleeve-navy-blue-t-shirt-plain-grey-track-pant,false,0,200,product,Full Sleeve Printed Navyblue T-shirt with Plain Grey Trackpant Tracksu – TRIPR,"Product Description: Printed Full Sleeve T-Shirt: Eye-catching designs on a round-neck full-sleeve tee for a bold, fashionable look. Stylish Plain Trackpants: Clean, minimal trackpants perfectly balance the vibrant t-shirt for a modern outfit. Cotton Fabric: Soft, breathable cotton ensures all-day comfort in any weathe",https://triprindia.com/products/track-suit-star-printed-full-sleeve-navy-blue-t-shirt-plain-grey-track-pant,,true,indexable,https://triprindia.com/products/track-suit-star-printed-full-sleeve-navy-blue-t-shirt-plain-grey-track-pant,true,Full Sleeve Printed Navyblue T-shirt with Plain Grey Trackpant Tracksuit,1,1137,276,1164,41,11,1,1,4,2,0,high,false,17,6,46,ProductGroup|FAQPage,true,JudgeMe,title_length|meta_description_length|missing_image_alt|script_count_high|image_alt_duplicate_on_page|image_missing_dimensions
https://triprindia.com/products/track-suit-star-printed-full-sleeve-maroon-t-shirt-plain-grey-track-pant,https://triprindia.com/products/track-suit-star-printed-full-sleeve-maroon-t-shirt-plain-grey-track-pant,false,0,200,product,Tracksuit For Men Full Sleeve Printed Maroon T-shirt Plain Grey Trackp – TRIPR,"Product Description: Printed Full Sleeve T-Shirt: Eye-catching designs on a round-neck full-sleeve tee for a bold, fashionable look. Stylish Plain Trackpants: Clean, minimal trackpants perfectly balance the vibrant t-shirt for a modern outfit. Cotton Fabric: Soft, breathable cotton ensures all-day comfort in any weathe",https://triprindia.com/products/track-suit-star-printed-full-sleeve-maroon-t-shirt-plain-grey-track-pant,,true,indexable,https://triprindia.com/products/track-suit-star-printed-full-sleeve-maroon-t-shirt-plain-grey-track-pant,true,Tracksuit For Men Full Sleeve Printed Maroon T-shirt Plain Grey Trackpant,1,1137,277,1166,41,11,1,1,4,2,0,high,false,17,6,46,ProductGroup|FAQPage,true,JudgeMe,title_length|meta_description_length|missing_image_alt|script_count_high|image_alt_duplicate_on_page|image_missing_dimensions
https://triprindia.com/products/track-suit-star-printed-full-sleeve-maroon-t-shirt-plain-black-track-pant,https://triprindia.com/products/track-suit-star-printed-full-sleeve-maroon-t-shirt-plain-black-track-pant,false,0,200,product,Tracksuit For Men Full Sleeve Printed Maroon T-shirt Plain Black Track – TRIPR,"Product Description: Printed Full Sleeve T-Shirt: Eye-catching designs on a round-neck full-sleeve tee for a bold, fashionable look. Stylish Plain Trackpants: Clean, minimal trackpants perfectly balance the vibrant t-shirt for a modern outfit. Cotton Fabric: Soft, breathable cotton ensures all-day comfort in any weathe",https://triprindia.com/products/track-suit-star-printed-full-sleeve-maroon-t-shirt-plain-black-track-pant,,true,indexable,https://triprindia.com/products/track-suit-star-printed-full-sleeve-maroon-t-shirt-plain-black-track-pant,true,Tracksuit For Men Full Sleeve Printed Maroon T-shirt Plain Black Trackpant,1,1137,277,1166,41,11,1,1,4,2,0,high,false,17,6,46,ProductGroup|FAQPage,true,JudgeMe,title_length|meta_description_length|missing_image_alt|script_count_high|image_alt_duplicate_on_page|image_missing_dimensions
https://triprindia.com/products/track-suit-star-printed-full-sleeve-dark-grey-t-shirt-plain-grey-track-pant,https://triprindia.com/products/track-suit-star-printed-full-sleeve-dark-grey-t-shirt-plain-grey-track-pant,false,0,200,product,Tracksuit For Men Full Sleeve Printed Darkgrey T-shirt / Plain Grey Tr – TRIPR,"Product Description: Printed Full Sleeve T-Shirt: Eye-catching designs on a round-neck full-sleeve tee for a bold, fashionable look. Stylish Plain Trackpants: Clean, minimal trackpants perfectly balance the vibrant t-shirt for a modern outfit. Cotton Fabric: Soft, breathable cotton ensures all-day comfort in any weathe",https://triprindia.com/products/track-suit-star-printed-full-sleeve-dark-grey-t-shirt-plain-grey-track-pant,,true,indexable,https://triprindia.com/products/track-suit-star-printed-full-sleeve-dark-grey-t-shirt-plain-grey-track-pant,true,Tracksuit For Men Full Sleeve Printed Darkgrey T-shirt / Plain Grey Trackpant,1,1090,276,1158,41,11,1,1,4,2,0,high,false,17,6,46,ProductGroup|FAQPage,true,JudgeMe,title_length|meta_description_length|missing_image_alt|script_count_high|image_alt_duplicate_on_page|image_missing_dimensions
https://triprindia.com/products/track-suit-star-printed-full-sleeve-black-t-shirt-plain-grey-track-pant,https://triprindia.com/products/track-suit-star-printed-full-sleeve-black-t-shirt-plain-grey-track-pant,false,0,200,product,Men's Full Sleeve Star Printed Black Tshirt with Grey Track pant Track – TRIPR,"Product Description: Printed Full Sleeve T-Shirt: Eye-catching designs on a round-neck full-sleeve tee for a bold, fashionable look. Stylish Plain Trackpants: Clean, minimal trackpants perfectly balance the vibrant t-shirt for a modern outfit. Cotton Fabric: Soft, breathable cotton ensures all-day comfort in any weathe",https://triprindia.com/products/track-suit-star-printed-full-sleeve-black-t-shirt-plain-grey-track-pant,,true,indexable,https://triprindia.com/products/track-suit-star-printed-full-sleeve-black-t-shirt-plain-grey-track-pant,true,Men's Full Sleeve Star Printed Black Tshirt with Grey Track pant Tracksuit,1,1139,277,1166,41,11,1,1,4,2,0,high,false,17,6,46,ProductGroup|FAQPage,true,JudgeMe,title_length|meta_description_length|missing_image_alt|script_count_high|image_alt_duplicate_on_page|image_missing_dimensions
https://triprindia.com/products/track-suit-star-printed-full-sleeve-beige-t-shirt-plain-black-track-pant,https://triprindia.com/products/track-suit-star-printed-full-sleeve-beige-t-shirt-plain-black-track-pant,false,0,200,product,Full Sleeve Printed Beige T-shirt with Plain Black Trackpant Tracksuit – TRIPR,"Product Description: Printed Full Sleeve T-Shirt: Eye-catching designs on a round-neck full-sleeve tee for a bold, fashionable look. Stylish Plain Trackpants: Clean, minimal trackpants perfectly balance the vibrant t-shirt for a modern outfit. Cotton Fabric: Soft, breathable cotton ensures all-day comfort in any weathe",https://triprindia.com/products/track-suit-star-printed-full-sleeve-beige-t-shirt-plain-black-track-pant,,true,indexable,https://triprindia.com/products/track-suit-star-printed-full-sleeve-beige-t-shirt-plain-black-track-pant,true,Full Sleeve Printed Beige T-shirt with Plain Black Trackpant Tracksuit,1,1135,276,1166,41,11,1,1,4,2,0,high,false,17,6,46,ProductGroup|FAQPage,true,JudgeMe,title_length|meta_description_length|missing_image_alt|script_count_high|image_alt_duplicate_on_page|image_missing_dimensions
https://triprindia.com/products/mens-multi-pockets-all-over-printed-baggy-fit-oversized-cargo-jogger-maroon-os6,https://triprindia.com/products/mens-multi-pockets-all-over-printed-baggy-fit-oversized-cargo-jogger-maroon-os6,false,0,200,product,Buy Navy Blue Baggy fit Multi Pocket Cargo Joggers Online – TRIPR,"Buy Baggy Cargo Jogger for men on Clearance Sale for ₹399 Online. Heavy Fabric, Multi pockets, Baggy oversized cargo jogger with cuff ankle. Explore huge collections of Trendy Cargo Joggers under 300 or 500 and enjoy Fastest delivery | Easy 7 days returns",https://triprindia.com/products/mens-multi-pockets-all-over-printed-baggy-fit-oversized-cargo-jogger-maroon-os6,,true,indexable,https://triprindia.com/products/mens-multi-pockets-all-over-printed-baggy-fit-oversized-cargo-jogger-maroon-os6,true,Mens Multi Pockets All Over Printed Baggy fit oversized Cargo Jogger Maroon,1,1146,278,1190,41,11,1,1,4,2,0,high,false,17,6,46,ProductGroup|FAQPage,true,JudgeMe,meta_description_length|missing_image_alt|serp_title_h1_mismatch|serp_boilerplate_meta_description|script_count_high|image_alt_duplicate_on_page|image_missing_dimensions
https://triprindia.com/products/tracksuit-for-men-over-sized-printed-d199-white-blue-t-shirt-with-plain-black-track-pant,https://triprindia.com/products/tracksuit-for-men-over-sized-printed-d199-white-blue-t-shirt-with-plain-black-track-pant,false,0,200,product,tracksuit oversized blue printed t-shirt with plain black trackpant – TRIPR,"Product Description: Oversized Printed T-Shirts: Round neck, loose fit tees with bold, graphic prints for a trendy and relaxed streetwear vibe. Plain Black Trackpants: Clean, solid black trackpants offer a sharp contrast and complete the look with effortless style. Premium Cotton Fabric: Made from soft, breathable cott",https://triprindia.com/products/tracksuit-for-men-over-sized-printed-d199-white-blue-t-shirt-with-plain-black-track-pant,,true,indexable,https://triprindia.com/products/tracksuit-for-men-over-sized-printed-d199-white-blue-t-shirt-with-plain-black-track-pant,true,tracksuit oversized blue printed t-shirt with plain black trackpant,1,1164,453,1266,41,11,1,1,4,2,11,high,false,20,4,46,ProductGroup|FAQPage,true,JudgeMe,title_length|meta_description_length|missing_image_alt|script_count_high|large_image_url_width|image_alt_duplicate_on_page|image_missing_dimensions
https://triprindia.com/products/sweatshirt-for-men-henley-neck-beige-full-sleeve-st163,https://triprindia.com/products/sweatshirt-for-men-henley-neck-beige-full-sleeve-st163,false,0,200,product,Men Full Sleeve High Neck Sweatshirt Beige – TRIPR,"Product Description: Elevate your winter style with these plain sweatshirts Crafted from soft, breathable cotton fabric for all-day comfort Available in both high neck and round neck styles for versatile looks Full sleeves provide added warmth during chilly days Solid colors and multi-color variants to match every mood",https://triprindia.com/products/sweatshirt-for-men-henley-neck-beige-full-sleeve-st163,,true,indexable,https://triprindia.com/products/sweatshirt-for-men-henley-neck-beige-full-sleeve-st163,true,Men Full Sleeve High Neck Sweatshirt Beige,1,1126,282,1167,41,11,1,1,4,2,6,high,false,17,6,46,ProductGroup|FAQPage,true,JudgeMe,meta_description_length|missing_image_alt|script_count_high|image_alt_duplicate_on_page|image_missing_dimensions
https://triprindia.com/products/sweatshirt-for-men-henley-neck-black-full-sleeve-st163,https://triprindia.com/products/sweatshirt-for-men-henley-neck-black-full-sleeve-st163,false,0,200,product,Men Full Sleeve High Neck Sweatshirt Black – TRIPR,"Product Description: Elevate your winter style with these plain sweatshirts Crafted from soft, breathable cotton fabric for all-day comfort Available in both high neck and round neck styles for versatile looks Full sleeves provide added warmth during chilly days Solid colors and multi-color variants to match every mood",https://triprindia.com/products/sweatshirt-for-men-henley-neck-black-full-sleeve-st163,,true,indexable,https://triprindia.com/products/sweatshirt-for-men-henley-neck-black-full-sleeve-st163,true,Men Full Sleeve High Neck Sweatshirt Black,1,1128,282,1165,41,11,1,1,4,2,6,high,false,17,6,46,ProductGroup|FAQPage,true,JudgeMe,meta_description_length|missing_image_alt|script_count_high|image_alt_duplicate_on_page|image_missing_dimensions
https://triprindia.com/products/sweatshirt-for-men-henley-neck-navy-blue-full-sleeve-st163,https://triprindia.com/products/sweatshirt-for-men-henley-neck-navy-blue-full-sleeve-st163,false,0,200,product,Men Full Sleeve High Neck Sweatshirt Navy blue – TRIPR,"Product Description: Elevate your winter style with these plain sweatshirts Crafted from soft, breathable cotton fabric for all-day comfort Available in both high neck and round neck styles for versatile looks Full sleeves provide added warmth during chilly days Solid colors and multi-color variants to match every mood",https://triprindia.com/products/sweatshirt-for-men-henley-neck-navy-blue-full-sleeve-st163,,true,indexable,https://triprindia.com/products/sweatshirt-for-men-henley-neck-navy-blue-full-sleeve-st163,true,Men Full Sleeve High Neck Sweatshirt Navy blue,1,1130,281,1165,41,11,1,1,4,2,6,high,false,17,6,46,ProductGroup|FAQPage,true,JudgeMe,meta_description_length|missing_image_alt|script_count_high|image_alt_duplicate_on_page|image_missing_dimensions
https://triprindia.com/products/sweatshirt-for-men-henley-neck-olive-green-full-sleeve-st163,https://triprindia.com/products/sweatshirt-for-men-henley-neck-olive-green-full-sleeve-st163,false,0,200,product,Men Full Sleeve High Neck Sweatshirt Olive green – TRIPR,"Product Description: Elevate your winter style with these plain sweatshirts Crafted from soft, breathable cotton fabric for all-day comfort Available in both high neck and round neck styles for versatile looks Full sleeves provide added warmth during chilly days Solid colors and multi-color variants to match every mood",https://triprindia.com/products/sweatshirt-for-men-henley-neck-olive-green-full-sleeve-st163,,true,indexable,https://triprindia.com/products/sweatshirt-for-men-henley-neck-olive-green-full-sleeve-st163,true,Men Full Sleeve High Neck Sweatshirt Olive green,1,1130,283,1165,41,11,1,1,4,2,6,high,false,17,6,46,ProductGroup|FAQPage,true,JudgeMe,meta_description_length|missing_image_alt|script_count_high|image_alt_duplicate_on_page|image_missing_dimensions
https://triprindia.com/products/sweatshirt-for-men-henley-neck-maroon-full-sleeve-st163,https://triprindia.com/products/sweatshirt-for-men-henley-neck-maroon-full-sleeve-st163,false,0,200,product,Men Full Sleeve High Neck Sweatshirt Grey – TRIPR,"Product Description: Elevate your winter style with these plain sweatshirts Crafted from soft, breathable cotton fabric for all-day comfort Available in both high neck and round neck styles for versatile looks Full sleeves provide added warmth during chilly days Solid colors and multi-color variants to match every mood",https://triprindia.com/products/sweatshirt-for-men-henley-neck-maroon-full-sleeve-st163,,true,indexable,https://triprindia.com/products/sweatshirt-for-men-henley-neck-maroon-full-sleeve-st163,true,Men Full Sleeve High Neck Sweatshirt Grey,1,1128,282,1165,41,11,1,1,4,2,6,high,false,17,6,46,ProductGroup|FAQPage,true,JudgeMe,meta_description_length|missing_image_alt|script_count_high|image_alt_duplicate_on_page|image_missing_dimensions
https://triprindia.com/products/sweatshirt-for-men-henley-neck-plain-beige-full-sleeve-st162,https://triprindia.com/products/sweatshirt-for-men-henley-neck-plain-beige-full-sleeve-st162,false,0,200,product,Men High Neck Quarter Zip Up Beige Sweatshirt – TRIPR,"Product Description: Elevate your winter style with these plain sweatshirts Crafted from soft, breathable cotton fabric for all-day comfort Available in both high neck and round neck styles for versatile looks Full sleeves provide added warmth during chilly days Solid colors and multi-color variants to match every mood",https://triprindia.com/products/sweatshirt-for-men-henley-neck-plain-beige-full-sleeve-st162,,true,indexable,https://triprindia.com/products/sweatshirt-for-men-henley-neck-plain-beige-full-sleeve-st162,true,Men High Neck Quarter Zip Up Beige Sweatshirt,1,1130,283,1165,41,11,1,1,4,2,6,high,false,17,6,46,ProductGroup|FAQPage,true,JudgeMe,meta_description_length|missing_image_alt|script_count_high|image_alt_duplicate_on_page|image_missing_dimensions
https://triprindia.com/products/sweatshirt-for-men-henley-neck-plain-black-full-sleeve-st162,https://triprindia.com/products/sweatshirt-for-men-henley-neck-plain-black-full-sleeve-st162,false,0,200,product,Men High Neck Quarter Zip Up Black Sweatshirt – TRIPR,"Product Description: Elevate your winter style with these plain sweatshirts Crafted from soft, breathable cotton fabric for all-day comfort Available in both high neck and round neck styles for versatile looks Full sleeves provide added warmth during chilly days Solid colors and multi-color variants to match every mood",https://triprindia.com/products/sweatshirt-for-men-henley-neck-plain-black-full-sleeve-st162,,true,indexable,https://triprindia.com/products/sweatshirt-for-men-henley-neck-plain-black-full-sleeve-st162,true,Men High Neck Quarter Zip Up Black Sweatshirt,1,1130,283,1165,41,11,1,1,4,2,6,high,false,17,6,46,ProductGroup|FAQPage,true,JudgeMe,meta_description_length|missing_image_alt|script_count_high|image_alt_duplicate_on_page|image_missing_dimensions
https://triprindia.com/products/sweatshirt-for-men-henley-neck-plain-grey-full-sleeve-st162,https://triprindia.com/products/sweatshirt-for-men-henley-neck-plain-grey-full-sleeve-st162,false,0,200,product,Men High Neck Quarter Zip Up Grey Sweatshirt – TRIPR,"Product Description: Elevate your winter style with these plain sweatshirts Crafted from soft, breathable cotton fabric for all-day comfort Available in both high neck and round neck styles for versatile looks Full sleeves provide added warmth during chilly days Solid colors and multi-color variants to match every mood",https://triprindia.com/products/sweatshirt-for-men-henley-neck-plain-grey-full-sleeve-st162,,true,indexable,https://triprindia.com/products/sweatshirt-for-men-henley-neck-plain-grey-full-sleeve-st162,true,Men High Neck Quarter Zip Up Grey Sweatshirt,1,1128,279,1160,41,11,1,1,4,2,5,high,false,15,6,46,ProductGroup|FAQPage,true,JudgeMe,meta_description_length|missing_image_alt|script_count_high|image_alt_duplicate_on_page|image_missing_dimensions
https://triprindia.com/products/sweatshirt-for-men-henley-neck-plain-maroon-full-sleeve-st162,https://triprindia.com/products/sweatshirt-for-men-henley-neck-plain-maroon-full-sleeve-st162,false,0,200,product,Men High Neck Quarter Zip Up Maroon Sweatshirt – TRIPR,"Product Description: Elevate your winter style with these plain sweatshirts Crafted from soft, breathable cotton fabric for all-day comfort Available in both high neck and round neck styles for versatile looks Full sleeves provide added warmth during chilly days Solid colors and multi-color variants to match every mood",https://triprindia.com/products/sweatshirt-for-men-henley-neck-plain-maroon-full-sleeve-st162,,true,indexable,https://triprindia.com/products/sweatshirt-for-men-henley-neck-plain-maroon-full-sleeve-st162,true,Men High Neck Quarter Zip Up Maroon Sweatshirt,1,1172,283,1210,41,11,1,1,4,2,6,high,false,17,6,48,ProductGroup|FAQPage,true,JudgeMe,meta_description_length|missing_image_alt|script_count_high|image_alt_duplicate_on_page|image_missing_dimensions
https://triprindia.com/products/sweatshirt-for-men-henley-neck-plain-navy-blue-full-sleeve-st162,https://triprindia.com/products/sweatshirt-for-men-henley-neck-plain-navy-blue-full-sleeve-st162,false,0,200,product,Men High Neck Quarter Zip Up Navyblue Sweatshirt – TRIPR,"Product Description: Elevate your winter style with these plain sweatshirts Crafted from soft, breathable cotton fabric for all-day comfort Available in both high neck and round neck styles for versatile looks Full sleeves provide added warmth during chilly days Solid colors and multi-color variants to match every mood",https://triprindia.com/products/sweatshirt-for-men-henley-neck-plain-navy-blue-full-sleeve-st162,,true,indexable,https://triprindia.com/products/sweatshirt-for-men-henley-neck-plain-navy-blue-full-sleeve-st162,true,Men High Neck Quarter Zip Up Navyblue Sweatshirt,1,1130,276,1165,41,11,1,1,4,2,6,high,false,17,6,46,ProductGroup|FAQPage,true,JudgeMe,meta_description_length|missing_image_alt|script_count_high|image_alt_duplicate_on_page|image_missing_dimensions
https://triprindia.com/products/sweatshirt-for-men-henley-neck-plain-olive-green-full-sleeve-st162,https://triprindia.com/products/sweatshirt-for-men-henley-neck-plain-olive-green-full-sleeve-st162,false,0,200,product,Men High Neck Quarter Zip Up Olivegreen Sweatshirt – TRIPR,"Product Description: Elevate your winter style with these plain sweatshirts Crafted from soft, breathable cotton fabric for all-day comfort Available in both high neck and round neck styles for versatile looks Full sleeves provide added warmth during chilly days Solid colors and multi-color variants to match every mood",https://triprindia.com/products/sweatshirt-for-men-henley-neck-plain-olive-green-full-sleeve-st162,,true,indexable,https://triprindia.com/products/sweatshirt-for-men-henley-neck-plain-olive-green-full-sleeve-st162,true,Men High Neck Quarter Zip Up Olivegreen Sweatshirt,1,1128,284,1167,41,11,1,1,4,2,6,high,false,17,6,46,ProductGroup|FAQPage,true,JudgeMe,meta_description_length|missing_image_alt|script_count_high|image_alt_duplicate_on_page|image_missing_dimensions
https://triprindia.com/products/sweatshirt-for-men-henley-neck-plain-maroon-full-sleeve-st163,https://triprindia.com/products/sweatshirt-for-men-henley-neck-plain-maroon-full-sleeve-st163,false,0,200,product,Men Full Sleeve High Neck Sweatshirt Maroon – TRIPR,"Product Description: Elevate your winter style with these plain sweatshirts Crafted from soft, breathable cotton fabric for all-day comfort Available in both high neck and round neck styles for versatile looks Full sleeves provide added warmth during chilly days Solid colors and multi-color variants to match every mood",https://triprindia.com/products/sweatshirt-for-men-henley-neck-plain-maroon-full-sleeve-st163,,true,indexable,https://triprindia.com/products/sweatshirt-for-men-henley-neck-plain-maroon-full-sleeve-st163,true,Men Full Sleeve High Neck Sweatshirt Maroon,1,1126,277,1167,41,11,1,1,4,2,6,high,false,17,6,46,ProductGroup|FAQPage,true,JudgeMe,meta_description_length|missing_image_alt|script_count_high|image_alt_duplicate_on_page|image_missing_dimensions
https://triprindia.com/products/tshirt-for-men-round-neck-olive-green-half-sleeve-z138,https://triprindia.com/products/tshirt-for-men-round-neck-olive-green-half-sleeve-z138,false,0,200,product,Hi Printed Half Sleeve Round Neck Olivegreen Tshirt – TRIPR,"Product description: Cool Front Print – Features a bold “Hi” print that gives a fun, stylish look. Comfortable Round Neck – Easy to wear and suits all face shapes. Short Sleeves – Keeps you cool and comfy all day. Soft Cotton Fabric – Light and smooth on the skin, great for daily use. Plain Black Style – Goes well with",https://triprindia.com/products/tshirt-for-men-round-neck-olive-green-half-sleeve-z138,,true,indexable,https://triprindia.com/products/tshirt-for-men-round-neck-olive-green-half-sleeve-z138,true,Hi Printed Half Sleeve Round Neck Olivegreen Tshirt,1,1141,286,1197,41,11,1,1,4,2,8,high,false,20,5,46,ProductGroup|FAQPage,true,JudgeMe,meta_description_length|missing_image_alt|script_count_high|large_image_url_width|image_alt_duplicate_on_page|image_missing_dimensions
https://triprindia.com/products/tshirt-for-men-round-neck-maroon-half-sleeve-z138,https://triprindia.com/products/tshirt-for-men-round-neck-maroon-half-sleeve-z138,false,0,200,product,Hi Printed Half Sleeve Round Neck Maroon Tshirt – TRIPR,"Product description: Cool Front Print – Features a bold “Hi” print that gives a fun, stylish look. Comfortable Round Neck – Easy to wear and suits all face shapes. Short Sleeves – Keeps you cool and comfy all day. Soft Cotton Fabric – Light and smooth on the skin, great for daily use. Plain Black Style – Goes well with",https://triprindia.com/products/tshirt-for-men-round-neck-maroon-half-sleeve-z138,,true,indexable,https://triprindia.com/products/tshirt-for-men-round-neck-maroon-half-sleeve-z138,true,Hi Printed Half Sleeve Round Neck Maroon Tshirt,1,1141,277,1182,41,11,1,1,4,2,6,high,false,17,6,46,ProductGroup|FAQPage,true,JudgeMe,meta_description_length|missing_image_alt|script_count_high|image_alt_duplicate_on_page|image_missing_dimensions
https://triprindia.com/products/tshirt-for-men-round-neck-grey-half-sleeve-z138,https://triprindia.com/products/tshirt-for-men-round-neck-grey-half-sleeve-z138,false,0,200,product,Hi Printed Half Sleeve Round Neck Grey Tshirt – TRIPR,"Product description: Cool Front Print – Features a bold “Hi” print that gives a fun, stylish look. Comfortable Round Neck – Easy to wear and suits all face shapes. Short Sleeves – Keeps you cool and comfy all day. Soft Cotton Fabric – Light and smooth on the skin, great for daily use. Plain Black Style – Goes well with",https://triprindia.com/products/tshirt-for-men-round-neck-grey-half-sleeve-z138,,true,indexable,https://triprindia.com/products/tshirt-for-men-round-neck-grey-half-sleeve-z138,true,Hi Printed Half Sleeve Round Neck Grey Tshirt,1,1141,277,1182,41,11,1,1,4,2,6,high,false,17,6,46,ProductGroup|FAQPage,true,JudgeMe,meta_description_length|missing_image_alt|script_count_high|image_alt_duplicate_on_page|image_missing_dimensions
https://triprindia.com/products/tshirt-for-men-round-neck-black-half-sleeve-z138,https://triprindia.com/products/tshirt-for-men-round-neck-black-half-sleeve-z138,false,0,200,product,Hi Printed Half Sleeve Round Neck Black Tshirt – TRIPR,"Product description: Cool Front Print – Features a bold “Hi” print that gives a fun, stylish look. Comfortable Round Neck – Easy to wear and suits all face shapes. Short Sleeves – Keeps you cool and comfy all day. Soft Cotton Fabric – Light and smooth on the skin, great for daily use. Plain Black Style – Goes well with",https://triprindia.com/products/tshirt-for-men-round-neck-black-half-sleeve-z138,,true,indexable,https://triprindia.com/products/tshirt-for-men-round-neck-black-half-sleeve-z138,true,Hi Printed Half Sleeve Round Neck Black Tshirt,1,1141,277,1182,41,11,1,1,4,2,6,high,false,17,6,46,ProductGroup|FAQPage,true,JudgeMe,meta_description_length|missing_image_alt|script_count_high|image_alt_duplicate_on_page|image_missing_dimensions
https://triprindia.com/products/men-plain-waffle-shorts-6-color-variants-s32,https://triprindia.com/products/men-plain-waffle-shorts-6-color-variants-s32,false,0,200,product,Men Plain Waffle Shorts with 7 Color Variants – TRIPR,"Product Description: Trendy Waffle Pattern shorts with a unique and eye-catching pattern. Crafted for ultimate comfort, perfect for summer wear. Lightweight and breathable fabric keeps you cool and relaxed all day. Versatile design ideal for casual outings, beach trips, or lounging at home. Available in sizes S, M, L,",https://triprindia.com/products/men-plain-waffle-shorts-6-color-variants-s32,,true,indexable,https://triprindia.com/products/men-plain-waffle-shorts-6-color-variants-s32,true,Men Plain Waffle Shorts with 7 Color Variants,1,1149,374,1243,41,11,1,1,4,2,0,high,false,20,4,46,ProductGroup|FAQPage,true,JudgeMe,meta_description_length|script_count_high|image_alt_duplicate_on_page|image_missing_dimensions
https://triprindia.com/products/6-color-variants-with-mens-design-printed-trackpants-j59,https://triprindia.com/products/6-color-variants-with-mens-design-printed-trackpants-j59,false,0,200,product,6 Color Variants With Mens Design Printed Trackpants – TRIPR,"Product Description: Trendy Ankle-Fit Design – Modern slim-fit style with cuffed bottoms for a sharp and stylish look. Fabric – Crafted from soft, breathable, and durable material for all-day comfort. Stylish Prints – Features eye-catching prints that add a fashionable edge to your casual wear. Versatile &amp; Fashion-",https://triprindia.com/products/6-color-variants-with-mens-design-printed-trackpants-j59,,true,indexable,https://triprindia.com/products/6-color-variants-with-mens-design-printed-trackpants-j59,true,6 Color Variants With Mens Design Printed Trackpants,1,1169,352,1224,41,11,1,1,4,2,0,high,false,19,6,46,ProductGroup|FAQPage,true,JudgeMe,meta_description_length|missing_image_alt|script_count_high|image_alt_duplicate_on_page|image_missing_dimensions
https://triprindia.com/products/pack-of-2-half-sleeve-printed-t-shirts-d186-black-d173-white,https://triprindia.com/products/pack-of-2-half-sleeve-printed-t-shirts-d186-black-d173-white,false,0,200,product,Combo pack Half Sleeve Printed T-shirts black and white – TRIPR,"Product Description: Upgrade your wardrobe with this combo pack of stylish half sleeve printed t-shirts. Each t-shirt features unique and eye-catching patterns, perfect for everyday wear. Crafted from soft, breathable fabric that ensures comfort all day long. Ideal for streetwear fashion, casual outings, or relaxed wee",https://triprindia.com/products/pack-of-2-half-sleeve-printed-t-shirts-d186-black-d173-white,,true,indexable,https://triprindia.com/products/pack-of-2-half-sleeve-printed-t-shirts-d186-black-d173-white,true,Combo pack Half Sleeve Printed T-shirts black and white,1,1098,494,1305,41,11,1,1,4,2,9,high,false,20,4,46,ProductGroup|FAQPage,true,JudgeMe,meta_description_length|missing_image_alt|script_count_high|large_image_url_width|image_alt_duplicate_on_page|image_missing_dimensions
https://triprindia.com/products/pack-of-2-half-sleeve-printed-t-shirts-d173-olive-green-d184-beige,https://triprindia.com/products/pack-of-2-half-sleeve-printed-t-shirts-d173-olive-green-d184-beige,false,0,200,product,Men Half Sleeve Printed Pack of 2 Combo Tshirts 18 Variants – TRIPR,"Product Description: Upgrade your wardrobe with this combo pack of stylish half sleeve printed t-shirts. Each t-shirt features unique and eye-catching patterns, perfect for everyday wear. Crafted from soft, breathable fabric that ensures comfort all day long. Ideal for streetwear fashion, casual outings, or relaxed wee",https://triprindia.com/products/pack-of-2-half-sleeve-printed-t-shirts-d173-olive-green-d184-beige,,true,indexable,https://triprindia.com/products/pack-of-2-half-sleeve-printed-t-shirts-d173-olive-green-d184-beige,true,Men Half Sleeve Printed Pack of 2 Combo Tshirts 18 Variants,1,1183,618,1398,41,11,1,1,4,2,15,high,false,20,4,46,ProductGroup|FAQPage,true,JudgeMe,title_length|meta_description_length|missing_image_alt|html_size_large|script_count_high|image_count_high|large_image_url_width|image_alt_duplicate_on_page|image_missing_dimensions
https://triprindia.com/products/pack-of-2-half-sleeve-printed-t-shirts-d189-grey-d186-black,https://triprindia.com/products/pack-of-2-half-sleeve-printed-t-shirts-d189-grey-d186-black,false,0,200,product,(Pack Of 2) Half Sleeve Printed Tshirts- 20 Variants – TRIPR,"Product Description: Upgrade your wardrobe with this combo pack of stylish half sleeve printed t-shirts. Each t-shirt features unique and eye-catching patterns, perfect for everyday wear. Crafted from soft, breathable fabric that ensures comfort all day long. Ideal for streetwear fashion, casual outings, or relaxed wee",https://triprindia.com/products/pack-of-2-half-sleeve-printed-t-shirts-d189-grey-d186-black,,true,indexable,https://triprindia.com/products/pack-of-2-half-sleeve-printed-t-shirts-d189-grey-d186-black,true,(Pack Of 2) Half Sleeve Printed Tshirts- 20 Variants,1,1172,626,1403,41,11,1,1,4,2,16,high,false,20,4,46,ProductGroup|FAQPage,true,JudgeMe,meta_description_length|missing_image_alt|html_size_large|script_count_high|image_count_high|large_image_url_width|image_alt_duplicate_on_page|image_missing_dimensions
https://triprindia.com/products/men-cuffed-printed-jogger-black-j61,https://triprindia.com/products/men-cuffed-printed-jogger-black-j61,false,0,200,product,Men Cuffed Printed Jogger Black – TRIPR,"Product Description: Trendy Ankle-Fit Design – Modern slim-fit style with cuffed bottoms for a sharp and stylish look. Fabric – Crafted from soft, breathable, and durable material for all-day comfort. Stylish Prints – Features eye-catching prints that add a fashionable edge to your casual wear. Versatile &amp; Fashion-",https://triprindia.com/products/men-cuffed-printed-jogger-black-j61,,true,indexable,https://triprindia.com/products/men-cuffed-printed-jogger-black-j61,true,Men Cuffed Printed Jogger Black,1,1154,263,1154,41,11,1,1,4,2,3,high,false,11,6,46,ProductGroup|FAQPage,true,JudgeMe,meta_description_length|missing_image_alt|script_count_high|image_alt_duplicate_on_page|image_missing_dimensions
https://triprindia.com/products/men-white-plain-cargo-jogger,https://triprindia.com/products/men-white-plain-cargo-jogger,false,0,200,product,Mens Plain White Cargo Jogger – TRIPR,Product Description: Cuffed Bottoms: Features ribbed cuffs at the ankles for a snug fit and trendy appearance. Multiple Pockets: Equipped with spacious and functional pockets to keep your essentials handy. Solid Colors: Available in versatile solid shades that easily match any outfit. Adjustable Fit: Elastic waistband,https://triprindia.com/products/men-white-plain-cargo-jogger,,true,indexable,https://triprindia.com/products/men-white-plain-cargo-jogger,true,Mens Plain White Cargo Jogger,1,1140,273,1175,41,11,1,1,4,2,6,high,false,17,6,46,ProductGroup|FAQPage,true,JudgeMe,meta_description_length|missing_image_alt|script_count_high|image_alt_duplicate_on_page|image_missing_dimensions
https://triprindia.com/products/men-printed-trackpants-6-color-variants-j61,https://triprindia.com/products/men-printed-trackpants-6-color-variants-j61,false,0,200,product,Men Printed Trackpants 6 Color Variants – TRIPR,Casual comfort reimagined: beige joggers with subtle prints. Elastic waist and soft cotton blend for effortless wear.,https://triprindia.com/products/men-printed-trackpants-6-color-variants-j61,,true,indexable,https://triprindia.com/products/men-printed-trackpants-6-color-variants-j61,true,Men Printed Trackpants 6 Color Variants,1,1179,352,1224,41,11,1,1,4,2,1,high,false,19,6,46,ProductGroup|FAQPage,true,JudgeMe,missing_image_alt|script_count_high|image_alt_duplicate_on_page|image_missing_dimensions
https://triprindia.com/products/pack-of-3-men-plain-black-beige-maroon-waffle-shorts,https://triprindia.com/products/pack-of-3-men-plain-black-beige-maroon-waffle-shorts,false,0,200,product,"Pack Of 3 Men Plain Black, Beige and Maroon Waffle Shorts – TRIPR","Product Description: Trendy Waffle Pattern shorts with a unique and eye-catching pattern. Crafted for ultimate comfort, perfect for summer wear. Lightweight and breathable fabric keeps you cool and relaxed all day. Versatile design ideal for casual outings, beach trips, or lounging at home. Available in sizes S, M, L,",https://triprindia.com/products/pack-of-3-men-plain-black-beige-maroon-waffle-shorts,,true,indexable,https://triprindia.com/products/pack-of-3-men-plain-black-beige-maroon-waffle-shorts,true,(Pack Of 2 & 3) Men Plain Textured Waffle Shorts,1,1161,467,1299,41,11,1,1,4,2,1,high,false,20,4,46,ProductGroup|FAQPage,true,JudgeMe,meta_description_length|script_count_high|image_alt_duplicate_on_page|image_missing_dimensions
https://triprindia.com/products/men-color-cuffed-jogger-pant-j63-grey,https://triprindia.com/products/men-color-cuffed-jogger-pant-j63-grey,false,0,200,product,Men Plain Ankle Fit Cuffed Grey Jogger – TRIPR,"Product Description: Trendy Ankle-Fit Design – Modern slim-fit style with cuffed bottoms for a sharp and stylish look. Fabric – Crafted from soft, breathable, and durable material for all-day comfort. Stylish Prints – Features eye-catching prints that add a fashionable edge to your casual wear. Versatile &amp; Fashion-",https://triprindia.com/products/men-color-cuffed-jogger-pant-j63-grey,,true,indexable,https://triprindia.com/products/men-color-cuffed-jogger-pant-j63-grey,true,Men Plain Ankle Fit Cuffed Grey Jogger,1,1160,275,1179,41,11,1,1,4,2,6,high,false,17,6,46,ProductGroup|FAQPage,true,JudgeMe,meta_description_length|missing_image_alt|script_count_high|image_alt_duplicate_on_page|image_missing_dimensions
https://triprindia.com/products/men-color-cuffed-jogger-pant-j63-navy,https://triprindia.com/products/men-color-cuffed-jogger-pant-j63-navy,false,0,200,product,Men Plain Ankle Fit Cuffed Navy Blue Jogger – TRIPR,"Product Description: Trendy Ankle-Fit Design – Modern slim-fit style with cuffed bottoms for a sharp and stylish look. Fabric – Crafted from soft, breathable, and durable material for all-day comfort. Stylish Prints – Features eye-catching prints that add a fashionable edge to your casual wear. Versatile &amp; Fashion-",https://triprindia.com/products/men-color-cuffed-jogger-pant-j63-navy,,true,indexable,https://triprindia.com/products/men-color-cuffed-jogger-pant-j63-navy,true,Men Plain Ankle Fit Cuffed Navy Blue Jogger,1,1160,280,1181,41,11,1,1,4,2,6,high,false,17,6,46,ProductGroup|FAQPage,true,JudgeMe,meta_description_length|missing_image_alt|script_count_high|image_alt_duplicate_on_page|image_missing_dimensions
https://triprindia.com/products/men-color-cuffed-jogger-pant-j63-olive-green,https://triprindia.com/products/men-color-cuffed-jogger-pant-j63-olive-green,false,0,200,product,Men Plain Ankle Fit Cuffed Olive Green Jogger – TRIPR,"Product Description: Trendy Ankle-Fit Design – Modern slim-fit style with cuffed bottoms for a sharp and stylish look. Fabric – Crafted from soft, breathable, and durable material for all-day comfort. Stylish Prints – Features eye-catching prints that add a fashionable edge to your casual wear. Versatile &amp; Fashion-",https://triprindia.com/products/men-color-cuffed-jogger-pant-j63-olive-green,,true,indexable,https://triprindia.com/products/men-color-cuffed-jogger-pant-j63-olive-green,true,Men Plain Ankle Fit Cuffed Olive Green Jogger,1,1160,280,1181,41,11,1,1,4,2,6,high,false,17,6,46,ProductGroup|FAQPage,true,JudgeMe,meta_description_length|missing_image_alt|script_count_high|image_alt_duplicate_on_page|image_missing_dimensions
https://triprindia.com/products/men-color-cuffed-jogger-pant-j63-beige,https://triprindia.com/products/men-color-cuffed-jogger-pant-j63-beige,false,0,200,product,Men Plain Ankle Fit Cuffed Beige Jogger – TRIPR,"Product Description: Trendy Ankle-Fit Design – Modern slim-fit style with cuffed bottoms for a sharp and stylish look. Fabric – Crafted from soft, breathable, and durable material for all-day comfort. Stylish Prints – Features eye-catching prints that add a fashionable edge to your casual wear. Versatile &amp; Fashion-",https://triprindia.com/products/men-color-cuffed-jogger-pant-j63-beige,,true,indexable,https://triprindia.com/products/men-color-cuffed-jogger-pant-j63-beige,true,Men Plain Ankle Fit Cuffed Beige Jogger,1,1158,271,1167,41,11,1,1,4,2,4,high,false,13,6,46,ProductGroup|FAQPage,true,JudgeMe,meta_description_length|missing_image_alt|script_count_high|image_alt_duplicate_on_page|image_missing_dimensions
https://triprindia.com/products/men-high-neck-quarter-zip-up-5-variants-sweatshirts-st162,https://triprindia.com/products/men-high-neck-quarter-zip-up-5-variants-sweatshirts-st162,false,0,200,product,Men High Neck Quarter Zip Up Sweatshirts – TRIPR,"Product Description: Elevate your winter style with these plain sweatshirts Crafted from soft, breathable cotton fabric for all-day comfort Available in both high neck and round neck styles for versatile looks Full sleeves provide added warmth during chilly days Solid colors and multi-color variants to match every mood",https://triprindia.com/products/men-high-neck-quarter-zip-up-5-variants-sweatshirts-st162,,true,indexable,https://triprindia.com/products/men-high-neck-quarter-zip-up-5-variants-sweatshirts-st162,true,Men High Neck Quarter Zip Up Sweatshirts,1,1141,371,1226,41,11,1,1,4,2,8,high,false,20,5,48,ProductGroup|FAQPage,true,JudgeMe,meta_description_length|missing_image_alt|script_count_high|large_image_url_width|image_alt_duplicate_on_page|image_missing_dimensions
https://triprindia.com/products/men-full-sleeve-high-neck-quarter-zip-5-variants-sweatshirt,https://triprindia.com/products/men-full-sleeve-high-neck-quarter-zip-5-variants-sweatshirt,false,0,200,product,Men Full Sleeve High Neck Quarter Zip 5 Variants Sweatshirt – TRIPR,"Product Description: Elevate your winter style with these plain sweatshirts Crafted from soft, breathable cotton fabric for all-day comfort Available in both high neck and round neck styles for versatile looks Full sleeves provide added warmth during chilly days Solid colors and multi-color variants to match every mood",https://triprindia.com/products/men-full-sleeve-high-neck-quarter-zip-5-variants-sweatshirt,,true,indexable,https://triprindia.com/products/men-full-sleeve-high-neck-quarter-zip-5-variants-sweatshirt,true,Men Full Sleeve High Neck Quarter Zip 5 Variants Sweatshirt,1,1142,370,1231,41,11,1,1,4,2,10,high,false,20,4,46,ProductGroup|FAQPage,true,JudgeMe,title_length|meta_description_length|missing_image_alt|script_count_high|large_image_url_width|image_alt_duplicate_on_page|image_missing_dimensions
https://triprindia.com/products/loose-fit-plain-baggy-cargo-j72-white,https://triprindia.com/products/loose-fit-plain-baggy-cargo-j72-white,false,0,200,product,Plain Baggy Track Pant White – TRIPR,"Product Description: Product: Baggy Oversized Fit Cargo Jogger Pant Brand: TRIPR India Material: Cotton blend for comfort and durability Design: Solid color with a stylish, oversized fit for a relaxed look Ankle Style: Cuffed ankles for a modern, tapered silhouette Pockets: Equipped with 6 multi-functional pockets for",https://triprindia.com/products/loose-fit-plain-baggy-cargo-j72-white,,true,indexable,https://triprindia.com/products/loose-fit-plain-baggy-cargo-j72-white,true,Plain Baggy Track Pant White,1,1138,275,1202,41,11,1,1,4,2,7,high,false,18,6,47,ProductGroup|FAQPage,true,JudgeMe,meta_description_length|missing_image_alt|script_count_high|large_image_url_width|image_alt_duplicate_on_page|image_missing_dimensions
https://triprindia.com/products/loose-fit-plain-baggy-cargo-j72-olive-green,https://triprindia.com/products/loose-fit-plain-baggy-cargo-j72-olive-green,false,0,200,product,Plain Baggy Track Pant Olivegreen – TRIPR,"Product Description: Product: Baggy Oversized Fit Cargo Jogger Pant Brand: TRIPR India Material: Cotton blend for comfort and durability Design: Solid color with a stylish, oversized fit for a relaxed look Ankle Style: Cuffed ankles for a modern, tapered silhouette Pockets: Equipped with 6 multi-functional pockets for",https://triprindia.com/products/loose-fit-plain-baggy-cargo-j72-olive-green,,true,indexable,https://triprindia.com/products/loose-fit-plain-baggy-cargo-j72-olive-green,true,Plain Baggy Track Pant Olivegreen,1,1176,287,1245,41,11,1,1,4,2,7,high,false,18,6,49,ProductGroup|FAQPage,true,JudgeMe,meta_description_length|missing_image_alt|script_count_high|large_image_url_width|image_alt_duplicate_on_page|image_missing_dimensions
https://triprindia.com/products/loose-fit-plain-baggy-cargo-j72-black,https://triprindia.com/products/loose-fit-plain-baggy-cargo-j72-black,false,0,200,product,Plain Baggy Track Pant Black – TRIPR,"Product Description: Product: Baggy Oversized Fit Cargo Jogger Pant Brand: TRIPR India Material: Cotton blend for comfort and durability Design: Solid color with a stylish, oversized fit for a relaxed look Ankle Style: Cuffed ankles for a modern, tapered silhouette Pockets: Equipped with 6 multi-functional pockets for",https://triprindia.com/products/loose-fit-plain-baggy-cargo-j72-black,,true,indexable,https://triprindia.com/products/loose-fit-plain-baggy-cargo-j72-black,true,Plain Baggy Track Pant Black,1,1176,285,1245,41,11,1,1,4,2,7,high,false,18,6,49,ProductGroup|FAQPage,true,JudgeMe,meta_description_length|missing_image_alt|script_count_high|large_image_url_width|image_alt_duplicate_on_page|image_missing_dimensions
https://triprindia.com/products/loose-fit-plain-baggy-cargo-j72-grey,https://triprindia.com/products/loose-fit-plain-baggy-cargo-j72-grey,false,0,200,product,Plain Baggy Track Pant Grey – TRIPR,"Product Description: Product: Baggy Oversized Fit Cargo Jogger Pant Brand: TRIPR India Material: Cotton blend for comfort and durability Design: Solid color with a stylish, oversized fit for a relaxed look Ankle Style: Cuffed ankles for a modern, tapered silhouette Pockets: Equipped with 6 multi-functional pockets for",https://triprindia.com/products/loose-fit-plain-baggy-cargo-j72-grey,,true,indexable,https://triprindia.com/products/loose-fit-plain-baggy-cargo-j72-grey,true,Plain Baggy Track Pant Grey,1,1138,281,1202,41,11,1,1,4,2,7,high,false,18,6,47,ProductGroup|FAQPage,true,JudgeMe,meta_description_length|missing_image_alt|script_count_high|large_image_url_width|image_alt_duplicate_on_page|image_missing_dimensions
https://triprindia.com/products/loose-fit-plain-baggy-cargo-j72-beige,https://triprindia.com/products/loose-fit-plain-baggy-cargo-j72-beige,false,0,200,product,Plain Loose Fit Baggy Track Pant Beige – TRIPR,"Product Description: Product: Baggy Oversized Fit Cargo Jogger Pant Brand: TRIPR India Material: Cotton blend for comfort and durability Design: Solid color with a stylish, oversized fit for a relaxed look Ankle Style: Cuffed ankles for a modern, tapered silhouette Pockets: Equipped with 6 multi-functional pockets for",https://triprindia.com/products/loose-fit-plain-baggy-cargo-j72-beige,,true,indexable,https://triprindia.com/products/loose-fit-plain-baggy-cargo-j72-beige,true,Plain Loose Fit Baggy Track Pant Beige,1,1144,282,1200,41,11,1,1,4,2,7,high,false,18,6,47,ProductGroup|FAQPage,true,JudgeMe,meta_description_length|missing_image_alt|script_count_high|large_image_url_width|image_alt_duplicate_on_page|image_missing_dimensions
https://triprindia.com/products/polo-fit-half-sleeve-zip-type-t-shirt-p46,https://triprindia.com/products/polo-fit-half-sleeve-zip-type-t-shirt-p46,false,0,200,product,Half Sleeve Polo Quarter Zip Type Black T-shirt – TRIPR,"Product Description: Stylish Polo half sleeve T-shirt designed with both plain and color-blocked patterns for a versatile and modern look Features a unique quarter-zip design that adds a fresh twist to the classic polo style Made from soft and breathable fabric, ensuring all-day comfort and easy wear Perfect for casual",https://triprindia.com/products/polo-fit-half-sleeve-zip-type-t-shirt-p46,,true,indexable,https://triprindia.com/products/polo-fit-half-sleeve-zip-type-t-shirt-p46,true,Half Sleeve Polo Quarter Zip Type Black T-shirt,1,1154,284,1187,41,11,1,1,4,2,7,high,false,19,5,46,ProductGroup|FAQPage,true,JudgeMe,meta_description_length|script_count_high|large_image_url_width|image_alt_duplicate_on_page|image_missing_dimensions
https://triprindia.com/products/half-sleeve-polo-zip-type-white-contrast-collar-t-shirt-p45,https://triprindia.com/products/half-sleeve-polo-zip-type-white-contrast-collar-t-shirt-p45,false,0,200,product,Half Sleeve Polo Zip Type White Contrast Collar T-shirt – TRIPR,"Product Description: Stylish Polo half sleeve T-shirt designed with both plain and color-blocked patterns for a versatile and modern look Features a unique quarter-zip design that adds a fresh twist to the classic polo style Made from soft and breathable fabric, ensuring all-day comfort and easy wear Perfect for casual",https://triprindia.com/products/half-sleeve-polo-zip-type-white-contrast-collar-t-shirt-p45,,true,indexable,https://triprindia.com/products/half-sleeve-polo-zip-type-white-contrast-collar-t-shirt-p45,true,Half Sleeve Polo Zip Type White Contrast Collar T-shirt,1,1156,283,1187,41,11,1,1,4,2,7,high,false,19,5,46,ProductGroup|FAQPage,true,JudgeMe,meta_description_length|script_count_high|large_image_url_width|image_alt_duplicate_on_page|image_missing_dimensions
https://triprindia.com/products/men-printed-hooded-casual-t-shirt-white-blue-d199,https://triprindia.com/products/men-printed-hooded-casual-t-shirt-white-blue-d199,false,0,200,product,Men Printed Hooded Full Sleeve Casual T-shirt White & Blue – TRIPR,"Product Description: Stylish men’s hooded full sleeve T-shirt with trendy printed design Made from soft, breathable cotton blend for ultimate comfort Perfect for daily wear, streetwear, and casual outings Modern fit with attached hood adds a sporty edge Available in multi-color and unique print options for versatile st",https://triprindia.com/products/men-printed-hooded-casual-t-shirt-white-blue-d199,,true,indexable,https://triprindia.com/products/men-printed-hooded-casual-t-shirt-white-blue-d199,true,Men Printed Hooded Full Sleeve Casual T-shirt White & Blue,1,1129,277,1168,41,11,1,1,4,2,6,high,false,17,6,46,ProductGroup|FAQPage,true,JudgeMe,title_length|meta_description_length|missing_image_alt|script_count_high|image_alt_duplicate_on_page|image_missing_dimensions
https://triprindia.com/products/men-printed-hooded-casual-t-shirt-white-d198,https://triprindia.com/products/men-printed-hooded-casual-t-shirt-white-d198,false,0,200,product,Men Printed Hooded Full Sleeve Casual T-shirt White – TRIPR,"Product Description: Stylish men’s hooded full sleeve T-shirt with trendy printed design Made from soft, breathable cotton blend for ultimate comfort Perfect for daily wear, streetwear, and casual outings Modern fit with attached hood adds a sporty edge Available in multi-color and unique print options for versatile st",https://triprindia.com/products/men-printed-hooded-casual-t-shirt-white-d198,,true,indexable,https://triprindia.com/products/men-printed-hooded-casual-t-shirt-white-d198,true,Men Printed Hooded Full Sleeve Casual T-shirt White,1,1125,276,1168,41,11,1,1,4,2,6,high,false,17,6,46,ProductGroup|FAQPage,true,JudgeMe,meta_description_length|missing_image_alt|script_count_high|image_alt_duplicate_on_page|image_missing_dimensions
https://triprindia.com/products/track-suit-for-hi-printed-grey-half-sleeve-t-shirt-black-plain-track-pant,https://triprindia.com/products/track-suit-for-hi-printed-grey-half-sleeve-t-shirt-black-plain-track-pant,false,0,200,product,Tracksuit Men Grey Half Sleeve Printed T-shirt Plain Black Trackpant – TRIPR,"Product Description: Trendy Half Sleeve T-Shirt: Stylish printed round neck tee paired with matching plain trackpants for a balanced look.  Cotton Fabric: Soft, breathable, and skin-friendly material ensures all-day comfort. Perfect for Daily Wear: Suitable for casual outings, workouts, or lounging with ease. Modern St",https://triprindia.com/products/track-suit-for-hi-printed-grey-half-sleeve-t-shirt-black-plain-track-pant,,true,indexable,https://triprindia.com/products/track-suit-for-hi-printed-grey-half-sleeve-t-shirt-black-plain-track-pant,true,Tracksuit Men Grey Half Sleeve Printed T-shirt Plain Black Trackpant,1,1086,284,1161,41,11,1,1,4,2,6,high,false,17,6,46,ProductGroup|FAQPage,true,JudgeMe,title_length|meta_description_length|missing_image_alt|script_count_high|image_alt_duplicate_on_page|image_missing_dimensions
https://triprindia.com/products/track-suit-for-hi-printed-maroon-half-sleeve-t-shirt-black-plain-track-pant,https://triprindia.com/products/track-suit-for-hi-printed-maroon-half-sleeve-t-shirt-black-plain-track-pant,false,0,200,product,Tracksuit Men Maroon Half Sleeve Printed T-shirt Plain Black Trackpant – TRIPR,"Product Description: Trendy Half Sleeve T-Shirt: Stylish printed round neck tee paired with matching plain trackpants for a balanced look.  Cotton Fabric: Soft, breathable, and skin-friendly material ensures all-day comfort. Perfect for Daily Wear: Suitable for casual outings, workouts, or lounging with ease. Modern St",https://triprindia.com/products/track-suit-for-hi-printed-maroon-half-sleeve-t-shirt-black-plain-track-pant,,true,indexable,https://triprindia.com/products/track-suit-for-hi-printed-maroon-half-sleeve-t-shirt-black-plain-track-pant,true,Tracksuit Men Maroon Half Sleeve Printed T-shirt Plain Black Trackpant,1,1146,285,1169,41,11,1,1,4,2,6,high,false,17,6,46,ProductGroup|FAQPage,true,JudgeMe,title_length|meta_description_length|missing_image_alt|script_count_high|image_alt_duplicate_on_page|image_missing_dimensions
https://triprindia.com/products/track-suit-for-hi-printed-olive-half-sleeve-t-shirt-black-plain-track-pant,https://triprindia.com/products/track-suit-for-hi-printed-olive-half-sleeve-t-shirt-black-plain-track-pant,false,0,200,product,Tracksuit Men Olivegreen Half Sleeve Printed T-shirt Plain Black Track – TRIPR,"Product Description: Trendy Half Sleeve T-Shirt: Stylish printed round neck tee paired with matching plain trackpants for a balanced look.  Cotton Fabric: Soft, breathable, and skin-friendly material ensures all-day comfort. Perfect for Daily Wear: Suitable for casual outings, workouts, or lounging with ease. Modern St",https://triprindia.com/products/track-suit-for-hi-printed-olive-half-sleeve-t-shirt-black-plain-track-pant,,true,indexable,https://triprindia.com/products/track-suit-for-hi-printed-olive-half-sleeve-t-shirt-black-plain-track-pant,true,Tracksuit Men Olivegreen Half Sleeve Printed T-shirt Plain Black Trackpant,1,1146,285,1169,41,11,1,1,4,2,6,high,false,17,6,46,ProductGroup|FAQPage,true,JudgeMe,title_length|meta_description_length|missing_image_alt|script_count_high|image_alt_duplicate_on_page|image_missing_dimensions
https://triprindia.com/products/track-suit-for-hi-printed-black-half-sleeve-t-shirt-grey-plain-track-pant,https://triprindia.com/products/track-suit-for-hi-printed-black-half-sleeve-t-shirt-grey-plain-track-pant,false,0,200,product,Tracksuit Black Men Half Sleeve Printed T-shirt Plain Grey Trackpant – TRIPR,"Product Description: Trendy Half Sleeve T-Shirt: Stylish printed round neck tee paired with matching plain trackpants for a balanced look.  Cotton Fabric: Soft, breathable, and skin-friendly material ensures all-day comfort. Perfect for Daily Wear: Suitable for casual outings, workouts, or lounging with ease. Modern St",https://triprindia.com/products/track-suit-for-hi-printed-black-half-sleeve-t-shirt-grey-plain-track-pant,,true,indexable,https://triprindia.com/products/track-suit-for-hi-printed-black-half-sleeve-t-shirt-grey-plain-track-pant,true,Tracksuit Black Men Half Sleeve Printed T-shirt Plain Grey Trackpant,1,1146,285,1169,41,11,1,1,4,2,6,high,false,17,6,46,ProductGroup|FAQPage,true,JudgeMe,title_length|meta_description_length|missing_image_alt|script_count_high|image_alt_duplicate_on_page|image_missing_dimensions
https://triprindia.com/products/track-suit-for-hi-printed-maroon-half-sleeve-t-shirt-grey-plain-track-pant,https://triprindia.com/products/track-suit-for-hi-printed-maroon-half-sleeve-t-shirt-grey-plain-track-pant,false,0,200,product,Tracksuit Maroon Men Half Sleeve Printed T-shirt Plain Grey Trackpant – TRIPR,"Product Description: Trendy Half Sleeve T-Shirt: Stylish printed round neck tee paired with matching plain trackpants for a balanced look.  Cotton Fabric: Soft, breathable, and skin-friendly material ensures all-day comfort. Perfect for Daily Wear: Suitable for casual outings, workouts, or lounging with ease. Modern St",https://triprindia.com/products/track-suit-for-hi-printed-maroon-half-sleeve-t-shirt-grey-plain-track-pant,,true,indexable,https://triprindia.com/products/track-suit-for-hi-printed-maroon-half-sleeve-t-shirt-grey-plain-track-pant,true,Tracksuit Maroon Men Half Sleeve Printed T-shirt Plain Grey Trackpant,1,1146,279,1169,41,11,1,1,4,2,6,high,false,17,6,46,ProductGroup|FAQPage,true,JudgeMe,title_length|meta_description_length|missing_image_alt|script_count_high|image_alt_duplicate_on_page|image_missing_dimensions
https://triprindia.com/products/black-half-sleeve-printed-tshirts-track-pants-matching-outfits,https://triprindia.com/products/black-half-sleeve-printed-tshirts-track-pants-matching-outfits,false,0,200,product,Half Sleeve Printed TShirts & Track pants Matching Outfit Set – TRIPR,"Product Description: Trendy Printed Half-Sleeve T-Shirt: Features a stylish round-neck design with a unique print, adding a modern touch to your casual look. Printed Cuffed Trackpants: Designed with matching prints and elasticated cuffs for a comfortable, tapered fit. Fabric: Made from Good-quality cotton for a soft, b",https://triprindia.com/products/black-half-sleeve-printed-tshirts-track-pants-matching-outfits,,true,indexable,https://triprindia.com/products/black-half-sleeve-printed-tshirts-track-pants-matching-outfits,true,Half Sleeve Printed TShirts & Track pants Matching Outfit Set,1,1253,508,1307,41,11,1,1,4,2,3,high,false,20,4,46,ProductGroup|FAQPage,true,JudgeMe,title_length|meta_description_length|missing_image_alt|html_size_large|script_count_high|image_alt_duplicate_on_page|image_missing_dimensions
https://triprindia.com/products/trendy-hi-printed-boys-half-sleeve-t-shirt-maroon,https://triprindia.com/products/trendy-hi-printed-boys-half-sleeve-t-shirt-maroon,false,0,200,product,Boys Trendy Printed Half & Full Sleeve Tshirts - 17 Variants – TRIPR,"Product Description: Stylish boys’ T-shirt with modern printed design Made from soft, breathable cotton for all-day comfort Short sleeves and classic round neck for casual style Perfect for daily wear, school, or outings Durable stitching with easy machine wash care Available in trendy color options Fabric &amp; Care:",https://triprindia.com/products/trendy-hi-printed-boys-half-sleeve-t-shirt-maroon,,true,indexable,https://triprindia.com/products/trendy-hi-printed-boys-half-sleeve-t-shirt-maroon,true,Boys Trendy Printed Half & Full Sleeve Tshirts - 17 Variants,1,1126,314,1189,41,11,1,1,4,2,1,high,false,17,6,46,ProductGroup|FAQPage,true,JudgeMe,title_length|meta_description_length|missing_image_alt|script_count_high|image_alt_duplicate_on_page|image_missing_dimensions
https://triprindia.com/products/track-suit-for-men-dual-color-beige-t-shirt-with-plain-black-matching-track-pant-z137,https://triprindia.com/products/track-suit-for-men-dual-color-beige-t-shirt-with-plain-black-matching-track-pant-z137,false,0,200,product,Dual Color & Zig Zag Printed T-shirts Matching TrackPant Hoodie Tracks – TRIPR,Product Description: Stylish men’s tracksuit featuring a printed hoodie with jogger pants Unique dual-tone colorblock hoodie design with bold print on chest Made from premium cotton blend fabric for comfort and breathability Full sleeve hoodie with adjustable drawstrings for a modern fit Jogger-style pants with elastic,https://triprindia.com/products/track-suit-for-men-dual-color-beige-t-shirt-with-plain-black-matching-track-pant-z137,,true,indexable,https://triprindia.com/products/track-suit-for-men-dual-color-beige-t-shirt-with-plain-black-matching-track-pant-z137,true,Dual Color & Zig Zag Printed T-shirts Matching TrackPant Hoodie Tracksuits,1,1201,690,1415,41,11,1,1,4,2,22,high,false,20,4,46,ProductGroup|FAQPage,true,JudgeMe,title_length|meta_description_length|missing_image_alt|html_size_large|script_count_high|image_count_high|large_image_url_width|image_alt_duplicate_on_page|image_missing_dimensions
https://triprindia.com/products/men-over-all-printed-hooded-full-sleeve-casual-t-shirt-black-d187,https://triprindia.com/products/men-over-all-printed-hooded-full-sleeve-casual-t-shirt-black-d187,false,0,200,product,Men All Over Printed Black Hooded Drawstring Tshirt – TRIPR,"Product Description: Stylish men’s hooded full sleeve T-shirt with trendy printed design Made from soft, breathable cotton blend for ultimate comfort Perfect for daily wear, streetwear, and casual outings Modern fit with attached hood adds a sporty edge Available in multi-color and unique print options for versatile st",https://triprindia.com/products/men-over-all-printed-hooded-full-sleeve-casual-t-shirt-black-d187,,true,indexable,https://triprindia.com/products/men-over-all-printed-hooded-full-sleeve-casual-t-shirt-black-d187,true,Men All Over Printed Black Hooded Drawstring Tshirt,1,1125,277,1168,41,11,1,1,4,2,6,high,false,17,6,46,ProductGroup|FAQPage,true,JudgeMe,meta_description_length|missing_image_alt|script_count_high|image_alt_duplicate_on_page|image_missing_dimensions
https://triprindia.com/products/men-over-all-printed-hooded-full-sleeve-casual-t-shirt-black-d175,https://triprindia.com/products/men-over-all-printed-hooded-full-sleeve-casual-t-shirt-black-d175,false,0,200,product,Men Over All Printed Hooded Full Sleeve Casual T-shirt Black – TRIPR,"Product Description: Stylish men’s hooded full sleeve T-shirt with trendy printed design Made from soft, breathable cotton blend for ultimate comfort Perfect for daily wear, streetwear, and casual outings Modern fit with attached hood adds a sporty edge Available in multi-color and unique print options for versatile st",https://triprindia.com/products/men-over-all-printed-hooded-full-sleeve-casual-t-shirt-black-d175,,true,indexable,https://triprindia.com/products/men-over-all-printed-hooded-full-sleeve-casual-t-shirt-black-d175,true,Men Over All Printed Hooded Full Sleeve Casual T-shirt Black,1,1129,279,1168,41,11,1,1,4,2,6,high,false,17,6,46,ProductGroup|FAQPage,true,JudgeMe,title_length|meta_description_length|missing_image_alt|script_count_high|image_alt_duplicate_on_page|image_missing_dimensions
https://triprindia.com/products/men-over-all-printed-hooded-full-sleeve-casual-t-shirt-black-brown-d202,https://triprindia.com/products/men-over-all-printed-hooded-full-sleeve-casual-t-shirt-black-brown-d202,false,0,200,product,Men Over All Printed Hooded Full Sleeve Casual T-shirt Black & Brown – TRIPR,"Product Description: Stylish men’s hooded full sleeve T-shirt with trendy printed design Made from soft, breathable cotton blend for ultimate comfort Perfect for daily wear, streetwear, and casual outings Modern fit with attached hood adds a sporty edge Available in multi-color and unique print options for versatile st",https://triprindia.com/products/men-over-all-printed-hooded-full-sleeve-casual-t-shirt-black-brown-d202,,true,indexable,https://triprindia.com/products/men-over-all-printed-hooded-full-sleeve-casual-t-shirt-black-brown-d202,true,Men Over All Printed Hooded Full Sleeve Casual T-shirt Black & Brown,1,1133,279,1168,41,11,1,1,4,2,5,high,false,17,6,46,ProductGroup|FAQPage,true,JudgeMe,title_length|meta_description_length|missing_image_alt|script_count_high|image_alt_duplicate_on_page|image_missing_dimensions
https://triprindia.com/products/men-s-olivegreen-trackpant-with-white-side-stripes-j74,https://triprindia.com/products/men-s-olivegreen-trackpant-with-white-side-stripes-j74,false,0,200,product,Men Olive green Striped Ankle Zipper Baggy Track Pant – TRIPR,"Product Description: Men’s stylish black trackpant designed with classic dual white side stripes for a sporty yet trendy look. Made from soft and breathable fabric, ensuring all-day comfort and durability. Relaxed fit with an adjustable drawstring waist for a secure and flexible fit. Perfect for gym, sports, jogging, t",https://triprindia.com/products/men-s-olivegreen-trackpant-with-white-side-stripes-j74,,true,indexable,https://triprindia.com/products/men-s-olivegreen-trackpant-with-white-side-stripes-j74,true,Men Olive green Striped Ankle Zipper Baggy Track Pant,1,1116,273,1165,41,11,1,1,4,2,6,high,false,17,6,46,ProductGroup|FAQPage,true,JudgeMe,meta_description_length|missing_image_alt|script_count_high|image_alt_duplicate_on_page|image_missing_dimensions
https://triprindia.com/products/men-solid-color-blocked-white-grey-trackpant-j75,https://triprindia.com/products/men-solid-color-blocked-white-grey-trackpant-j75,false,0,200,product,Men Solid Color Blocked White & Grey Trackpant – TRIPR,"Product Description: Men’s stylish black trackpant designed with classic dual white side stripes for a sporty yet trendy look. Made from soft and breathable fabric, ensuring all-day comfort and durability. Relaxed fit with an adjustable drawstring waist for a secure and flexible fit. Perfect for gym, sports, jogging, t",https://triprindia.com/products/men-solid-color-blocked-white-grey-trackpant-j75,,true,indexable,https://triprindia.com/products/men-solid-color-blocked-white-grey-trackpant-j75,true,Men Solid Color Blocked White & Grey Trackpant,1,1112,277,1173,41,11,1,1,4,2,7,high,false,19,6,46,ProductGroup|FAQPage,true,JudgeMe,meta_description_length|missing_image_alt|script_count_high|large_image_url_width|image_alt_duplicate_on_page|image_missing_dimensions
https://triprindia.com/products/6-pockets-cargo-jogger-color-blocked-white-grey,https://triprindia.com/products/6-pockets-cargo-jogger-color-blocked-white-grey,false,0,200,product,Mens Colorblocked 6 Pockets Cargo Jogger / White & Grey – TRIPR,"Product Description Product: Cargo Jogger Pant Brand: TRIPR India Material: Cotton blend for comfort and durability Design: Solid color with a stylish, for a relaxed look Ankle Style: Cuffed ankles for a modern, tapered silhouette Available Sizes: S, M, L, XL, 2XL Ideal For: Casual wear, streetwear, and daily use Size,",https://triprindia.com/products/6-pockets-cargo-jogger-color-blocked-white-grey,,true,indexable,https://triprindia.com/products/6-pockets-cargo-jogger-color-blocked-white-grey,true,Mens Colorblocked 6 Pockets Cargo Jogger / White & Grey,1,1058,277,1181,41,11,1,1,4,2,7,high,false,19,6,46,ProductGroup|FAQPage,true,JudgeMe,meta_description_length|missing_image_alt|script_count_high|large_image_url_width|image_alt_duplicate_on_page|image_missing_dimensions
https://triprindia.com/products/plain-round-neck-sweatshirts-and-cargo-joggers-outfit-sets,https://triprindia.com/products/plain-round-neck-sweatshirts-and-cargo-joggers-outfit-sets,false,0,200,product,Men's Plain Round Neck Sweatshirts and Cargo Joggers Outfit Sets – TRIPR,"Product Description: Trendy men’s tracksuit set featuring a mix of printed and solid sweatshirts and jackets paired with matching bottom wear for a coordinated, fashionable look. Made from good quality, soft cotton fabric offering excellent comfort, breathability, and durability. Ideal for casual outings, travel, worko",https://triprindia.com/products/plain-round-neck-sweatshirts-and-cargo-joggers-outfit-sets,,true,indexable,https://triprindia.com/products/plain-round-neck-sweatshirts-and-cargo-joggers-outfit-sets,true,Men's Plain Round Neck Sweatshirts and Cargo Joggers Outfit Sets,1,1210,481,1285,41,11,1,1,4,2,12,high,false,20,4,46,ProductGroup|FAQPage,true,JudgeMe,title_length|meta_description_length|missing_image_alt|script_count_high|large_image_url_width|image_alt_duplicate_on_page|image_missing_dimensions
https://triprindia.com/products/high-neck-sweatshirts-and-cargo-joggers-outfit-sets,https://triprindia.com/products/high-neck-sweatshirts-and-cargo-joggers-outfit-sets,false,0,200,product,High Neck Sweatshirts and Cargo Joggers Outfit Sets 20 Variants – TRIPR,"Product Description: Trendy men’s tracksuit set featuring a mix of printed and solid sweatshirts and jackets paired with matching bottom wear for a coordinated, fashionable look. Made from good quality, soft cotton fabric offering excellent comfort, breathability, and durability. Ideal for casual outings, travel, worko",https://triprindia.com/products/high-neck-sweatshirts-and-cargo-joggers-outfit-sets,,true,indexable,https://triprindia.com/products/high-neck-sweatshirts-and-cargo-joggers-outfit-sets,true,High Neck Sweatshirts and Cargo Joggers Outfit Sets 20 Variants,1,1162,662,1388,41,11,1,1,4,2,21,high,false,20,4,45,ProductGroup|FAQPage,true,JudgeMe,title_length|meta_description_length|missing_image_alt|html_size_large|script_count_high|image_count_high|large_image_url_width|image_alt_duplicate_on_page|image_missing_dimensions
https://triprindia.com/products/hi-printed-drop-shoulder-t-shirt-z138-black,https://triprindia.com/products/hi-printed-drop-shoulder-t-shirt-z138-black,false,0,200,product,Hi Printed Mens Drop Shoulder Tshirt Black – TRIPR,"Product Description: Trendy drop shoulder men’s T-shirt with bold “HI – All Is Well” printed design. Made from soft, breathable cotton fabric ensuring all-day comfort. Features a relaxed drop-shoulder fit for a stylish, streetwear-inspired look. Perfect for casual outings, weekend wear, or daily comfort style. Easily p",https://triprindia.com/products/hi-printed-drop-shoulder-t-shirt-z138-black,,true,indexable,https://triprindia.com/products/hi-printed-drop-shoulder-t-shirt-z138-black,true,Hi Printed Mens Drop Shoulder Tshirt Black,1,1128,283,1186,41,11,1,1,4,2,8,high,false,20,5,46,ProductGroup|FAQPage,true,JudgeMe,meta_description_length|missing_image_alt|script_count_high|large_image_url_width|image_alt_duplicate_on_page|image_missing_dimensions
https://triprindia.com/products/hi-printed-drop-shoulder-t-shirt-z138-grey,https://triprindia.com/products/hi-printed-drop-shoulder-t-shirt-z138-grey,false,0,200,product,Hi Printed Drop Shoulder Grey Tshirt – TRIPR,"Product Description: Trendy drop shoulder men’s T-shirt with bold “HI – All Is Well” printed design. Made from soft, breathable cotton fabric ensuring all-day comfort. Features a relaxed drop-shoulder fit for a stylish, streetwear-inspired look. Perfect for casual outings, weekend wear, or daily comfort style. Easily p",https://triprindia.com/products/hi-printed-drop-shoulder-t-shirt-z138-grey,,true,indexable,https://triprindia.com/products/hi-printed-drop-shoulder-t-shirt-z138-grey,true,Hi Printed Drop Shoulder Grey Tshirt,1,1126,282,1186,41,11,1,1,4,2,8,high,false,20,5,46,ProductGroup|FAQPage,true,JudgeMe,meta_description_length|missing_image_alt|script_count_high|large_image_url_width|image_alt_duplicate_on_page|image_missing_dimensions
https://triprindia.com/products/hi-printed-drop-shoulder-t-shirt-z138-maroon,https://triprindia.com/products/hi-printed-drop-shoulder-t-shirt-z138-maroon,false,0,200,product,Hi Printed Drop Shoulder Maroon Tshirt – TRIPR,"Product Description: Trendy drop shoulder men’s T-shirt with bold “HI – All Is Well” printed design. Made from soft, breathable cotton fabric ensuring all-day comfort. Features a relaxed drop-shoulder fit for a stylish, streetwear-inspired look. Perfect for casual outings, weekend wear, or daily comfort style. Easily p",https://triprindia.com/products/hi-printed-drop-shoulder-t-shirt-z138-maroon,,true,indexable,https://triprindia.com/products/hi-printed-drop-shoulder-t-shirt-z138-maroon,true,Hi Printed Drop Shoulder Maroon Tshirt,1,1117,282,1185,41,11,1,1,4,2,8,high,false,20,5,46,ProductGroup|FAQPage,true,JudgeMe,meta_description_length|missing_image_alt|script_count_high|large_image_url_width|image_alt_duplicate_on_page|image_missing_dimensions
https://triprindia.com/products/hi-printed-drop-shoulder-t-shirt-z138-olive-green,https://triprindia.com/products/hi-printed-drop-shoulder-t-shirt-z138-olive-green,false,0,200,product,Hi Printed Drop Shoulder Olivegreen Tshirt – TRIPR,"Product Description: Trendy drop shoulder men’s T-shirt with bold “HI – All Is Well” printed design. Made from soft, breathable cotton fabric ensuring all-day comfort. Features a relaxed drop-shoulder fit for a stylish, streetwear-inspired look. Perfect for casual outings, weekend wear, or daily comfort style. Easily p",https://triprindia.com/products/hi-printed-drop-shoulder-t-shirt-z138-olive-green,,true,indexable,https://triprindia.com/products/hi-printed-drop-shoulder-t-shirt-z138-olive-green,true,Hi Printed Drop Shoulder Olivegreen Tshirt,1,1126,284,1186,41,11,1,1,4,2,8,high,false,20,5,46,ProductGroup|FAQPage,true,JudgeMe,meta_description_length|missing_image_alt|script_count_high|large_image_url_width|image_alt_duplicate_on_page|image_missing_dimensions
https://triprindia.com/products/mens-dual-tone-polo-t-shirt-with-zip-collar-olive-brown-p49,https://triprindia.com/products/mens-dual-tone-polo-t-shirt-with-zip-collar-olive-brown-p49,false,0,200,product,Men’s Dual Tone Olive Brown Polo TShirt with Zip Collar – TRIPR,"Product Description: Trendy men’s half sleeve polo t-shirt designed with a stylish quarter zip pattern and eye-catching color block panels. Made from soft and breathable cotton fabric for all-day comfort and durability. Perfect for casual outings, weekend wear, and semi-sporty looks. The modern fit and clean design add",https://triprindia.com/products/mens-dual-tone-polo-t-shirt-with-zip-collar-olive-brown-p49,,true,indexable,https://triprindia.com/products/mens-dual-tone-polo-t-shirt-with-zip-collar-olive-brown-p49,true,Men’s Dual Tone Olive Brown Polo TShirt with Zip Collar,1,1140,275,1163,41,11,1,1,4,2,6,high,false,17,5,46,ProductGroup|FAQPage,true,JudgeMe,meta_description_length|script_count_high|image_alt_duplicate_on_page|image_missing_dimensions
https://triprindia.com/products/mens-dual-tone-polo-t-shirt-with-zip-collar-olive-beige-p49,https://triprindia.com/products/mens-dual-tone-polo-t-shirt-with-zip-collar-olive-beige-p49,false,0,200,product,Men’s Dual Tone Polo T-Shirt with Zip Collar Olivegreen – TRIPR,"Product Description: Trendy men’s half sleeve polo t-shirt designed with a stylish quarter zip pattern and eye-catching color block panels. Made from soft and breathable cotton fabric for all-day comfort and durability. Perfect for casual outings, weekend wear, and semi-sporty looks. The modern fit and clean design add",https://triprindia.com/products/mens-dual-tone-polo-t-shirt-with-zip-collar-olive-beige-p49,,true,indexable,https://triprindia.com/products/mens-dual-tone-polo-t-shirt-with-zip-collar-olive-beige-p49,true,Men’s Dual Tone Polo T-Shirt with Zip Collar Olivegreen,1,1138,276,1163,41,11,1,1,4,2,6,high,false,17,5,46,ProductGroup|FAQPage,true,JudgeMe,meta_description_length|script_count_high|image_alt_duplicate_on_page|image_missing_dimensions
https://triprindia.com/products/pack-of-2-high-neck-grey-navy-plain-sweatshirts-st162,https://triprindia.com/products/pack-of-2-high-neck-grey-navy-plain-sweatshirts-st162,false,0,200,product,(Pack Of 2) High Neck Grey & Navyblue Plain Sweatshirts – TRIPR,"Product Description: Elevate your winter style with these plain sweatshirts Crafted from soft, breathable cotton fabric for all-day comfort Available in both high neck and round neck styles for versatile looks Full sleeves provide added warmth during chilly days Solid colors and multi-color variants to match every mood",https://triprindia.com/products/pack-of-2-high-neck-grey-navy-plain-sweatshirts-st162,,true,indexable,https://triprindia.com/products/pack-of-2-high-neck-grey-navy-plain-sweatshirts-st162,true,(Pack Of 2) High Neck Grey & Navyblue Plain Sweatshirts,1,1136,264,1144,41,11,1,1,4,2,3,high,false,11,6,46,ProductGroup|FAQPage,true,JudgeMe,meta_description_length|missing_image_alt|script_count_high|image_alt_duplicate_on_page|image_missing_dimensions
https://triprindia.com/products/pack-of-2-high-neck-black-grey-plain-sweatshirts-st162,https://triprindia.com/products/pack-of-2-high-neck-black-grey-plain-sweatshirts-st162,false,0,200,product,(Pack Of 2) High Neck Black & Grey Plain Sweatshirts – TRIPR,"Product Description: Elevate your winter style with these plain sweatshirts Crafted from soft, breathable cotton fabric for all-day comfort Available in both high neck and round neck styles for versatile looks Full sleeves provide added warmth during chilly days Solid colors and multi-color variants to match every mood",https://triprindia.com/products/pack-of-2-high-neck-black-grey-plain-sweatshirts-st162,,true,indexable,https://triprindia.com/products/pack-of-2-high-neck-black-grey-plain-sweatshirts-st162,true,(Pack Of 2) High Neck Black & Grey Plain Sweatshirts,1,1136,264,1144,41,11,1,1,4,2,3,high,false,11,6,46,ProductGroup|FAQPage,true,JudgeMe,meta_description_length|missing_image_alt|script_count_high|image_alt_duplicate_on_page|image_missing_dimensions
https://triprindia.com/products/pack-of-2-high-neck-beige-navy-printed-sweatshirts-st163,https://triprindia.com/products/pack-of-2-high-neck-beige-navy-printed-sweatshirts-st163,false,0,200,product,(Pack Of 2) High Neck Beige & Navy Sweatshirts – TRIPR,"Product Description: Elevate your winter style with these plain sweatshirts Crafted from soft, breathable cotton fabric for all-day comfort Available in both high neck and round neck styles for versatile looks Full sleeves provide added warmth during chilly days Solid colors and multi-color variants to match every mood",https://triprindia.com/products/pack-of-2-high-neck-beige-navy-printed-sweatshirts-st163,,true,indexable,https://triprindia.com/products/pack-of-2-high-neck-beige-navy-printed-sweatshirts-st163,true,(Pack Of 2) High Neck Beige & Navy Sweatshirts,1,1134,264,1144,41,11,1,1,4,2,3,high,false,11,6,46,ProductGroup|FAQPage,true,JudgeMe,meta_description_length|missing_image_alt|script_count_high|image_alt_duplicate_on_page|image_missing_dimensions
https://triprindia.com/products/high-neck-full-sleeve-quarter-zip-t-shirt-black-white-d189,https://triprindia.com/products/high-neck-full-sleeve-quarter-zip-t-shirt-black-white-d189,false,0,200,product,Men Full Sleeve High Neck Cotton Blend Black-White T-Shirt – TRIPR,"Product Description: Upgrade your casual collection with men’s full sleeve printed t-shirts Designed in both high neck and round neck styles for a trendy, versatile look Crafted from soft and breathable fabric for all-day comfort and ease Perfect for casual outings, travel, or daily wear with a stylish appeal Available",https://triprindia.com/products/high-neck-full-sleeve-quarter-zip-t-shirt-black-white-d189,,true,indexable,https://triprindia.com/products/high-neck-full-sleeve-quarter-zip-t-shirt-black-white-d189,true,Men Full Sleeve High Neck Cotton Blend Black-White T-Shirt,1,1132,277,1170,41,11,1,1,4,2,6,high,false,17,6,46,ProductGroup|FAQPage,true,JudgeMe,title_length|meta_description_length|missing_image_alt|script_count_high|image_alt_duplicate_on_page|image_missing_dimensions
https://triprindia.com/products/men-round-neck-full-sleeve-printed-t-shirt-beige-d184,https://triprindia.com/products/men-round-neck-full-sleeve-printed-t-shirt-beige-d184,false,0,200,product,Beige Printed Full Sleeve Round Neck Cotton Blend T-Shirt – TRIPR,"Product Description: Upgrade your casual collection with men’s full sleeve printed t-shirts Designed in both high neck and round neck styles for a trendy, versatile look Crafted from soft and breathable fabric for all-day comfort and ease Perfect for casual outings, travel, or daily wear with a stylish appeal Available",https://triprindia.com/products/men-round-neck-full-sleeve-printed-t-shirt-beige-d184,,true,indexable,https://triprindia.com/products/men-round-neck-full-sleeve-printed-t-shirt-beige-d184,true,Beige Printed Full Sleeve Round Neck Cotton Blend T-Shirt,1,1130,282,1172,41,11,1,1,4,2,6,high,false,17,6,46,ProductGroup|FAQPage,true,JudgeMe,meta_description_length|missing_image_alt|script_count_high|image_alt_duplicate_on_page|image_missing_dimensions
https://triprindia.com/products/men-round-neck-full-sleeve-printed-t-shirt-black-d184,https://triprindia.com/products/men-round-neck-full-sleeve-printed-t-shirt-black-d184,false,0,200,product,Black Printed Full Sleeve Round Neck Cotton Blend T-Shirt – TRIPR,"Product Description: Upgrade your casual collection with men’s full sleeve printed t-shirts Designed in both high neck and round neck styles for a trendy, versatile look Crafted from soft and breathable fabric for all-day comfort and ease Perfect for casual outings, travel, or daily wear with a stylish appeal Available",https://triprindia.com/products/men-round-neck-full-sleeve-printed-t-shirt-black-d184,,true,indexable,https://triprindia.com/products/men-round-neck-full-sleeve-printed-t-shirt-black-d184,true,Black Printed Full Sleeve Round Neck Cotton Blend T-Shirt,1,1130,277,1172,41,11,1,1,4,2,6,high,false,17,6,46,ProductGroup|FAQPage,true,JudgeMe,meta_description_length|missing_image_alt|script_count_high|image_alt_duplicate_on_page|image_missing_dimensions
https://triprindia.com/products/men-round-neck-full-sleeve-printed-t-shirt-maroon-d184,https://triprindia.com/products/men-round-neck-full-sleeve-printed-t-shirt-maroon-d184,false,0,200,product,Maroon Printed Full Sleeve Round Neck Cotton Blend T-Shirt – TRIPR,"Product Description: Upgrade your casual collection with men’s full sleeve printed t-shirts Designed in both high neck and round neck styles for a trendy, versatile look Crafted from soft and breathable fabric for all-day comfort and ease Perfect for casual outings, travel, or daily wear with a stylish appeal Available",https://triprindia.com/products/men-round-neck-full-sleeve-printed-t-shirt-maroon-d184,,true,indexable,https://triprindia.com/products/men-round-neck-full-sleeve-printed-t-shirt-maroon-d184,true,Maroon Printed Full Sleeve Round Neck Cotton Blend T-Shirt,1,1132,276,1170,41,11,1,1,4,2,6,high,false,17,6,46,ProductGroup|FAQPage,true,JudgeMe,title_length|meta_description_length|missing_image_alt|script_count_high|image_alt_duplicate_on_page|image_missing_dimensions
https://triprindia.com/products/printed-full-sleeve-round-neck-cotton-blend-t-shirt-black-d185,https://triprindia.com/products/printed-full-sleeve-round-neck-cotton-blend-t-shirt-black-d185,false,0,200,product,Mens Full Sleeve Round Neck Black Printed T-shirt – TRIPR,"Product Description: Upgrade your casual collection with men’s full sleeve printed t-shirts Designed in both high neck and round neck styles for a trendy, versatile look Crafted from soft and breathable fabric for all-day comfort and ease Perfect for casual outings, travel, or daily wear with a stylish appeal Available",https://triprindia.com/products/printed-full-sleeve-round-neck-cotton-blend-t-shirt-black-d185,,true,indexable,https://triprindia.com/products/printed-full-sleeve-round-neck-cotton-blend-t-shirt-black-d185,true,Mens Full Sleeve Round Neck Black Printed T-shirt,1,1130,276,1170,41,11,1,1,4,2,6,high,false,17,6,46,ProductGroup|FAQPage,true,JudgeMe,meta_description_length|missing_image_alt|script_count_high|image_alt_duplicate_on_page|image_missing_dimensions
https://triprindia.com/products/out-fit-set-white-blue-printed-d199-hooded-t-shirt-black-plain-track-pant,https://triprindia.com/products/out-fit-set-white-blue-printed-d199-hooded-t-shirt-black-plain-track-pant,false,0,200,product,Outfit Set Full Sleeve White & Blue Hooded Printed T-shirt & Plain Bla – TRIPR,"Product Description: stylish men’s outfit set featuring a printed hooded t-shirt with matching plain track pants Crafted from soft, breathable fabric for maximum comfort and durability Perfect blend of casual and sporty style, ideal for daily wear or travel Trendy printed hooded t-shirt adds a modern edge to your look",https://triprindia.com/products/out-fit-set-white-blue-printed-d199-hooded-t-shirt-black-plain-track-pant,,true,indexable,https://triprindia.com/products/out-fit-set-white-blue-printed-d199-hooded-t-shirt-black-plain-track-pant,true,Outfit Set Full Sleeve White & Blue Hooded Printed T-shirt & Plain Black Trackpant,1,1142,282,1174,41,11,1,1,4,2,6,high,false,17,6,46,ProductGroup|FAQPage,true,JudgeMe,title_length|meta_description_length|missing_image_alt|script_count_high|image_alt_duplicate_on_page|image_missing_dimensions
https://triprindia.com/products/out-fit-set-white-printed-d198-hooded-t-shirt-black-plain-track-pant,https://triprindia.com/products/out-fit-set-white-printed-d198-hooded-t-shirt-black-plain-track-pant,false,0,200,product,Outfit Set Full Sleeve White Hooded Printed T-shirt Matching Plain Bla – TRIPR,"Product Description: stylish men’s outfit set featuring a printed hooded t-shirt with matching plain track pants Crafted from soft, breathable fabric for maximum comfort and durability Perfect blend of casual and sporty style, ideal for daily wear or travel Trendy printed hooded t-shirt adds a modern edge to your look",https://triprindia.com/products/out-fit-set-white-printed-d198-hooded-t-shirt-black-plain-track-pant,,true,indexable,https://triprindia.com/products/out-fit-set-white-printed-d198-hooded-t-shirt-black-plain-track-pant,true,Outfit Set Full Sleeve White Hooded Printed T-shirt Matching Plain Black Trackpant,1,1138,281,1174,41,11,1,1,4,2,6,high,false,17,6,46,ProductGroup|FAQPage,true,JudgeMe,title_length|meta_description_length|missing_image_alt|script_count_high|image_alt_duplicate_on_page|image_missing_dimensions
https://triprindia.com/products/out-fit-set-black-printed-d202-hooded-t-shirt-grey-plain-track-pant,https://triprindia.com/products/out-fit-set-black-printed-d202-hooded-t-shirt-grey-plain-track-pant,false,0,200,product,Outfit Set Full Sleeve Black Hooded Printed T-shirt Matching Grey Plai – TRIPR,"Product Description: stylish men’s outfit set featuring a printed hooded t-shirt with matching plain track pants Crafted from soft, breathable fabric for maximum comfort and durability Perfect blend of casual and sporty style, ideal for daily wear or travel Trendy printed hooded t-shirt adds a modern edge to your look",https://triprindia.com/products/out-fit-set-black-printed-d202-hooded-t-shirt-grey-plain-track-pant,,true,indexable,https://triprindia.com/products/out-fit-set-black-printed-d202-hooded-t-shirt-grey-plain-track-pant,true,Outfit Set Full Sleeve Black Hooded Printed T-shirt Matching Grey Plain Trackpant,1,1138,281,1174,41,11,1,1,4,2,6,high,false,17,6,46,ProductGroup|FAQPage,true,JudgeMe,title_length|meta_description_length|missing_image_alt|script_count_high|image_alt_duplicate_on_page|image_missing_dimensions
https://triprindia.com/products/out-fit-set-black-printed-d202-hooded-t-shirt-black-plain-track-pant,https://triprindia.com/products/out-fit-set-black-printed-d202-hooded-t-shirt-black-plain-track-pant,false,0,200,product,Outfit Set Full Sleeve Black Hooded Printed T-shirt Matching Black Pla – TRIPR,"Product Description: stylish men’s outfit set featuring a printed hooded t-shirt with matching plain track pants Crafted from soft, breathable fabric for maximum comfort and durability Perfect blend of casual and sporty style, ideal for daily wear or travel Trendy printed hooded t-shirt adds a modern edge to your look",https://triprindia.com/products/out-fit-set-black-printed-d202-hooded-t-shirt-black-plain-track-pant,,true,indexable,https://triprindia.com/products/out-fit-set-black-printed-d202-hooded-t-shirt-black-plain-track-pant,true,Outfit Set Full Sleeve Black Hooded Printed T-shirt Matching Black Plain Trackpant,1,1138,281,1174,41,11,1,1,4,2,6,high,false,17,6,46,ProductGroup|FAQPage,true,JudgeMe,title_length|meta_description_length|missing_image_alt|script_count_high|image_alt_duplicate_on_page|image_missing_dimensions
https://triprindia.com/products/out-fit-set-black-printed-d187-hooded-t-shirt-grey-plain-track-pant,https://triprindia.com/products/out-fit-set-black-printed-d187-hooded-t-shirt-grey-plain-track-pant,false,0,200,product,Outfit Set Full Sleeve Black Hooded Printed T-shirt Matching Grey Plai – TRIPR,"Product Description: stylish men’s outfit set featuring a printed hooded t-shirt with matching plain track pants Crafted from soft, breathable fabric for maximum comfort and durability Perfect blend of casual and sporty style, ideal for daily wear or travel Trendy printed hooded t-shirt adds a modern edge to your look",https://triprindia.com/products/out-fit-set-black-printed-d187-hooded-t-shirt-grey-plain-track-pant,,true,indexable,https://triprindia.com/products/out-fit-set-black-printed-d187-hooded-t-shirt-grey-plain-track-pant,true,Outfit Set Full Sleeve Black Hooded Printed T-shirt Matching Grey Plain Trackpant,1,1138,281,1174,41,11,1,1,4,2,6,high,false,17,6,46,ProductGroup|FAQPage,true,JudgeMe,title_length|meta_description_length|missing_image_alt|script_count_high|image_alt_duplicate_on_page|image_missing_dimensions
https://triprindia.com/products/out-fit-set-black-printed-d187-hooded-t-shirt-black-plain-track-pant,https://triprindia.com/products/out-fit-set-black-printed-d187-hooded-t-shirt-black-plain-track-pant,false,0,200,product,Outfit Set Full Sleeve Black Hooded Printed T-shirt Matching Black Pla – TRIPR,"Product Description: stylish men’s outfit set featuring a printed hooded t-shirt with matching plain track pants Crafted from soft, breathable fabric for maximum comfort and durability Perfect blend of casual and sporty style, ideal for daily wear or travel Trendy printed hooded t-shirt adds a modern edge to your look",https://triprindia.com/products/out-fit-set-black-printed-d187-hooded-t-shirt-black-plain-track-pant,,true,indexable,https://triprindia.com/products/out-fit-set-black-printed-d187-hooded-t-shirt-black-plain-track-pant,true,Outfit Set Full Sleeve Black Hooded Printed T-shirt Matching Black Plain Trackpant,1,1138,281,1174,41,11,1,1,4,2,6,high,false,17,6,46,ProductGroup|FAQPage,true,JudgeMe,title_length|meta_description_length|missing_image_alt|script_count_high|image_alt_duplicate_on_page|image_missing_dimensions
https://triprindia.com/products/out-fit-set-black-printed-d175-hooded-t-shirt-black-plain-track-pant,https://triprindia.com/products/out-fit-set-black-printed-d175-hooded-t-shirt-black-plain-track-pant,false,0,200,product,Outfit Set Full Sleeve Black Hooded Printed T-shirt Matching Black Pla – TRIPR,"Product Description: stylish men’s outfit set featuring a printed hooded t-shirt with matching plain track pants Crafted from soft, breathable fabric for maximum comfort and durability Perfect blend of casual and sporty style, ideal for daily wear or travel Trendy printed hooded t-shirt adds a modern edge to your look",https://triprindia.com/products/out-fit-set-black-printed-d175-hooded-t-shirt-black-plain-track-pant,,true,indexable,https://triprindia.com/products/out-fit-set-black-printed-d175-hooded-t-shirt-black-plain-track-pant,true,Outfit Set Full Sleeve Black Hooded Printed T-shirt Matching Black Plain Trackpant,1,1138,281,1174,41,11,1,1,4,2,6,high,false,17,6,46,ProductGroup|FAQPage,true,JudgeMe,title_length|meta_description_length|missing_image_alt|script_count_high|image_alt_duplicate_on_page|image_missing_dimensions
https://triprindia.com/products/out-fit-set-black-printed-d175-hooded-t-shirt-grey-plain-track-pant,https://triprindia.com/products/out-fit-set-black-printed-d175-hooded-t-shirt-grey-plain-track-pant,false,0,200,product,Outfit Set Full Sleeve Black Hooded Printed T-shirt Matching Grey Plai – TRIPR,"Product Description: stylish men’s outfit set featuring a printed hooded t-shirt with matching plain track pants Crafted from soft, breathable fabric for maximum comfort and durability Perfect blend of casual and sporty style, ideal for daily wear or travel Trendy printed hooded t-shirt adds a modern edge to your look",https://triprindia.com/products/out-fit-set-black-printed-d175-hooded-t-shirt-grey-plain-track-pant,,true,indexable,https://triprindia.com/products/out-fit-set-black-printed-d175-hooded-t-shirt-grey-plain-track-pant,true,Outfit Set Full Sleeve Black Hooded Printed T-shirt Matching Grey Plain Trackpant,1,1138,281,1174,41,11,1,1,4,2,6,high,false,17,6,46,ProductGroup|FAQPage,true,JudgeMe,title_length|meta_description_length|missing_image_alt|script_count_high|image_alt_duplicate_on_page|image_missing_dimensions
https://triprindia.com/products/pack-of-3-high-neck-white-navy-maroon-plain-sweatshirts-st162,https://triprindia.com/products/pack-of-3-high-neck-white-navy-maroon-plain-sweatshirts-st162,false,0,200,product,(Pack Of 3) Mens High Neck Sweatshirts White- Navy-Maroon – TRIPR,"Product Description: Elevate your winter style with these plain sweatshirts Crafted from soft, breathable cotton fabric for all-day comfort Available in both high neck and round neck styles for versatile looks Full sleeves provide added warmth during chilly days Solid colors and multi-color variants to match every mood",https://triprindia.com/products/pack-of-3-high-neck-white-navy-maroon-plain-sweatshirts-st162,,true,indexable,https://triprindia.com/products/pack-of-3-high-neck-white-navy-maroon-plain-sweatshirts-st162,true,(Pack Of 3) Mens High Neck Sweatshirts White- Navy-Maroon,1,1135,265,1144,41,11,1,1,4,2,3,high,false,11,6,46,ProductGroup|FAQPage,true,JudgeMe,meta_description_length|missing_image_alt|script_count_high|image_alt_duplicate_on_page|image_missing_dimensions
https://triprindia.com/products/pack-of-3-high-neck-black-white-maroon-plain-sweatshirts-st162,https://triprindia.com/products/pack-of-3-high-neck-black-white-maroon-plain-sweatshirts-st162,false,0,200,product,(Pack Of 3) Mens High Neck Sweatshirts Black-White-Maroon – TRIPR,"Product Description: Elevate your winter style with these plain sweatshirts Crafted from soft, breathable cotton fabric for all-day comfort Available in both high neck and round neck styles for versatile looks Full sleeves provide added warmth during chilly days Solid colors and multi-color variants to match every mood",https://triprindia.com/products/pack-of-3-high-neck-black-white-maroon-plain-sweatshirts-st162,,true,indexable,https://triprindia.com/products/pack-of-3-high-neck-black-white-maroon-plain-sweatshirts-st162,true,(Pack Of 3) Mens High Neck Sweatshirts Black-White-Maroon,1,1131,265,1146,41,11,1,1,4,2,3,high,false,11,6,46,ProductGroup|FAQPage,true,JudgeMe,meta_description_length|missing_image_alt|script_count_high|image_alt_duplicate_on_page|image_missing_dimensions
https://triprindia.com/products/pack-of-2-mens-cotton-blend-solid-grey-black-joggers,https://triprindia.com/products/pack-of-2-mens-cotton-blend-solid-grey-black-joggers,false,0,200,product,(Pack Of 2) Mens Cotton Blend Solid Grey & Black Trackpants – TRIPR,Product Description: Elevate your casual style with this premium plain jogger combo pack designed for everyday comfort and versatility. Made from soft and breathable cotton-blend fabric for a relaxed fit and long-lasting wear. Features elastic waistband with adjustable drawstring for a secure fit and ribbed hems for a,https://triprindia.com/products/pack-of-2-mens-cotton-blend-solid-grey-black-joggers,,true,indexable,https://triprindia.com/products/pack-of-2-mens-cotton-blend-solid-grey-black-joggers,true,(Pack Of 2) Mens Cotton Blend Solid Grey & Black Trackpants,1,1139,276,1174,41,11,1,1,4,2,6,high,false,17,6,46,ProductGroup|FAQPage,true,JudgeMe,title_length|meta_description_length|missing_image_alt|script_count_high|image_alt_duplicate_on_page|image_missing_dimensions
https://triprindia.com/products/pack-of-2-mens-cotton-blend-solid-olive-black-joggers,https://triprindia.com/products/pack-of-2-mens-cotton-blend-solid-olive-black-joggers,false,0,200,product,(Pack Of 2) Mens Cotton Blend Solid Olive & Black Joggers – TRIPR,Product Description: Elevate your casual style with this premium plain jogger combo pack designed for everyday comfort and versatility. Made from soft and breathable cotton-blend fabric for a relaxed fit and long-lasting wear. Features elastic waistband with adjustable drawstring for a secure fit and ribbed hems for a,https://triprindia.com/products/pack-of-2-mens-cotton-blend-solid-olive-black-joggers,,true,indexable,https://triprindia.com/products/pack-of-2-mens-cotton-blend-solid-olive-black-joggers,true,(Pack Of 2) Mens Cotton Blend Solid Olive & Black Joggers,1,1139,276,1174,41,11,1,1,4,2,6,high,false,17,6,46,ProductGroup|FAQPage,true,JudgeMe,meta_description_length|missing_image_alt|script_count_high|image_alt_duplicate_on_page|image_missing_dimensions
https://triprindia.com/products/pack-of-3-logo-printed-mens-high-neck-sweatshirts,https://triprindia.com/products/pack-of-3-logo-printed-mens-high-neck-sweatshirts,false,0,200,product,Pack Of 3 Logo Printed Mens Quarter Zip High Neck Combo Sweatshirts – TRIPR,"👉Click here for Plain Pack of 3 Sweatshirts Product Description: Elevate your winter style with these plain sweatshirts Crafted from soft, breathable cotton fabric for all-day comfort Available in both high neck and round neck styles for versatile looks Full sleeves provide added warmth during chilly days Solid colors",https://triprindia.com/products/pack-of-3-logo-printed-mens-high-neck-sweatshirts,,true,indexable,https://triprindia.com/products/pack-of-3-logo-printed-mens-high-neck-sweatshirts,true,Pack Of 3 Logo Printed Mens Quarter Zip High Neck Combo Sweatshirts,1,1208,369,1226,41,11,1,1,4,2,8,high,false,20,5,47,ProductGroup|FAQPage,true,JudgeMe,title_length|meta_description_length|missing_image_alt|script_count_high|large_image_url_width|image_alt_duplicate_on_page|image_missing_dimensions
https://triprindia.com/products/pack-of-3-mens-quarter-zip-high-neck-plain-combo-sweatshirts,https://triprindia.com/products/pack-of-3-mens-quarter-zip-high-neck-plain-combo-sweatshirts,false,0,200,product,Pack Of 3 Mens Quarter Zip High Neck Plain Combo Sweatshirts – TRIPR,"Product Description: Elevate your winter style with these plain sweatshirts Crafted from soft, breathable cotton fabric for all-day comfort Available in both high neck and round neck styles for versatile looks Full sleeves provide added warmth during chilly days Solid colors and multi-color variants to match every mood",https://triprindia.com/products/pack-of-3-mens-quarter-zip-high-neck-plain-combo-sweatshirts,,true,indexable,https://triprindia.com/products/pack-of-3-mens-quarter-zip-high-neck-plain-combo-sweatshirts,true,Pack Of 3 Mens Quarter Zip High Neck Plain Combo Sweatshirts,1,1198,369,1223,41,11,1,1,4,2,8,high,false,20,5,46,ProductGroup|FAQPage,true,JudgeMe,title_length|meta_description_length|missing_image_alt|script_count_high|large_image_url_width|image_alt_duplicate_on_page|image_missing_dimensions
https://triprindia.com/products/pack-of-2-quarter-zip-high-neck-plain-combo-sweatshirts,https://triprindia.com/products/pack-of-2-quarter-zip-high-neck-plain-combo-sweatshirts,false,0,200,product,Pack Of 2 Quarter Zip High Neck Plain Combo Sweatshirts – TRIPR,"Product Description: Elevate your winter style with these plain sweatshirts Crafted from soft, breathable cotton fabric for all-day comfort Available in both high neck and round neck styles for versatile looks Full sleeves provide added warmth during chilly days Solid colors and multi-color variants to match every mood",https://triprindia.com/products/pack-of-2-quarter-zip-high-neck-plain-combo-sweatshirts,,true,indexable,https://triprindia.com/products/pack-of-2-quarter-zip-high-neck-plain-combo-sweatshirts,true,Pack Of 2 Quarter Zip High Neck Plain Combo Sweatshirts,1,1136,265,1144,41,11,1,1,4,2,3,high,false,11,6,46,ProductGroup|FAQPage,true,JudgeMe,meta_description_length|missing_image_alt|script_count_high|image_alt_duplicate_on_page|image_missing_dimensions
https://triprindia.com/products/pack-of-2-logo-printed-mens-quarter-zip-high-neck-combo-sweatshirts-st163,https://triprindia.com/products/pack-of-2-logo-printed-mens-quarter-zip-high-neck-combo-sweatshirts-st163,false,0,200,product,Pack Of 2 Logo Printed Mens Quarter Zip High Neck Combo Sweatshirts – TRIPR,"Product Description: Elevate your winter style with these plain sweatshirts Crafted from soft, breathable cotton fabric for all-day comfort Available in both high neck and round neck styles for versatile looks Full sleeves provide added warmth during chilly days Solid colors and multi-color variants to match every mood",https://triprindia.com/products/pack-of-2-logo-printed-mens-quarter-zip-high-neck-combo-sweatshirts-st163,,true,indexable,https://triprindia.com/products/pack-of-2-logo-printed-mens-quarter-zip-high-neck-combo-sweatshirts-st163,true,Pack Of 2 Logo Printed Mens Quarter Zip High Neck Combo Sweatshirts,1,1183,403,1249,41,11,1,1,4,2,10,high,false,20,4,46,ProductGroup|FAQPage,true,JudgeMe,title_length|meta_description_length|missing_image_alt|script_count_high|large_image_url_width|image_alt_duplicate_on_page|image_missing_dimensions
https://triprindia.com/products/pack-of-2-quarter-zip-high-neck-plain-combo-sweatshirts-st162,https://triprindia.com/products/pack-of-2-quarter-zip-high-neck-plain-combo-sweatshirts-st162,false,0,200,product,Pack Of 2 Quarter Zip High Neck Plain Combo Sweatshirts – TRIPR,"Product Description: Elevate your winter style with these plain sweatshirts Crafted from soft, breathable cotton fabric for all-day comfort Available in both high neck and round neck styles for versatile looks Full sleeves provide added warmth during chilly days Solid colors and multi-color variants to match every mood",https://triprindia.com/products/pack-of-2-quarter-zip-high-neck-plain-combo-sweatshirts-st162,,true,indexable,https://triprindia.com/products/pack-of-2-quarter-zip-high-neck-plain-combo-sweatshirts-st162,true,Pack Of 2 Quarter Zip High Neck Plain Combo Sweatshirts,1,1166,344,1208,41,11,1,1,4,2,7,high,false,19,6,46,ProductGroup|FAQPage,true,JudgeMe,meta_description_length|missing_image_alt|script_count_high|large_image_url_width|image_alt_duplicate_on_page|image_missing_dimensions
https://triprindia.com/products/pack-of-2-full-sleeve-dual-color-printed-hooded-t-shirts-7-variants-z137,https://triprindia.com/products/pack-of-2-full-sleeve-dual-color-printed-hooded-t-shirts-7-variants-z137,false,0,200,product,Pack of 2 Hooded Printed and Plain T-shirt Combos – TRIPR,"Product Description: Stylish full sleeve hooded t-shirt designed for comfort and versatility. Features a unique printed design at the chest, adding a trendy touch to your look. Colorblock style for a bold and modern appearance. Available in a variety of vibrant colors to suit your style. Made from good-quality fabric f",https://triprindia.com/products/pack-of-2-full-sleeve-dual-color-printed-hooded-t-shirts-7-variants-z137,,true,indexable,https://triprindia.com/products/pack-of-2-full-sleeve-dual-color-printed-hooded-t-shirts-7-variants-z137,true,Pack of 2 Hooded Printed and Plain T-shirt Combos,1,1291,595,1382,41,11,1,1,4,2,0,high,false,20,4,46,ProductGroup|FAQPage,true,JudgeMe,meta_description_length|missing_image_alt|html_size_large|script_count_high|image_count_high|image_alt_duplicate_on_page|image_missing_dimensions
https://triprindia.com/products/mens-multi-pockets-all-over-printed-baggy-cargo-pants-os6,https://triprindia.com/products/mens-multi-pockets-all-over-printed-baggy-cargo-pants-os6,false,0,200,product,Buy Navy Blue Baggy fit Multi Pocket Cargo Joggers Online – TRIPR,"Buy Baggy Cargo Jogger for men on Clearance Sale for ₹399 Online. Heavy Fabric, Multi pockets, Baggy oversized cargo jogger with cuff ankle. Explore huge collections of Trendy Cargo Joggers under 300 or 500 and enjoy Fastest delivery | Easy 7 days returns",https://triprindia.com/products/mens-multi-pockets-all-over-printed-baggy-cargo-pants-os6,,true,indexable,https://triprindia.com/products/mens-multi-pockets-all-over-printed-baggy-cargo-pants-os6,true,Men's Multi Pockets All Over Printed Baggy Cargo Joggers,1,1158,339,1206,41,11,1,1,4,2,1,high,false,17,6,46,ProductGroup|FAQPage,true,JudgeMe,meta_description_length|missing_image_alt|serp_title_h1_mismatch|serp_boilerplate_meta_description|script_count_high|image_alt_duplicate_on_page|image_missing_dimensions
https://triprindia.com/products/men-mandarin-collar-full-sleeve-zip-neck-contrast-t-shirts,https://triprindia.com/products/men-mandarin-collar-full-sleeve-zip-neck-contrast-t-shirts,false,0,200,product,Men Mandarin Collar Full Sleeve Zip Neck Contrast T-Shirts – TRIPR,"Fabric &amp; Care: Cotton Blend Fabric. 170 to 180 gsm ,Regular Machine wash.Shipping/Delivery: The order will be dispatched within 24-48 hours, and you can expect to receive your order within 4-5 business days.Return and Exchange: We have an easy 7 days return policy. Return the product within 7 days from the day of r",https://triprindia.com/products/men-mandarin-collar-full-sleeve-zip-neck-contrast-t-shirts,,true,indexable,https://triprindia.com/products/men-mandarin-collar-full-sleeve-zip-neck-contrast-t-shirts,true,Men Mandarin Collar Full Sleeve Zip Neck Contrast T-Shirts,1,1084,381,1225,41,11,1,1,4,2,0,high,false,20,4,46,ProductGroup|FAQPage,true,JudgeMe,title_length|meta_description_length|missing_image_alt|script_count_high|image_alt_duplicate_on_page|image_missing_dimensions
https://triprindia.com/products/men-colorblock-quarter-zip-polo-neck-full-sleeve-t-shirt-p52,https://triprindia.com/products/men-colorblock-quarter-zip-polo-neck-full-sleeve-t-shirt-p52,false,0,200,product,Men Colorblock Quarter Zip Polo Neck Full Sleeve T-shirt Beige – TRIPR,"Product Description: Stylish men’s full sleeve polo t-shirt with bold text print – “Versatile Printed” Made from soft cotton blend fabric for all-day comfort and breathability polo neck design with ribbed hem and cuffs for a neat finish Perfect for casual outings, streetwear style, and travel wear Durable stitching and",https://triprindia.com/products/men-colorblock-quarter-zip-polo-neck-full-sleeve-t-shirt-p52,,true,indexable,https://triprindia.com/products/men-colorblock-quarter-zip-polo-neck-full-sleeve-t-shirt-p52,true,Men Colorblock Quarter Zip Polo Neck Full Sleeve T-shirt Beige,1,1135,278,1182,41,11,1,1,4,2,6,high,false,17,5,46,ProductGroup|FAQPage,true,JudgeMe,title_length|meta_description_length|script_count_high|image_alt_duplicate_on_page|image_missing_dimensions
https://triprindia.com/products/men-colorblock-quarter-zip-polo-neck-full-sleeve-t-shirt-black-p52,https://triprindia.com/products/men-colorblock-quarter-zip-polo-neck-full-sleeve-t-shirt-black-p52,false,0,200,product,Men Colorblock Quarter Zip Polo Neck Full Sleeve T-shirt Black – TRIPR,"Product Description: Stylish men’s full sleeve polo t-shirt with bold text print – “Versatile Printed” Made from soft cotton blend fabric for all-day comfort and breathability polo neck design with ribbed hem and cuffs for a neat finish Perfect for casual outings, streetwear style, and travel wear Durable stitching and",https://triprindia.com/products/men-colorblock-quarter-zip-polo-neck-full-sleeve-t-shirt-black-p52,,true,indexable,https://triprindia.com/products/men-colorblock-quarter-zip-polo-neck-full-sleeve-t-shirt-black-p52,true,Men Colorblock Quarter Zip Polo Neck Full Sleeve T-shirt Black,1,1135,278,1182,41,11,1,1,4,2,6,high,false,17,5,46,ProductGroup|FAQPage,true,JudgeMe,title_length|meta_description_length|script_count_high|image_alt_duplicate_on_page|image_missing_dimensions
https://triprindia.com/products/pack-of-2-printed-hooded-full-sleeve-t-shirt-white-d198-white-blue-d199,https://triprindia.com/products/pack-of-2-printed-hooded-full-sleeve-t-shirt-white-d198-white-blue-d199,false,0,200,product,(Pack Of 2) Printed Hooded Full Sleeve T-shirt - 6 Variants – TRIPR,"Product Description: Stylish men’s hooded full sleeve T-shirt with trendy printed design Made from soft, breathable cotton blend for ultimate comfort Perfect for daily wear, streetwear, and casual outings Modern fit with attached hood adds a sporty edge Available in multi-color and unique print options for versatile st",https://triprindia.com/products/pack-of-2-printed-hooded-full-sleeve-t-shirt-white-d198-white-blue-d199,,true,indexable,https://triprindia.com/products/pack-of-2-printed-hooded-full-sleeve-t-shirt-white-d198-white-blue-d199,true,(Pack Of 2) Printed Hooded Full Sleeve T-shirt - 6 Variants,1,1140,369,1224,41,11,1,1,4,2,8,high,false,20,5,46,ProductGroup|FAQPage,true,JudgeMe,title_length|meta_description_length|missing_image_alt|script_count_high|large_image_url_width|image_alt_duplicate_on_page|image_missing_dimensions
https://triprindia.com/products/round-neck-full-sleeve-zig-zag-printed-tshirts-with-6-colors,https://triprindia.com/products/round-neck-full-sleeve-zig-zag-printed-tshirts-with-6-colors,false,0,200,product,Round Neck Full Sleeve Zig Zag Printed Tshirts with 6 Colors – TRIPR,"Product Description: Stylish full sleeve round neck t-shirt designed for a trendy and comfortable fit. Features a unique zig-zag printed design, adding a bold and modern touch. Available in a variety of attractive colors to match your style. Made from soft and breathable fabric, perfect for all-day wear. Available in s",https://triprindia.com/products/round-neck-full-sleeve-zig-zag-printed-tshirts-with-6-colors,,true,indexable,https://triprindia.com/products/round-neck-full-sleeve-zig-zag-printed-tshirts-with-6-colors,true,Round Neck Full Sleeve Zig Zag Printed Tshirts with 6 Colors,1,1151,372,1236,41,11,1,1,4,2,0,high,false,20,5,46,ProductGroup|FAQPage,true,JudgeMe,title_length|meta_description_length|missing_image_alt|script_count_high|image_alt_duplicate_on_page|image_missing_dimensions
https://triprindia.com/products/mens-loose-fit-back-printed-oversized-t-shirt-black-z139,https://triprindia.com/products/mens-loose-fit-back-printed-oversized-t-shirt-black-z139,false,0,200,product,Mens Loose Fit Back Printed Oversized T-shirt Black – TRIPR,"Product Description: Trendy oversized men’s T-shirt with bold “ITACHI” printed design. Made from soft, breathable cotton fabric ensuring all-day comfort. Features a relaxed drop-shoulder fit for a stylish, streetwear-inspired look. Perfect for casual outings, weekend wear, or daily comfort style. Easily pairs with jogg",https://triprindia.com/products/mens-loose-fit-back-printed-oversized-t-shirt-black-z139,,true,indexable,https://triprindia.com/products/mens-loose-fit-back-printed-oversized-t-shirt-black-z139,true,Mens Loose Fit Back Printed Oversized T-shirt Black,1,1118,282,1180,41,11,1,1,4,2,6,high,false,17,6,46,ProductGroup|FAQPage,true,JudgeMe,meta_description_length|missing_image_alt|script_count_high|image_alt_duplicate_on_page|image_missing_dimensions
https://triprindia.com/products/men-colorblock-polo-neck-full-sleeve-t-shirt-black-p54,https://triprindia.com/products/men-colorblock-polo-neck-full-sleeve-t-shirt-black-p54,false,0,200,product,Men Colorblock Polo Neck Full Sleeve T-Shirt Black – TRIPR,"Product Description: Stylish men’s full sleeve polo t-shirt with bold text print  Made from soft cotton blend fabric for all-day comfort and breathability polo neck design with ribbed hem and cuffs for a neat finish Perfect for casual outings, streetwear style, and travel wear Durable stitching and good quality fabric",https://triprindia.com/products/men-colorblock-polo-neck-full-sleeve-t-shirt-black-p54,,true,indexable,https://triprindia.com/products/men-colorblock-polo-neck-full-sleeve-t-shirt-black-p54,true,Men Colorblock Polo Neck Full Sleeve T-Shirt Black,1,1126,278,1184,41,11,1,1,4,2,6,high,false,17,5,46,ProductGroup|FAQPage,true,JudgeMe,meta_description_length|script_count_high|image_alt_duplicate_on_page|image_missing_dimensions
https://triprindia.com/products/mens-multi-pockets-plain-baggy-fit-solid-cargo-jogger-5-colors,https://triprindia.com/products/mens-multi-pockets-plain-baggy-fit-solid-cargo-jogger-5-colors,false,0,200,product,Buy Navy Blue Baggy fit Multi Pocket Cargo Joggers Online – TRIPR,"Buy Baggy Cargo Jogger for men on Clearance Sale for ₹399 Online. Heavy Fabric, Multi pockets, Baggy oversized cargo jogger with cuff ankle. Explore huge collections of Trendy Cargo Joggers under 300 or 500 only at TRIPR India and enjoy Fastest delivery | Easy 7 days returns",https://triprindia.com/products/mens-multi-pockets-plain-baggy-fit-solid-cargo-jogger-5-colors,,true,indexable,https://triprindia.com/products/mens-multi-pockets-plain-baggy-fit-solid-cargo-jogger-5-colors,true,Mens Multi Pockets Baggy fit Solid Cargo Jogger 5 Colors,1,1157,359,1261,41,11,1,1,4,2,2,high,false,20,4,46,ProductGroup|FAQPage,true,JudgeMe,meta_description_length|missing_image_alt|serp_title_h1_mismatch|serp_boilerplate_meta_description|script_count_high|image_alt_too_long|image_alt_duplicate_on_page|image_missing_dimensions
https://triprindia.com/products/mens-star-printed-trackpants-6-color-variants-j68,https://triprindia.com/products/mens-star-printed-trackpants-6-color-variants-j68,false,0,200,product,Mens Star Printed Trackpants 6 Color Variants – TRIPR,"Product Description: Trendy Ankle-Fit Design – Modern slim-fit with cuffed bottoms for a sharp and stylish silhouette. Eye-Catching All-Over Prints – Unique and fashionable prints that elevate your casual look. Fabric – Made from soft, breathable, and durable material for maximum comfort. Versatile Streetwear Style – P",https://triprindia.com/products/mens-star-printed-trackpants-6-color-variants-j68,,true,indexable,https://triprindia.com/products/mens-star-printed-trackpants-6-color-variants-j68,true,Mens Star Printed Trackpants 6 Color Variants,1,1137,370,1253,41,11,1,1,4,2,0,high,false,20,4,46,ProductGroup|FAQPage,true,JudgeMe,meta_description_length|missing_image_alt|script_count_high|image_alt_duplicate_on_page|image_missing_dimensions
https://triprindia.com/products/high-neck-sweatshirt-baggy-cargo-plain-tracksuits,https://triprindia.com/products/high-neck-sweatshirt-baggy-cargo-plain-tracksuits,false,0,200,product,High Neck Sweatshirt & Baggy Cargo Plain Winter Outfits – TRIPR,"Product Description: High Neck Sweatshirt: Available in plain and printed designs for a versatile streetwear look. Plain Baggy Cargopants: Loose fit cargo style offers comfort with a trendy edge. Cotton Fabric: Soft, breathable, and skin-friendly for all-day ease. Casual &amp; Streetwear: Perfect for daily wear, outing",https://triprindia.com/products/high-neck-sweatshirt-baggy-cargo-plain-tracksuits,,true,indexable,https://triprindia.com/products/high-neck-sweatshirt-baggy-cargo-plain-tracksuits,true,High Neck Sweatshirt & Baggy Cargo Plain Winter Outfits,1,1249,640,1392,41,11,1,1,4,2,20,high,false,20,4,46,ProductGroup|FAQPage,true,JudgeMe,meta_description_length|serp_title_missing_commerce_terms|html_size_large|script_count_high|image_count_high|large_image_url_width|image_alt_duplicate_on_page|image_missing_dimensions
https://triprindia.com/products/mens-textured-striped-button-full-sleeve-shirt-black-white-sh90,https://triprindia.com/products/mens-textured-striped-button-full-sleeve-shirt-black-white-sh90,false,0,200,product,Men Smart Casual Textured Vertical Striped Full Sleeve Shirt Black & W – TRIPR,Product Description: Plain Textured Design: Elegant solid color pattern with subtle texture for a rich look Full Sleeve Style: Ideal for both casual and semi-formal wear Color Variety: Available in multiple vibrant and classic multicolor options Comfortable Fit: Designed with a relaxed silhouette for all-day comfort Qu,https://triprindia.com/products/mens-textured-striped-button-full-sleeve-shirt-black-white-sh90,,true,indexable,https://triprindia.com/products/mens-textured-striped-button-full-sleeve-shirt-black-white-sh90,true,Men Smart Casual Textured Vertical Striped Full Sleeve Shirt Black & White,1,1145,280,1179,41,11,1,1,4,2,6,high,false,17,5,46,ProductGroup|FAQPage,true,JudgeMe,title_length|meta_description_length|script_count_high|image_alt_duplicate_on_page|image_missing_dimensions
https://triprindia.com/products/mens-textured-pattren-full-sleeve-white-shirt-sh94,https://triprindia.com/products/mens-textured-pattren-full-sleeve-white-shirt-sh94,false,0,200,product,Men Smart Casual Full Sleeve Textured Pattern Vertical Stripes White S – TRIPR,Product Description: Plain Textured Design: Elegant solid color pattern with subtle texture for a rich look Full Sleeve Style: Ideal for both casual and semi-formal wear Color Variety: Available in multiple vibrant and classic multicolor options Comfortable Fit: Designed with a relaxed silhouette for all-day comfort Qu,https://triprindia.com/products/mens-textured-pattren-full-sleeve-white-shirt-sh94,,true,indexable,https://triprindia.com/products/mens-textured-pattren-full-sleeve-white-shirt-sh94,true,Men Smart Casual Full Sleeve Textured Pattern Vertical Stripes White Shirt,1,1141,279,1181,41,11,1,1,4,2,6,high,false,17,5,46,ProductGroup|FAQPage,true,JudgeMe,title_length|meta_description_length|script_count_high|image_alt_duplicate_on_page|image_missing_dimensions
https://triprindia.com/products/mens-textured-pattren-full-sleeve-white-beige-shirt-sh91,https://triprindia.com/products/mens-textured-pattren-full-sleeve-white-beige-shirt-sh91,false,0,200,product,Men Smart Casual Half Sleeve Textured Pattern White Beige Colorblock S – TRIPR,Product Description: Plain Textured Design: Elegant solid color pattern with subtle texture for a rich look Full Sleeve Style: Ideal for both casual and semi-formal wear Color Variety: Available in multiple vibrant and classic multicolor options Comfortable Fit: Designed with a relaxed silhouette for all-day comfort Qu,https://triprindia.com/products/mens-textured-pattren-full-sleeve-white-beige-shirt-sh91,,true,indexable,https://triprindia.com/products/mens-textured-pattren-full-sleeve-white-beige-shirt-sh91,true,Men Smart Casual Half Sleeve Textured Pattern White Beige Colorblock Shirt,1,1141,279,1181,41,11,1,1,4,2,6,high,false,17,5,46,ProductGroup|FAQPage,true,JudgeMe,title_length|meta_description_length|script_count_high|image_alt_duplicate_on_page|image_missing_dimensions
https://triprindia.com/products/round-neck-sweatshirt-and-baggy-cargo-matching-outfits,https://triprindia.com/products/round-neck-sweatshirt-and-baggy-cargo-matching-outfits,false,0,200,product,Round Neck Sweatshirt and Baggy Cargo Matching Outfits – TRIPR,"Product Description: Trendy men’s tracksuit set featuring a mix of printed and solid sweatshirts and jackets paired with matching bottom wear for a coordinated, fashionable look. Made from premium quality, soft cotton fabric offering excellent comfort, breathability, and durability. Ideal for casual outings, travel, wo",https://triprindia.com/products/round-neck-sweatshirt-and-baggy-cargo-matching-outfits,,true,indexable,https://triprindia.com/products/round-neck-sweatshirt-and-baggy-cargo-matching-outfits,true,Round Neck Sweatshirt and Baggy Cargo Matching Outfits,1,1158,497,1291,41,11,1,1,4,2,13,high,false,20,4,46,ProductGroup|FAQPage,true,JudgeMe,meta_description_length|serp_title_missing_commerce_terms|script_count_high|large_image_url_width|image_alt_duplicate_on_page|image_missing_dimensions
https://triprindia.com/products/pack-of-3-black-beige-round-neck-printed-sleeveless-vest-combo-1,https://triprindia.com/products/pack-of-3-black-beige-round-neck-printed-sleeveless-vest-combo-1,false,0,200,product,Pack Of 3 Black & Beige Round Neck Printed Sleeveless Vest Combo – TRIPR,"Product Description: Fabric: Crafted with a soft and breathable cotton blend for all-day comfort. Stylish Printed Design: Trendy prints that add a touch of personality to your daily gym look. Versatile Gym Wear: Perfectly designed for workouts, casual outings, or lounging at home. Available in Multiple Colors: Choose f",https://triprindia.com/products/pack-of-3-black-beige-round-neck-printed-sleeveless-vest-combo-1,,true,indexable,https://triprindia.com/products/pack-of-3-black-beige-round-neck-printed-sleeveless-vest-combo-1,true,Pack Of 3 Black & Beige Round Neck Printed Sleeveless Vest Combo,1,1115,277,1167,41,11,1,1,4,2,6,high,false,17,6,46,ProductGroup|FAQPage,true,JudgeMe,title_length|meta_description_length|missing_image_alt|script_count_high|image_alt_duplicate_on_page|image_missing_dimensions
https://triprindia.com/products/plain-loose-fit-baggy-cargo-5-colors-variants-j72,https://triprindia.com/products/plain-loose-fit-baggy-cargo-5-colors-variants-j72,false,0,200,product,Men Baggy Track Pants - 5 Color Variants – TRIPR,"Product Description: Product: Solid Baggy Track Pants Brand: TRIPR India Material: Cotton blend for comfort and durability Design: Solid color with a stylish, Baggy fit for a relaxed look Pockets: Equipped with 2 pockets for utility and style Available Sizes: S, M, L, XL, 2XL Ideal For: Casual wear, streetwear, and dai",https://triprindia.com/products/plain-loose-fit-baggy-cargo-5-colors-variants-j72,,true,indexable,https://triprindia.com/products/plain-loose-fit-baggy-cargo-5-colors-variants-j72,true,Men Baggy Track Pants - 5 Color Variants,1,1140,361,1263,41,11,1,1,4,2,11,high,false,20,4,47,ProductGroup|FAQPage,true,JudgeMe,meta_description_length|missing_image_alt|script_count_high|large_image_url_width|image_alt_duplicate_on_page|image_missing_dimensions
https://triprindia.com/products/mens-textured-pattren-full-sleeve-plain-black-shirt-sh92,https://triprindia.com/products/mens-textured-pattren-full-sleeve-plain-black-shirt-sh92,false,0,200,product,Men Smart Casual Textured Pattren Full Sleeve Plain Black Shirt – TRIPR,Product Description: Plain Textured Design: Elegant solid color pattern with subtle texture for a rich look Full Sleeve Style: Ideal for both casual and semi-formal wear Color Variety: Available in multiple vibrant and classic multicolor options Comfortable Fit: Designed with a relaxed silhouette for all-day comfort Qu,https://triprindia.com/products/mens-textured-pattren-full-sleeve-plain-black-shirt-sh92,,true,indexable,https://triprindia.com/products/mens-textured-pattren-full-sleeve-plain-black-shirt-sh92,true,Men Smart Casual Textured Pattren Full Sleeve Plain Black Shirt,1,1139,282,1188,41,11,1,1,4,2,7,high,false,19,5,46,ProductGroup|FAQPage,true,JudgeMe,title_length|meta_description_length|script_count_high|large_image_url_width|image_alt_duplicate_on_page|image_missing_dimensions
https://triprindia.com/products/pack-of-2-mens-full-sleeve-round-neck-printed-t-shirts-black-d185-maroon-d184,https://triprindia.com/products/pack-of-2-mens-full-sleeve-round-neck-printed-t-shirts-black-d185-maroon-d184,false,0,200,product,(Pack Of 2) Mens Full Sleeve Round Neck Printed T-shirts Black & Maroo – TRIPR,"Product Description: Upgrade your casual collection with men’s full sleeve printed t-shirts Designed in both high neck and round neck styles for a trendy, versatile look Crafted from soft and breathable fabric for all-day comfort and ease Perfect for casual outings, travel, or daily wear with a stylish appeal Available",https://triprindia.com/products/pack-of-2-mens-full-sleeve-round-neck-printed-t-shirts-black-d185-maroon-d184,,true,indexable,https://triprindia.com/products/pack-of-2-mens-full-sleeve-round-neck-printed-t-shirts-black-d185-maroon-d184,true,(Pack Of 2) Mens Full Sleeve Round Neck Printed T-shirts Black & Maroon,1,1140,279,1170,41,11,1,1,4,2,6,high,false,17,6,46,ProductGroup|FAQPage,true,JudgeMe,title_length|meta_description_length|missing_image_alt|script_count_high|image_alt_duplicate_on_page|image_missing_dimensions
https://triprindia.com/products/pack-of-2-mens-full-sleeve-high-neck-printed-t-shirts-black-white-d189,https://triprindia.com/products/pack-of-2-mens-full-sleeve-high-neck-printed-t-shirts-black-white-d189,false,0,200,product,(Pack Of 2) Full Sleeve Round Neck & Quarter Zip Neck T-shirts 18 Vari – TRIPR,"Product Description: Upgrade your casual collection with men’s full sleeve printed t-shirts Designed in both high neck and round neck styles for a trendy, versatile look Crafted from soft and breathable fabric for all-day comfort and ease Perfect for casual outings, travel, or daily wear with a stylish appeal Available",https://triprindia.com/products/pack-of-2-mens-full-sleeve-high-neck-printed-t-shirts-black-white-d189,,true,indexable,https://triprindia.com/products/pack-of-2-mens-full-sleeve-high-neck-printed-t-shirts-black-white-d189,true,(Pack Of 2) Full Sleeve Round Neck & Quarter Zip Neck T-shirts 18 Variants,1,1182,631,1384,41,11,1,1,4,2,20,high,false,20,4,46,ProductGroup|FAQPage,true,JudgeMe,title_length|meta_description_length|missing_image_alt|html_size_large|script_count_high|image_count_high|large_image_url_width|image_alt_duplicate_on_page|image_missing_dimensions
https://triprindia.com/products/pack-of-2-full-sleeve-round-neck-printed-t-shirts-beige-maroon-d184,https://triprindia.com/products/pack-of-2-full-sleeve-round-neck-printed-t-shirts-beige-maroon-d184,false,0,200,product,(Pack Of 2) Full Sleeve Round Neck Printed T-shirts Beige & Maroon – TRIPR,"Product Description: Upgrade your casual collection with men’s full sleeve printed t-shirts Designed in both high neck and round neck styles for a trendy, versatile look Crafted from soft and breathable fabric for all-day comfort and ease Perfect for casual outings, travel, or daily wear with a stylish appeal Available",https://triprindia.com/products/pack-of-2-full-sleeve-round-neck-printed-t-shirts-beige-maroon-d184,,true,indexable,https://triprindia.com/products/pack-of-2-full-sleeve-round-neck-printed-t-shirts-beige-maroon-d184,true,(Pack Of 2) Full Sleeve Round Neck Printed T-shirts Beige & Maroon,1,1138,278,1170,41,11,1,1,4,2,6,high,false,17,6,46,ProductGroup|FAQPage,true,JudgeMe,title_length|meta_description_length|missing_image_alt|script_count_high|image_alt_duplicate_on_page|image_missing_dimensions
https://triprindia.com/products/pack-of-2-full-sleeve-round-neck-printed-t-shirts-black-beige-d184,https://triprindia.com/products/pack-of-2-full-sleeve-round-neck-printed-t-shirts-black-beige-d184,false,0,200,product,(Pack Of 2) Full Sleeve Round Neck Printed T-shirts Black & Beige – TRIPR,"Product Description: Upgrade your casual collection with men’s full sleeve printed t-shirts Designed in both high neck and round neck styles for a trendy, versatile look Crafted from soft and breathable fabric for all-day comfort and ease Perfect for casual outings, travel, or daily wear with a stylish appeal Available",https://triprindia.com/products/pack-of-2-full-sleeve-round-neck-printed-t-shirts-black-beige-d184,,true,indexable,https://triprindia.com/products/pack-of-2-full-sleeve-round-neck-printed-t-shirts-black-beige-d184,true,(Pack Of 2) Full Sleeve Round Neck Printed T-shirts Black & Beige,1,1136,278,1172,41,11,1,1,4,2,6,high,false,17,6,46,ProductGroup|FAQPage,true,JudgeMe,title_length|meta_description_length|missing_image_alt|script_count_high|image_alt_duplicate_on_page|image_missing_dimensions
https://triprindia.com/products/mens-textured-pattren-striped-casual-shirt-multicolor-sh95,https://triprindia.com/products/mens-textured-pattren-striped-casual-shirt-multicolor-sh95,false,0,200,product,Men Smart Casual Textured Pattren Multicolor Striped Shirt – TRIPR,Product Description: Plain Textured Design: Elegant solid color pattern with subtle texture for a rich look Full Sleeve Style: Ideal for both casual and semi-formal wear Color Variety: Available in multiple vibrant and classic multicolor options Comfortable Fit: Designed with a relaxed silhouette for all-day comfort Qu,https://triprindia.com/products/mens-textured-pattren-striped-casual-shirt-multicolor-sh95,,true,indexable,https://triprindia.com/products/mens-textured-pattren-striped-casual-shirt-multicolor-sh95,true,Men Smart Casual Textured Pattren Multicolor Striped Shirt,1,1135,280,1181,41,11,1,1,4,2,6,high,false,17,5,46,ProductGroup|FAQPage,true,JudgeMe,title_length|meta_description_length|script_count_high|image_alt_duplicate_on_page|image_missing_dimensions
https://triprindia.com/products/mens-color-block-zipper-shirt-white-beige-sh96,https://triprindia.com/products/mens-color-block-zipper-shirt-white-beige-sh96,false,0,200,product,Men Smart Casual Colorblock Full Sleeve Zipper Shirt White & Beige – TRIPR,Product Description: Plain Textured Design: Elegant solid color pattern with subtle texture for a rich look Full Sleeve Style: Ideal for both casual and semi-formal wear Color Variety: Available in multiple vibrant and classic multicolor options Comfortable Fit: Designed with a relaxed silhouette for all-day comfort Qu,https://triprindia.com/products/mens-color-block-zipper-shirt-white-beige-sh96,,true,indexable,https://triprindia.com/products/mens-color-block-zipper-shirt-white-beige-sh96,true,Men Smart Casual Colorblock Full Sleeve Zipper Shirt White & Beige,1,1143,280,1179,41,11,1,1,4,2,6,high,false,17,5,46,ProductGroup|FAQPage,true,JudgeMe,title_length|meta_description_length|script_count_high|image_alt_duplicate_on_page|image_missing_dimensions
https://triprindia.com/products/mens-color-block-zipper-shirt-white-olivegreen-sh96,https://triprindia.com/products/mens-color-block-zipper-shirt-white-olivegreen-sh96,false,0,200,product,Men Smart Casual Full Sleeve Zipper Shirt White & Olivegreen – TRIPR,Product Description: Plain Textured Design: Elegant solid color pattern with subtle texture for a rich look Full Sleeve Style: Ideal for both casual and semi-formal wear Color Variety: Available in multiple vibrant and classic multicolor options Comfortable Fit: Designed with a relaxed silhouette for all-day comfort Qu,https://triprindia.com/products/mens-color-block-zipper-shirt-white-olivegreen-sh96,,true,indexable,https://triprindia.com/products/mens-color-block-zipper-shirt-white-olivegreen-sh96,true,Men Smart Casual Full Sleeve Zipper Shirt White & Olivegreen,1,1141,280,1179,41,11,1,1,4,2,6,high,false,17,5,46,ProductGroup|FAQPage,true,JudgeMe,title_length|meta_description_length|script_count_high|image_alt_duplicate_on_page|image_missing_dimensions
https://triprindia.com/products/men-printed-loose-fit-printed-black-trackpant,https://triprindia.com/products/men-printed-loose-fit-printed-black-trackpant,false,0,200,product,Men Printed Loose Fit Printed Black Trackpant – TRIPR,"Product Description: Men’s stylish black trackpant designed with classic dual white side stripes for a sporty yet trendy look. Made from soft and breathable fabric, ensuring all-day comfort and durability. Relaxed fit with an adjustable drawstring waist for a secure and flexible fit. Perfect for gym, sports, jogging, t",https://triprindia.com/products/men-printed-loose-fit-printed-black-trackpant,,true,indexable,https://triprindia.com/products/men-printed-loose-fit-printed-black-trackpant,true,Men Printed Loose Fit Printed Black Trackpant,1,1133,528,1342,41,11,1,1,4,2,17,high,false,20,4,46,ProductGroup|FAQPage,true,JudgeMe,meta_description_length|missing_image_alt|html_size_large|script_count_high|large_image_url_width|image_alt_duplicate_on_page|image_missing_dimensions
https://triprindia.com/products/men-solid-color-blocked-olive-grey-trackpant-j76,https://triprindia.com/products/men-solid-color-blocked-olive-grey-trackpant-j76,false,0,200,product,Men Solid Color Blocked Olive & Grey Trackpant – TRIPR,"Product Description: Men’s stylish black trackpant designed with classic dual white side stripes for a sporty yet trendy look. Made from soft and breathable fabric, ensuring all-day comfort and durability. Relaxed fit with an adjustable drawstring waist for a secure and flexible fit. Perfect for gym, sports, jogging, t",https://triprindia.com/products/men-solid-color-blocked-olive-grey-trackpant-j76,,true,indexable,https://triprindia.com/products/men-solid-color-blocked-olive-grey-trackpant-j76,true,Men Solid Color Blocked Olive & Grey Trackpant,1,1112,276,1166,41,11,1,1,4,2,6,high,false,17,6,46,ProductGroup|FAQPage,true,JudgeMe,meta_description_length|missing_image_alt|script_count_high|image_alt_duplicate_on_page|image_missing_dimensions
https://triprindia.com/products/men-solid-color-blocked-black-grey-trackpant-j76,https://triprindia.com/products/men-solid-color-blocked-black-grey-trackpant-j76,false,0,200,product,Men Solid Color Blocked Black & Grey Trackpant – TRIPR,"Product Description: Men’s stylish black trackpant designed with classic dual white side stripes for a sporty yet trendy look. Made from soft and breathable fabric, ensuring all-day comfort and durability. Relaxed fit with an adjustable drawstring waist for a secure and flexible fit. Perfect for gym, sports, jogging, t",https://triprindia.com/products/men-solid-color-blocked-black-grey-trackpant-j76,,true,indexable,https://triprindia.com/products/men-solid-color-blocked-black-grey-trackpant-j76,true,Men Solid Color Blocked Black & Grey Trackpant,1,1112,275,1166,41,11,1,1,4,2,6,high,false,17,6,46,ProductGroup|FAQPage,true,JudgeMe,meta_description_length|missing_image_alt|script_count_high|image_alt_duplicate_on_page|image_missing_dimensions
https://triprindia.com/products/olive-green-high-neck-sweatshirt-olivegreen-plain-baggy-cargo-tracksuit,https://triprindia.com/products/olive-green-high-neck-sweatshirt-olivegreen-plain-baggy-cargo-tracksuit,false,0,200,product,Olive Green High Neck Sweatshirt & Olivegreen Plain Baggy Cargo Tracks – TRIPR,"Product Description: Trendy men’s tracksuit set featuring a mix of printed and solid sweatshirts and jackets paired with matching bottom wear for a coordinated, fashionable look. Made from good quality, soft cotton fabric offering excellent comfort, breathability, and durability. Ideal for casual outings, travel, worko",https://triprindia.com/products/olive-green-high-neck-sweatshirt-olivegreen-plain-baggy-cargo-tracksuit,,true,indexable,https://triprindia.com/products/olive-green-high-neck-sweatshirt-olivegreen-plain-baggy-cargo-tracksuit,true,Olive Green High Neck Sweatshirt & Olivegreen Plain Baggy Cargo Tracksuit,1,1101,663,1375,41,11,1,1,4,2,20,high,false,20,4,45,ProductGroup|FAQPage,true,JudgeMe,title_length|meta_description_length|missing_image_alt|serp_title_missing_commerce_terms|html_size_large|script_count_high|image_count_high|large_image_url_width|image_alt_duplicate_on_page|image_missing_dimensions
https://triprindia.com/products/men-full-sleeve-round-neck-cotton-blend-beige-black-t-shirt-d189,https://triprindia.com/products/men-full-sleeve-round-neck-cotton-blend-beige-black-t-shirt-d189,false,0,200,product,Men Full Sleeve High Neck Cotton Blend Beige-Black T-shirt – TRIPR,"Product Description: Upgrade your casual collection with men’s full sleeve printed t-shirts Designed in both high neck and round neck styles for a trendy, versatile look Crafted from soft and breathable fabric for all-day comfort and ease Perfect for casual outings, travel, or daily wear with a stylish appeal Available",https://triprindia.com/products/men-full-sleeve-round-neck-cotton-blend-beige-black-t-shirt-d189,,true,indexable,https://triprindia.com/products/men-full-sleeve-round-neck-cotton-blend-beige-black-t-shirt-d189,true,Men Full Sleeve High Neck Cotton Blend Beige-Black T-shirt,1,1130,277,1172,41,11,1,1,4,2,6,high,false,17,6,46,ProductGroup|FAQPage,true,JudgeMe,title_length|meta_description_length|missing_image_alt|script_count_high|image_alt_duplicate_on_page|image_missing_dimensions
https://triprindia.com/products/men-full-sleeve-round-neck-cotton-blend-darkgrey-white-t-shirt-d189,https://triprindia.com/products/men-full-sleeve-round-neck-cotton-blend-darkgrey-white-t-shirt-d189,false,0,200,product,Men Full Sleeve High Neck Cotton Blend Darkgrey-White T-shirt – TRIPR,"Product Description: Upgrade your casual collection with men’s full sleeve printed t-shirts Designed in both high neck and round neck styles for a trendy, versatile look Crafted from soft and breathable fabric for all-day comfort and ease Perfect for casual outings, travel, or daily wear with a stylish appeal Available",https://triprindia.com/products/men-full-sleeve-round-neck-cotton-blend-darkgrey-white-t-shirt-d189,,true,indexable,https://triprindia.com/products/men-full-sleeve-round-neck-cotton-blend-darkgrey-white-t-shirt-d189,true,Men Full Sleeve High Neck Cotton Blend Darkgrey-White T-shirt,1,1130,278,1172,41,11,1,1,4,2,6,high,false,17,6,46,ProductGroup|FAQPage,true,JudgeMe,title_length|meta_description_length|missing_image_alt|script_count_high|image_alt_duplicate_on_page|image_missing_dimensions
https://triprindia.com/products/men-full-sleeve-round-neck-cotton-blend-maroon-white-t-shirt-d189,https://triprindia.com/products/men-full-sleeve-round-neck-cotton-blend-maroon-white-t-shirt-d189,false,0,200,product,Men Full Sleeve High Neck Cotton Blend Maroon-White T-shirt – TRIPR,"Product Description: Upgrade your casual collection with men’s full sleeve printed t-shirts Designed in both high neck and round neck styles for a trendy, versatile look Crafted from soft and breathable fabric for all-day comfort and ease Perfect for casual outings, travel, or daily wear with a stylish appeal Available",https://triprindia.com/products/men-full-sleeve-round-neck-cotton-blend-maroon-white-t-shirt-d189,,true,indexable,https://triprindia.com/products/men-full-sleeve-round-neck-cotton-blend-maroon-white-t-shirt-d189,true,Men Full Sleeve High Neck Cotton Blend Maroon-White T-shirt,1,1130,277,1172,41,11,1,1,4,2,6,high,false,17,6,46,ProductGroup|FAQPage,true,JudgeMe,title_length|meta_description_length|missing_image_alt|script_count_high|image_alt_duplicate_on_page|image_missing_dimensions
https://triprindia.com/products/men-full-sleeve-round-neck-cotton-blend-navyblue-white-t-shirt-d189,https://triprindia.com/products/men-full-sleeve-round-neck-cotton-blend-navyblue-white-t-shirt-d189,false,0,200,product,Men Full Sleeve High Neck Cotton Blend Navyblue-White T-shirt – TRIPR,"Product Description: Upgrade your casual collection with men’s full sleeve printed t-shirts Designed in both high neck and round neck styles for a trendy, versatile look Crafted from soft and breathable fabric for all-day comfort and ease Perfect for casual outings, travel, or daily wear with a stylish appeal Available",https://triprindia.com/products/men-full-sleeve-round-neck-cotton-blend-navyblue-white-t-shirt-d189,,true,indexable,https://triprindia.com/products/men-full-sleeve-round-neck-cotton-blend-navyblue-white-t-shirt-d189,true,Men Full Sleeve High Neck Cotton Blend Navyblue-White T-shirt,1,1132,277,1170,41,11,1,1,4,2,6,high,false,17,6,46,ProductGroup|FAQPage,true,JudgeMe,title_length|meta_description_length|missing_image_alt|script_count_high|image_alt_duplicate_on_page|image_missing_dimensions
https://triprindia.com/products/men-full-sleeve-round-neck-cotton-blend-olivegreen-white-t-shirt-d189,https://triprindia.com/products/men-full-sleeve-round-neck-cotton-blend-olivegreen-white-t-shirt-d189,false,0,200,product,Men Full Sleeve High Neck Cotton Blend Olivegreen-White T-shirt – TRIPR,"Product Description: Upgrade your casual collection with men’s full sleeve printed t-shirts Designed in both high neck and round neck styles for a trendy, versatile look Crafted from soft and breathable fabric for all-day comfort and ease Perfect for casual outings, travel, or daily wear with a stylish appeal Available",https://triprindia.com/products/men-full-sleeve-round-neck-cotton-blend-olivegreen-white-t-shirt-d189,,true,indexable,https://triprindia.com/products/men-full-sleeve-round-neck-cotton-blend-olivegreen-white-t-shirt-d189,true,Men Full Sleeve High Neck Cotton Blend Olivegreen-White T-shirt,1,1130,278,1172,41,11,1,1,4,2,6,high,false,17,6,46,ProductGroup|FAQPage,true,JudgeMe,title_length|meta_description_length|missing_image_alt|script_count_high|image_alt_duplicate_on_page|image_missing_dimensions
https://triprindia.com/products/pack-of-2-mens-plain-high-neck-plain-sweatshirts-olive-beige-st160,https://triprindia.com/products/pack-of-2-mens-plain-high-neck-plain-sweatshirts-olive-beige-st160,false,0,200,product,(Pack of 2) Mens Plain High Neck Plain Sweatshirts Olive-Beige – TRIPR,"Men's Sweatshirt (No Hoodie) - Perfect for Casual Wear Key Features: Classic Design: Sleek and simple, this sweatshirt is ideal for a clean, timeless look. Comfortable Fit: Made with soft, breathable fabric for all-day comfort. Versatile Style: Perfect for casual outings, layering, or lounging at home. Durable Quality:",https://triprindia.com/products/pack-of-2-mens-plain-high-neck-plain-sweatshirts-olive-beige-st160,,true,indexable,https://triprindia.com/products/pack-of-2-mens-plain-high-neck-plain-sweatshirts-olive-beige-st160,true,(Pack of 2) Mens Plain High Neck Plain Sweatshirts Olive-Beige,1,1138,279,1167,41,11,1,1,4,2,6,high,false,17,6,46,ProductGroup|FAQPage,true,JudgeMe,title_length|meta_description_length|missing_image_alt|script_count_high|image_alt_duplicate_on_page|image_missing_dimensions
https://triprindia.com/products/pack-of-2-mens-plain-high-neck-plain-sweatshirts-maroon-olivegreen-st160,https://triprindia.com/products/pack-of-2-mens-plain-high-neck-plain-sweatshirts-maroon-olivegreen-st160,false,0,200,product,(Pack of 2) Mens Plain High Neck Plain Sweatshirts Maroon-Olivegreen – TRIPR,"Men's Sweatshirt (No Hoodie) - Perfect for Casual Wear Key Features: Classic Design: Sleek and simple, this sweatshirt is ideal for a clean, timeless look. Comfortable Fit: Made with soft, breathable fabric for all-day comfort. Versatile Style: Perfect for casual outings, layering, or lounging at home. Durable Quality:",https://triprindia.com/products/pack-of-2-mens-plain-high-neck-plain-sweatshirts-maroon-olivegreen-st160,,true,indexable,https://triprindia.com/products/pack-of-2-mens-plain-high-neck-plain-sweatshirts-maroon-olivegreen-st160,true,(Pack of 2) Mens Plain High Neck Plain Sweatshirts Maroon-Olivegreen,1,1140,279,1165,41,11,1,1,4,2,6,high,false,17,6,46,ProductGroup|FAQPage,true,JudgeMe,title_length|meta_description_length|missing_image_alt|script_count_high|image_alt_duplicate_on_page|image_missing_dimensions
https://triprindia.com/products/pack-of-2-mens-plain-high-neck-plain-sweatshirts-black-grey-st160,https://triprindia.com/products/pack-of-2-mens-plain-high-neck-plain-sweatshirts-black-grey-st160,false,0,200,product,(Pack of 2) Mens Plain High Neck Plain Sweatshirts Black-Grey – TRIPR,"Men's Sweatshirt (No Hoodie) - Perfect for Casual Wear Key Features: Classic Design: Sleek and simple, this sweatshirt is ideal for a clean, timeless look. Comfortable Fit: Made with soft, breathable fabric for all-day comfort. Versatile Style: Perfect for casual outings, layering, or lounging at home. Durable Quality:",https://triprindia.com/products/pack-of-2-mens-plain-high-neck-plain-sweatshirts-black-grey-st160,,true,indexable,https://triprindia.com/products/pack-of-2-mens-plain-high-neck-plain-sweatshirts-black-grey-st160,true,(Pack of 2) Mens Plain High Neck Plain Sweatshirts Black-Grey,1,1140,278,1165,41,11,1,1,4,2,6,high,false,17,6,46,ProductGroup|FAQPage,true,JudgeMe,title_length|meta_description_length|missing_image_alt|script_count_high|image_alt_duplicate_on_page|image_missing_dimensions
https://triprindia.com/products/men-mandarin-collar-olive-green-full-half-tshirts,https://triprindia.com/products/men-mandarin-collar-olive-green-full-half-tshirts,false,0,200,product,Men Mandarin Collar Olive Green Full/Half TShirts – TRIPR,Product Description Men Solid Mandarin Collar  and Logo Print at Front adds a playful and trendy element. Olive green black Colour with mandarin Collar  T-shirt provides a stylish contrast.  Designed to Deliver both style and functionality With Fashionable one Visually appealing and versatile ensemble suitable for vari,https://triprindia.com/products/men-mandarin-collar-olive-green-full-half-tshirts,,true,indexable,https://triprindia.com/products/men-mandarin-collar-olive-green-full-half-tshirts,true,Men Mandarin Collar Olive Green Full/Half TShirts,1,1123,286,1159,41,11,1,1,4,2,0,high,false,11,6,46,ProductGroup|FAQPage,true,JudgeMe,meta_description_length|missing_image_alt|script_count_high|image_alt_duplicate_on_page|image_missing_dimensions
https://triprindia.com/products/pack-of-2-mens-plain-high-neck-plain-sweatshirts-6-variants-st160,https://triprindia.com/products/pack-of-2-mens-plain-high-neck-plain-sweatshirts-6-variants-st160,false,0,200,product,(Pack of 2) Mens Plain High Neck Plain Sweatshirts 6 Variants – TRIPR,"Men's Sweatshirt (No Hoodie) - Perfect for Casual Wear Key Features: Classic Design: Sleek and simple, this sweatshirt is ideal for a clean, timeless look. Comfortable Fit: Made with soft, breathable fabric for all-day comfort. Versatile Style: Perfect for casual outings, layering, or lounging at home. Durable Quality:",https://triprindia.com/products/pack-of-2-mens-plain-high-neck-plain-sweatshirts-6-variants-st160,,true,indexable,https://triprindia.com/products/pack-of-2-mens-plain-high-neck-plain-sweatshirts-6-variants-st160,true,(Pack of 2) Mens Plain High Neck Plain Sweatshirts 6 Variants,1,1157,382,1242,41,11,1,1,4,2,11,high,false,20,4,46,ProductGroup|FAQPage,true,JudgeMe,title_length|meta_description_length|missing_image_alt|script_count_high|large_image_url_width|image_alt_duplicate_on_page|image_missing_dimensions
https://triprindia.com/products/pack-of-2-multi-pockets-plain-cargo-joggers-olive-grey,https://triprindia.com/products/pack-of-2-multi-pockets-plain-cargo-joggers-olive-grey,false,0,200,product,Men Pack Of 2 Cuffed Ankle Combo Cargos – TRIPR,Product Description: Cuffed Bottoms: Features ribbed cuffs at the ankles for a snug fit and trendy appearance. Multiple Pockets: Equipped with spacious and functional pockets to keep your essentials handy. Solid Colors: Available in versatile solid shades that easily match any outfit. Adjustable Fit: Elastic waistband,https://triprindia.com/products/pack-of-2-multi-pockets-plain-cargo-joggers-olive-grey,,true,indexable,https://triprindia.com/products/pack-of-2-multi-pockets-plain-cargo-joggers-olive-grey,true,Men Pack Of 2 Cuffed Ankle Combo Cargos,1,1171,452,1284,41,11,1,1,4,2,12,high,false,20,4,46,ProductGroup|FAQPage,true,JudgeMe,meta_description_length|missing_image_alt|script_count_high|large_image_url_width|image_alt_duplicate_on_page|image_filename_not_descriptive|image_missing_dimensions
https://triprindia.com/products/pack-of-2-multi-pockets-plain-baggy-cargos-beige-black,https://triprindia.com/products/pack-of-2-multi-pockets-plain-baggy-cargos-beige-black,false,0,200,product,Pack Of 2 Plain Baggy Cargo Pant Combos For Men - 10 Variants – TRIPR,Product Description: Cuffed Bottoms: Features ribbed cuffs at the ankles for a snug fit and trendy appearance. Multiple Pockets: Equipped with spacious and functional pockets to keep your essentials handy. Solid Colors: Available in versatile solid shades that easily match any outfit. Adjustable Fit: Elastic waistband,https://triprindia.com/products/pack-of-2-multi-pockets-plain-baggy-cargos-beige-black,,true,indexable,https://triprindia.com/products/pack-of-2-multi-pockets-plain-baggy-cargos-beige-black,true,Pack Of 2 Plain Baggy Cargo Pant Combos For Men - 10 Variants,1,1169,442,1271,41,11,1,1,4,2,11,high,false,20,4,46,ProductGroup|FAQPage,true,JudgeMe,title_length|meta_description_length|missing_image_alt|script_count_high|large_image_url_width|image_alt_duplicate_on_page|image_missing_dimensions
https://triprindia.com/products/pack-of-2-multi-pockets-printed-baggy-black-cargo31-black-os6,https://triprindia.com/products/pack-of-2-multi-pockets-printed-baggy-black-cargo31-black-os6,false,0,200,product,(Pack Of 2) Multi Pockets Loose Fit Printed Baggy Cargos – TRIPR,Product Description: Cuffed Bottoms: Features ribbed cuffs at the ankles for a snug fit and trendy appearance. Multiple Pockets: Equipped with spacious and functional pockets to keep your essentials handy. Solid Colors: Available in versatile solid shades that easily match any outfit. Adjustable Fit: Elastic waistband,https://triprindia.com/products/pack-of-2-multi-pockets-printed-baggy-black-cargo31-black-os6,,true,indexable,https://triprindia.com/products/pack-of-2-multi-pockets-printed-baggy-black-cargo31-black-os6,true,(Pack Of 2) Multi Pockets Loose Fit Printed Baggy Cargos,1,1159,374,1240,41,11,1,1,4,2,10,high,false,20,4,46,ProductGroup|FAQPage,true,JudgeMe,meta_description_length|missing_image_alt|script_count_high|large_image_url_width|image_alt_duplicate_on_page|image_missing_dimensions
https://triprindia.com/products/men-quarter-zip-polo-neck-dual-color-printed-t-shirt-darkgrey-white-p55,https://triprindia.com/products/men-quarter-zip-polo-neck-dual-color-printed-t-shirt-darkgrey-white-p55,false,0,200,product,Men Quarter Zip Polo Neck Dual Color Printed T-SHIRT Darkgrey & White – TRIPR,"Product Description: Stylish men’s full sleeve polo t-shirt with bold Vertical Striped – “Versatile Printed” Made from soft cotton blend fabric for all-day comfort and breathability polo neck design with ribbed hem and cuffs for a neat finish Perfect for casual outings, streetwear style, and travel wear Durable stitchi",https://triprindia.com/products/men-quarter-zip-polo-neck-dual-color-printed-t-shirt-darkgrey-white-p55,,true,indexable,https://triprindia.com/products/men-quarter-zip-polo-neck-dual-color-printed-t-shirt-darkgrey-white-p55,true,Men Quarter Zip Polo Neck Dual Color Printed T-SHIRT Darkgrey & White,1,1144,280,1184,41,11,1,1,4,2,6,high,false,17,6,46,ProductGroup|FAQPage,true,JudgeMe,title_length|meta_description_length|missing_image_alt|script_count_high|image_alt_duplicate_on_page|image_missing_dimensions
https://triprindia.com/products/men-quarter-zip-polo-neck-full-sleeve-printed-t-shirt-white-black-p68,https://triprindia.com/products/men-quarter-zip-polo-neck-full-sleeve-printed-t-shirt-white-black-p68,false,0,200,product,Men Quarter Zip Polo Neck Printed T-SHIRT White & Black – TRIPR,"Product Description: Stylish men’s full sleeve polo t-shirt with bold Vertical Striped – “Versatile Printed” Made from soft cotton blend fabric for all-day comfort and breathability polo neck design with ribbed hem and cuffs for a neat finish Perfect for casual outings, streetwear style, and travel wear Durable stitchi",https://triprindia.com/products/men-quarter-zip-polo-neck-full-sleeve-printed-t-shirt-white-black-p68,,true,indexable,https://triprindia.com/products/men-quarter-zip-polo-neck-full-sleeve-printed-t-shirt-white-black-p68,true,Men Quarter Zip Polo Neck Printed T-SHIRT White & Black,1,1135,278,1182,41,11,1,1,4,2,6,high,false,17,5,46,ProductGroup|FAQPage,true,JudgeMe,meta_description_length|script_count_high|image_alt_duplicate_on_page|image_missing_dimensions
https://triprindia.com/products/men-4-pockets-dual-color-baggy-cargo-pant-black-grey-os8,https://triprindia.com/products/men-4-pockets-dual-color-baggy-cargo-pant-black-grey-os8,false,0,200,product,Buy Navy Blue Baggy fit Multi Pocket Cargo Joggers Online – TRIPR,"Buy Baggy Cargo Jogger for men on Clearance Sale for ₹399 Online. Heavy Fabric, Multi pockets, Baggy oversized cargo jogger with cuff ankle. Explore huge collections of Trendy Cargo Joggers under 300 or 500 only at TRIPR India and enjoy Fastest delivery | Easy 7 days returns",https://triprindia.com/products/men-4-pockets-dual-color-baggy-cargo-pant-black-grey-os8,,true,indexable,https://triprindia.com/products/men-4-pockets-dual-color-baggy-cargo-pant-black-grey-os8,true,Men Pockets Dual Color Baggy Cargo Pant Black & Grey,1,1168,285,1192,41,11,1,1,4,2,6,high,false,17,6,45,ProductGroup|FAQPage,true,JudgeMe,meta_description_length|missing_image_alt|serp_title_h1_mismatch|serp_boilerplate_meta_description|script_count_high|image_alt_duplicate_on_page|image_missing_dimensions
https://triprindia.com/products/men-4-pockets-dual-color-baggy-cargo-pant-black-beige-os8,https://triprindia.com/products/men-4-pockets-dual-color-baggy-cargo-pant-black-beige-os8,false,0,200,product,Buy Navy Blue Baggy fit Multi Pocket Cargo Joggers Online – TRIPR,"Buy Baggy Cargo Jogger for men on Clearance Sale for ₹399 Online. Heavy Fabric, Multi pockets, Baggy oversized cargo jogger with cuff ankle. Explore huge collections of Trendy Cargo Joggers under 300 or 500 only at TRIPR India and enjoy Fastest delivery | Easy 7 days returns",https://triprindia.com/products/men-4-pockets-dual-color-baggy-cargo-pant-black-beige-os8,,true,indexable,https://triprindia.com/products/men-4-pockets-dual-color-baggy-cargo-pant-black-beige-os8,true,Men 4 Pockets Dual Color Baggy Cargo Pant Black & Beige,1,1169,280,1192,41,11,1,1,4,2,6,high,false,17,6,45,ProductGroup|FAQPage,true,JudgeMe,meta_description_length|missing_image_alt|serp_title_h1_mismatch|serp_boilerplate_meta_description|script_count_high|image_alt_duplicate_on_page|image_missing_dimensions
https://triprindia.com/products/men-4-pockets-dual-color-baggy-cargo-pant-olivegreen-grey-os8,https://triprindia.com/products/men-4-pockets-dual-color-baggy-cargo-pant-olivegreen-grey-os8,false,0,200,product,Buy Navy Blue Baggy fit Multi Pocket Cargo Joggers Online – TRIPR,"Buy Baggy Cargo Jogger for men on Clearance Sale for ₹399 Online. Heavy Fabric, Multi pockets, Baggy oversized cargo jogger with cuff ankle. Explore huge collections of Trendy Cargo Joggers under 300 or 500 only at TRIPR India and enjoy Fastest delivery | Easy 7 days returns",https://triprindia.com/products/men-4-pockets-dual-color-baggy-cargo-pant-olivegreen-grey-os8,,true,indexable,https://triprindia.com/products/men-4-pockets-dual-color-baggy-cargo-pant-olivegreen-grey-os8,true,Men 4 Pockets Dual Color Baggy Cargo Pant Olivegreen & Grey,1,1169,280,1192,41,11,1,1,4,2,6,high,false,17,6,45,ProductGroup|FAQPage,true,JudgeMe,meta_description_length|missing_image_alt|serp_title_h1_mismatch|serp_boilerplate_meta_description|script_count_high|image_alt_duplicate_on_page|image_missing_dimensions
https://triprindia.com/products/men-multi-pockets-anime-printed-baggy-cargo-olivegreen-os9,https://triprindia.com/products/men-multi-pockets-anime-printed-baggy-cargo-olivegreen-os9,false,0,200,product,Buy Navy Blue Baggy fit Multi Pocket Cargo Joggers Online – TRIPR,"Buy Baggy Cargo Jogger for men on Clearance Sale for ₹399 Online. Heavy Fabric, Multi pockets, Baggy oversized cargo jogger with cuff ankle. Explore huge collections of Trendy Cargo Joggers under 300 or 500 only at TRIPR India and enjoy Fastest delivery | Easy 7 days returns",https://triprindia.com/products/men-multi-pockets-anime-printed-baggy-cargo-olivegreen-os9,,true,indexable,https://triprindia.com/products/men-multi-pockets-anime-printed-baggy-cargo-olivegreen-os9,true,Men Multi Pockets Anime Printed Baggy Cargo Olivegreen,1,1166,280,1192,41,11,1,1,4,2,6,high,false,17,6,45,ProductGroup|FAQPage,true,JudgeMe,meta_description_length|missing_image_alt|serp_title_h1_mismatch|serp_boilerplate_meta_description|script_count_high|image_alt_duplicate_on_page|image_missing_dimensions
https://triprindia.com/products/men-multi-pockets-anime-printed-baggy-cargo-black-os9,https://triprindia.com/products/men-multi-pockets-anime-printed-baggy-cargo-black-os9,false,0,200,product,Buy Navy Blue Baggy fit Multi Pocket Cargo Joggers Online – TRIPR,"Buy Baggy Cargo Jogger for men on Clearance Sale for ₹399 Online. Heavy Fabric, Multi pockets, Baggy oversized cargo jogger with cuff ankle. Explore huge collections of Trendy Cargo Joggers under 300 or 500 only at TRIPR India and enjoy Fastest delivery | Easy 7 days returns",https://triprindia.com/products/men-multi-pockets-anime-printed-baggy-cargo-black-os9,,true,indexable,https://triprindia.com/products/men-multi-pockets-anime-printed-baggy-cargo-black-os9,true,Men Multi Pockets Anime Printed Baggy Cargo Black,1,1147,274,1170,41,11,1,1,4,2,6,high,false,17,6,46,ProductGroup|FAQPage,true,JudgeMe,meta_description_length|missing_image_alt|serp_title_h1_mismatch|serp_boilerplate_meta_description|script_count_high|image_alt_duplicate_on_page|image_missing_dimensions
https://triprindia.com/products/men-multi-pockets-designing-printed-baggy-cargo-beige-os10,https://triprindia.com/products/men-multi-pockets-designing-printed-baggy-cargo-beige-os10,false,0,200,product,Buy Navy Blue Baggy fit Multi Pocket Cargo Joggers Online – TRIPR,"Buy Baggy Cargo Jogger for men on Clearance Sale for ₹399 Online. Heavy Fabric, Multi pockets, Baggy oversized cargo jogger with cuff ankle. Explore huge collections of Trendy Cargo Joggers under 300 or 500 only at TRIPR India and enjoy Fastest delivery | Easy 7 days returns",https://triprindia.com/products/men-multi-pockets-designing-printed-baggy-cargo-beige-os10,,true,indexable,https://triprindia.com/products/men-multi-pockets-designing-printed-baggy-cargo-beige-os10,true,Men Multi Pockets Designing Printed Baggy Cargo Beige,1,1166,280,1191,41,11,1,1,4,2,6,high,false,17,6,46,ProductGroup|FAQPage,true,JudgeMe,meta_description_length|missing_image_alt|serp_title_h1_mismatch|serp_boilerplate_meta_description|script_count_high|image_alt_duplicate_on_page|image_missing_dimensions
https://triprindia.com/products/men-multi-pockets-designing-printed-baggy-cargo-black-os10,https://triprindia.com/products/men-multi-pockets-designing-printed-baggy-cargo-black-os10,false,0,200,product,Buy Navy Blue Baggy fit Multi Pocket Cargo Joggers Online – TRIPR,"Buy Baggy Cargo Jogger for men on Clearance Sale for ₹399 Online. Heavy Fabric, Multi pockets, Baggy oversized cargo jogger with cuff ankle. Explore huge collections of Trendy Cargo Joggers under 300 or 500 only at TRIPR India and enjoy Fastest delivery | Easy 7 days returns",https://triprindia.com/products/men-multi-pockets-designing-printed-baggy-cargo-black-os10,,true,indexable,https://triprindia.com/products/men-multi-pockets-designing-printed-baggy-cargo-black-os10,true,Men Multi Pockets Designing Printed Baggy Cargo Black,1,1147,274,1170,41,11,1,1,4,2,6,high,false,17,6,46,ProductGroup|FAQPage,true,JudgeMe,meta_description_length|missing_image_alt|serp_title_h1_mismatch|serp_boilerplate_meta_description|script_count_high|image_alt_duplicate_on_page|image_missing_dimensions
https://triprindia.com/products/pack-of-2-tracksuit-olive-grey-hooded-t-shirts-matching-trackpants,https://triprindia.com/products/pack-of-2-tracksuit-olive-grey-hooded-t-shirts-matching-trackpants,false,0,200,product,(Pack Of 2) T-shirts And Matching Trackpants Tracksuit For Men – TRIPR,"Product Description: Cotton Fabric: Made with high-quality, breathable cotton for maximum comfort and durability. Versatile Design: Includes a plain hooded t-shirt and plain trackpants, offering a sleek and stylish look. All-Weather Wear: Designed for year-round comfort, whether it's sunny, rainy, or chilly. Perfect fo",https://triprindia.com/products/pack-of-2-tracksuit-olive-grey-hooded-t-shirts-matching-trackpants,,true,indexable,https://triprindia.com/products/pack-of-2-tracksuit-olive-grey-hooded-t-shirts-matching-trackpants,true,(Pack Of 2) T-shirts And Matching Trackpants Tracksuit For Men,1,1200,707,1435,41,11,1,1,4,2,23,high,false,20,4,46,ProductGroup|FAQPage,true,JudgeMe,title_length|meta_description_length|missing_image_alt|html_size_large|script_count_high|image_count_high|large_image_url_width|image_alt_duplicate_on_page|image_missing_dimensions
https://triprindia.com/products/men-multi-pockets-designing-printed-baggy-cargo-maroon,https://triprindia.com/products/men-multi-pockets-designing-printed-baggy-cargo-maroon,false,0,200,product,Buy Navy Blue Baggy fit Multi Pocket Cargo Joggers Online – TRIPR,"Buy Baggy Cargo Jogger for men on Clearance Sale for ₹399 Online. Heavy Fabric, Multi pockets, Baggy oversized cargo jogger with cuff ankle. Explore huge collections of Trendy Cargo Joggers under 300 or 500 only at TRIPR India and enjoy Fastest delivery | Easy 7 days returns",https://triprindia.com/products/men-multi-pockets-designing-printed-baggy-cargo-maroon,,true,indexable,https://triprindia.com/products/men-multi-pockets-designing-printed-baggy-cargo-maroon,true,Men Multi Pockets Designing Printed Baggy Cargo Maroon,1,1166,280,1192,41,11,1,1,4,2,6,high,false,17,6,45,ProductGroup|FAQPage,true,JudgeMe,meta_description_length|missing_image_alt|serp_title_h1_mismatch|serp_boilerplate_meta_description|script_count_high|image_alt_duplicate_on_page|image_missing_dimensions
https://triprindia.com/products/men-multi-pockets-designing-printed-baggy-cargo-navyblue-os10,https://triprindia.com/products/men-multi-pockets-designing-printed-baggy-cargo-navyblue-os10,false,0,200,product,Buy Navy Blue Baggy fit Multi Pocket Cargo Joggers Online – TRIPR,"Buy Baggy Cargo Jogger for men on Clearance Sale for ₹399 Online. Heavy Fabric, Multi pockets, Baggy oversized cargo jogger with cuff ankle. Explore huge collections of Trendy Cargo Joggers under 300 or 500 only at TRIPR India and enjoy Fastest delivery | Easy 7 days returns",https://triprindia.com/products/men-multi-pockets-designing-printed-baggy-cargo-navyblue-os10,,true,indexable,https://triprindia.com/products/men-multi-pockets-designing-printed-baggy-cargo-navyblue-os10,true,Men Multi Pockets Designing Printed Baggy Cargo Navyblue,1,1210,285,1235,41,11,1,1,4,2,6,high,false,17,6,47,ProductGroup|FAQPage,true,JudgeMe,meta_description_length|missing_image_alt|serp_title_h1_mismatch|serp_boilerplate_meta_description|script_count_high|image_alt_duplicate_on_page|image_missing_dimensions
https://triprindia.com/products/men-multi-pockets-designing-printed-baggy-cargo-olive-green-os10,https://triprindia.com/products/men-multi-pockets-designing-printed-baggy-cargo-olive-green-os10,false,0,200,product,Buy Navy Blue Baggy fit Multi Pocket Cargo Joggers Online – TRIPR,"Buy Baggy Cargo Jogger for men on Clearance Sale for ₹399 Online. Heavy Fabric, Multi pockets, Baggy oversized cargo jogger with cuff ankle. Explore huge collections of Trendy Cargo Joggers under 300 or 500 only at TRIPR India and enjoy Fastest delivery | Easy 7 days returns",https://triprindia.com/products/men-multi-pockets-designing-printed-baggy-cargo-olive-green-os10,,true,indexable,https://triprindia.com/products/men-multi-pockets-designing-printed-baggy-cargo-olive-green-os10,true,Men Multi Pockets Designing Printed Baggy Cargo Olive Green,1,1167,280,1192,41,11,1,1,4,2,6,high,false,17,6,45,ProductGroup|FAQPage,true,JudgeMe,meta_description_length|missing_image_alt|serp_title_h1_mismatch|serp_boilerplate_meta_description|script_count_high|image_alt_duplicate_on_page|image_missing_dimensions
https://triprindia.com/products/men-multi-pockets-designing-printed-baggy-cargo-grey-os10,https://triprindia.com/products/men-multi-pockets-designing-printed-baggy-cargo-grey-os10,false,0,200,product,Buy Navy Blue Baggy fit Multi Pocket Cargo Joggers Online – TRIPR,"Buy Baggy Cargo Jogger for men on Clearance Sale for ₹399 Online. Heavy Fabric, Multi pockets, Baggy oversized cargo jogger with cuff ankle. Explore huge collections of Trendy Cargo Joggers under 300 or 500 only at TRIPR India and enjoy Fastest delivery | Easy 7 days returns",https://triprindia.com/products/men-multi-pockets-designing-printed-baggy-cargo-grey-os10,,true,indexable,https://triprindia.com/products/men-multi-pockets-designing-printed-baggy-cargo-grey-os10,true,Men Multi Pockets Designing Printed Baggy Cargo Grey,1,1166,279,1192,41,11,1,1,4,2,6,high,false,17,6,45,ProductGroup|FAQPage,true,JudgeMe,meta_description_length|missing_image_alt|serp_title_h1_mismatch|serp_boilerplate_meta_description|script_count_high|image_alt_duplicate_on_page|image_missing_dimensions
https://triprindia.com/products/men-back-printed-loose-fit-baggy-tshirt-black-d208,https://triprindia.com/products/men-back-printed-loose-fit-baggy-tshirt-black-d208,false,0,200,product,Men Back Printed Loose Fit Baggy Tshirt Black – TRIPR,"Product Description: Fashion-forward round neck oversized T-shirt designed for a relaxed, street-style silhouette Eye-catching back print design that adds a bold and modern statement to everyday wear Crafted from soft, breathable fabric for lasting comfort throughout the day Perfect for casual outings, travel, college",https://triprindia.com/products/men-back-printed-loose-fit-baggy-tshirt-black-d208,,true,indexable,https://triprindia.com/products/men-back-printed-loose-fit-baggy-tshirt-black-d208,true,Men Back Printed Loose Fit Baggy Tshirt Black,1,1137,285,1190,41,11,1,1,4,2,6,high,false,17,6,46,ProductGroup|FAQPage,true,JudgeMe,meta_description_length|missing_image_alt|script_count_high|image_alt_duplicate_on_page|image_missing_dimensions
https://triprindia.com/products/back-printed-loose-fit-baggy-tshirt-black-for-mens-d209,https://triprindia.com/products/back-printed-loose-fit-baggy-tshirt-black-for-mens-d209,false,0,200,product,Back Printed Loose Fit Baggy Tshirt Black For Mens – TRIPR,"Product Description: Fashion-forward round neck oversized T-shirt designed for a relaxed, street-style silhouette Eye-catching back print design that adds a bold and modern statement to everyday wear Crafted from soft, breathable fabric for lasting comfort throughout the day Perfect for casual outings, travel, college",https://triprindia.com/products/back-printed-loose-fit-baggy-tshirt-black-for-mens-d209,,true,indexable,https://triprindia.com/products/back-printed-loose-fit-baggy-tshirt-black-for-mens-d209,true,Back Printed Loose Fit Baggy Tshirt Black For Mens,1,1139,285,1190,41,11,1,1,4,2,6,high,false,17,6,46,ProductGroup|FAQPage,true,JudgeMe,meta_description_length|missing_image_alt|script_count_high|image_alt_duplicate_on_page|image_missing_dimensions
https://triprindia.com/products/anime-graphic-back-printed-oversized-tshirt-black-d211,https://triprindia.com/products/anime-graphic-back-printed-oversized-tshirt-black-d211,false,0,200,product,Anime Graphic Back Printed Oversized Tshirt Black – TRIPR,"Product Description: Fashion-forward round neck oversized T-shirt designed for a relaxed, street-style silhouette Eye-catching back print design that adds a bold and modern statement to everyday wear Crafted from soft, breathable fabric for lasting comfort throughout the day Perfect for casual outings, travel, college",https://triprindia.com/products/anime-graphic-back-printed-oversized-tshirt-black-d211,,true,indexable,https://triprindia.com/products/anime-graphic-back-printed-oversized-tshirt-black-d211,true,Anime Graphic Back Printed Oversized Tshirt Black,1,1135,285,1190,41,11,1,1,4,2,6,high,false,17,6,46,ProductGroup|FAQPage,true,JudgeMe,meta_description_length|missing_image_alt|script_count_high|image_alt_duplicate_on_page|image_missing_dimensions
https://triprindia.com/products/contrast-back-printed-oversized-tshirt-navyblue-d210,https://triprindia.com/products/contrast-back-printed-oversized-tshirt-navyblue-d210,false,0,200,product,Contrast Back Printed Oversized Tshirt Navyblue – TRIPR,"Product Description: Fashion-forward round neck oversized T-shirt designed for a relaxed, street-style silhouette Eye-catching back print design that adds a bold and modern statement to everyday wear Crafted from soft, breathable fabric for lasting comfort throughout the day Perfect for casual outings, travel, college",https://triprindia.com/products/contrast-back-printed-oversized-tshirt-navyblue-d210,,true,indexable,https://triprindia.com/products/contrast-back-printed-oversized-tshirt-navyblue-d210,true,Contrast Back Printed Oversized Tshirt Navyblue,1,1133,285,1190,41,11,1,1,4,2,6,high,false,17,6,46,ProductGroup|FAQPage,true,JudgeMe,meta_description_length|missing_image_alt|script_count_high|image_alt_duplicate_on_page|image_missing_dimensions
https://triprindia.com/products/men-hooded-neck-printed-cotton-blend-tshirt-black-d195,https://triprindia.com/products/men-hooded-neck-printed-cotton-blend-tshirt-black-d195,false,0,200,product,Men Hooded Neck Printed Cotton Blend Tshirt Black – TRIPR,"Product Description: Stylish men’s hooded full sleeve T-shirt with trendy printed design Made from soft, breathable cotton blend for ultimate comfort Perfect for daily wear, streetwear, and casual outings Modern fit with attached hood adds a sporty edge Available in multi-color and unique print options for versatile st",https://triprindia.com/products/men-hooded-neck-printed-cotton-blend-tshirt-black-d195,,true,indexable,https://triprindia.com/products/men-hooded-neck-printed-cotton-blend-tshirt-black-d195,true,Men Hooded Neck Printed Cotton Blend Tshirt Black,1,1125,280,1175,41,11,1,1,4,2,7,high,false,19,6,46,ProductGroup|FAQPage,true,JudgeMe,meta_description_length|missing_image_alt|script_count_high|large_image_url_width|image_alt_duplicate_on_page|image_missing_dimensions
https://triprindia.com/products/men-round-neck-printed-full-sleeve-cotton-blend-tshirt-black-d195,https://triprindia.com/products/men-round-neck-printed-full-sleeve-cotton-blend-tshirt-black-d195,false,0,200,product,Men Round Neck Printed Full Sleeve Cotton Blend Tshirt Black – TRIPR,"Product Description: Stylish men’s hooded full sleeve T-shirt with trendy printed design Made from soft, breathable cotton blend for ultimate comfort Perfect for daily wear, streetwear, and casual outings Modern fit with attached hood adds a sporty edge Available in multi-color and unique print options for versatile st",https://triprindia.com/products/men-round-neck-printed-full-sleeve-cotton-blend-tshirt-black-d195,,true,indexable,https://triprindia.com/products/men-round-neck-printed-full-sleeve-cotton-blend-tshirt-black-d195,true,Men Round Neck Printed Full Sleeve Cotton Blend Tshirt Black,1,1129,281,1175,41,11,1,1,4,2,7,high,false,19,6,46,ProductGroup|FAQPage,true,JudgeMe,title_length|meta_description_length|missing_image_alt|script_count_high|large_image_url_width|image_alt_duplicate_on_page|image_missing_dimensions
https://triprindia.com/products/mens-loose-fit-back-printed-oversized-tshirt-beige-z140,https://triprindia.com/products/mens-loose-fit-back-printed-oversized-tshirt-beige-z140,false,0,200,product,Mens Naruto Anime Back Printed Beige Oversized Tshirt – TRIPR,"Product Description: Trendy oversized men’s T-shirt with bold “ Naruto universe” printed design. Made from soft, breathable cotton fabric ensuring all-day comfort. Features a relaxed drop-shoulder fit for a stylish, streetwear-inspired look. Perfect for casual outings, weekend wear, or daily comfort style. Easily pairs",https://triprindia.com/products/mens-loose-fit-back-printed-oversized-tshirt-beige-z140,,true,indexable,https://triprindia.com/products/mens-loose-fit-back-printed-oversized-tshirt-beige-z140,true,Mens Naruto Anime Back Printed Beige Oversized Tshirt,1,1120,280,1181,41,11,1,1,4,2,6,high,false,17,6,46,ProductGroup|FAQPage,true,JudgeMe,meta_description_length|missing_image_alt|script_count_high|image_alt_duplicate_on_page|image_missing_dimensions
https://triprindia.com/products/mens-loose-fit-back-printed-oversized-tshirt-white-z141,https://triprindia.com/products/mens-loose-fit-back-printed-oversized-tshirt-white-z141,false,0,200,product,Mens Loose Fit Back Printed Oversized Tshirt White – TRIPR,"Product Description: Trendy oversized men’s T-shirt with bold printed design. Made from soft, breathable cotton fabric ensuring all-day comfort. Features a relaxed drop-shoulder fit for a stylish, streetwear-inspired look. Perfect for casual outings, weekend wear, or daily comfort style. Easily pairs with joggers, carg",https://triprindia.com/products/mens-loose-fit-back-printed-oversized-tshirt-white-z141,,true,indexable,https://triprindia.com/products/mens-loose-fit-back-printed-oversized-tshirt-white-z141,true,Mens Loose Fit Back Printed Oversized Tshirt White,1,1117,277,1173,41,11,1,1,4,2,5,high,false,15,6,46,ProductGroup|FAQPage,true,JudgeMe,meta_description_length|missing_image_alt|script_count_high|image_alt_duplicate_on_page|image_missing_dimensions
https://triprindia.com/products/men-all-over-printed-short-black-s38,https://triprindia.com/products/men-all-over-printed-short-black-s38,false,0,200,product,Men All Over Printed Short Black – TRIPR,"Product Description: Made from smooth and breathable fabric for all-day comfort. Features a stylish printed and Printed Design for a trendy look. Available in multiple vibrant colors to match your style. Designed for casual wear, gym, sports, or lounging. Elastic waistband with an adjustable drawstring for a secure and",https://triprindia.com/products/men-all-over-printed-short-black-s38,,true,indexable,https://triprindia.com/products/men-all-over-printed-short-black-s38,true,Men All Over Printed Short Black,1,1124,273,1171,41,11,1,1,4,2,6,high,false,17,5,46,ProductGroup|FAQPage,true,JudgeMe,meta_description_length|script_count_high|image_alt_duplicate_on_page|image_missing_dimensions
https://triprindia.com/products/men-all-over-printed-short-beige-s39,https://triprindia.com/products/men-all-over-printed-short-beige-s39,false,0,200,product,Men All Over Printed Short Beige – TRIPR,"Product Description: Made from smooth and breathable fabric for all-day comfort. Features a stylish printed and Printed Design for a trendy look. Available in multiple vibrant colors to match your style. Designed for casual wear, gym, sports, or lounging. Elastic waistband with an adjustable drawstring for a secure and",https://triprindia.com/products/men-all-over-printed-short-beige-s39,,true,indexable,https://triprindia.com/products/men-all-over-printed-short-beige-s39,true,Men All Over Printed Short Beige,1,1126,273,1169,41,11,1,1,4,2,6,high,false,17,5,46,ProductGroup|FAQPage,true,JudgeMe,meta_description_length|script_count_high|image_alt_duplicate_on_page|image_missing_dimensions
https://triprindia.com/products/men-all-over-printed-short-black-s40,https://triprindia.com/products/men-all-over-printed-short-black-s40,false,0,200,product,Men All Over Printed Short Black – TRIPR,"Product Description: Made from smooth and breathable fabric for all-day comfort. Features a stylish printed and Printed Design for a trendy look. Available in multiple vibrant colors to match your style. Designed for casual wear, gym, sports, or lounging. Elastic waistband with an adjustable drawstring for a secure and",https://triprindia.com/products/men-all-over-printed-short-black-s40,,true,indexable,https://triprindia.com/products/men-all-over-printed-short-black-s40,true,Men All Over Printed Short Black,1,1126,273,1169,41,11,1,1,4,2,6,high,false,17,5,46,ProductGroup|FAQPage,true,JudgeMe,meta_description_length|script_count_high|image_alt_duplicate_on_page|image_missing_dimensions
https://triprindia.com/products/men-all-over-printed-short-white-blue-s41,https://triprindia.com/products/men-all-over-printed-short-white-blue-s41,false,0,200,product,Men All Over Printed Short White & Blue – TRIPR,"Product Description: Made from smooth and breathable fabric for all-day comfort. Features a stylish printed and Printed Design for a trendy look. Available in multiple vibrant colors to match your style. Designed for casual wear, gym, sports, or lounging. Elastic waistband with an adjustable drawstring for a secure and",https://triprindia.com/products/men-all-over-printed-short-white-blue-s41,,true,indexable,https://triprindia.com/products/men-all-over-printed-short-white-blue-s41,true,Men All Over Printed Short White & Blue,1,1130,274,1169,41,11,1,1,4,2,6,high,false,17,5,46,ProductGroup|FAQPage,true,JudgeMe,meta_description_length|script_count_high|image_alt_duplicate_on_page|image_missing_dimensions
https://triprindia.com/products/men-all-over-printed-short-black-s42,https://triprindia.com/products/men-all-over-printed-short-black-s42,false,0,200,product,Men All Over Printed Short Black – TRIPR,"Product Description: Made from smooth and breathable fabric for all-day comfort. Features a stylish printed and Printed Design for a trendy look. Available in multiple vibrant colors to match your style. Designed for casual wear, gym, sports, or lounging. Elastic waistband with an adjustable drawstring for a secure and",https://triprindia.com/products/men-all-over-printed-short-black-s42,,true,indexable,https://triprindia.com/products/men-all-over-printed-short-black-s42,true,Men All Over Printed Short Black,1,1126,273,1169,41,11,1,1,4,2,6,high,false,17,5,46,ProductGroup|FAQPage,true,JudgeMe,meta_description_length|script_count_high|image_alt_duplicate_on_page|image_missing_dimensions
https://triprindia.com/products/men-all-over-printed-short-black-brown,https://triprindia.com/products/men-all-over-printed-short-black-brown,false,0,200,product,Men All Over Printed Short Black & Brown – TRIPR,"Product Description: Made from smooth and breathable fabric for all-day comfort. Features a stylish printed and Printed Design for a trendy look. Available in multiple vibrant colors to match your style. Designed for casual wear, gym, sports, or lounging. Elastic waistband with an adjustable drawstring for a secure and",https://triprindia.com/products/men-all-over-printed-short-black-brown,,true,indexable,https://triprindia.com/products/men-all-over-printed-short-black-brown,true,Men All Over Printed Short Black & Brown,1,1128,275,1171,41,11,1,1,4,2,6,high,false,17,5,46,ProductGroup|FAQPage,true,JudgeMe,meta_description_length|script_count_high|image_alt_duplicate_on_page|image_missing_dimensions
https://triprindia.com/products/out-fit-set-star-printed-round-neck-jacket-plain-baggy-cargo-pant,https://triprindia.com/products/out-fit-set-star-printed-round-neck-jacket-plain-baggy-cargo-pant,false,0,200,product,White Printed High Neck Sweatshirt & Olive Plain Baggy Pant – TRIPR,"Product Description: Round Neck Jacket : Available in plain and printed designs for a versatile streetwear look. Plain Baggy Cargopants: Loose fit cargo style offers comfort with a trendy edge. Cotton Fabric: Soft, breathable, and skin-friendly for all-day ease. Casual &amp; Streetwear: Perfect for daily wear, outings,",https://triprindia.com/products/out-fit-set-star-printed-round-neck-jacket-plain-baggy-cargo-pant,,true,indexable,https://triprindia.com/products/out-fit-set-star-printed-round-neck-jacket-plain-baggy-cargo-pant,true,Out Fit Set Star Printed Round Neck Jacket & Plain Baggy Cargo Pant,1,1154,281,1174,41,11,1,1,4,2,6,high,false,17,5,46,ProductGroup|FAQPage,true,JudgeMe,title_length|meta_description_length|serp_title_missing_commerce_terms|serp_title_h1_mismatch|script_count_high|image_alt_duplicate_on_page|image_missing_dimensions
https://triprindia.com/products/out-fit-set-star-printed-round-neck-jacket-grey-plain-baggy-cargo-pant,https://triprindia.com/products/out-fit-set-star-printed-round-neck-jacket-grey-plain-baggy-cargo-pant,false,0,200,product,White Printed High Neck Sweatshirt & Olive Plain Baggy Pant – TRIPR,"Product Description: Round Neck Jacket : Available in plain and printed designs for a versatile streetwear look. Plain Baggy Cargopants: Loose fit cargo style offers comfort with a trendy edge. Cotton Fabric: Soft, breathable, and skin-friendly for all-day ease. Casual &amp; Streetwear: Perfect for daily wear, outings,",https://triprindia.com/products/out-fit-set-star-printed-round-neck-jacket-grey-plain-baggy-cargo-pant,,true,indexable,https://triprindia.com/products/out-fit-set-star-printed-round-neck-jacket-grey-plain-baggy-cargo-pant,true,Out Fit Set Star Printed Round Neck Jacket & Grey Plain Baggy Cargo Pant,1,1155,282,1174,41,11,1,1,4,2,6,high,false,17,5,46,ProductGroup|FAQPage,true,JudgeMe,title_length|meta_description_length|serp_title_missing_commerce_terms|serp_title_h1_mismatch|script_count_high|image_alt_duplicate_on_page|image_missing_dimensions
https://triprindia.com/products/white-cargo-trousers,https://triprindia.com/products/white-cargo-trousers,false,0,200,product,Mens White Cargo Trousers – TRIPR,Explore White Cargos for men at just ₹329 Online. Cotton Blend with Multi pockets and Enjoy Fastest delivery | Easy 7 days returns,https://triprindia.com/products/white-cargo-trousers,,true,indexable,https://triprindia.com/products/white-cargo-trousers,true,Mens White Cargo Trousers,1,1129,309,1221,41,11,1,1,4,2,3,high,false,17,6,48,ProductGroup|FAQPage,true,JudgeMe,missing_image_alt|serp_boilerplate_meta_description|script_count_high|image_alt_duplicate_on_page|image_missing_dimensions
https://triprindia.com/products/men-half-sleeve-t-shirt-with-contrast-neck-beige-d212,https://triprindia.com/products/men-half-sleeve-t-shirt-with-contrast-neck-beige-d212,false,0,200,product,Mens Half Sleeve T-Shirt with Contrast Neck Beige – TRIPR,"Product Description: Stylish men’s henley -neck T-shirt featuring a modern color-blocked design for a premium look Unique half-zip neckline adds a smart and contemporary touch Crafted from soft, breathable fabric for all-day comfort and easy wear Ideal for casual outings, office-casual wear, travel, and evening looks P",https://triprindia.com/products/men-half-sleeve-t-shirt-with-contrast-neck-beige-d212,,true,indexable,https://triprindia.com/products/men-half-sleeve-t-shirt-with-contrast-neck-beige-d212,true,Mens Half Sleeve T-Shirt with Contrast Neck Beige,1,1127,278,1181,41,11,1,1,4,2,6,high,false,17,6,46,ProductGroup|FAQPage,true,JudgeMe,meta_description_length|missing_image_alt|script_count_high|image_alt_duplicate_on_page|image_missing_dimensions
https://triprindia.com/products/men-half-sleeve-t-shirt-with-contrast-neck-black-beige-d212,https://triprindia.com/products/men-half-sleeve-t-shirt-with-contrast-neck-black-beige-d212,false,0,200,product,Mens Half Sleeve T-Shirt with Contrast Neck Black – TRIPR,"Product Description: Stylish men’s henley -neck T-shirt featuring a modern color-blocked design for a premium look Unique half-zip neckline adds a smart and contemporary touch Crafted from soft, breathable fabric for all-day comfort and easy wear Ideal for casual outings, office-casual wear, travel, and evening looks P",https://triprindia.com/products/men-half-sleeve-t-shirt-with-contrast-neck-black-beige-d212,,true,indexable,https://triprindia.com/products/men-half-sleeve-t-shirt-with-contrast-neck-black-beige-d212,true,Mens Half Sleeve T-Shirt with Contrast Neck Black,1,1127,278,1181,41,11,1,1,4,2,6,high,false,17,6,46,ProductGroup|FAQPage,true,JudgeMe,meta_description_length|missing_image_alt|script_count_high|image_alt_duplicate_on_page|image_missing_dimensions
https://triprindia.com/products/men-half-sleeve-t-shirt-with-contrast-neck-black-grey-d212,https://triprindia.com/products/men-half-sleeve-t-shirt-with-contrast-neck-black-grey-d212,false,0,200,product,Mens Half Sleeve T-Shirt with Contrast Neck Black &Grey – TRIPR,"Product Description: Stylish men’s henley -neck T-shirt featuring a modern color-blocked design for a premium look Unique half-zip neckline adds a smart and contemporary touch Crafted from soft, breathable fabric for all-day comfort and easy wear Ideal for casual outings, office-casual wear, travel, and evening looks P",https://triprindia.com/products/men-half-sleeve-t-shirt-with-contrast-neck-black-grey-d212,,true,indexable,https://triprindia.com/products/men-half-sleeve-t-shirt-with-contrast-neck-black-grey-d212,true,Mens Half Sleeve T-Shirt with Contrast Neck Black &Grey,1,1131,278,1179,41,11,1,1,4,2,6,high,false,17,6,46,ProductGroup|FAQPage,true,JudgeMe,meta_description_length|missing_image_alt|script_count_high|image_alt_duplicate_on_page|image_missing_dimensions
https://triprindia.com/products/men-half-sleeve-t-shirt-with-contrast-neck-maroon-d212,https://triprindia.com/products/men-half-sleeve-t-shirt-with-contrast-neck-maroon-d212,false,0,200,product,Mens Half Sleeve T-Shirt with Contrast Neck Maroon – TRIPR,"Product Description: Stylish men’s henley -neck T-shirt featuring a modern color-blocked design for a premium look Unique half-zip neckline adds a smart and contemporary touch Crafted from soft, breathable fabric for all-day comfort and easy wear Ideal for casual outings, office-casual wear, travel, and evening looks P",https://triprindia.com/products/men-half-sleeve-t-shirt-with-contrast-neck-maroon-d212,,true,indexable,https://triprindia.com/products/men-half-sleeve-t-shirt-with-contrast-neck-maroon-d212,true,Mens Half Sleeve T-Shirt with Contrast Neck Maroon,1,1127,278,1181,41,11,1,1,4,2,6,high,false,17,6,46,ProductGroup|FAQPage,true,JudgeMe,meta_description_length|missing_image_alt|script_count_high|image_alt_duplicate_on_page|image_missing_dimensions
https://triprindia.com/products/beige-hooded-neck-full-sleeve-shirt-beige-sh93,https://triprindia.com/products/beige-hooded-neck-full-sleeve-shirt-beige-sh93,false,0,200,product,Men Smart Casual Double Pocket Full Sleeve Hooded Beige Textured Shirt – TRIPR,"Product Description: Full Sleeve Style: Ideal for both casual and semi-formal wear Color Variety: Available in multiple vibrant and classic multicolor options Comfortable Fit: Designed with a relaxed silhouette for all-day comfort Quality Fabric: Made from durable, soft-touch material Easy Care: Fully machine washable",https://triprindia.com/products/beige-hooded-neck-full-sleeve-shirt-beige-sh93,,true,indexable,https://triprindia.com/products/beige-hooded-neck-full-sleeve-shirt-beige-sh93,true,Men Smart Casual Double Pocket Full Sleeve Hooded Beige Textured Shirt,1,1127,279,1177,41,11,1,1,4,2,6,high,false,17,5,46,ProductGroup|FAQPage,true,JudgeMe,title_length|meta_description_length|script_count_high|image_alt_duplicate_on_page|image_missing_dimensions
https://triprindia.com/products/full-sleeve-color-blocked-shirt-beige-black-sh99,https://triprindia.com/products/full-sleeve-color-blocked-shirt-beige-black-sh99,false,0,200,product,Men Smart Casual Dual Color Full Sleeve Textured Shirt Beige & Black – TRIPR,"Product Description: Full Sleeve Style: Ideal for both casual and semi-formal wear Color Variety: Available in multiple vibrant and classic multicolor options Comfortable Fit: Designed with a relaxed silhouette for all-day comfort Quality Fabric: Made from durable, soft-touch material Easy Care: Fully machine washable",https://triprindia.com/products/full-sleeve-color-blocked-shirt-beige-black-sh99,,true,indexable,https://triprindia.com/products/full-sleeve-color-blocked-shirt-beige-black-sh99,true,Men Smart Casual Dual Color Full Sleeve Textured Shirt Beige & Black,1,1129,280,1177,41,11,1,1,4,2,6,high,false,17,5,46,ProductGroup|FAQPage,true,JudgeMe,title_length|meta_description_length|script_count_high|image_alt_duplicate_on_page|image_missing_dimensions
https://triprindia.com/products/men-color-blocked-half-sleeve-shirt-loose-fit-white-sh100,https://triprindia.com/products/men-color-blocked-half-sleeve-shirt-loose-fit-white-sh100,false,0,200,product,Men Smart Casual Half Sleeve Black White Colorblock Shirt – TRIPR,"Product Description: Full Sleeve Style: Ideal for both casual and semi-formal wear Color Variety: Available in multiple vibrant and classic multicolor options Comfortable Fit: Designed with a relaxed silhouette for all-day comfort Quality Fabric: Made from durable, soft-touch material Easy Care: Fully machine washable",https://triprindia.com/products/men-color-blocked-half-sleeve-shirt-loose-fit-white-sh100,,true,indexable,https://triprindia.com/products/men-color-blocked-half-sleeve-shirt-loose-fit-white-sh100,true,Men Smart Casual Half Sleeve Black White Colorblock Shirt,1,1123,279,1177,41,11,1,1,4,2,6,high,false,17,5,46,ProductGroup|FAQPage,true,JudgeMe,meta_description_length|script_count_high|image_alt_duplicate_on_page|image_missing_dimensions
https://triprindia.com/products/men-color-blocked-multi-color-shirt-beige-sh101,https://triprindia.com/products/men-color-blocked-multi-color-shirt-beige-sh101,false,0,200,product,Men Smart Casual Black Beige white Full Sleeve Multi Color Shirt – TRIPR,"Product Description: Full Sleeve Style: Ideal for both casual and semi-formal wear Color Variety: Available in multiple vibrant and classic multicolor options Comfortable Fit: Designed with a relaxed silhouette for all-day comfort Quality Fabric: Made from durable, soft-touch material Easy Care: Fully machine washable",https://triprindia.com/products/men-color-blocked-multi-color-shirt-beige-sh101,,true,indexable,https://triprindia.com/products/men-color-blocked-multi-color-shirt-beige-sh101,true,Men Smart Casual Black Beige white Full Sleeve Multi Color Shirt,1,1129,285,1175,41,11,1,1,4,2,6,high,false,17,5,46,ProductGroup|FAQPage,true,JudgeMe,title_length|meta_description_length|script_count_high|image_alt_duplicate_on_page|image_missing_dimensions
https://triprindia.com/products/men-color-blocked-multi-color-shirt-olive-green-sh101,https://triprindia.com/products/men-color-blocked-multi-color-shirt-olive-green-sh101,false,0,200,product,Men Smart Casual Black Olivegreen White Full Sleeve Multi Color Shirt – TRIPR,"Product Description: Full Sleeve Style: Ideal for both casual and semi-formal wear Color Variety: Available in multiple vibrant and classic multicolor options Comfortable Fit: Designed with a relaxed silhouette for all-day comfort Quality Fabric: Made from durable, soft-touch material Easy Care: Fully machine washable",https://triprindia.com/products/men-color-blocked-multi-color-shirt-olive-green-sh101,,true,indexable,https://triprindia.com/products/men-color-blocked-multi-color-shirt-olive-green-sh101,true,Men Smart Casual Black Olivegreen White Full Sleeve Multi Color Shirt,1,1127,280,1177,41,11,1,1,4,2,6,high,false,17,5,46,ProductGroup|FAQPage,true,JudgeMe,title_length|meta_description_length|script_count_high|image_alt_duplicate_on_page|image_missing_dimensions
https://triprindia.com/products/men-textured-pattren-full-sleeve-shirt-white-sh102,https://triprindia.com/products/men-textured-pattren-full-sleeve-shirt-white-sh102,false,0,200,product,Men Smart Casual Full Sleeve White Black Colorblock Textured Shirt – TRIPR,"Product Description: Full Sleeve Style: Ideal for both casual and semi-formal wear Color Variety: Available in multiple vibrant and classic multicolor options Comfortable Fit: Designed with a relaxed silhouette for all-day comfort Quality Fabric: Made from durable, soft-touch material Easy Care: Fully machine washable",https://triprindia.com/products/men-textured-pattren-full-sleeve-shirt-white-sh102,,true,indexable,https://triprindia.com/products/men-textured-pattren-full-sleeve-shirt-white-sh102,true,Men Smart Casual Full Sleeve White Black Colorblock Textured Shirt,1,1125,279,1177,41,11,1,1,4,2,6,high,false,17,5,46,ProductGroup|FAQPage,true,JudgeMe,title_length|meta_description_length|script_count_high|image_alt_duplicate_on_page|image_missing_dimensions
https://triprindia.com/products/full-sleeve-printed-t-shirt-beige-d184-black-matching-track-pant-for-track-suit,https://triprindia.com/products/full-sleeve-printed-t-shirt-beige-d184-black-matching-track-pant-for-track-suit,false,0,200,product,Out Fit Set Full Sleeve Printed Beige Tshirt Matching Black Trackpant – TRIPR,"Product Description: Trendy Printed T-Shirts: full sleeve, round neck tees with bold, eye-catching prints that add a fresh touch to your everyday style. Plain Trackpants for a Balanced Look: Minimalist design trackpants provide a clean contrast to the printed t-shirt. Soft &amp; Breathable Cotton Fabric: Made from cott",https://triprindia.com/products/full-sleeve-printed-t-shirt-beige-d184-black-matching-track-pant-for-track-suit,,true,indexable,https://triprindia.com/products/full-sleeve-printed-t-shirt-beige-d184-black-matching-track-pant-for-track-suit,true,Out Fit Set Full Sleeve Printed Beige Tshirt Matching Black Trackpant,1,1180,283,1175,41,11,1,1,4,2,6,high,false,17,6,46,ProductGroup|FAQPage,true,JudgeMe,title_length|meta_description_length|missing_image_alt|script_count_high|image_alt_duplicate_on_page|image_missing_dimensions
https://triprindia.com/products/full-sleeve-printed-t-shirt-maroon-d184-black-matching-track-pant-for-track-suit,https://triprindia.com/products/full-sleeve-printed-t-shirt-maroon-d184-black-matching-track-pant-for-track-suit,false,0,200,product,Out Fit Set Full Sleeve Printed Maroon Tshirt Matching Black Trackpant – TRIPR,"Product Description: Trendy Printed T-Shirts: full sleeve, round neck tees with bold, eye-catching prints that add a fresh touch to your everyday style. Plain Trackpants for a Balanced Look: Minimalist design trackpants provide a clean contrast to the printed t-shirt. Soft &amp; Breathable Cotton Fabric: Made from cott",https://triprindia.com/products/full-sleeve-printed-t-shirt-maroon-d184-black-matching-track-pant-for-track-suit,,true,indexable,https://triprindia.com/products/full-sleeve-printed-t-shirt-maroon-d184-black-matching-track-pant-for-track-suit,true,Out Fit Set Full Sleeve Printed Maroon Tshirt Matching Black Trackpant,1,1182,283,1173,41,11,1,1,4,2,6,high,false,17,6,46,ProductGroup|FAQPage,true,JudgeMe,title_length|meta_description_length|missing_image_alt|script_count_high|image_alt_duplicate_on_page|image_missing_dimensions
https://triprindia.com/products/full-sleeve-printed-t-shirt-black-d185-grey-matching-track-pant-for-track-suit,https://triprindia.com/products/full-sleeve-printed-t-shirt-black-d185-grey-matching-track-pant-for-track-suit,false,0,200,product,Out Fit Set Full Sleeve Printed Black Tshirt Matching Grey Trackpant – TRIPR,"Product Description: Trendy Printed T-Shirts: full sleeve, round neck tees with bold, eye-catching prints that add a fresh touch to your everyday style. Plain Trackpants for a Balanced Look: Minimalist design trackpants provide a clean contrast to the printed t-shirt. Soft &amp; Breathable Cotton Fabric: Made from cott",https://triprindia.com/products/full-sleeve-printed-t-shirt-black-d185-grey-matching-track-pant-for-track-suit,,true,indexable,https://triprindia.com/products/full-sleeve-printed-t-shirt-black-d185-grey-matching-track-pant-for-track-suit,true,Out Fit Set Full Sleeve Printed Black Tshirt Matching Grey Trackpant,1,1182,283,1173,41,11,1,1,4,2,6,high,false,17,6,46,ProductGroup|FAQPage,true,JudgeMe,title_length|meta_description_length|missing_image_alt|script_count_high|image_alt_duplicate_on_page|image_missing_dimensions
https://triprindia.com/products/full-sleeve-printed-t-shirt-black-d184-grey-matching-track-pant-for-track-suit,https://triprindia.com/products/full-sleeve-printed-t-shirt-black-d184-grey-matching-track-pant-for-track-suit,false,0,200,product,Out Fit Set Full Sleeve Printed Black Tshirt Matching Grey Trackpant – TRIPR,"Product Description: Trendy Printed T-Shirts: full sleeve, round neck tees with bold, eye-catching prints that add a fresh touch to your everyday style. Plain Trackpants for a Balanced Look: Minimalist design trackpants provide a clean contrast to the printed t-shirt. Soft &amp; Breathable Cotton Fabric: Made from cott",https://triprindia.com/products/full-sleeve-printed-t-shirt-black-d184-grey-matching-track-pant-for-track-suit,,true,indexable,https://triprindia.com/products/full-sleeve-printed-t-shirt-black-d184-grey-matching-track-pant-for-track-suit,true,Out Fit Set Full Sleeve Printed Black Tshirt Matching Grey Trackpant,1,1180,283,1175,41,11,1,1,4,2,6,high,false,17,6,46,ProductGroup|FAQPage,true,JudgeMe,title_length|meta_description_length|missing_image_alt|script_count_high|image_alt_duplicate_on_page|image_missing_dimensions
https://triprindia.com/products/full-sleeve-printed-t-shirt-black-d185-black-matching-track-pant-for-track-suit,https://triprindia.com/products/full-sleeve-printed-t-shirt-black-d185-black-matching-track-pant-for-track-suit,false,0,200,product,Out Fit Set Full Sleeve Printed Black Tshirt Matching Black Trackpant – TRIPR,"Product Description: Trendy Printed T-Shirts: full sleeve, round neck tees with bold, eye-catching prints that add a fresh touch to your everyday style. Plain Trackpants for a Balanced Look: Minimalist design trackpants provide a clean contrast to the printed t-shirt. Soft &amp; Breathable Cotton Fabric: Made from cott",https://triprindia.com/products/full-sleeve-printed-t-shirt-black-d185-black-matching-track-pant-for-track-suit,,true,indexable,https://triprindia.com/products/full-sleeve-printed-t-shirt-black-d185-black-matching-track-pant-for-track-suit,true,Out Fit Set Full Sleeve Printed Black Tshirt Matching Black Trackpant,1,1182,283,1173,41,11,1,1,4,2,6,high,false,17,6,46,ProductGroup|FAQPage,true,JudgeMe,title_length|meta_description_length|missing_image_alt|script_count_high|image_alt_duplicate_on_page|image_missing_dimensions
https://triprindia.com/products/full-sleeve-printed-t-shirt-black-d185-black-loose-fit-track-suit,https://triprindia.com/products/full-sleeve-printed-t-shirt-black-d185-black-loose-fit-track-suit,false,0,200,product,Tracksuit For Full Sleeve Printed Tshirt Black Matching Trackpant – TRIPR,"Product Description: Trendy Printed T-Shirts: full sleeve, round neck tees with bold, eye-catching prints that add a fresh touch to your everyday style. Plain Trackpants for a Balanced Look: Minimalist design trackpants provide a clean contrast to the printed t-shirt. Soft &amp; Breathable Cotton Fabric: Made from cott",https://triprindia.com/products/full-sleeve-printed-t-shirt-black-d185-black-loose-fit-track-suit,,true,indexable,https://triprindia.com/products/full-sleeve-printed-t-shirt-black-d185-black-loose-fit-track-suit,true,Tracksuit For Full Sleeve Printed Tshirt Black Matching Trackpant,1,1178,279,1166,41,11,1,1,4,2,5,high,false,15,6,46,ProductGroup|FAQPage,true,JudgeMe,title_length|meta_description_length|missing_image_alt|script_count_high|image_alt_duplicate_on_page|image_missing_dimensions
https://triprindia.com/products/pack-of-2-printed-multi-pocket-baggy-cargo-maroon-black-os6,https://triprindia.com/products/pack-of-2-printed-multi-pocket-baggy-cargo-maroon-black-os6,false,0,200,product,(Pack Of 2) Printed Multi Pocket Baggy Cargo Maroon & Black – TRIPR,"Product Description Product: Baggy Oversized Fit Cargo Jogger Pant Brand: TRIPR India Material: Cotton blend for comfort and durability Design: Solid color with a stylish, oversized fit for a relaxed look Ankle Style: Cuffed ankles for a modern, tapered silhouette Pockets: Equipped with 6 multi-functional pockets for u",https://triprindia.com/products/pack-of-2-printed-multi-pocket-baggy-cargo-maroon-black-os6,,true,indexable,https://triprindia.com/products/pack-of-2-printed-multi-pocket-baggy-cargo-maroon-black-os6,true,(Pack Of 2) Printed Multi Pocket Baggy Cargo Maroon & Black,1,1136,277,1193,41,11,1,1,4,2,6,high,false,17,6,46,ProductGroup|FAQPage,true,JudgeMe,title_length|meta_description_length|missing_image_alt|script_count_high|image_alt_duplicate_on_page|image_missing_dimensions
https://triprindia.com/products/men-all-over-printed-short-black-s39,https://triprindia.com/products/men-all-over-printed-short-black-s39,false,0,200,product,Men All Over Printed Short Black – TRIPR,"Product Description: Made from smooth and breathable fabric for all-day comfort. Features a stylish printed and Printed Design for a trendy look. Available in multiple vibrant colors to match your style. Designed for casual wear, gym, sports, or lounging. Elastic waistband with an adjustable drawstring for a secure and",https://triprindia.com/products/men-all-over-printed-short-black-s39,,true,indexable,https://triprindia.com/products/men-all-over-printed-short-black-s39,true,Men All Over Printed Short Black,1,1124,271,1171,41,11,1,1,4,2,6,high,false,17,5,46,ProductGroup|FAQPage,true,JudgeMe,meta_description_length|script_count_high|image_alt_duplicate_on_page|image_missing_dimensions
https://triprindia.com/products/men-all-over-printed-navyblue-short-s39,https://triprindia.com/products/men-all-over-printed-navyblue-short-s39,false,0,200,product,Men All Over Printed Navyblue Short – TRIPR,"Product Description: Made from smooth and breathable fabric for all-day comfort. Features a stylish printed and Printed Design for a trendy look. Available in multiple vibrant colors to match your style. Designed for casual wear, gym, sports, or lounging. Elastic waistband with an adjustable drawstring for a secure and",https://triprindia.com/products/men-all-over-printed-navyblue-short-s39,,true,indexable,https://triprindia.com/products/men-all-over-printed-navyblue-short-s39,true,Men All Over Printed Navyblue Short,1,1126,271,1169,41,11,1,1,4,2,6,high,false,17,5,46,ProductGroup|FAQPage,true,JudgeMe,meta_description_length|script_count_high|image_alt_duplicate_on_page|image_missing_dimensions
https://triprindia.com/products/men-all-over-printed-short-grey,https://triprindia.com/products/men-all-over-printed-short-grey,false,0,200,product,Men All Over Printed Short Grey – TRIPR,"Product Description: Made from smooth and breathable fabric for all-day comfort. Features a stylish printed and Printed Design for a trendy look. Available in multiple vibrant colors to match your style. Designed for casual wear, gym, sports, or lounging. Elastic waistband with an adjustable drawstring for a secure and",https://triprindia.com/products/men-all-over-printed-short-grey,,true,indexable,https://triprindia.com/products/men-all-over-printed-short-grey,true,Men All Over Printed Short Grey,1,1124,273,1171,41,11,1,1,4,2,6,high,false,17,5,46,ProductGroup|FAQPage,true,JudgeMe,meta_description_length|script_count_high|image_alt_duplicate_on_page|image_missing_dimensions
https://triprindia.com/products/men-all-over-printed-short-olivegreen-s42,https://triprindia.com/products/men-all-over-printed-short-olivegreen-s42,false,0,200,product,Men All Over Printed Short Olivegreen – TRIPR,"Product Description: Made from smooth and breathable fabric for all-day comfort. Features a stylish printed and Printed Design for a trendy look. Available in multiple vibrant colors to match your style. Designed for casual wear, gym, sports, or lounging. Elastic waistband with an adjustable drawstring for a secure and",https://triprindia.com/products/men-all-over-printed-short-olivegreen-s42,,true,indexable,https://triprindia.com/products/men-all-over-printed-short-olivegreen-s42,true,Men All Over Printed Short Olivegreen,1,1124,271,1171,41,11,1,1,4,2,6,high,false,17,5,46,ProductGroup|FAQPage,true,JudgeMe,meta_description_length|script_count_high|image_alt_duplicate_on_page|image_missing_dimensions
https://triprindia.com/products/men-all-over-printed-short-navyblue-s42,https://triprindia.com/products/men-all-over-printed-short-navyblue-s42,false,0,200,product,Men All Over Printed Short Navyblue – TRIPR,"Product Description: Made from smooth and breathable fabric for all-day comfort. Features a stylish printed and Printed Design for a trendy look. Available in multiple vibrant colors to match your style. Designed for casual wear, gym, sports, or lounging. Elastic waistband with an adjustable drawstring for a secure and",https://triprindia.com/products/men-all-over-printed-short-navyblue-s42,,true,indexable,https://triprindia.com/products/men-all-over-printed-short-navyblue-s42,true,Men All Over Printed Short Navyblue,1,1126,271,1169,41,11,1,1,4,2,6,high,false,17,5,46,ProductGroup|FAQPage,true,JudgeMe,meta_description_length|script_count_high|image_alt_duplicate_on_page|image_missing_dimensions
https://triprindia.com/products/men-solid-henley-neck-cotton-blend-black-t-shirt-d213,https://triprindia.com/products/men-solid-henley-neck-cotton-blend-black-t-shirt-d213,false,0,200,product,"Men Mock Neck Contrast T-Shirt, Black Beige – TRIPR","Product description: Stylish Contrast Mock Neck  – This trendy half-sleeve T-shirt features a modern Henley neck design with a sleek for a contemporary look. Cotton Blend Fabric – Crafted from a good-quality cotton blend, offering a soft and breathable feel for all-day comfort. Available in Multiple Colors – Choose fro",https://triprindia.com/products/men-solid-henley-neck-cotton-blend-black-t-shirt-d213,,true,indexable,https://triprindia.com/products/men-solid-henley-neck-cotton-blend-black-t-shirt-d213,true,"Men Mock Neck Contrast T-Shirt, Black Beige",1,1194,275,1174,41,11,1,1,4,2,6,high,false,17,6,46,ProductGroup|FAQPage,true,JudgeMe,meta_description_length|missing_image_alt|script_count_high|image_alt_duplicate_on_page|image_missing_dimensions
https://triprindia.com/products/men-solid-henley-neck-cotton-blend-beige-t-shirt-d213,https://triprindia.com/products/men-solid-henley-neck-cotton-blend-beige-t-shirt-d213,false,0,200,product,Men Mock Neck Contrast T-shirt Beige-Black – TRIPR,"Product description: Stylish Contrast Mock Neck  – This trendy half-sleeve T-shirt features a modern Henley neck design with a sleek for a contemporary look. Cotton Blend Fabric – Crafted from a good-quality cotton blend, offering a soft and breathable feel for all-day comfort. Available in Multiple Colors – Choose fro",https://triprindia.com/products/men-solid-henley-neck-cotton-blend-beige-t-shirt-d213,,true,indexable,https://triprindia.com/products/men-solid-henley-neck-cotton-blend-beige-t-shirt-d213,true,Men Mock Neck Contrast T-shirt Beige-Black,1,1192,275,1174,41,11,1,1,4,2,6,high,false,17,6,46,ProductGroup|FAQPage,true,JudgeMe,meta_description_length|missing_image_alt|script_count_high|image_alt_duplicate_on_page|image_missing_dimensions
https://triprindia.com/products/japanese-design-dragon-printed-oversized-tshirt-d214,https://triprindia.com/products/japanese-design-dragon-printed-oversized-tshirt-d214,false,0,200,product,Japanese Dragon Printed Oversized Black T-shirt – TRIPR,"Product Description: Trendy oversized men’s T-shirt with bold printed design. Made from soft, breathable cotton fabric ensuring all-day comfort. Features a relaxed drop-shoulder fit for a stylish, streetwear-inspired look. Perfect for casual outings, weekend wear, or daily comfort style. Easily pairs with joggers, carg",https://triprindia.com/products/japanese-design-dragon-printed-oversized-tshirt-d214,,true,indexable,https://triprindia.com/products/japanese-design-dragon-printed-oversized-tshirt-d214,true,Japanese Dragon Printed Oversized Black T-shirt,1,1127,414,1249,41,11,1,1,4,2,9,high,false,20,4,46,ProductGroup|FAQPage,true,JudgeMe,meta_description_length|missing_image_alt|script_count_high|large_image_url_width|image_alt_duplicate_on_page|image_missing_dimensions
https://triprindia.com/products/dragon-graphic-design-printed-oversized-tshirt-d215,https://triprindia.com/products/dragon-graphic-design-printed-oversized-tshirt-d215,false,0,200,product,Samurai Graphic Printed Oversized T-shirt Beige – TRIPR,"Product Description: Trendy oversized men’s T-shirt with bold printed design. Made from soft, breathable cotton fabric ensuring all-day comfort. Features a relaxed drop-shoulder fit for a stylish, streetwear-inspired look. Perfect for casual outings, weekend wear, or daily comfort style. Easily pairs with joggers, carg",https://triprindia.com/products/dragon-graphic-design-printed-oversized-tshirt-d215,,true,indexable,https://triprindia.com/products/dragon-graphic-design-printed-oversized-tshirt-d215,true,Samurai Graphic Printed Oversized T-shirt Beige,1,1113,279,1180,41,11,1,1,4,2,6,high,false,17,6,46,ProductGroup|FAQPage,true,JudgeMe,meta_description_length|missing_image_alt|script_count_high|image_alt_duplicate_on_page|image_missing_dimensions
https://triprindia.com/products/samurai-dragon-graphic-design-printed-oversized-tshirt-black-d215,https://triprindia.com/products/samurai-dragon-graphic-design-printed-oversized-tshirt-black-d215,false,0,200,product,Samurai Dragon Graphic Design Printed Oversized Tshirt Black – TRIPR,"Product Description: Trendy oversized men’s T-shirt with bold printed design. Made from soft, breathable cotton fabric ensuring all-day comfort. Features a relaxed drop-shoulder fit for a stylish, streetwear-inspired look. Perfect for casual outings, weekend wear, or daily comfort style. Easily pairs with joggers, carg",https://triprindia.com/products/samurai-dragon-graphic-design-printed-oversized-tshirt-black-d215,,true,indexable,https://triprindia.com/products/samurai-dragon-graphic-design-printed-oversized-tshirt-black-d215,true,Samurai Dragon Graphic Design Printed Oversized Tshirt Black,1,1117,282,1180,41,11,1,1,4,2,6,high,false,17,6,46,ProductGroup|FAQPage,true,JudgeMe,title_length|meta_description_length|missing_image_alt|script_count_high|image_alt_duplicate_on_page|image_missing_dimensions
https://triprindia.com/products/men-grey-design-printed-shorts-s38,https://triprindia.com/products/men-grey-design-printed-shorts-s38,false,0,200,product,Men Grey Design Printed Shorts – TRIPR,"Product Description: Made from smooth and breathable fabric for all-day comfort. Features a stylish printed and Printed Design for a trendy look. Available in multiple vibrant colors to match your style. Designed for casual wear, gym, sports, or lounging. Elastic waistband with an adjustable drawstring for a secure and",https://triprindia.com/products/men-grey-design-printed-shorts-s38,,true,indexable,https://triprindia.com/products/men-grey-design-printed-shorts-s38,true,Men Grey Design Printed Shorts,1,1124,273,1169,41,11,1,1,4,2,6,high,false,17,5,46,ProductGroup|FAQPage,true,JudgeMe,meta_description_length|script_count_high|image_alt_duplicate_on_page|image_missing_dimensions
https://triprindia.com/products/men-printed-regular-fit-shorts-navyblue-s44,https://triprindia.com/products/men-printed-regular-fit-shorts-navyblue-s44,false,0,200,product,Men Printed Regular Fit Shorts Navyblue – TRIPR,"Product Description: Made from smooth and breathable fabric for all-day comfort. Features a stylish printed and Printed Design for a trendy look. Available in multiple vibrant colors to match your style. Designed for casual wear, gym, sports, or lounging. Elastic waistband with an adjustable drawstring for a secure and",https://triprindia.com/products/men-printed-regular-fit-shorts-navyblue-s44,,true,indexable,https://triprindia.com/products/men-printed-regular-fit-shorts-navyblue-s44,true,Men Printed Regular Fit Shorts Navyblue,1,1124,274,1171,41,11,1,1,4,2,6,high,false,17,5,46,ProductGroup|FAQPage,true,JudgeMe,meta_description_length|script_count_high|image_alt_duplicate_on_page|image_missing_dimensions
https://triprindia.com/products/men-4-pockets-dual-color-baggy-cargo-pant-navyblue-grey-os8,https://triprindia.com/products/men-4-pockets-dual-color-baggy-cargo-pant-navyblue-grey-os8,false,0,200,product,Buy Navy Blue Baggy fit Multi Pocket Cargo Joggers Online – TRIPR,"Buy Baggy Cargo Jogger for men on Clearance Sale for ₹399 Online. Heavy Fabric, Multi pockets, Baggy oversized cargo jogger with cuff ankle. Explore huge collections of Trendy Cargo Joggers under 300 or 500 only at TRIPR India and enjoy Fastest delivery | Easy 7 days returns",https://triprindia.com/products/men-4-pockets-dual-color-baggy-cargo-pant-navyblue-grey-os8,,true,indexable,https://triprindia.com/products/men-4-pockets-dual-color-baggy-cargo-pant-navyblue-grey-os8,true,Men 4 Pockets Dual Color Baggy Cargo Pant Navyblue & Grey,1,1169,281,1192,41,11,1,1,4,2,6,high,false,17,6,45,ProductGroup|FAQPage,true,JudgeMe,meta_description_length|missing_image_alt|serp_title_h1_mismatch|serp_boilerplate_meta_description|script_count_high|image_alt_duplicate_on_page|image_missing_dimensions
https://triprindia.com/products/men-4-pockets-dual-color-baggy-cargo-pant-maroon-black-os8,https://triprindia.com/products/men-4-pockets-dual-color-baggy-cargo-pant-maroon-black-os8,false,0,200,product,Buy Navy Blue Baggy fit Multi Pocket Cargo Joggers Online – TRIPR,"Buy Baggy Cargo Jogger for men on Clearance Sale for ₹399 Online. Heavy Fabric, Multi pockets, Baggy oversized cargo jogger with cuff ankle. Explore huge collections of Trendy Cargo Joggers under 300 or 500 only at TRIPR India and enjoy Fastest delivery | Easy 7 days returns",https://triprindia.com/products/men-4-pockets-dual-color-baggy-cargo-pant-maroon-black-os8,,true,indexable,https://triprindia.com/products/men-4-pockets-dual-color-baggy-cargo-pant-maroon-black-os8,true,Men 4 Pockets Dual Color Baggy Cargo Pant Maroon & Black,1,1169,281,1192,41,11,1,1,4,2,6,high,false,17,6,45,ProductGroup|FAQPage,true,JudgeMe,meta_description_length|missing_image_alt|serp_title_h1_mismatch|serp_boilerplate_meta_description|script_count_high|image_alt_duplicate_on_page|image_missing_dimensions
https://triprindia.com/products/men-4-pockets-dual-color-baggy-cargo-pant-grey-black-os8,https://triprindia.com/products/men-4-pockets-dual-color-baggy-cargo-pant-grey-black-os8,false,0,200,product,Buy Navy Blue Baggy fit Multi Pocket Cargo Joggers Online – TRIPR,"Buy Baggy Cargo Jogger for men on Clearance Sale for ₹399 Online. Heavy Fabric, Multi pockets, Baggy oversized cargo jogger with cuff ankle. Explore huge collections of Trendy Cargo Joggers under 300 or 500 only at TRIPR India and enjoy Fastest delivery | Easy 7 days returns",https://triprindia.com/products/men-4-pockets-dual-color-baggy-cargo-pant-grey-black-os8,,true,indexable,https://triprindia.com/products/men-4-pockets-dual-color-baggy-cargo-pant-grey-black-os8,true,Men 4 Pockets Dual Color And Printed Baggy Cargo Pants,1,1200,634,1436,41,11,1,1,4,2,22,high,false,20,4,45,ProductGroup|FAQPage,true,JudgeMe,meta_description_length|missing_image_alt|serp_title_h1_mismatch|serp_boilerplate_meta_description|html_size_large|script_count_high|image_count_high|large_image_url_width|image_alt_duplicate_on_page|image_missing_dimensions
https://triprindia.com/products/pack-of-2-quarter-zip-polo-neck-vertical-striped-full-sleeve-t-shirts-white-black-p58,https://triprindia.com/products/pack-of-2-quarter-zip-polo-neck-vertical-striped-full-sleeve-t-shirts-white-black-p58,false,0,200,product,(Pack Of 2) Quarter Zip Polo Neck Vertical Striped Full Sleeve Combo T – TRIPR,"Product Description: Stylish men’s full sleeve polo t-shirt with bold Vertical Striped – “Versatile Printed” Made from soft cotton blend fabric for all-day comfort and breathability polo neck design with ribbed hem and cuffs for a neat finish Perfect for casual outings, streetwear style, and travel wear Durable stitchi",https://triprindia.com/products/pack-of-2-quarter-zip-polo-neck-vertical-striped-full-sleeve-t-shirts-white-black-p58,,true,indexable,https://triprindia.com/products/pack-of-2-quarter-zip-polo-neck-vertical-striped-full-sleeve-t-shirts-white-black-p58,true,(Pack Of 2) Quarter Zip Polo Neck Vertical Striped Full Sleeve Combo Tshirts,1,1153,480,1298,41,11,1,1,4,2,12,high,false,20,4,46,ProductGroup|FAQPage,true,JudgeMe,title_length|meta_description_length|script_count_high|large_image_url_width|image_alt_duplicate_on_page|image_missing_dimensions
https://triprindia.com/products/men-half-sleeve-rebel-printed-cotton-blend-tshirt-black-d216,https://triprindia.com/products/men-half-sleeve-rebel-printed-cotton-blend-tshirt-black-d216,false,0,200,product,Men Half Sleeve REBEL Printed Cotton Blend Tshirt Black – TRIPR,"Product Description: Stylish half sleeve round neck t-shirt for a trendy and versatile look. Features a unique printed design, adding a modern and fashionable touch. Made from soft and breathable fabric for all-day comfort. Perfect for casual wear, outings, or layering in any season. Available in sizes S, M, L, XL, and",https://triprindia.com/products/men-half-sleeve-rebel-printed-cotton-blend-tshirt-black-d216,,true,indexable,https://triprindia.com/products/men-half-sleeve-rebel-printed-cotton-blend-tshirt-black-d216,true,Men Half Sleeve REBEL Printed Cotton Blend Tshirt Black,1,1128,280,1165,41,11,1,1,4,2,6,high,false,17,6,46,ProductGroup|FAQPage,true,JudgeMe,meta_description_length|missing_image_alt|script_count_high|image_alt_duplicate_on_page|image_missing_dimensions
https://triprindia.com/products/men-half-sleeve-rebel-printed-cotton-blend-tshirt-beige-d216,https://triprindia.com/products/men-half-sleeve-rebel-printed-cotton-blend-tshirt-beige-d216,false,0,200,product,Men Half Sleeve REBEL Printed Cotton Blend Tshirt Beige – TRIPR,"Product Description: Stylish half sleeve round neck t-shirt for a trendy and versatile look. Features a unique printed design, adding a modern and fashionable touch. Made from soft and breathable fabric for all-day comfort. Perfect for casual wear, outings, or layering in any season. Available in sizes S, M, L, XL, and",https://triprindia.com/products/men-half-sleeve-rebel-printed-cotton-blend-tshirt-beige-d216,,true,indexable,https://triprindia.com/products/men-half-sleeve-rebel-printed-cotton-blend-tshirt-beige-d216,true,Men Half Sleeve REBEL Printed Cotton Blend Tshirt Beige,1,1128,273,1165,41,11,1,1,4,2,6,high,false,17,6,46,ProductGroup|FAQPage,true,JudgeMe,meta_description_length|missing_image_alt|script_count_high|image_alt_duplicate_on_page|image_missing_dimensions
https://triprindia.com/products/half-sleeve-star-printed-black-round-neck-cotton-blend-tshirt,https://triprindia.com/products/half-sleeve-star-printed-black-round-neck-cotton-blend-tshirt,false,0,200,product,Half Sleeve Star Printed Black Round Neck Cotton Blend TShirt – TRIPR,"Product Description: Stylish half sleeve round neck t-shirt for a trendy and versatile look. Features a unique star printed design, adding a modern and fashionable touch. Made from soft and breathable fabric for all-day comfort. Perfect for casual wear, outings, or layering in any season. Available in sizes S, M, L, XL",https://triprindia.com/products/half-sleeve-star-printed-black-round-neck-cotton-blend-tshirt,,true,indexable,https://triprindia.com/products/half-sleeve-star-printed-black-round-neck-cotton-blend-tshirt,true,Half Sleeve Star Printed Black Round Neck Cotton Blend TShirt,1,1129,279,1172,41,11,1,1,4,2,7,high,false,19,6,46,ProductGroup|FAQPage,true,JudgeMe,title_length|meta_description_length|missing_image_alt|script_count_high|large_image_url_width|image_alt_duplicate_on_page|image_missing_dimensions
https://triprindia.com/products/half-sleeve-printed-round-neck-cotton-blend-tshirt-black-d218,https://triprindia.com/products/half-sleeve-printed-round-neck-cotton-blend-tshirt-black-d218,false,0,200,product,Half Sleeve Printed Round Neck Cotton Blend TShirt Black – TRIPR,"Product Description: Stylish half sleeve round neck t-shirt for a trendy and versatile look. Features a unique printed design, adding a modern and fashionable touch. Made from soft and breathable fabric for all-day comfort. Perfect for casual wear, outings, or layering in any season. Available in sizes S, M, L, XL, and",https://triprindia.com/products/half-sleeve-printed-round-neck-cotton-blend-tshirt-black-d218,,true,indexable,https://triprindia.com/products/half-sleeve-printed-round-neck-cotton-blend-tshirt-black-d218,true,Half Sleeve Printed Round Neck Cotton Blend TShirt Black,1,1126,274,1165,41,11,1,1,4,2,6,high,false,17,6,46,ProductGroup|FAQPage,true,JudgeMe,meta_description_length|missing_image_alt|script_count_high|image_alt_duplicate_on_page|image_missing_dimensions
https://triprindia.com/products/half-sleeve-printed-round-neck-cotton-blend-tshirt-beige-d218,https://triprindia.com/products/half-sleeve-printed-round-neck-cotton-blend-tshirt-beige-d218,false,0,200,product,Half Sleeve Printed Round Neck Cotton Blend TShirt Beige – TRIPR,"Product Description: Stylish half sleeve round neck t-shirt for a trendy and versatile look. Features a unique printed design, adding a modern and fashionable touch. Made from soft and breathable fabric for all-day comfort. Perfect for casual wear, outings, or layering in any season. Available in sizes S, M, L, XL, and",https://triprindia.com/products/half-sleeve-printed-round-neck-cotton-blend-tshirt-beige-d218,,true,indexable,https://triprindia.com/products/half-sleeve-printed-round-neck-cotton-blend-tshirt-beige-d218,true,Half Sleeve Printed Round Neck Cotton Blend TShirt Beige,1,1128,272,1163,41,11,1,1,4,2,5,high,false,17,6,46,ProductGroup|FAQPage,true,JudgeMe,meta_description_length|missing_image_alt|script_count_high|image_alt_duplicate_on_page|image_missing_dimensions
https://triprindia.com/products/men-multi-pockets-anime-printed-baggy-cargo-grey-os9,https://triprindia.com/products/men-multi-pockets-anime-printed-baggy-cargo-grey-os9,false,0,200,product,Buy Navy Blue Baggy fit Multi Pocket Cargo Joggers Online – TRIPR,"Buy Baggy Cargo Jogger for men on Clearance Sale for ₹399 Online. Heavy Fabric, Multi pockets, Baggy oversized cargo jogger with cuff ankle. Explore huge collections of Trendy Cargo Joggers under 300 or 500 only at TRIPR India and enjoy Fastest delivery | Easy 7 days returns",https://triprindia.com/products/men-multi-pockets-anime-printed-baggy-cargo-grey-os9,,true,indexable,https://triprindia.com/products/men-multi-pockets-anime-printed-baggy-cargo-grey-os9,true,Men Multi Pockets Anime Printed Baggy Cargo Grey,1,1168,277,1190,41,11,1,1,4,2,6,high,false,17,6,45,ProductGroup|FAQPage,true,JudgeMe,meta_description_length|missing_image_alt|serp_title_h1_mismatch|serp_boilerplate_meta_description|script_count_high|image_alt_duplicate_on_page|image_missing_dimensions
https://triprindia.com/products/mens-oversized-round-neck-printed-tshirt-white-d219,https://triprindia.com/products/mens-oversized-round-neck-printed-tshirt-white-d219,false,0,200,product,Mens Oversized Round Neck Printed TShirt White – TRIPR,"Product Description: Trendy oversized men’s T-shirt with bold printed design. Made from soft, breathable cotton fabric ensuring all-day comfort. Features a relaxed drop-shoulder fit for a stylish, streetwear-inspired look. Perfect for casual outings, weekend wear, or daily comfort style. Easily pairs with joggers, carg",https://triprindia.com/products/mens-oversized-round-neck-printed-tshirt-white-d219,,true,indexable,https://triprindia.com/products/mens-oversized-round-neck-printed-tshirt-white-d219,true,Mens Oversized Round Neck Printed TShirt White,1,1118,281,1188,41,11,1,1,4,2,7,high,false,18,6,47,ProductGroup|FAQPage,true,JudgeMe,meta_description_length|missing_image_alt|script_count_high|large_image_url_width|image_alt_too_long|image_alt_duplicate_on_page|image_missing_dimensions
https://triprindia.com/products/mens-oversized-round-neck-printed-tshirt-black-d219,https://triprindia.com/products/mens-oversized-round-neck-printed-tshirt-black-d219,false,0,200,product,Men Black Legendary 26 Printed Oversized T-Shirt – TRIPR,"Product Description: Trendy oversized men’s T-shirt with bold printed design. Made from soft, breathable cotton fabric ensuring all-day comfort. Features a relaxed drop-shoulder fit for a stylish, streetwear-inspired look. Perfect for casual outings, weekend wear, or daily comfort style. Easily pairs with joggers, carg",https://triprindia.com/products/mens-oversized-round-neck-printed-tshirt-black-d219,,true,indexable,https://triprindia.com/products/mens-oversized-round-neck-printed-tshirt-black-d219,true,Men Black Legendary 26 Printed Oversized T-Shirt,1,1115,285,1180,41,11,1,1,4,2,6,high,false,17,6,46,ProductGroup|FAQPage,true,JudgeMe,meta_description_length|missing_image_alt|script_count_high|image_alt_duplicate_on_page|image_missing_dimensions
https://triprindia.com/products/mens-tracksuit-full-sleeve-navy-t-shirt-plain-grey-trackpant,https://triprindia.com/products/mens-tracksuit-full-sleeve-navy-t-shirt-plain-grey-trackpant,false,0,200,product,Men Tracksuit - Full Sleeve Navy t-shirt Plain Grey Trackpant – TRIPR,"Product Description: ✅ Cotton Fabric: Crafted from high-quality cotton, ensuring breathability, comfort, and durability for all-day wear.✅ All-Weather Wear: Ideal for any season – whether it's a chilly morning jog or a relaxed evening, this tracksuit keeps you comfortable year-round.✅ Stylish Design: Plain full-sleeve",https://triprindia.com/products/mens-tracksuit-full-sleeve-navy-t-shirt-plain-grey-trackpant,,true,indexable,https://triprindia.com/products/mens-tracksuit-full-sleeve-navy-t-shirt-plain-grey-trackpant,true,Men Tracksuit - Full Sleeve Navy t-shirt Plain Grey Trackpant,1,1203,279,1170,41,11,1,1,4,2,6,high,false,17,6,46,ProductGroup|FAQPage,true,JudgeMe,title_length|meta_description_length|missing_image_alt|script_count_high|image_alt_duplicate_on_page|image_missing_dimensions
https://triprindia.com/products/pack-of-2-loose-fit-back-printed-oversized-tshirts-11-variants,https://triprindia.com/products/pack-of-2-loose-fit-back-printed-oversized-tshirts-11-variants,false,0,200,product,Back Printed Oversized Tshirts Combo Pack of 2 Online – TRIPR,Explore Back Printed Oversized T-shirts for Men Online. Bold Graphics Back Printed Tshirts from TRIPR INDIA.,https://triprindia.com/products/pack-of-2-loose-fit-back-printed-oversized-tshirts-11-variants,,true,indexable,https://triprindia.com/products/pack-of-2-loose-fit-back-printed-oversized-tshirts-11-variants,true,Pack Of 2 Graphic Printed Oversized Tshirts Combo - 15 Variants,1,1144,789,1411,41,11,1,1,4,2,20,high,false,20,4,46,ProductGroup|FAQPage,true,JudgeMe,missing_image_alt|html_size_large|script_count_high|image_count_high|large_image_url_width|image_alt_duplicate_on_page|image_missing_dimensions
https://triprindia.com/products/out-fit-set-for-beige-polo-tshirt-p52-black-cargo-baggy-pant,https://triprindia.com/products/out-fit-set-for-beige-polo-tshirt-p52-black-cargo-baggy-pant,false,0,200,product,Out Fit Set Beige Polo Tshirt & Black Cargo Baggy Pant – TRIPR,"Product Description: Trendy Printed T-Shirts: full sleeve, polo neck tees with bold, eye-catching prints that add a fresh touch to your everyday style. Plain Trackpants for a Balanced Look: Minimalist design trackpants provide a clean contrast to the printed t-shirt. Soft &amp; Breathable Cotton Fabric: Made from cotto",https://triprindia.com/products/out-fit-set-for-beige-polo-tshirt-p52-black-cargo-baggy-pant,,true,indexable,https://triprindia.com/products/out-fit-set-for-beige-polo-tshirt-p52-black-cargo-baggy-pant,true,Out Fit Set Beige Polo Tshirt & Black Cargo Baggy Pant,1,1183,278,1166,41,11,1,1,4,2,5,high,false,15,6,46,ProductGroup|FAQPage,true,JudgeMe,meta_description_length|missing_image_alt|script_count_high|image_alt_duplicate_on_page|image_missing_dimensions
https://triprindia.com/products/outfit-set-for-men-over-sized-tshirt-matching-plain-trackpant-10-variants,https://triprindia.com/products/outfit-set-for-men-over-sized-tshirt-matching-plain-trackpant-10-variants,false,0,200,product,Men Outfit Set - Oversized Printed T shirts & Plain Track Pants - 14 V – TRIPR,"Product Description: Trendy men’s oversized tracksuit featuring a stylish printed T-shirt Paired with comfortable jogger pants designed for a clean, sporty look Made from soft, breathable fabric for all-day comfort and ease of movement Perfect for casual wear, travel, gym sessions, and weekend outings Modern fit with a",https://triprindia.com/products/outfit-set-for-men-over-sized-tshirt-matching-plain-trackpant-10-variants,,true,indexable,https://triprindia.com/products/outfit-set-for-men-over-sized-tshirt-matching-plain-trackpant-10-variants,true,Men Outfit Set - Oversized Printed T shirts & Plain Track Pants - 14 Variants,1,1221,705,1413,41,11,1,1,4,2,19,high,false,20,4,46,ProductGroup|FAQPage,true,JudgeMe,title_length|meta_description_length|missing_image_alt|html_size_large|script_count_high|image_count_high|large_image_url_width|image_alt_duplicate_on_page|image_missing_dimensions
https://triprindia.com/products/men-solid-color-blocked-beige-grey-trackpant-j78,https://triprindia.com/products/men-solid-color-blocked-beige-grey-trackpant-j78,false,0,200,product,Men Color Blocked Beige & Grey Track Pant – TRIPR,"Product Description: Men’s stylish black trackpant designed with classic dual white side stripes for a sporty yet trendy look. Made from soft and breathable fabric, ensuring all-day comfort and durability. Relaxed fit with an adjustable drawstring waist for a secure and flexible fit. Perfect for gym, sports, jogging, t",https://triprindia.com/products/men-solid-color-blocked-beige-grey-trackpant-j78,,true,indexable,https://triprindia.com/products/men-solid-color-blocked-beige-grey-trackpant-j78,true,Men Color Blocked Beige & Grey Track Pant,1,1112,273,1166,41,11,1,1,4,2,6,high,false,17,6,46,ProductGroup|FAQPage,true,JudgeMe,meta_description_length|missing_image_alt|script_count_high|image_alt_duplicate_on_page|image_missing_dimensions
https://triprindia.com/products/tracksuit-for-high-neck-tshirt-plain-trackpants-17-variants,https://triprindia.com/products/tracksuit-for-high-neck-tshirt-plain-trackpants-17-variants,false,0,200,product,Men Tracksuit - High Neck Full Sleeve Printed T shirts & Plain Track P – TRIPR,"Fabric &amp; Care: Cotton Blend Fabric; 170-180 gsm. Regular Machine wash. Shipping/Delivery: The order will be dispatched within 24-48 hours, and you can expect to receive your order within 4-5 business days. Return and Exchange: We have an easy 7 days return policy. Return the product within 7 days from the day of",https://triprindia.com/products/tracksuit-for-high-neck-tshirt-plain-trackpants-17-variants,,true,indexable,https://triprindia.com/products/tracksuit-for-high-neck-tshirt-plain-trackpants-17-variants,true,Men Tracksuit - High Neck Full Sleeve Printed T shirts & Plain Track Pants - 17 Variants,1,1099,614,1347,41,11,1,1,4,2,17,high,false,20,4,46,ProductGroup|FAQPage,true,JudgeMe,title_length|meta_description_length|missing_image_alt|html_size_large|script_count_high|image_count_high|large_image_url_width|image_alt_duplicate_on_page|image_missing_dimensions
https://triprindia.com/products/tracksuit-for-men-high-neck-full-sleeve-d189-tshirt-plain-j72-baggy-pants-15-variants,https://triprindia.com/products/tracksuit-for-men-high-neck-full-sleeve-d189-tshirt-plain-j72-baggy-pants-15-variants,false,0,200,product,Men Tracksuit - High Neck Full Sleeve Printed T shirts & Plain Baggy p – TRIPR,"Product Description: Comfortable men’s tracksuit set with stylish T-shirts in high neck, polo neck, and round neck designs Available in full sleeve and half sleeve options for all-season wear Comes with matching track pants in plain and printed patterns Made from soft, breathable fabric for everyday comfort Suitable fo",https://triprindia.com/products/tracksuit-for-men-high-neck-full-sleeve-d189-tshirt-plain-j72-baggy-pants-15-variants,,true,indexable,https://triprindia.com/products/tracksuit-for-men-high-neck-full-sleeve-d189-tshirt-plain-j72-baggy-pants-15-variants,true,Men Tracksuit - High Neck Full Sleeve Printed T shirts & Plain Baggy pants- 15 Variants,1,1224,577,1340,41,11,1,1,4,2,16,high,false,20,4,46,ProductGroup|FAQPage,true,JudgeMe,title_length|meta_description_length|missing_image_alt|html_size_large|script_count_high|large_image_url_width|image_alt_duplicate_on_page|image_missing_dimensions
https://triprindia.com/products/men-all-over-printed-short-maroon-s39,https://triprindia.com/products/men-all-over-printed-short-maroon-s39,false,0,200,product,Men All Over Printed Short Maroon – TRIPR,"Product Description: Made from smooth and breathable fabric for all-day comfort. Features a stylish printed and Printed Design for a trendy look. Available in multiple vibrant colors to match your style. Designed for casual wear, gym, sports, or lounging. Elastic waistband with an adjustable drawstring for a secure and",https://triprindia.com/products/men-all-over-printed-short-maroon-s39,,true,indexable,https://triprindia.com/products/men-all-over-printed-short-maroon-s39,true,Men All Over Printed Short Maroon,1,1126,271,1169,41,11,1,1,4,2,6,high,false,17,5,46,ProductGroup|FAQPage,true,JudgeMe,meta_description_length|script_count_high|image_alt_duplicate_on_page|image_missing_dimensions
https://triprindia.com/products/men-all-over-printed-short-olivegreen-s39,https://triprindia.com/products/men-all-over-printed-short-olivegreen-s39,false,0,200,product,Men All Over Printed Short Olivegreen – TRIPR,"Product Description: Made from smooth and breathable fabric for all-day comfort. Features a stylish printed and Printed Design for a trendy look. Available in multiple vibrant colors to match your style. Designed for casual wear, gym, sports, or lounging. Elastic waistband with an adjustable drawstring for a secure and",https://triprindia.com/products/men-all-over-printed-short-olivegreen-s39,,true,indexable,https://triprindia.com/products/men-all-over-printed-short-olivegreen-s39,true,Men All Over Printed Short Olivegreen,1,1126,271,1169,41,11,1,1,4,2,6,high,false,17,5,46,ProductGroup|FAQPage,true,JudgeMe,meta_description_length|script_count_high|image_alt_duplicate_on_page|image_missing_dimensions
https://triprindia.com/products/men-all-over-printed-short-red-s39,https://triprindia.com/products/men-all-over-printed-short-red-s39,false,0,200,product,Men All Over Printed Short Red – TRIPR,"Product Description: Made from smooth and breathable fabric for all-day comfort. Features a stylish printed and Printed Design for a trendy look. Available in multiple vibrant colors to match your style. Designed for casual wear, gym, sports, or lounging. Elastic waistband with an adjustable drawstring for a secure and",https://triprindia.com/products/men-all-over-printed-short-red-s39,,true,indexable,https://triprindia.com/products/men-all-over-printed-short-red-s39,true,Men All Over Printed Short Red,1,1126,270,1169,41,11,1,1,4,2,6,high,false,17,5,46,ProductGroup|FAQPage,true,JudgeMe,meta_description_length|script_count_high|image_alt_duplicate_on_page|image_missing_dimensions
https://triprindia.com/products/men-all-over-printed-short-maroon-s42,https://triprindia.com/products/men-all-over-printed-short-maroon-s42,false,0,200,product,Men All Over Printed Short Maroon – TRIPR,"Product Description: Made from smooth and breathable fabric for all-day comfort. Features a stylish printed and Printed Design for a trendy look. Available in multiple vibrant colors to match your style. Designed for casual wear, gym, sports, or lounging. Elastic waistband with an adjustable drawstring for a secure and",https://triprindia.com/products/men-all-over-printed-short-maroon-s42,,true,indexable,https://triprindia.com/products/men-all-over-printed-short-maroon-s42,true,Men All Over Printed Short Maroon,1,1126,271,1169,41,11,1,1,4,2,6,high,false,17,5,46,ProductGroup|FAQPage,true,JudgeMe,meta_description_length|script_count_high|image_alt_duplicate_on_page|image_missing_dimensions
https://triprindia.com/products/men-printed-regular-fit-shorts-grey-s44,https://triprindia.com/products/men-printed-regular-fit-shorts-grey-s44,false,0,200,product,Men Printed Regular Fit Shorts Grey – TRIPR,"Product Description: Made from smooth and breathable fabric for all-day comfort. Features a stylish printed and Printed Design for a trendy look. Available in multiple vibrant colors to match your style. Designed for casual wear, gym, sports, or lounging. Elastic waistband with an adjustable drawstring for a secure and",https://triprindia.com/products/men-printed-regular-fit-shorts-grey-s44,,true,indexable,https://triprindia.com/products/men-printed-regular-fit-shorts-grey-s44,true,Men Printed Regular Fit Shorts Grey,1,1126,271,1169,41,11,1,1,4,2,6,high,false,17,5,46,ProductGroup|FAQPage,true,JudgeMe,meta_description_length|script_count_high|image_alt_duplicate_on_page|image_missing_dimensions
https://triprindia.com/products/men-printed-regular-fit-shorts-maroon-s44,https://triprindia.com/products/men-printed-regular-fit-shorts-maroon-s44,false,0,200,product,Men Printed Regular Fit Shorts Maroon – TRIPR,"Product Description: Made from smooth and breathable fabric for all-day comfort. Features a stylish printed and Printed Design for a trendy look. Available in multiple vibrant colors to match your style. Designed for casual wear, gym, sports, or lounging. Elastic waistband with an adjustable drawstring for a secure and",https://triprindia.com/products/men-printed-regular-fit-shorts-maroon-s44,,true,indexable,https://triprindia.com/products/men-printed-regular-fit-shorts-maroon-s44,true,Men Printed Regular Fit Shorts Maroon,1,1126,272,1169,41,11,1,1,4,2,6,high,false,17,5,46,ProductGroup|FAQPage,true,JudgeMe,meta_description_length|script_count_high|image_alt_duplicate_on_page|image_missing_dimensions
https://triprindia.com/products/casual-tracksuit-with-multicolor-polo-t-shirt-matching-track-pant-9-variants,https://triprindia.com/products/casual-tracksuit-with-multicolor-polo-t-shirt-matching-track-pant-9-variants,false,0,200,product,Men Tracksuit Multicolor Full Sleeve Polo T-Shirts & Track Pants- 15 V – TRIPR,"Product Description: Trendy men’s Polo tracksuit featuring a stylish color-blocked Polo T-shirt with quarter-zip neckline Paired with comfortable jogger pants designed for a clean, sporty look Made from soft, breathable fabric for all-day comfort and ease of movement Perfect for casual wear, travel, gym sessions, and w",https://triprindia.com/products/casual-tracksuit-with-multicolor-polo-t-shirt-matching-track-pant-9-variants,,true,indexable,https://triprindia.com/products/casual-tracksuit-with-multicolor-polo-t-shirt-matching-track-pant-9-variants,true,Men Tracksuit Multicolor Full Sleeve Polo T-Shirts & Track Pants- 15 Variants,1,1190,563,1335,41,11,1,1,4,2,16,high,false,20,4,46,ProductGroup|FAQPage,true,JudgeMe,title_length|meta_description_length|html_size_large|script_count_high|large_image_url_width|image_alt_duplicate_on_page|image_missing_dimensions
https://triprindia.com/products/pack-of-2-mandarin-neck-full-sleeve-multicolor-tshirts-10-variants,https://triprindia.com/products/pack-of-2-mandarin-neck-full-sleeve-multicolor-tshirts-10-variants,false,0,200,product,(Pack Of 2) Mandarin Neck Full Sleeve Multicolor Tshirts- 10 Variants – TRIPR,"PRODUCT DESCRIPTION: Stylish Design: Crafted with a Henley neck and eye-catching prints, perfect for adding a trendy touch to your wardrobe. Premium Quality Fabric: Made with soft, breathable, and durable fabric for ultimate comfort throughout the day. Pack of 2 Multicolor Variants: Available in a range of vibrant colo",https://triprindia.com/products/pack-of-2-mandarin-neck-full-sleeve-multicolor-tshirts-10-variants,,true,indexable,https://triprindia.com/products/pack-of-2-mandarin-neck-full-sleeve-multicolor-tshirts-10-variants,true,(Pack Of 2) Mandarin Neck Full Sleeve Multicolor Tshirts- 10 Variants,1,1245,442,1267,41,11,1,1,4,2,9,high,false,20,4,46,ProductGroup|FAQPage,true,JudgeMe,title_length|meta_description_length|missing_image_alt|script_count_high|large_image_url_width|image_alt_duplicate_on_page|image_missing_dimensions
https://triprindia.com/products/mandarin-neck-hlaf-sleeve-multicolor-pack-of-2-tshirts-12-variants,https://triprindia.com/products/mandarin-neck-hlaf-sleeve-multicolor-pack-of-2-tshirts-12-variants,false,0,200,product,Mandarin Neck Half Sleeve Multicolor Pack Of 2 Combo Tshirts 12 Varian – TRIPR,Product Description Pack of 2 Mandarin Collar Half Sleeve Tshrits Combos A Mandarin Collar adds a playful and trendy element. Contrast Colors at Sleeves &amp; Neck provides a stylish look. Designed to Deliver both style and functionality With Fashionable one Visually appealing and versatile ensemble suitable for variou,https://triprindia.com/products/mandarin-neck-hlaf-sleeve-multicolor-pack-of-2-tshirts-12-variants,,true,indexable,https://triprindia.com/products/mandarin-neck-hlaf-sleeve-multicolor-pack-of-2-tshirts-12-variants,true,Mandarin Neck Half Sleeve Multicolor Pack Of 2 Combo Tshirts 12 Variants,1,1197,500,1314,41,11,1,1,4,2,14,high,false,20,4,46,ProductGroup|FAQPage,true,JudgeMe,title_length|meta_description_length|missing_image_alt|script_count_high|large_image_url_width|image_alt_duplicate_on_page|image_missing_dimensions
https://triprindia.com/products/pack-of-2-high-neck-printed-full-sleeve-tshirts-d144,https://triprindia.com/products/pack-of-2-high-neck-printed-full-sleeve-tshirts-d144,false,0,200,product,Pack Of 2 High Neck Logo Printed Full Sleeve Combo T-shirts - 13 Varia – TRIPR,"PRODUCT DESCRIPTION: Stylish Design: Crafted with a High neck and eye-catching prints, perfect for adding a trendy touch to your wardrobe. Premium Quality Fabric: Made with soft, breathable, and durable fabric for ultimate comfort throughout the day. Pack of 2 Multicolor Variants: Available in a range of vibrant colors",https://triprindia.com/products/pack-of-2-high-neck-printed-full-sleeve-tshirts-d144,,true,indexable,https://triprindia.com/products/pack-of-2-high-neck-printed-full-sleeve-tshirts-d144,true,Pack Of 2 High Neck Logo Printed Full Sleeve Combo T-shirts - 13 Variants,1,1212,493,1306,41,11,1,1,4,2,12,high,false,20,4,46,ProductGroup|FAQPage,true,JudgeMe,title_length|meta_description_length|missing_image_alt|script_count_high|large_image_url_width|image_alt_duplicate_on_page|image_missing_dimensions
https://triprindia.com/products/men-multi-pockets-colorblocked-plain-baggy-cargo-grey,https://triprindia.com/products/men-multi-pockets-colorblocked-plain-baggy-cargo-grey,false,0,200,product,Buy Navy Blue Baggy fit Multi Pocket Cargo Joggers Online – TRIPR,"Buy Baggy Cargo Jogger for men on Clearance Sale for ₹399 Online. Heavy Fabric, Multi pockets, Baggy oversized cargo jogger with cuff ankle. Explore huge collections of Trendy Cargo Joggers under 300 or 500 only at TRIPR India and enjoy Fastest delivery | Easy 7 days returns",https://triprindia.com/products/men-multi-pockets-colorblocked-plain-baggy-cargo-grey,,true,indexable,https://triprindia.com/products/men-multi-pockets-colorblocked-plain-baggy-cargo-grey,true,Multi Pockets Colorblocked Baggy Cargo Grey White,1,1165,279,1192,41,11,1,1,4,2,6,high,false,17,6,45,ProductGroup|FAQPage,true,JudgeMe,meta_description_length|missing_image_alt|serp_title_h1_mismatch|serp_boilerplate_meta_description|script_count_high|image_alt_duplicate_on_page|image_missing_dimensions
https://triprindia.com/products/multi-pockets-colorblocked-plain-baggy-cargo-black-os11,https://triprindia.com/products/multi-pockets-colorblocked-plain-baggy-cargo-black-os11,false,0,200,product,Buy Navy Blue Baggy fit Multi Pocket Cargo Joggers Online – TRIPR,"Buy Baggy Cargo Jogger for men on Clearance Sale for ₹399 Online. Heavy Fabric, Multi pockets, Baggy oversized cargo jogger with cuff ankle. Explore huge collections of Trendy Cargo Joggers under 300 or 500 only at TRIPR India and enjoy Fastest delivery | Easy 7 days returns",https://triprindia.com/products/multi-pockets-colorblocked-plain-baggy-cargo-black-os11,,true,indexable,https://triprindia.com/products/multi-pockets-colorblocked-plain-baggy-cargo-black-os11,true,Multi Pockets Colorblocked Baggy Cargo Black White,1,1166,279,1192,41,11,1,1,4,2,6,high,false,17,6,45,ProductGroup|FAQPage,true,JudgeMe,meta_description_length|missing_image_alt|serp_title_h1_mismatch|serp_boilerplate_meta_description|script_count_high|image_alt_duplicate_on_page|image_missing_dimensions
https://triprindia.com/products/pack-of-2-high-neck-printed-half-sleeve-t-shirts-13-variants,https://triprindia.com/products/pack-of-2-high-neck-printed-half-sleeve-t-shirts-13-variants,false,0,200,product,Pack Of 2 High Neck Logo Printed Half Sleeve Combo T-shirts - 13 Varia – TRIPR,Product Description Henley Neck &amp; High Neck Collar adds a playful and trendy element. Contrast Colors at Sleeves &amp; Neck provides a stylish look. Designed to Deliver both style and functionality With Fashionable one Visually appealing and versatile ensemble suitable for various occasions. Fabric &amp; Care: Cott,https://triprindia.com/products/pack-of-2-high-neck-printed-half-sleeve-t-shirts-13-variants,,true,indexable,https://triprindia.com/products/pack-of-2-high-neck-printed-half-sleeve-t-shirts-13-variants,true,Pack Of 2 High Neck Logo Printed Half Sleeve Combo T-shirts - 13 Variants,1,1141,491,1312,41,11,1,1,4,2,14,high,false,20,4,46,ProductGroup|FAQPage,true,JudgeMe,title_length|meta_description_length|missing_image_alt|script_count_high|large_image_url_width|image_alt_duplicate_on_page|image_missing_dimensions
https://triprindia.com/products/mens-oversized-round-neck-plain-beige-tshirt-d220,https://triprindia.com/products/mens-oversized-round-neck-plain-beige-tshirt-d220,false,0,200,product,Mens Oversized Round Neck Plain Beige Tshirt – TRIPR,"Product Description: Trendy oversized men’s T-shirt with Shoulder Zip Made from soft, breathable cotton fabric ensuring all-day comfort. Features a relaxed drop-shoulder fit for a stylish, streetwear-inspired look. Perfect for casual outings, weekend wear, or daily comfort style. Easily pairs with joggers, cargos, or j",https://triprindia.com/products/mens-oversized-round-neck-plain-beige-tshirt-d220,,true,indexable,https://triprindia.com/products/mens-oversized-round-neck-plain-beige-tshirt-d220,true,Mens Oversized Round Neck Plain Beige Tshirt,1,1116,279,1178,41,11,1,1,4,2,6,high,false,17,6,46,ProductGroup|FAQPage,true,JudgeMe,meta_description_length|missing_image_alt|script_count_high|image_alt_duplicate_on_page|image_missing_dimensions
https://triprindia.com/products/men-solid-color-blocked-black-white-trackpant-j80,https://triprindia.com/products/men-solid-color-blocked-black-white-trackpant-j80,false,0,200,product,Men Solid Color Blocked Black & White Trackpant – TRIPR,"Product Description: Men’s stylish black trackpant designed with classic dual white side stripes for a sporty yet trendy look. Made from soft and breathable fabric, ensuring all-day comfort and durability. Relaxed fit with an adjustable drawstring waist for a secure and flexible fit. Perfect for gym, sports, jogging, t",https://triprindia.com/products/men-solid-color-blocked-black-white-trackpant-j80,,true,indexable,https://triprindia.com/products/men-solid-color-blocked-black-white-trackpant-j80,true,Men Solid Color Blocked Black & White Trackpant,1,1112,274,1166,41,11,1,1,4,2,6,high,false,17,6,46,ProductGroup|FAQPage,true,JudgeMe,meta_description_length|missing_image_alt|script_count_high|image_alt_duplicate_on_page|image_missing_dimensions
https://triprindia.com/products/men-printd-trackpant-black-j81,https://triprindia.com/products/men-printd-trackpant-black-j81,false,0,200,product,Men Printd Trackpant Black – TRIPR,"Product Description: Men’s stylish black trackpant designed with classic dual white side stripes for a sporty yet trendy look. Made from soft and breathable fabric, ensuring all-day comfort and durability. Relaxed fit with an adjustable drawstring waist for a secure and flexible fit. Perfect for gym, sports, jogging, t",https://triprindia.com/products/men-printd-trackpant-black-j81,,true,indexable,https://triprindia.com/products/men-printd-trackpant-black-j81,true,Men Printd Trackpant Black,1,1104,271,1166,41,11,1,1,4,2,6,high,false,17,6,46,ProductGroup|FAQPage,true,JudgeMe,meta_description_length|missing_image_alt|script_count_high|image_alt_duplicate_on_page|image_missing_dimensions
https://triprindia.com/products/men-on-off-printd-trackpant-black-j82,https://triprindia.com/products/men-on-off-printd-trackpant-black-j82,false,0,200,product,Men On-Off Printd Trackpant Black – TRIPR,"Product Description: Men’s stylish black trackpant designed with classic dual white side stripes for a sporty yet trendy look. Made from soft and breathable fabric, ensuring all-day comfort and durability. Relaxed fit with an adjustable drawstring waist for a secure and flexible fit. Perfect for gym, sports, jogging, t",https://triprindia.com/products/men-on-off-printd-trackpant-black-j82,,true,indexable,https://triprindia.com/products/men-on-off-printd-trackpant-black-j82,true,Men On-Off Printd Trackpant Black,1,1106,272,1166,41,11,1,1,4,2,6,high,false,17,6,46,ProductGroup|FAQPage,true,JudgeMe,meta_description_length|missing_image_alt|script_count_high|image_alt_duplicate_on_page|image_missing_dimensions
https://triprindia.com/products/men-striped-pattern-trackpant-olivegreen-j79,https://triprindia.com/products/men-striped-pattern-trackpant-olivegreen-j79,false,0,200,product,Men White Striped Cuffed ankle Olivegreen Track Pant – TRIPR,"Product Description: Men’s stylish black trackpant designed with classic dual white side stripes for a sporty yet trendy look. Made from soft and breathable fabric, ensuring all-day comfort and durability. Relaxed fit with an adjustable drawstring waist for a secure and flexible fit. Perfect for gym, sports, jogging, t",https://triprindia.com/products/men-striped-pattern-trackpant-olivegreen-j79,,true,indexable,https://triprindia.com/products/men-striped-pattern-trackpant-olivegreen-j79,true,Men White Striped Cuffed ankle Olivegreen Track Pant,1,1112,274,1166,41,11,1,1,4,2,6,high,false,17,6,46,ProductGroup|FAQPage,true,JudgeMe,meta_description_length|missing_image_alt|script_count_high|image_alt_duplicate_on_page|image_missing_dimensions
https://triprindia.com/products/mens-half-round-neck-printed-tshirt-black-d221,https://triprindia.com/products/mens-half-round-neck-printed-tshirt-black-d221,false,0,200,product,Mens Half Round Neck Printed Tshirt Black – TRIPR,"Fabric &amp; Care: Cotton Blend Fabric; 170-180 gsm. Regular Machine wash. Shipping/Delivery: The order will be dispatched within 24-48 hours, and you can expect to receive your order within 4-5 business days. Return and Exchange: We have an easy 7 days return policy. Return the product within 7 days from the day of re",https://triprindia.com/products/mens-half-round-neck-printed-tshirt-black-d221,,true,indexable,https://triprindia.com/products/mens-half-round-neck-printed-tshirt-black-d221,true,Mens Half Round Neck Printed Tshirt Black,1,1068,269,1148,41,11,1,1,4,2,6,high,false,17,6,46,ProductGroup|FAQPage,true,JudgeMe,meta_description_length|missing_image_alt|script_count_high|image_alt_duplicate_on_page|image_missing_dimensions
https://triprindia.com/products/mens-half-round-neck-printed-tshirt-black-d222,https://triprindia.com/products/mens-half-round-neck-printed-tshirt-black-d222,false,0,200,product,Mens Half Round Neck DREAM Printed Tshirt Black – TRIPR,"Fabric &amp; Care: Cotton Blend Fabric; 170-180 gsm. Regular Machine wash. Shipping/Delivery: The order will be dispatched within 24-48 hours, and you can expect to receive your order within 4-5 business days. Return and Exchange: We have an easy 7 days return policy. Return the product within 7 days from the day of re",https://triprindia.com/products/mens-half-round-neck-printed-tshirt-black-d222,,true,indexable,https://triprindia.com/products/mens-half-round-neck-printed-tshirt-black-d222,true,Mens Half Round Neck DREAM Printed Tshirt Black,1,1072,269,1146,41,11,1,1,4,2,6,high,false,17,6,46,ProductGroup|FAQPage,true,JudgeMe,meta_description_length|missing_image_alt|script_count_high|image_alt_duplicate_on_page|image_missing_dimensions
https://triprindia.com/products/mens-half-round-neck-dream-printed-tshirt-beige-d222,https://triprindia.com/products/mens-half-round-neck-dream-printed-tshirt-beige-d222,false,0,200,product,Mens Half Round Neck DREAM Printed Tshirt Beige – TRIPR,"Fabric &amp; Care: Cotton Blend Fabric; 170-180 gsm. Regular Machine wash. Shipping/Delivery: The order will be dispatched within 24-48 hours, and you can expect to receive your order within 4-5 business days. Return and Exchange: We have an easy 7 days return policy. Return the product within 7 days from the day of re",https://triprindia.com/products/mens-half-round-neck-dream-printed-tshirt-beige-d222,,true,indexable,https://triprindia.com/products/mens-half-round-neck-dream-printed-tshirt-beige-d222,true,Mens Half Round Neck DREAM Printed Tshirt Beige,1,1070,270,1148,41,11,1,1,4,2,6,high,false,17,6,46,ProductGroup|FAQPage,true,JudgeMe,meta_description_length|missing_image_alt|script_count_high|image_alt_duplicate_on_page|image_missing_dimensions
https://triprindia.com/products/mens-half-round-neck-xo-printed-tshirt-black-d223,https://triprindia.com/products/mens-half-round-neck-xo-printed-tshirt-black-d223,false,0,200,product,Mens Half Round Neck XO Printed Tshirt Black – TRIPR,"Fabric &amp; Care: Cotton Blend Fabric; 170-180 gsm. Regular Machine wash. Shipping/Delivery: The order will be dispatched within 24-48 hours, and you can expect to receive your order within 4-5 business days. Return and Exchange: We have an easy 7 days return policy. Return the product within 7 days from the day of re",https://triprindia.com/products/mens-half-round-neck-xo-printed-tshirt-black-d223,,true,indexable,https://triprindia.com/products/mens-half-round-neck-xo-printed-tshirt-black-d223,true,Mens Half Round Neck XO Printed Tshirt Black,1,1070,269,1148,41,11,1,1,4,2,6,high,false,17,6,46,ProductGroup|FAQPage,true,JudgeMe,meta_description_length|missing_image_alt|script_count_high|image_alt_duplicate_on_page|image_missing_dimensions
https://triprindia.com/products/mens-half-round-neck-printed-tshirt-black-d225,https://triprindia.com/products/mens-half-round-neck-printed-tshirt-black-d225,false,0,200,product,Mens Half Round Neck Printed Tshirt Black – TRIPR,"Product Description: Stylish men’s half sleeve T-shirts available in printed, plain, and color-blocked designs Designed with a classic round neck fit for everyday comfort and easy wear Made from soft, breathable fabric that feels light and comfortable all day Ideal for casual wear, office casual, travel, college, and d",https://triprindia.com/products/mens-half-round-neck-printed-tshirt-black-d225,,true,indexable,https://triprindia.com/products/mens-half-round-neck-printed-tshirt-black-d225,true,Mens Half Round Neck Printed Tshirt Black,1,1138,275,1170,41,11,1,1,4,2,6,high,false,17,6,46,ProductGroup|FAQPage,true,JudgeMe,meta_description_length|missing_image_alt|script_count_high|image_alt_duplicate_on_page|image_missing_dimensions
https://triprindia.com/products/mens-half-round-neck-rock-star-printed-tshirt-black-d226,https://triprindia.com/products/mens-half-round-neck-rock-star-printed-tshirt-black-d226,false,0,200,product,Mens Half Round Neck ROCK STAR Printed Tshirt Black – TRIPR,"Product Description: Stylish men’s half sleeve T-shirts available in printed, plain, and color-blocked designs Designed with a classic round neck fit for everyday comfort and easy wear Made from soft, breathable fabric that feels light and comfortable all day Ideal for casual wear, office casual, travel, college, and d",https://triprindia.com/products/mens-half-round-neck-rock-star-printed-tshirt-black-d226,,true,indexable,https://triprindia.com/products/mens-half-round-neck-rock-star-printed-tshirt-black-d226,true,Mens Half Round Neck ROCK STAR Printed Tshirt Black,1,1144,275,1168,41,11,1,1,4,2,6,high,false,17,6,46,ProductGroup|FAQPage,true,JudgeMe,meta_description_length|missing_image_alt|script_count_high|image_alt_duplicate_on_page|image_missing_dimensions
https://triprindia.com/products/mens-half-round-neck-hangover-printed-tshirt-black-d227,https://triprindia.com/products/mens-half-round-neck-hangover-printed-tshirt-black-d227,false,0,200,product,Mens Half Round Neck HANGOVER Printed Tshirt Black – TRIPR,"Product Description: Stylish men’s half sleeve T-shirts available in printed, plain, and color-blocked designs Designed with a classic round neck fit for everyday comfort and easy wear Made from soft, breathable fabric that feels light and comfortable all day Ideal for casual wear, office casual, travel, college, and d",https://triprindia.com/products/mens-half-round-neck-hangover-printed-tshirt-black-d227,,true,indexable,https://triprindia.com/products/mens-half-round-neck-hangover-printed-tshirt-black-d227,true,Mens Half Round Neck HANGOVER Printed Tshirt Black,1,1140,275,1170,41,11,1,1,4,2,6,high,false,17,6,46,ProductGroup|FAQPage,true,JudgeMe,meta_description_length|missing_image_alt|script_count_high|image_alt_duplicate_on_page|image_missing_dimensions
https://triprindia.com/products/men-quarter-zip-polo-neck-vertical-striped-half-sleeve-t-shirt-beige-p58,https://triprindia.com/products/men-quarter-zip-polo-neck-vertical-striped-half-sleeve-t-shirt-beige-p58,false,0,200,product,Men Quarter Zip Polo Neck Vertical Striped Half Sleeve T-shirt Beige – TRIPR,"Product Description: Stylish men’s half sleeve polo t-shirt with bold Vertical Striped – “Versatile Printed” Made from soft cotton blend fabric for all-day comfort and breathability polo neck design with ribbed hem and cuffs for a neat finish Perfect for casual outings, streetwear style, and travel wear Durable stitchi",https://triprindia.com/products/men-quarter-zip-polo-neck-vertical-striped-half-sleeve-t-shirt-beige-p58,,true,indexable,https://triprindia.com/products/men-quarter-zip-polo-neck-vertical-striped-half-sleeve-t-shirt-beige-p58,true,Men Quarter Zip Polo Neck Vertical Striped Half Sleeve T-shirt Beige,1,1185,283,1227,41,11,1,1,4,2,6,high,false,17,5,48,ProductGroup|FAQPage,true,JudgeMe,title_length|meta_description_length|script_count_high|image_alt_duplicate_on_page|image_missing_dimensions
https://triprindia.com/products/pack-of-3-half-sleeve-printed-tshirts-12-variants,https://triprindia.com/products/pack-of-3-half-sleeve-printed-tshirts-12-variants,false,0,200,product,Men Pack Of 3 Half Sleeve Printed Multicolor Combo Tshirts 12 Variants – TRIPR,"Product Description: Trendy half sleeve t-shirt with a unique printed design for a stylish look. Available in black, beige, and maroon to match your personality. Crafted from soft and breathable fabric for all-day comfort. Perfect for casual outings, weekend wear, or everyday styling. Available in sizes S, M, L, XL, an",https://triprindia.com/products/pack-of-3-half-sleeve-printed-tshirts-12-variants,,true,indexable,https://triprindia.com/products/pack-of-3-half-sleeve-printed-tshirts-12-variants,true,Men Pack Of 3 Half Sleeve Printed Multicolor Combo Tshirts 12 Variants,1,1217,482,1296,41,11,1,1,4,2,13,high,false,20,4,46,ProductGroup|FAQPage,true,JudgeMe,title_length|meta_description_length|missing_image_alt|script_count_high|large_image_url_width|image_alt_duplicate_on_page|image_missing_dimensions
https://triprindia.com/products/men-sleeveless-men-printed-vest-white,https://triprindia.com/products/men-sleeveless-men-printed-vest-white,false,0,200,product,Buy Men Sleeveless Printed Grey Vest Online – TRIPR,"Buy TRIPR Men's Printed Vest - Sleeveless Printed Grey Vest with 87% Off - Online Clearance Sale Discount. Absorbs Summer Sweats Easily & Keep You cool, Very Soft to wear, Ideal For All Activities. Shop Now",https://triprindia.com/products/men-sleeveless-men-printed-vest-white,,true,indexable,https://triprindia.com/products/men-sleeveless-men-printed-vest-white,true,Men Sleeveless Men Printed Vest White,1,1081,260,1128,41,11,1,1,4,2,3,high,false,11,6,46,ProductGroup|FAQPage,true,JudgeMe,meta_description_length|missing_image_alt|serp_product_description_missing_detail|script_count_high|image_alt_duplicate_on_page|image_missing_dimensions
https://triprindia.com/products/pack-of-3-half-sleeve-printed-tshirts-17-variants,https://triprindia.com/products/pack-of-3-half-sleeve-printed-tshirts-17-variants,false,0,200,product,Men Pack Of 3 Half Sleeve Printed Combo Tshirts 17 Variants – TRIPR,"Product Description: Trendy half sleeve t-shirt with a unique printed design for a stylish look. Available in black, beige, and maroon to match your personality. Crafted from soft and breathable fabric for all-day comfort. Perfect for casual outings, weekend wear, or everyday styling. Available in sizes S, M, L, XL, an",https://triprindia.com/products/pack-of-3-half-sleeve-printed-tshirts-17-variants,,true,indexable,https://triprindia.com/products/pack-of-3-half-sleeve-printed-tshirts-17-variants,true,Men Pack Of 3 Half Sleeve Printed Combo Tshirts 17 Variants,1,1158,576,1363,41,11,1,1,4,2,18,high,false,20,4,46,ProductGroup|FAQPage,true,JudgeMe,title_length|meta_description_length|missing_image_alt|html_size_large|script_count_high|image_count_high|large_image_url_width|image_alt_duplicate_on_page|image_missing_dimensions
https://triprindia.com/products/pack-of-3-printed-half-sleeve-tshirts-12-variants,https://triprindia.com/products/pack-of-3-printed-half-sleeve-tshirts-12-variants,false,0,200,product,Men Pack Of 3 Printed Half Sleeve Combo Tshirts - 12 Variants – TRIPR,"Product Description: Trendy half sleeve t-shirt with a unique printed design for a stylish look. Available in black, beige, and maroon to match your personality. Crafted from soft and breathable fabric for all-day comfort. Perfect for casual outings, weekend wear, or everyday styling. Available in sizes S, M, L, XL, an",https://triprindia.com/products/pack-of-3-printed-half-sleeve-tshirts-12-variants,,true,indexable,https://triprindia.com/products/pack-of-3-printed-half-sleeve-tshirts-12-variants,true,Men Pack Of 3 Printed Half Sleeve Combo Tshirts - 12 Variants,1,1155,486,1298,41,11,1,1,4,2,13,high,false,20,4,46,ProductGroup|FAQPage,true,JudgeMe,title_length|meta_description_length|missing_image_alt|script_count_high|large_image_url_width|image_alt_duplicate_on_page|image_missing_dimensions
https://triprindia.com/products/pack-of-2-printed-half-sleeve-tshirts-16-variants,https://triprindia.com/products/pack-of-2-printed-half-sleeve-tshirts-16-variants,false,0,200,product,Pack Of 2 Graphics Printed Men Half Sleeve Combo T-shirts - 16 Variant – TRIPR,"Product Description: Trendy half sleeve Pack of 2 Combo t-shirts with a unique printed design for a stylish look. Available in black, beige, and white to match your personality. Crafted from soft and breathable fabric for all-day comfort. Perfect for casual outings, weekend wear, or everyday styling. Available in sizes",https://triprindia.com/products/pack-of-2-printed-half-sleeve-tshirts-16-variants,,true,indexable,https://triprindia.com/products/pack-of-2-printed-half-sleeve-tshirts-16-variants,true,Pack Of 2 Graphics Printed Men Half Sleeve Combo T-shirts - 16 Variants,1,1198,545,1350,41,11,1,1,4,2,17,high,false,20,4,46,ProductGroup|FAQPage,true,JudgeMe,title_length|meta_description_length|missing_image_alt|html_size_large|script_count_high|large_image_url_width|image_alt_duplicate_on_page|image_missing_dimensions
https://triprindia.com/products/baggy-track-pants-combo,https://triprindia.com/products/baggy-track-pants-combo,false,0,200,product,Baggy Track Pants Combo – TRIPR,Explore Baggy Track Pants Combo at ₹539. Choose from Various Colors of Baggy Combo Track Pants Collection at TRIPR INDIA.,https://triprindia.com/products/baggy-track-pants-combo,,true,indexable,https://triprindia.com/products/baggy-track-pants-combo,true,Baggy Track Pants Combo,1,1187,423,1290,41,11,1,1,4,2,11,high,false,20,4,46,ProductGroup|FAQPage,true,JudgeMe,missing_image_alt|script_count_high|large_image_url_width|image_alt_duplicate_on_page|image_missing_dimensions
https://triprindia.com/products/colorblocked-multipockets-cargo-jogger-beige-black,https://triprindia.com/products/colorblocked-multipockets-cargo-jogger-beige-black,false,0,200,product,Colorblocked Multipockets Cargo Jogger Black & Grey – TRIPR,"Product Description: Trendy men’s cargo pants available in printed, solid, and color-blocked designs Stylish cuffed bottom hems for a modern streetwear finish Crafted from durable yet breathable fabric for lasting comfort Functional multiple cargo pockets for utility and convenience Designed with an elastic waistband a",https://triprindia.com/products/colorblocked-multipockets-cargo-jogger-beige-black,,true,indexable,https://triprindia.com/products/colorblocked-multipockets-cargo-jogger-beige-black,true,Colorblocked Multipockets Cargo Jogger Black & Grey,1,1154,278,1189,41,11,1,1,4,2,6,high,false,17,6,46,ProductGroup|FAQPage,true,JudgeMe,meta_description_length|missing_image_alt|script_count_high|image_alt_duplicate_on_page|image_missing_dimensions
https://triprindia.com/products/colorblocked-multipockets-cargo-42-jogger-black-grey,https://triprindia.com/products/colorblocked-multipockets-cargo-42-jogger-black-grey,false,0,200,product,Colorblocked Multipockets Cargo Jogger Beige & Black – TRIPR,"Product Description: Trendy men’s cargo pants available in printed, solid, and color-blocked designs Stylish cuffed bottom hems for a modern streetwear finish Crafted from durable yet breathable fabric for lasting comfort Functional multiple cargo pockets for utility and convenience Designed with an elastic waistband a",https://triprindia.com/products/colorblocked-multipockets-cargo-42-jogger-black-grey,,true,indexable,https://triprindia.com/products/colorblocked-multipockets-cargo-42-jogger-black-grey,true,Colorblocked Multipockets Cargo Jogger Beige & Black,1,1154,278,1190,41,11,1,1,4,2,6,high,false,17,6,47,ProductGroup|FAQPage,true,JudgeMe,meta_description_length|missing_image_alt|script_count_high|image_alt_duplicate_on_page|image_missing_dimensions|malformed_internal_link
https://triprindia.com/products/colorblocked-multipockets-cargo-42-jogger-olivegreen-grey,https://triprindia.com/products/colorblocked-multipockets-cargo-42-jogger-olivegreen-grey,false,0,200,product,Colorblocked Multipockets Cargo Jogger Olivegreen & Grey – TRIPR,"Product Description: Trendy men’s cargo pants available in printed, solid, and color-blocked designs Stylish cuffed bottom hems for a modern streetwear finish Crafted from durable yet breathable fabric for lasting comfort Functional multiple cargo pockets for utility and convenience Designed with an elastic waistband a",https://triprindia.com/products/colorblocked-multipockets-cargo-42-jogger-olivegreen-grey,,true,indexable,https://triprindia.com/products/colorblocked-multipockets-cargo-42-jogger-olivegreen-grey,true,Colorblocked Multipockets Cargo Jogger Olivegreen & Grey,1,1154,279,1190,41,11,1,1,4,2,6,high,false,17,6,47,ProductGroup|FAQPage,true,JudgeMe,meta_description_length|missing_image_alt|script_count_high|image_alt_duplicate_on_page|image_missing_dimensions|malformed_internal_link
https://triprindia.com/products/colorblocked-multipockets-cargo-43-jogger-beige-black,https://triprindia.com/products/colorblocked-multipockets-cargo-43-jogger-beige-black,false,0,200,product,Colorblocked Multipockets Cargo Jogger Beige & Black – TRIPR,"Product Description: Trendy men’s cargo pants available in printed, solid, and color-blocked designs Stylish cuffed bottom hems for a modern streetwear finish Crafted from durable yet breathable fabric for lasting comfort Functional multiple cargo pockets for utility and convenience Designed with an elastic waistband a",https://triprindia.com/products/colorblocked-multipockets-cargo-43-jogger-beige-black,,true,indexable,https://triprindia.com/products/colorblocked-multipockets-cargo-43-jogger-beige-black,true,Colorblocked Multipockets Cargo Jogger Beige & Black,1,1154,278,1190,41,11,1,1,4,2,6,high,false,17,6,47,ProductGroup|FAQPage,true,JudgeMe,meta_description_length|missing_image_alt|script_count_high|image_alt_duplicate_on_page|image_missing_dimensions|malformed_internal_link
https://triprindia.com/products/designer-cargo-grey-jogger-with-side-print-panel,https://triprindia.com/products/designer-cargo-grey-jogger-with-side-print-panel,false,0,200,product,Designer Cargo Grey Jogger with Side Print Panel – TRIPR,"Product Description: Trendy men’s cargo pants available in printed, solid, and color-blocked designs Stylish cuffed bottom hems for a modern streetwear finish Crafted from durable yet breathable fabric for lasting comfort Functional multiple cargo pockets for utility and convenience Designed with an elastic waistband a",https://triprindia.com/products/designer-cargo-grey-jogger-with-side-print-panel,,true,indexable,https://triprindia.com/products/designer-cargo-grey-jogger-with-side-print-panel,true,Designer Cargo Grey Jogger with Side Print Panel,1,1156,277,1190,41,11,1,1,4,2,6,high,false,17,6,47,ProductGroup|FAQPage,true,JudgeMe,meta_description_length|missing_image_alt|script_count_high|image_alt_duplicate_on_page|image_missing_dimensions|malformed_internal_link
https://triprindia.com/products/designer-cargo-beige-jogger-with-side-print-panel,https://triprindia.com/products/designer-cargo-beige-jogger-with-side-print-panel,false,0,200,product,Designer Cargo Beige Jogger with Side Print Panel – TRIPR,"Product Description: Trendy men’s cargo pants available in printed, solid, and color-blocked designs Stylish cuffed bottom hems for a modern streetwear finish Crafted from durable yet breathable fabric for lasting comfort Functional multiple cargo pockets for utility and convenience Designed with an elastic waistband a",https://triprindia.com/products/designer-cargo-beige-jogger-with-side-print-panel,,true,indexable,https://triprindia.com/products/designer-cargo-beige-jogger-with-side-print-panel,true,Designer Cargo Beige Jogger with Side Print Panel,1,1156,277,1190,41,11,1,1,4,2,6,high,false,17,6,47,ProductGroup|FAQPage,true,JudgeMe,meta_description_length|missing_image_alt|script_count_high|image_alt_duplicate_on_page|image_missing_dimensions|malformed_internal_link
https://triprindia.com/products/designer-cargo-black-jogger-with-side-print-panel,https://triprindia.com/products/designer-cargo-black-jogger-with-side-print-panel,false,0,200,product,Designer Cargo Black Jogger with Side Print Panel – TRIPR,"Product Description: Trendy men’s cargo pants available in printed, solid, and color-blocked designs Stylish cuffed bottom hems for a modern streetwear finish Crafted from durable yet breathable fabric for lasting comfort Functional multiple cargo pockets for utility and convenience Designed with an elastic waistband a",https://triprindia.com/products/designer-cargo-black-jogger-with-side-print-panel,,true,indexable,https://triprindia.com/products/designer-cargo-black-jogger-with-side-print-panel,true,Designer Cargo Black Jogger with Side Print Panel,1,1156,277,1190,41,11,1,1,4,2,6,high,false,17,6,47,ProductGroup|FAQPage,true,JudgeMe,meta_description_length|missing_image_alt|script_count_high|image_alt_duplicate_on_page|image_missing_dimensions|malformed_internal_link
https://triprindia.com/products/designer-cargo-olivegreen-jogger-with-side-print-panel,https://triprindia.com/products/designer-cargo-olivegreen-jogger-with-side-print-panel,false,0,200,product,Designer Cargo Olivegreen Jogger with Side Print Panel – TRIPR,"Product Description: Trendy men’s cargo pants available in printed, solid, and color-blocked designs Stylish cuffed bottom hems for a modern streetwear finish Crafted from durable yet breathable fabric for lasting comfort Functional multiple cargo pockets for utility and convenience Designed with an elastic waistband a",https://triprindia.com/products/designer-cargo-olivegreen-jogger-with-side-print-panel,,true,indexable,https://triprindia.com/products/designer-cargo-olivegreen-jogger-with-side-print-panel,true,Designer Cargo Olivegreen Jogger with Side Print Panel,1,1156,277,1190,41,11,1,1,4,2,6,high,false,17,6,47,ProductGroup|FAQPage,true,JudgeMe,meta_description_length|missing_image_alt|script_count_high|image_alt_duplicate_on_page|image_missing_dimensions|malformed_internal_link
https://triprindia.com/products/men-colorblock-quarter-zip-polo-neck-half-sleeve-t-shirt-beige-p52,https://triprindia.com/products/men-colorblock-quarter-zip-polo-neck-half-sleeve-t-shirt-beige-p52,false,0,200,product,Men Colorblock Quarter Zip Polo Neck Half Sleeve T-shirt Beige – TRIPR,"Product Description: Stylish men’s Half sleeve polo t-shirt with bold text print – “Versatile Printed” Made from soft cotton blend fabric for all-day comfort and breathability polo neck design with ribbed hem and cuffs for a neat finish Perfect for casual outings, streetwear style, and travel wear Durable stitching and",https://triprindia.com/products/men-colorblock-quarter-zip-polo-neck-half-sleeve-t-shirt-beige-p52,,true,indexable,https://triprindia.com/products/men-colorblock-quarter-zip-polo-neck-half-sleeve-t-shirt-beige-p52,true,Men Colorblock Quarter Zip Polo Neck Half Sleeve T-shirt Beige,1,1135,277,1182,41,11,1,1,4,2,6,high,false,17,5,46,ProductGroup|FAQPage,true,JudgeMe,title_length|meta_description_length|script_count_high|image_alt_duplicate_on_page|image_missing_dimensions
https://triprindia.com/products/men-colorblock-quarter-zip-polo-neck-half-sleeve-t-shirt-black-p52,https://triprindia.com/products/men-colorblock-quarter-zip-polo-neck-half-sleeve-t-shirt-black-p52,false,0,200,product,Men Colorblock Quarter Zip Polo Neck Half Sleeve T-shirt Black – TRIPR,"Product Description: Stylish men’s Half sleeve polo t-shirt with bold text print – “Versatile Printed” Made from soft cotton blend fabric for all-day comfort and breathability polo neck design with ribbed hem and cuffs for a neat finish Perfect for casual outings, streetwear style, and travel wear Durable stitching and",https://triprindia.com/products/men-colorblock-quarter-zip-polo-neck-half-sleeve-t-shirt-black-p52,,true,indexable,https://triprindia.com/products/men-colorblock-quarter-zip-polo-neck-half-sleeve-t-shirt-black-p52,true,Men Colorblock Quarter Zip Polo Neck Half Sleeve T-shirt Black,1,1135,277,1182,41,11,1,1,4,2,6,high,false,17,5,46,ProductGroup|FAQPage,true,JudgeMe,title_length|meta_description_length|script_count_high|image_alt_duplicate_on_page|image_missing_dimensions
https://triprindia.com/products/quarter-zip-polo-neck-dual-color-printed-half-sleeve-tshirt-beige-black-p55,https://triprindia.com/products/quarter-zip-polo-neck-dual-color-printed-half-sleeve-tshirt-beige-black-p55,false,0,200,product,Quarter Zip Polo Neck Dual Color Printed Half Sleeve TSHIRT Beige & Bl – TRIPR,"Product Description: Stylish men’s half sleeve polo t-shirt . Made from soft cotton blend fabric for all-day comfort and breathability polo neck design with ribbed hem and cuffs for a neat finish Perfect for casual outings, streetwear style, and travel wear Durable stitching and good quality fabric ensure long-lasting",https://triprindia.com/products/quarter-zip-polo-neck-dual-color-printed-half-sleeve-tshirt-beige-black-p55,,true,indexable,https://triprindia.com/products/quarter-zip-polo-neck-dual-color-printed-half-sleeve-tshirt-beige-black-p55,true,Quarter Zip Polo Neck Dual Color Printed Half Sleeve TSHIRT Beige & Black,1,1133,278,1182,41,11,1,1,4,2,6,high,false,17,5,46,ProductGroup|FAQPage,true,JudgeMe,title_length|meta_description_length|script_count_high|image_alt_duplicate_on_page|image_missing_dimensions
https://triprindia.com/products/men-colorblock-polo-neck-half-sleeve-t-shirt-black-p54,https://triprindia.com/products/men-colorblock-polo-neck-half-sleeve-t-shirt-black-p54,false,0,200,product,Men Colorblock Polo Neck Half Sleeve T-Shirt Black – TRIPR,"Product Description: Stylish men’s half sleeve polo t-shirt with bold striped pattern Made from soft cotton blend fabric for all-day comfort and breathability polo neck design with ribbed hem and cuffs for a neat finish Perfect for casual outings, streetwear style, and travel wear Durable stitching and good quality fab",https://triprindia.com/products/men-colorblock-polo-neck-half-sleeve-t-shirt-black-p54,,true,indexable,https://triprindia.com/products/men-colorblock-polo-neck-half-sleeve-t-shirt-black-p54,true,Men Colorblock Polo Neck Half Sleeve T-Shirt Black,1,1128,276,1181,41,11,1,1,4,2,6,high,false,17,5,46,ProductGroup|FAQPage,true,JudgeMe,meta_description_length|script_count_high|image_alt_duplicate_on_page|image_missing_dimensions
https://triprindia.com/products/men-smart-casual-double-pocket-full-sleeve-hooded-black-textured-shirt-sh93,https://triprindia.com/products/men-smart-casual-double-pocket-full-sleeve-hooded-black-textured-shirt-sh93,false,0,200,product,Men Smart Casual Double Pocket Full Sleeve Hooded Black Textured Shirt – TRIPR,"Product Description: Full Sleeve Style: Ideal for both casual and semi-formal wear Color Variety: Available in multiple vibrant and classic multicolor options Comfortable Fit: Designed with a relaxed silhouette for all-day comfort Quality Fabric: Made from durable, soft-touch material Easy Care: Fully machine washable",https://triprindia.com/products/men-smart-casual-double-pocket-full-sleeve-hooded-black-textured-shirt-sh93,,true,indexable,https://triprindia.com/products/men-smart-casual-double-pocket-full-sleeve-hooded-black-textured-shirt-sh93,true,Men Smart Casual Double Pocket Full Sleeve Hooded Black Textured Shirt,1,1127,279,1177,41,11,1,1,4,2,6,high,false,17,5,46,ProductGroup|FAQPage,true,JudgeMe,title_length|meta_description_length|script_count_high|image_alt_duplicate_on_page|image_missing_dimensions
https://triprindia.com/products/men-smart-casual-double-pocket-full-sleeve-hooded-maroon-textured-shirt-sh93,https://triprindia.com/products/men-smart-casual-double-pocket-full-sleeve-hooded-maroon-textured-shirt-sh93,false,0,200,product,Men Smart Casual Double Pocket Full Sleeve Hooded Maroon Textured Shir – TRIPR,"Product Description: Full Sleeve Style: Ideal for both casual and semi-formal wear Color Variety: Available in multiple vibrant and classic multicolor options Comfortable Fit: Designed with a relaxed silhouette for all-day comfort Quality Fabric: Made from durable, soft-touch material Easy Care: Fully machine washable",https://triprindia.com/products/men-smart-casual-double-pocket-full-sleeve-hooded-maroon-textured-shirt-sh93,,true,indexable,https://triprindia.com/products/men-smart-casual-double-pocket-full-sleeve-hooded-maroon-textured-shirt-sh93,true,Men Smart Casual Double Pocket Full Sleeve Hooded Maroon Textured Shirt,1,1129,279,1175,41,11,1,1,4,2,6,high,false,17,5,46,ProductGroup|FAQPage,true,JudgeMe,title_length|meta_description_length|script_count_high|image_alt_duplicate_on_page|image_missing_dimensions
https://triprindia.com/products/men-smart-casual-double-pocket-full-sleeve-hooded-olive-textured-shirt-sh93,https://triprindia.com/products/men-smart-casual-double-pocket-full-sleeve-hooded-olive-textured-shirt-sh93,false,0,200,product,Men Smart Casual Double Pocket Full Sleeve Hooded Olive Textured Shirt – TRIPR,"Product Description: Full Sleeve Style: Ideal for both casual and semi-formal wear Color Variety: Available in multiple vibrant and classic multicolor options Comfortable Fit: Designed with a relaxed silhouette for all-day comfort Quality Fabric: Made from durable, soft-touch material Easy Care: Fully machine washable",https://triprindia.com/products/men-smart-casual-double-pocket-full-sleeve-hooded-olive-textured-shirt-sh93,,true,indexable,https://triprindia.com/products/men-smart-casual-double-pocket-full-sleeve-hooded-olive-textured-shirt-sh93,true,Men Smart Casual Double Pocket Full Sleeve Hooded Olive Textured Shirt,1,1127,279,1177,41,11,1,1,4,2,6,high,false,17,5,46,ProductGroup|FAQPage,true,JudgeMe,title_length|meta_description_length|script_count_high|image_alt_duplicate_on_page|image_missing_dimensions
https://triprindia.com/products/mens-regular-fit-cotton-checked-shirt-blue-beige-sh103,https://triprindia.com/products/mens-regular-fit-cotton-checked-shirt-blue-beige-sh103,false,0,200,product,Mens Regular Fit Cotton Checked Shirt Blue & Beige – TRIPR,"Product Description: Stylish men’s casual shirt featuring a classic checked pattern for a timeless look Designed with a regular fit that offers comfort and a sharp appearance Made from soft, breathable fabric suitable for all-day wear Features a button-down front and full sleeves for versatile styling Perfect for casua",https://triprindia.com/products/mens-regular-fit-cotton-checked-shirt-blue-beige-sh103,,true,indexable,https://triprindia.com/products/mens-regular-fit-cotton-checked-shirt-blue-beige-sh103,true,Mens Regular Fit Cotton Checked Shirt Blue & Beige,1,1131,277,1170,41,11,1,1,4,2,6,high,false,17,5,46,ProductGroup|FAQPage,true,JudgeMe,meta_description_length|script_count_high|image_alt_duplicate_on_page|image_missing_dimensions
https://triprindia.com/products/mens-regular-fit-cotton-checked-shirt-white-black-sh105,https://triprindia.com/products/mens-regular-fit-cotton-checked-shirt-white-black-sh105,false,0,200,product,Mens Regular Fit Cotton Checked Shirt White & Black – TRIPR,"Product Description: Stylish men’s casual shirt featuring a classic checked pattern for a timeless look Designed with a regular fit that offers comfort and a sharp appearance Made from soft, breathable fabric suitable for all-day wear Features a button-down front and full sleeves for versatile styling Perfect for casua",https://triprindia.com/products/mens-regular-fit-cotton-checked-shirt-white-black-sh105,,true,indexable,https://triprindia.com/products/mens-regular-fit-cotton-checked-shirt-white-black-sh105,true,Mens Regular Fit Cotton Checked Shirt White & Black,1,1131,277,1170,41,11,1,1,4,2,6,high,false,17,5,46,ProductGroup|FAQPage,true,JudgeMe,meta_description_length|script_count_high|image_alt_duplicate_on_page|image_missing_dimensions
https://triprindia.com/products/mens-regular-fit-cotton-checked-shirt-darkgrey-beige-sh106,https://triprindia.com/products/mens-regular-fit-cotton-checked-shirt-darkgrey-beige-sh106,false,0,200,product,Mens Regular Fit Cotton Checked Shirt Darkgrey & Beige – TRIPR,"Product Description: Stylish men’s casual shirt featuring a classic checked pattern for a timeless look Designed with a regular fit that offers comfort and a sharp appearance Made from soft, breathable fabric suitable for all-day wear Features a button-down front and full sleeves for versatile styling Perfect for casua",https://triprindia.com/products/mens-regular-fit-cotton-checked-shirt-darkgrey-beige-sh106,,true,indexable,https://triprindia.com/products/mens-regular-fit-cotton-checked-shirt-darkgrey-beige-sh106,true,Mens Regular Fit Cotton Checked Shirt Darkgrey & Beige,1,1131,277,1171,41,11,1,1,4,2,6,high,false,17,5,46,ProductGroup|FAQPage,true,JudgeMe,meta_description_length|script_count_high|image_alt_duplicate_on_page|image_missing_dimensions
https://triprindia.com/products/mens-half-round-neck-printed-tshirt-black-d228,https://triprindia.com/products/mens-half-round-neck-printed-tshirt-black-d228,false,0,200,product,Mens Half Round Neck Printed Tshirt Black – TRIPR,"Product Description: Stylish men’s half sleeve T-shirts available in printed, plain, and color-blocked designs Designed with a classic round neck fit for everyday comfort and easy wear Made from soft, breathable fabric that feels light and comfortable all day Ideal for casual wear, office casual, travel, college, and d",https://triprindia.com/products/mens-half-round-neck-printed-tshirt-black-d228,,true,indexable,https://triprindia.com/products/mens-half-round-neck-printed-tshirt-black-d228,true,Mens Half Round Neck Printed Tshirt Black,1,1137,274,1170,41,11,1,1,4,2,6,high,false,17,6,46,ProductGroup|FAQPage,true,JudgeMe,meta_description_length|missing_image_alt|script_count_high|image_alt_duplicate_on_page|image_missing_dimensions
https://triprindia.com/products/men-half-sleeve-round-neck-t-shirt-black-d233,https://triprindia.com/products/men-half-sleeve-round-neck-t-shirt-black-d233,false,0,200,product,Men Half Sleeve Printed Tshirt Black – TRIPR,"Product Description: Stylish half sleeve round neck t-shirt for a trendy and versatile look. Features a unique printed design, adding a modern and fashionable touch. Made from soft and breathable fabric for all-day comfort. Perfect for casual wear, outings, or layering in any season. Available in sizes S, M, L, XL, and",https://triprindia.com/products/men-half-sleeve-round-neck-t-shirt-black-d233,,true,indexable,https://triprindia.com/products/men-half-sleeve-round-neck-t-shirt-black-d233,true,Men Half Sleeve Printed Tshirt Black,1,1124,271,1163,41,11,1,1,4,2,6,high,false,17,6,46,ProductGroup|FAQPage,true,JudgeMe,meta_description_length|missing_image_alt|script_count_high|image_alt_duplicate_on_page|image_missing_dimensions
https://triprindia.com/products/men-half-sleeve-round-neck-t-shirt-white-d233,https://triprindia.com/products/men-half-sleeve-round-neck-t-shirt-white-d233,false,0,200,product,Men Half Sleeve Printed Tshirt White – TRIPR,"Product Description: Stylish half sleeve round neck t-shirt for a trendy and versatile look. Features a unique printed design, adding a modern and fashionable touch. Made from soft and breathable fabric for all-day comfort. Perfect for casual wear, outings, or layering in any season. Available in sizes S, M, L, XL, and",https://triprindia.com/products/men-half-sleeve-round-neck-t-shirt-white-d233,,true,indexable,https://triprindia.com/products/men-half-sleeve-round-neck-t-shirt-white-d233,true,Men Half Sleeve Printed Tshirt White,1,1122,271,1165,41,11,1,1,4,2,6,high,false,17,6,46,ProductGroup|FAQPage,true,JudgeMe,meta_description_length|missing_image_alt|script_count_high|image_alt_duplicate_on_page|image_missing_dimensions
https://triprindia.com/products/men-half-sleeve-round-neck-t-shirt-black-d234,https://triprindia.com/products/men-half-sleeve-round-neck-t-shirt-black-d234,false,0,200,product,Men Half Sleeve Printed Tshirt Black – TRIPR,"Product Description: Stylish half sleeve round neck t-shirt for a trendy and versatile look. Features a unique printed design, adding a modern and fashionable touch. Made from soft and breathable fabric for all-day comfort. Perfect for casual wear, outings, or layering in any season. Available in sizes S, M, L, XL, and",https://triprindia.com/products/men-half-sleeve-round-neck-t-shirt-black-d234,,true,indexable,https://triprindia.com/products/men-half-sleeve-round-neck-t-shirt-black-d234,true,Men Half Sleeve Printed Tshirt Black,1,1124,271,1163,41,11,1,1,4,2,6,high,false,17,6,46,ProductGroup|FAQPage,true,JudgeMe,meta_description_length|missing_image_alt|script_count_high|image_alt_duplicate_on_page|image_missing_dimensions
https://triprindia.com/products/men-half-sleeve-round-neck-t-shirt-beige-d235,https://triprindia.com/products/men-half-sleeve-round-neck-t-shirt-beige-d235,false,0,200,product,Men Half Sleeve Printed Tshirt Beige – TRIPR,"Product Description: Stylish half sleeve round neck t-shirt for a trendy and versatile look. Features a unique printed design, adding a modern and fashionable touch. Made from soft and breathable fabric for all-day comfort. Perfect for casual wear, outings, or layering in any season. Available in sizes S, M, L, XL, and",https://triprindia.com/products/men-half-sleeve-round-neck-t-shirt-beige-d235,,true,indexable,https://triprindia.com/products/men-half-sleeve-round-neck-t-shirt-beige-d235,true,Men Half Sleeve Printed Tshirt Beige,1,1122,271,1165,41,11,1,1,4,2,6,high,false,17,6,46,ProductGroup|FAQPage,true,JudgeMe,meta_description_length|missing_image_alt|script_count_high|image_alt_duplicate_on_page|image_missing_dimensions
https://triprindia.com/products/men-half-sleeve-round-neck-t-shirt-black-d235,https://triprindia.com/products/men-half-sleeve-round-neck-t-shirt-black-d235,false,0,200,product,Men Half Sleeve Printed Tshirt Black – TRIPR,"Product Description: Stylish half sleeve round neck t-shirt for a trendy and versatile look. Features a unique printed design, adding a modern and fashionable touch. Made from soft and breathable fabric for all-day comfort. Perfect for casual wear, outings, or layering in any season. Available in sizes S, M, L, XL, and",https://triprindia.com/products/men-half-sleeve-round-neck-t-shirt-black-d235,,true,indexable,https://triprindia.com/products/men-half-sleeve-round-neck-t-shirt-black-d235,true,Men Half Sleeve Printed Tshirt Black,1,1122,271,1165,41,11,1,1,4,2,6,high,false,17,6,46,ProductGroup|FAQPage,true,JudgeMe,meta_description_length|missing_image_alt|script_count_high|image_alt_duplicate_on_page|image_missing_dimensions
https://triprindia.com/products/men-half-sleeve-round-neck-t-shirt-beige-d236,https://triprindia.com/products/men-half-sleeve-round-neck-t-shirt-beige-d236,false,0,200,product,Men Half Sleeve Printed Tshirt Beige – TRIPR,"Product Description: Stylish half sleeve round neck t-shirt for a trendy and versatile look. Features a unique printed design, adding a modern and fashionable touch. Made from soft and breathable fabric for all-day comfort. Perfect for casual wear, outings, or layering in any season. Available in sizes S, M, L, XL, and",https://triprindia.com/products/men-half-sleeve-round-neck-t-shirt-beige-d236,,true,indexable,https://triprindia.com/products/men-half-sleeve-round-neck-t-shirt-beige-d236,true,Men Half Sleeve Printed Tshirt Beige,1,1122,271,1165,41,11,1,1,4,2,6,high,false,17,6,46,ProductGroup|FAQPage,true,JudgeMe,meta_description_length|missing_image_alt|script_count_high|image_alt_duplicate_on_page|image_missing_dimensions
https://triprindia.com/products/men-half-sleeve-round-neck-t-shirt-black-d236,https://triprindia.com/products/men-half-sleeve-round-neck-t-shirt-black-d236,false,0,200,product,Men Half Sleeve Printed Tshirt Black – TRIPR,"Product Description: Stylish half sleeve round neck t-shirt for a trendy and versatile look. Features a unique printed design, adding a modern and fashionable touch. Made from soft and breathable fabric for all-day comfort. Perfect for casual wear, outings, or layering in any season. Available in sizes S, M, L, XL, and",https://triprindia.com/products/men-half-sleeve-round-neck-t-shirt-black-d236,,true,indexable,https://triprindia.com/products/men-half-sleeve-round-neck-t-shirt-black-d236,true,Men Half Sleeve Printed Tshirt Black,1,1122,277,1165,41,11,1,1,4,2,6,high,false,17,6,46,ProductGroup|FAQPage,true,JudgeMe,meta_description_length|missing_image_alt|script_count_high|image_alt_duplicate_on_page|image_missing_dimensions
https://triprindia.com/products/men-half-sleeve-round-neck-t-shirt-black-d237,https://triprindia.com/products/men-half-sleeve-round-neck-t-shirt-black-d237,false,0,200,product,Men Half Sleeve Printed Tshirt Black – TRIPR,"Product Description: Stylish half sleeve round neck t-shirt for a trendy and versatile look. Features a unique printed design, adding a modern and fashionable touch. Made from soft and breathable fabric for all-day comfort. Perfect for casual wear, outings, or layering in any season. Available in sizes S, M, L, XL, and",https://triprindia.com/products/men-half-sleeve-round-neck-t-shirt-black-d237,,true,indexable,https://triprindia.com/products/men-half-sleeve-round-neck-t-shirt-black-d237,true,Men Half Sleeve Printed Tshirt Black,1,1124,271,1163,41,11,1,1,4,2,6,high,false,17,6,46,ProductGroup|FAQPage,true,JudgeMe,meta_description_length|missing_image_alt|script_count_high|image_alt_duplicate_on_page|image_missing_dimensions
https://triprindia.com/products/men-half-sleeve-round-neck-t-shirt-white-d237,https://triprindia.com/products/men-half-sleeve-round-neck-t-shirt-white-d237,false,0,200,product,Men Half Sleeve Printed Tshirt White – TRIPR,"Product Description: Stylish half sleeve round neck t-shirt for a trendy and versatile look. Features a unique printed design, adding a modern and fashionable touch. Made from soft and breathable fabric for all-day comfort. Perfect for casual wear, outings, or layering in any season. Available in sizes S, M, L, XL, and",https://triprindia.com/products/men-half-sleeve-round-neck-t-shirt-white-d237,,true,indexable,https://triprindia.com/products/men-half-sleeve-round-neck-t-shirt-white-d237,true,Men Half Sleeve Printed Tshirt White,1,1124,271,1163,41,11,1,1,4,2,6,high,false,17,6,46,ProductGroup|FAQPage,true,JudgeMe,meta_description_length|missing_image_alt|script_count_high|image_alt_duplicate_on_page|image_missing_dimensions
https://triprindia.com/products/men-half-sleeve-round-neck-t-shirt-black-d238,https://triprindia.com/products/men-half-sleeve-round-neck-t-shirt-black-d238,false,0,200,product,Men Half Sleeve Typography Printed Tshirts – TRIPR,"Product Description: Stylish half sleeve round neck t-shirt for a trendy and versatile look. Features a unique printed design, adding a modern and fashionable touch. Made from soft and breathable fabric for all-day comfort. Perfect for casual wear, outings, or layering in any season. Available in sizes S, M, L, XL, and",https://triprindia.com/products/men-half-sleeve-round-neck-t-shirt-black-d238,,true,indexable,https://triprindia.com/products/men-half-sleeve-round-neck-t-shirt-black-d238,true,Men Half Sleeve Typography Printed Tshirts,1,1200,598,1394,41,11,1,1,4,2,21,high,false,20,4,46,ProductGroup|FAQPage,true,JudgeMe,meta_description_length|missing_image_alt|html_size_large|script_count_high|image_count_high|large_image_url_width|image_alt_duplicate_on_page|image_missing_dimensions
https://triprindia.com/products/men-over-sized-baggy-t-shirt-black-d239,https://triprindia.com/products/men-over-sized-baggy-t-shirt-black-d239,false,0,200,product,Men Spark Printed Oversized Tshirt Black – TRIPR,"Product Description: Trendy oversized men’s T-shirt with Spark printed design. Made from soft, breathable cotton fabric ensuring all-day comfort. Features a relaxed drop-shoulder fit for a stylish, streetwear-inspired look. Perfect for casual outings, weekend wear, or daily comfort style. Easily pairs with joggers, car",https://triprindia.com/products/men-over-sized-baggy-t-shirt-black-d239,,true,indexable,https://triprindia.com/products/men-over-sized-baggy-t-shirt-black-d239,true,Men Spark Printed Oversized Tshirt Black,1,1111,278,1182,41,11,1,1,4,2,6,high,false,17,6,46,ProductGroup|FAQPage,true,JudgeMe,meta_description_length|missing_image_alt|script_count_high|image_alt_duplicate_on_page|image_missing_dimensions
https://triprindia.com/products/men-over-sized-dual-color-baggy-t-shirt-d231-beige-dark-grey,https://triprindia.com/products/men-over-sized-dual-color-baggy-t-shirt-d231-beige-dark-grey,false,0,200,product,Men Printed Oversized Tshirt Beige – TRIPR,"Product Description: Stylish men’s loose fit T-shirt designed for a relaxed and modern streetwear look Features a unique all-over printed pattern for a bold and trendy appeal Crafted from soft, breathable fabric ensuring all-day comfort Offers a comfortable oversized silhouette for easy movement and laid-back style Per",https://triprindia.com/products/men-over-sized-dual-color-baggy-t-shirt-d231-beige-dark-grey,,true,indexable,https://triprindia.com/products/men-over-sized-dual-color-baggy-t-shirt-d231-beige-dark-grey,true,Men Printed Oversized Tshirt Beige,1,1128,281,1176,41,11,1,1,4,2,6,high,false,17,6,46,ProductGroup|FAQPage,true,JudgeMe,meta_description_length|missing_image_alt|script_count_high|image_alt_duplicate_on_page|image_missing_dimensions
https://triprindia.com/products/men-over-sized-dual-color-baggy-t-shirt-d231-black-white,https://triprindia.com/products/men-over-sized-dual-color-baggy-t-shirt-d231-black-white,false,0,200,product,Men Printed Oversized Tshirt Black – TRIPR,"Product Description: Stylish men’s loose fit T-shirt designed for a relaxed and modern streetwear look Features a unique all-over printed pattern for a bold and trendy appeal Crafted from soft, breathable fabric ensuring all-day comfort Offers a comfortable oversized silhouette for easy movement and laid-back style Per",https://triprindia.com/products/men-over-sized-dual-color-baggy-t-shirt-d231-black-white,,true,indexable,https://triprindia.com/products/men-over-sized-dual-color-baggy-t-shirt-d231-black-white,true,Men Printed Oversized Tshirt Black,1,1128,281,1176,41,11,1,1,4,2,6,high,false,17,6,46,ProductGroup|FAQPage,true,JudgeMe,meta_description_length|missing_image_alt|script_count_high|image_alt_duplicate_on_page|image_missing_dimensions
https://triprindia.com/products/high-neck-half-sleeve-quarter-zip-plain-t-shirt-d229-beige,https://triprindia.com/products/high-neck-half-sleeve-quarter-zip-plain-t-shirt-d229-beige,false,0,200,product,High Neck Quarter Zip Half Sleeve Tshirt Beige – TRIPR,"Product Description: men’s logo printed T-shirts crafted for a sharp and modern appeal Available in half sleeve and full sleeve options for versatile styling Designed with a minimal front logo for a clean and classy finish Made from high-quality, soft-touch fabric that offers superior comfort Ideal for casual wear, out",https://triprindia.com/products/high-neck-half-sleeve-quarter-zip-plain-t-shirt-d229-beige,,true,indexable,https://triprindia.com/products/high-neck-half-sleeve-quarter-zip-plain-t-shirt-d229-beige,true,High Neck Quarter Zip Half Sleeve Tshirt Beige,1,1145,281,1183,41,11,1,1,4,2,6,high,false,17,6,46,ProductGroup|FAQPage,true,JudgeMe,meta_description_length|missing_image_alt|script_count_high|image_alt_duplicate_on_page|image_missing_dimensions
https://triprindia.com/products/high-neck-half-sleeve-quarter-zip-plain-t-shirt-d229-black,https://triprindia.com/products/high-neck-half-sleeve-quarter-zip-plain-t-shirt-d229-black,false,0,200,product,High Neck Quarter Zip Half Sleeve Tshirt Black – TRIPR,"Product Description: men’s logo printed T-shirts crafted for a sharp and modern appeal Available in half sleeve and full sleeve options for versatile styling Designed with a minimal front logo for a clean and classy finish Made from high-quality, soft-touch fabric that offers superior comfort Ideal for casual wear, out",https://triprindia.com/products/high-neck-half-sleeve-quarter-zip-plain-t-shirt-d229-black,,true,indexable,https://triprindia.com/products/high-neck-half-sleeve-quarter-zip-plain-t-shirt-d229-black,true,High Neck Quarter Zip Half Sleeve Tshirt Black,1,1147,281,1181,41,11,1,1,4,2,6,high,false,17,6,46,ProductGroup|FAQPage,true,JudgeMe,meta_description_length|missing_image_alt|script_count_high|image_alt_duplicate_on_page|image_missing_dimensions
https://triprindia.com/products/high-neck-half-sleeve-quarter-zip-plain-t-shirt-d229-maroon,https://triprindia.com/products/high-neck-half-sleeve-quarter-zip-plain-t-shirt-d229-maroon,false,0,200,product,High Neck Quarter Zip Half Sleeve Tshirt Maroon – TRIPR,"Product Description: men’s logo printed T-shirts crafted for a sharp and modern appeal Available in half sleeve and full sleeve options for versatile styling Designed with a minimal front logo for a clean and classy finish Made from high-quality, soft-touch fabric that offers superior comfort Ideal for casual wear, out",https://triprindia.com/products/high-neck-half-sleeve-quarter-zip-plain-t-shirt-d229-maroon,,true,indexable,https://triprindia.com/products/high-neck-half-sleeve-quarter-zip-plain-t-shirt-d229-maroon,true,High Neck Quarter Zip Half Sleeve Tshirt Maroon,1,1147,281,1181,41,11,1,1,4,2,6,high,false,17,6,46,ProductGroup|FAQPage,true,JudgeMe,meta_description_length|missing_image_alt|script_count_high|image_alt_duplicate_on_page|image_missing_dimensions
https://triprindia.com/products/high-neck-half-sleeve-quarter-zip-plain-t-shirt-d229-olive-green,https://triprindia.com/products/high-neck-half-sleeve-quarter-zip-plain-t-shirt-d229-olive-green,false,0,200,product,High Neck Quarter Zip Half Sleeve Tshirt Olivegreen – TRIPR,"Product Description: men’s logo printed T-shirts crafted for a sharp and modern appeal Available in half sleeve and full sleeve options for versatile styling Designed with a minimal front logo for a clean and classy finish Made from high-quality, soft-touch fabric that offers superior comfort Ideal for casual wear, out",https://triprindia.com/products/high-neck-half-sleeve-quarter-zip-plain-t-shirt-d229-olive-green,,true,indexable,https://triprindia.com/products/high-neck-half-sleeve-quarter-zip-plain-t-shirt-d229-olive-green,true,High Neck Quarter Zip Half Sleeve Tshirt Olivegreen,1,1145,282,1183,41,11,1,1,4,2,6,high,false,17,6,46,ProductGroup|FAQPage,true,JudgeMe,meta_description_length|missing_image_alt|script_count_high|image_alt_duplicate_on_page|image_missing_dimensions
https://triprindia.com/products/high-neck-full-sleeve-quarter-zip-logo-prited-t-shirt-d229-black,https://triprindia.com/products/high-neck-full-sleeve-quarter-zip-logo-prited-t-shirt-d229-black,false,0,200,product,Men High Neck Quarter Zip Full Sleeve Tshirt Black – TRIPR,"Product Description: men’s logo printed T-shirts crafted for a sharp and modern appeal Available in half sleeve and full sleeve options for versatile styling Designed with a minimal front logo for a clean and classy finish Made from high-quality, soft-touch fabric that offers superior comfort Ideal for casual wear, out",https://triprindia.com/products/high-neck-full-sleeve-quarter-zip-logo-prited-t-shirt-d229-black,,true,indexable,https://triprindia.com/products/high-neck-full-sleeve-quarter-zip-logo-prited-t-shirt-d229-black,true,Men High Neck Quarter Zip Full Sleeve Tshirt Black,1,1149,282,1181,41,11,1,1,4,2,6,high,false,17,6,46,ProductGroup|FAQPage,true,JudgeMe,meta_description_length|missing_image_alt|script_count_high|image_alt_duplicate_on_page|image_missing_dimensions
https://triprindia.com/products/high-neck-full-sleeve-quarter-zip-logo-prited-t-shirt-d229-maroon,https://triprindia.com/products/high-neck-full-sleeve-quarter-zip-logo-prited-t-shirt-d229-maroon,false,0,200,product,Men High Neck Quarter Zip Full Sleeve Tshirt Maroon – TRIPR,"Product Description: men’s logo printed T-shirts crafted for a sharp and modern appeal Available in half sleeve and full sleeve options for versatile styling Designed with a minimal front logo for a clean and classy finish Made from high-quality, soft-touch fabric that offers superior comfort Ideal for casual wear, out",https://triprindia.com/products/high-neck-full-sleeve-quarter-zip-logo-prited-t-shirt-d229-maroon,,true,indexable,https://triprindia.com/products/high-neck-full-sleeve-quarter-zip-logo-prited-t-shirt-d229-maroon,true,Men High Neck Quarter Zip Full Sleeve Tshirt Maroon,1,1149,282,1181,41,11,1,1,4,2,6,high,false,17,6,46,ProductGroup|FAQPage,true,JudgeMe,meta_description_length|missing_image_alt|script_count_high|image_alt_duplicate_on_page|image_missing_dimensions
https://triprindia.com/products/high-neck-full-sleeve-quarter-zip-logo-prited-t-shirt-d229-olive-green,https://triprindia.com/products/high-neck-full-sleeve-quarter-zip-logo-prited-t-shirt-d229-olive-green,false,0,200,product,Men High Neck Quarter Zip Full Sleeve Tshirt Olive green – TRIPR,"Product Description: men’s logo printed T-shirts crafted for a sharp and modern appeal Available in half sleeve and full sleeve options for versatile styling Designed with a minimal front logo for a clean and classy finish Made from high-quality, soft-touch fabric that offers superior comfort Ideal for casual wear, out",https://triprindia.com/products/high-neck-full-sleeve-quarter-zip-logo-prited-t-shirt-d229-olive-green,,true,indexable,https://triprindia.com/products/high-neck-full-sleeve-quarter-zip-logo-prited-t-shirt-d229-olive-green,true,Men High Neck Quarter Zip Full Sleeve Tshirt Olive green,1,1151,283,1181,41,11,1,1,4,2,6,high,false,17,6,46,ProductGroup|FAQPage,true,JudgeMe,meta_description_length|missing_image_alt|script_count_high|image_alt_duplicate_on_page|image_missing_dimensions
https://triprindia.com/products/mandarin-collar-half-sleeve-quarter-zip-t-shirt-d230-beige,https://triprindia.com/products/mandarin-collar-half-sleeve-quarter-zip-t-shirt-d230-beige,false,0,200,product,Mandarin Collar Quarter Zip Half Sleeve Tshirt Beige – TRIPR,"Product Description: Elegant men’s Mandarin collar T-shirts with subtle logo detailing for a standout look Available in both half sleeve and full sleeve styles for year-round wear Crafted from smooth, breathable fabric that feels gentle on the skin Designed to deliver a premium finish with a modern silhouette Perfect f",https://triprindia.com/products/mandarin-collar-half-sleeve-quarter-zip-t-shirt-d230-beige,,true,indexable,https://triprindia.com/products/mandarin-collar-half-sleeve-quarter-zip-t-shirt-d230-beige,true,Mandarin Collar Quarter Zip Half Sleeve Tshirt Beige,1,1146,277,1175,41,11,1,1,4,2,6,high,false,17,6,46,ProductGroup|FAQPage,true,JudgeMe,meta_description_length|missing_image_alt|script_count_high|image_alt_duplicate_on_page|image_missing_dimensions
https://triprindia.com/products/mandarin-collar-half-sleeve-quarter-zip-t-shirt-d230-black,https://triprindia.com/products/mandarin-collar-half-sleeve-quarter-zip-t-shirt-d230-black,false,0,200,product,Mandarin Collar Quarter Zip Half Sleeve Tshirt Black – TRIPR,"Product Description: Elegant men’s Mandarin collar T-shirts with subtle logo detailing for a standout look Available in both half sleeve and full sleeve styles for year-round wear Crafted from smooth, breathable fabric that feels gentle on the skin Designed to deliver a premium finish with a modern silhouette Perfect f",https://triprindia.com/products/mandarin-collar-half-sleeve-quarter-zip-t-shirt-d230-black,,true,indexable,https://triprindia.com/products/mandarin-collar-half-sleeve-quarter-zip-t-shirt-d230-black,true,Mandarin Collar Quarter Zip Half Sleeve Tshirt Black,1,1148,277,1173,41,11,1,1,4,2,6,high,false,17,6,46,ProductGroup|FAQPage,true,JudgeMe,meta_description_length|missing_image_alt|script_count_high|image_alt_duplicate_on_page|image_missing_dimensions
https://triprindia.com/products/mandarin-collar-half-sleeve-quarter-zip-t-shirt-d230-maroon,https://triprindia.com/products/mandarin-collar-half-sleeve-quarter-zip-t-shirt-d230-maroon,false,0,200,product,Mandarin Collar Quarter Zip Half Sleeve Tshirt Maroon – TRIPR,"Product Description: Elegant men’s Mandarin collar T-shirts with subtle logo detailing for a standout look Available in both half sleeve and full sleeve styles for year-round wear Crafted from smooth, breathable fabric that feels gentle on the skin Designed to deliver a premium finish with a modern silhouette Perfect f",https://triprindia.com/products/mandarin-collar-half-sleeve-quarter-zip-t-shirt-d230-maroon,,true,indexable,https://triprindia.com/products/mandarin-collar-half-sleeve-quarter-zip-t-shirt-d230-maroon,true,Mandarin Collar Quarter Zip Half Sleeve Tshirt Maroon,1,1148,277,1173,41,11,1,1,4,2,6,high,false,17,6,46,ProductGroup|FAQPage,true,JudgeMe,meta_description_length|missing_image_alt|script_count_high|image_alt_duplicate_on_page|image_missing_dimensions
https://triprindia.com/products/mandarin-collar-half-sleeve-quarter-zip-t-shirt-d230-olive-green,https://triprindia.com/products/mandarin-collar-half-sleeve-quarter-zip-t-shirt-d230-olive-green,false,0,200,product,Mandarin Collar Quarter Zip Half Sleeve Tshirt Olivegreen – TRIPR,"Product Description: Elegant men’s Mandarin collar T-shirts with subtle logo detailing for a standout look Available in both half sleeve and full sleeve styles for year-round wear Crafted from smooth, breathable fabric that feels gentle on the skin Designed to deliver a premium finish with a modern silhouette Perfect f",https://triprindia.com/products/mandarin-collar-half-sleeve-quarter-zip-t-shirt-d230-olive-green,,true,indexable,https://triprindia.com/products/mandarin-collar-half-sleeve-quarter-zip-t-shirt-d230-olive-green,true,Mandarin Collar Quarter Zip Half Sleeve Tshirt Olivegreen,1,1148,277,1173,41,11,1,1,4,2,6,high,false,17,6,46,ProductGroup|FAQPage,true,JudgeMe,meta_description_length|missing_image_alt|script_count_high|image_alt_duplicate_on_page|image_missing_dimensions
https://triprindia.com/products/mandarin-collar-full-sleeve-quarter-zip-t-shirt-d230-beige,https://triprindia.com/products/mandarin-collar-full-sleeve-quarter-zip-t-shirt-d230-beige,false,0,200,product,Mandarin Collar Quarter Zip Full Sleeve Tshirt Beige – TRIPR,"Product Description: Elegant men’s Mandarin collar T-shirts with subtle logo detailing for a standout look Available in both half sleeve and full sleeve styles for year-round wear Crafted from smooth, breathable fabric that feels gentle on the skin Designed to deliver a premium finish with a modern silhouette Perfect f",https://triprindia.com/products/mandarin-collar-full-sleeve-quarter-zip-t-shirt-d230-beige,,true,indexable,https://triprindia.com/products/mandarin-collar-full-sleeve-quarter-zip-t-shirt-d230-beige,true,Mandarin Collar Quarter Zip Full Sleeve Tshirt Beige,1,1146,277,1175,41,11,1,1,4,2,6,high,false,17,6,46,ProductGroup|FAQPage,true,JudgeMe,meta_description_length|missing_image_alt|script_count_high|image_alt_duplicate_on_page|image_missing_dimensions
https://triprindia.com/products/mandarin-collar-full-sleeve-quarter-zip-t-shirt-d230-black,https://triprindia.com/products/mandarin-collar-full-sleeve-quarter-zip-t-shirt-d230-black,false,0,200,product,Mandarin Collar Quarter Zip Full Sleeve Tshirt Black – TRIPR,"Product Description: Elegant men’s Mandarin collar T-shirts with subtle logo detailing for a standout look Available in both half sleeve and full sleeve styles for year-round wear Crafted from smooth, breathable fabric that feels gentle on the skin Designed to deliver a premium finish with a modern silhouette Perfect f",https://triprindia.com/products/mandarin-collar-full-sleeve-quarter-zip-t-shirt-d230-black,,true,indexable,https://triprindia.com/products/mandarin-collar-full-sleeve-quarter-zip-t-shirt-d230-black,true,Mandarin Collar Quarter Zip Full Sleeve Tshirt Black,1,1148,277,1173,41,11,1,1,4,2,6,high,false,17,6,46,ProductGroup|FAQPage,true,JudgeMe,meta_description_length|missing_image_alt|script_count_high|image_alt_duplicate_on_page|image_missing_dimensions
https://triprindia.com/products/mandarin-collar-full-sleeve-quarter-zip-t-shirt-d230-maroon,https://triprindia.com/products/mandarin-collar-full-sleeve-quarter-zip-t-shirt-d230-maroon,false,0,200,product,Mandarin Collar Quarter Zip Full Sleeve Tshirt Maroon – TRIPR,"Product Description: Elegant men’s Mandarin collar T-shirts with subtle logo detailing for a standout look Available in both half sleeve and full sleeve styles for year-round wear Crafted from smooth, breathable fabric that feels gentle on the skin Designed to deliver a premium finish with a modern silhouette Perfect f",https://triprindia.com/products/mandarin-collar-full-sleeve-quarter-zip-t-shirt-d230-maroon,,true,indexable,https://triprindia.com/products/mandarin-collar-full-sleeve-quarter-zip-t-shirt-d230-maroon,true,Mandarin Collar Quarter Zip Full Sleeve Tshirt Maroon,1,1148,277,1173,41,11,1,1,4,2,6,high,false,17,6,46,ProductGroup|FAQPage,true,JudgeMe,meta_description_length|missing_image_alt|script_count_high|image_alt_duplicate_on_page|image_missing_dimensions
https://triprindia.com/products/mandarin-collar-full-sleeve-quarter-zip-t-shirt-d230-olive-green,https://triprindia.com/products/mandarin-collar-full-sleeve-quarter-zip-t-shirt-d230-olive-green,false,0,200,product,Mandarin Collar Quarter Zip Full Sleeve Tshirt Olivegreen – TRIPR,"Product Description: Elegant men’s Mandarin collar T-shirts with subtle logo detailing for a standout look Available in both half sleeve and full sleeve styles for year-round wear Crafted from smooth, breathable fabric that feels gentle on the skin Designed to deliver a premium finish with a modern silhouette Perfect f",https://triprindia.com/products/mandarin-collar-full-sleeve-quarter-zip-t-shirt-d230-olive-green,,true,indexable,https://triprindia.com/products/mandarin-collar-full-sleeve-quarter-zip-t-shirt-d230-olive-green,true,Mandarin Collar Quarter Zip Full Sleeve Tshirt Olivegreen,1,1148,278,1173,41,11,1,1,4,2,6,high,false,17,6,46,ProductGroup|FAQPage,true,JudgeMe,meta_description_length|missing_image_alt|script_count_high|image_alt_duplicate_on_page|image_missing_dimensions
https://triprindia.com/products/quarter-zip-dual-color-half-sleeve-high-neck-t-shirt-d189-beige-black,https://triprindia.com/products/quarter-zip-dual-color-half-sleeve-high-neck-t-shirt-d189-beige-black,false,0,200,product,Dual Color High Neck Printed Tshirt Beige & White – TRIPR,"Product Description: Stylish men’s high-neck T-shirt featuring a modern Printed  design for a premium look Unique half-zip neckline adds a smart and contemporary touch Crafted from soft, breathable fabric for all-day comfort and easy wear Tailored regular fit that complements everyday styling Ideal for casual outings,",https://triprindia.com/products/quarter-zip-dual-color-half-sleeve-high-neck-t-shirt-d189-beige-black,,true,indexable,https://triprindia.com/products/quarter-zip-dual-color-half-sleeve-high-neck-t-shirt-d189-beige-black,true,Dual Color High Neck Printed Tshirt Beige & White,1,1135,276,1172,41,11,1,1,4,2,6,high,false,17,6,46,ProductGroup|FAQPage,true,JudgeMe,meta_description_length|missing_image_alt|script_count_high|image_alt_duplicate_on_page|image_missing_dimensions
https://triprindia.com/products/quarter-zip-dual-color-half-sleeve-high-neck-t-shirt-d189-black-white,https://triprindia.com/products/quarter-zip-dual-color-half-sleeve-high-neck-t-shirt-d189-black-white,false,0,200,product,Dual Color High Neck Printed Tshirt Black & White – TRIPR,"Product Description: Stylish men’s high-neck T-shirt featuring a modern Printed  design for a premium look Unique half-zip neckline adds a smart and contemporary touch Crafted from soft, breathable fabric for all-day comfort and easy wear Tailored regular fit that complements everyday styling Ideal for casual outings,",https://triprindia.com/products/quarter-zip-dual-color-half-sleeve-high-neck-t-shirt-d189-black-white,,true,indexable,https://triprindia.com/products/quarter-zip-dual-color-half-sleeve-high-neck-t-shirt-d189-black-white,true,Dual Color High Neck Printed Tshirt Black & White,1,1135,276,1172,41,11,1,1,4,2,6,high,false,17,6,46,ProductGroup|FAQPage,true,JudgeMe,meta_description_length|missing_image_alt|script_count_high|image_alt_duplicate_on_page|image_missing_dimensions
https://triprindia.com/products/quarter-zip-dual-color-half-sleeve-high-neck-t-shirt-d189-grey-black,https://triprindia.com/products/quarter-zip-dual-color-half-sleeve-high-neck-t-shirt-d189-grey-black,false,0,200,product,Dual Color High Neck Printed Tshirt Grey & Black – TRIPR,"Product Description: Stylish men’s high-neck T-shirt featuring a modern Printed  design for a premium look Unique half-zip neckline adds a smart and contemporary touch Crafted from soft, breathable fabric for all-day comfort and easy wear Tailored regular fit that complements everyday styling Ideal for casual outings,",https://triprindia.com/products/quarter-zip-dual-color-half-sleeve-high-neck-t-shirt-d189-grey-black,,true,indexable,https://triprindia.com/products/quarter-zip-dual-color-half-sleeve-high-neck-t-shirt-d189-grey-black,true,Dual Color High Neck Printed Tshirt Grey & Black,1,1137,276,1170,41,11,1,1,4,2,6,high,false,17,6,46,ProductGroup|FAQPage,true,JudgeMe,meta_description_length|missing_image_alt|script_count_high|image_alt_duplicate_on_page|image_missing_dimensions
https://triprindia.com/products/quarter-zip-dual-color-half-sleeve-high-neck-t-shirt-d189-white-black,https://triprindia.com/products/quarter-zip-dual-color-half-sleeve-high-neck-t-shirt-d189-white-black,false,0,200,product,Dual Color High Neck Printed Tshirt White & Balck – TRIPR,"Product Description: Stylish men’s high-neck T-shirt featuring a modern Printed  design for a premium look Unique half-zip neckline adds a smart and contemporary touch Crafted from soft, breathable fabric for all-day comfort and easy wear Tailored regular fit that complements everyday styling Ideal for casual outings,",https://triprindia.com/products/quarter-zip-dual-color-half-sleeve-high-neck-t-shirt-d189-white-black,,true,indexable,https://triprindia.com/products/quarter-zip-dual-color-half-sleeve-high-neck-t-shirt-d189-white-black,true,Dual Color High Neck Printed Tshirt White & Balck,1,1135,276,1172,41,11,1,1,4,2,6,high,false,17,6,46,ProductGroup|FAQPage,true,JudgeMe,meta_description_length|missing_image_alt|script_count_high|image_alt_duplicate_on_page|image_missing_dimensions
https://triprindia.com/products/men-beige-track-pant-bottom-with-cuffed-j84,https://triprindia.com/products/men-beige-track-pant-bottom-with-cuffed-j84,false,0,200,product,Men's Ankle Deisgn Printed Beige Jogger Track Pant – TRIPR,"Product Description: Stylish men’s track pants available in printed, solid, and color-blocked patterns Designed with cuffed bottom hems for a modern and sporty finish Made from soft, breathable fabric that ensures all-day comfort Features an elastic waistband with adjustable drawstring for a secure fit Perfect for casu",https://triprindia.com/products/men-beige-track-pant-bottom-with-cuffed-j84,,true,indexable,https://triprindia.com/products/men-beige-track-pant-bottom-with-cuffed-j84,true,Men's Ankle Deisgn Printed Beige Jogger Track Pant,1,1127,275,1182,41,11,1,1,4,2,6,high,false,17,6,46,ProductGroup|FAQPage,true,JudgeMe,meta_description_length|missing_image_alt|script_count_high|image_alt_duplicate_on_page|image_missing_dimensions
https://triprindia.com/products/men-grey-track-pant-bottom-with-cuffed-j84,https://triprindia.com/products/men-grey-track-pant-bottom-with-cuffed-j84,false,0,200,product,Men's Ankle Deisgn Printed Grey Jogger Track Pant – TRIPR,"Product Description: Stylish men’s track pants available in printed, solid, and color-blocked patterns Designed with cuffed bottom hems for a modern and sporty finish Made from soft, breathable fabric that ensures all-day comfort Features an elastic waistband with adjustable drawstring for a secure fit Perfect for casu",https://triprindia.com/products/men-grey-track-pant-bottom-with-cuffed-j84,,true,indexable,https://triprindia.com/products/men-grey-track-pant-bottom-with-cuffed-j84,true,Men's Ankle Deisgn Printed Grey Jogger Track Pant,1,1125,275,1184,41,11,1,1,4,2,6,high,false,17,6,46,ProductGroup|FAQPage,true,JudgeMe,meta_description_length|missing_image_alt|script_count_high|image_alt_duplicate_on_page|image_missing_dimensions
https://triprindia.com/products/men-black-track-pant-bottom-with-cuffed-j84,https://triprindia.com/products/men-black-track-pant-bottom-with-cuffed-j84,false,0,200,product,Men's Ankle Deisgn Printed Black Jogger Track Pant – TRIPR,"Product Description: Stylish men’s track pants available in printed, solid, and color-blocked patterns Designed with cuffed bottom hems for a modern and sporty finish Made from soft, breathable fabric that ensures all-day comfort Features an elastic waistband with adjustable drawstring for a secure fit Perfect for casu",https://triprindia.com/products/men-black-track-pant-bottom-with-cuffed-j84,,true,indexable,https://triprindia.com/products/men-black-track-pant-bottom-with-cuffed-j84,true,Men's Ankle Deisgn Printed Black Jogger Track Pant,1,1125,276,1184,41,11,1,1,4,2,6,high,false,17,6,46,ProductGroup|FAQPage,true,JudgeMe,meta_description_length|missing_image_alt|script_count_high|image_alt_duplicate_on_page|image_missing_dimensions
https://triprindia.com/products/men-dual-color-cotton-blend-track-pant-j85-black-grey,https://triprindia.com/products/men-dual-color-cotton-blend-track-pant-j85-black-grey,false,0,200,product,Men Colorblocked Casual Jogger Trackpant Black – TRIPR,"Product Description: Stylish men’s track pants available in printed, solid, and color-blocked patterns Designed with cuffed bottom hems for a modern and sporty finish Made from soft, breathable fabric that ensures all-day comfort Features an elastic waistband with adjustable drawstring for a secure fit Perfect for casu",https://triprindia.com/products/men-dual-color-cotton-blend-track-pant-j85-black-grey,,true,indexable,https://triprindia.com/products/men-dual-color-cotton-blend-track-pant-j85-black-grey,true,Men Colorblocked Casual Jogger Trackpant Black,1,1121,276,1184,41,11,1,1,4,2,6,high,false,17,6,46,ProductGroup|FAQPage,true,JudgeMe,meta_description_length|missing_image_alt|script_count_high|image_alt_duplicate_on_page|image_missing_dimensions
https://triprindia.com/products/men-dual-color-cotton-blend-track-pant-j85-grey-black,https://triprindia.com/products/men-dual-color-cotton-blend-track-pant-j85-grey-black,false,0,200,product,Men Colorblocked Casual Jogger Trackpant Grey – TRIPR,"Product Description: Stylish men’s track pants available in printed, solid, and color-blocked patterns Designed with cuffed bottom hems for a modern and sporty finish Made from soft, breathable fabric that ensures all-day comfort Features an elastic waistband with adjustable drawstring for a secure fit Perfect for casu",https://triprindia.com/products/men-dual-color-cotton-blend-track-pant-j85-grey-black,,true,indexable,https://triprindia.com/products/men-dual-color-cotton-blend-track-pant-j85-grey-black,true,Men Colorblocked Casual Jogger Trackpant Grey,1,1123,276,1182,41,11,1,1,4,2,6,high,false,17,6,46,ProductGroup|FAQPage,true,JudgeMe,meta_description_length|missing_image_alt|script_count_high|image_alt_duplicate_on_page|image_missing_dimensions
https://triprindia.com/products/men-anime-print-track-pant-j86-black,https://triprindia.com/products/men-anime-print-track-pant-j86-black,false,0,200,product,Men Anime Printed Casual Trackpant Black – TRIPR,"Product Description: Stylish men’s track pants available in printed, solid, and color-blocked patterns Designed with cuffed bottom hems for a modern and sporty finish Made from soft, breathable fabric that ensures all-day comfort Features an elastic waistband with adjustable drawstring for a secure fit Perfect for casu",https://triprindia.com/products/men-anime-print-track-pant-j86-black,,true,indexable,https://triprindia.com/products/men-anime-print-track-pant-j86-black,true,Men Anime Printed Casual Trackpant Black,1,1121,275,1184,41,11,1,1,4,2,6,high,false,17,6,46,ProductGroup|FAQPage,true,JudgeMe,meta_description_length|missing_image_alt|script_count_high|image_alt_duplicate_on_page|image_missing_dimensions
https://triprindia.com/products/pack-of-3-mens-printed-short-6-variants,https://triprindia.com/products/pack-of-3-mens-printed-short-6-variants,false,0,200,product,(Pack Of 3) Men Printed Multicolor Shorts Combo - 8 Variants – TRIPR,"Product Description: Trendy men’s combo shorts designed for comfortable summer wear Made from lightweight and breathable fabric to keep you cool all day Stylish printed patterns that add a modern and sporty look Adjustable elastic waistband with drawstring for a secure fit Perfect for casual outings, beach wear, travel",https://triprindia.com/products/pack-of-3-mens-printed-short-6-variants,,true,indexable,https://triprindia.com/products/pack-of-3-mens-printed-short-6-variants,true,(Pack Of 3) Men Printed Multicolor Shorts Combo - 8 Variants,1,1151,402,1252,41,11,1,1,4,2,7,high,false,20,4,46,ProductGroup|FAQPage,true,JudgeMe,title_length|meta_description_length|script_count_high|large_image_url_width|image_alt_duplicate_on_page|image_missing_dimensions
https://triprindia.com/products/pack-of-two-quarter-zip-polo-printed-half-sleeve-tshirts,https://triprindia.com/products/pack-of-two-quarter-zip-polo-printed-half-sleeve-tshirts,false,0,200,product,(Pack Of 2) Quarter Zip Polo Neck Printed Tshirts – TRIPR,"Product Description: Stylish men’s Half sleeve polo t-shirt with bold Vertical Striped and printed Made from soft cotton blend fabric for all-day comfort and breathability polo neck design with ribbed hem and cuffs for a neat finish Perfect for casual outings, streetwear style, and travel wear Durable stitching and goo",https://triprindia.com/products/pack-of-two-quarter-zip-polo-printed-half-sleeve-tshirts,,true,indexable,https://triprindia.com/products/pack-of-two-quarter-zip-polo-printed-half-sleeve-tshirts,true,(Pack Of 2) Quarter Zip Polo Neck Printed Tshirts,1,1193,406,1307,41,11,1,1,4,2,9,high,false,20,4,48,ProductGroup|FAQPage,true,JudgeMe,meta_description_length|script_count_high|large_image_url_width|image_alt_duplicate_on_page|image_missing_dimensions
https://triprindia.com/products/mens-casual-co-ord-tracksuit-set-with-zip-neck-t-shirt,https://triprindia.com/products/mens-casual-co-ord-tracksuit-set-with-zip-neck-t-shirt,false,0,200,product,Mens Casual Co-Ord Tracksuit Set with Zip Neck T-Shirt- 11 Variants – TRIPR,"Product Description: Stylish men’s tracksuit set featuring a zip-neck T-shirt and matching jogger pants. Made from soft, breathable fabric ensuring all-day comfort and flexibility. Solid color design offers a clean, modern, and versatile look. Elastic waistband with adjustable drawstring for a secure and perfect fit. I",https://triprindia.com/products/mens-casual-co-ord-tracksuit-set-with-zip-neck-t-shirt,,true,indexable,https://triprindia.com/products/mens-casual-co-ord-tracksuit-set-with-zip-neck-t-shirt,true,Mens Casual Co-Ord Tracksuit Set with Zip Neck T-Shirt- 11 Variants,1,1161,469,1285,41,11,1,1,4,2,12,high,false,20,4,46,ProductGroup|FAQPage,true,JudgeMe,title_length|meta_description_length|missing_image_alt|script_count_high|large_image_url_width|image_alt_duplicate_on_page|image_missing_dimensions
https://triprindia.com/products/pack-of-2-men-printed-regular-fit-shorts,https://triprindia.com/products/pack-of-2-men-printed-regular-fit-shorts,false,0,200,product,Men (Pack Of 2) Same Printed Design Regular Fit Shorts- 26 Variants – TRIPR,"Product Description: Made from smooth and breathable fabric for all-day comfort. Features a stylish printed and Printed Design for a trendy look. Available in multiple vibrant colors to match your style. Designed for casual wear, gym, sports, or lounging. Elastic waistband with an adjustable drawstring for a secure and",https://triprindia.com/products/pack-of-2-men-printed-regular-fit-shorts,,true,indexable,https://triprindia.com/products/pack-of-2-men-printed-regular-fit-shorts,true,Men (Pack Of 2) Same Printed Design Regular Fit Shorts- 26 Variants,1,1167,767,1478,41,11,1,1,4,2,26,high,false,20,4,46,ProductGroup|FAQPage,true,JudgeMe,title_length|meta_description_length|html_size_large|script_count_high|image_count_high|large_image_url_width|image_alt_duplicate_on_page|image_missing_dimensions
https://triprindia.com/products/men-back-printed-loose-fit-baggy-tshirt-beige-d208,https://triprindia.com/products/men-back-printed-loose-fit-baggy-tshirt-beige-d208,false,0,200,product,Men Back Printed Loose Fit Baggy Tshirt Beige – TRIPR,"Product Description: Fashion-forward round neck oversized T-shirt designed for a relaxed, street-style silhouette Eye-catching back print design that adds a bold and modern statement to everyday wear Crafted from soft, breathable fabric for lasting comfort throughout the day Perfect for casual outings, travel, college",https://triprindia.com/products/men-back-printed-loose-fit-baggy-tshirt-beige-d208,,true,indexable,https://triprindia.com/products/men-back-printed-loose-fit-baggy-tshirt-beige-d208,true,Men Back Printed Loose Fit Baggy Tshirt Beige,1,1139,283,1188,41,11,1,1,4,2,6,high,false,17,6,46,ProductGroup|FAQPage,true,JudgeMe,meta_description_length|missing_image_alt|script_count_high|image_alt_duplicate_on_page|image_missing_dimensions
https://triprindia.com/products/men-back-printed-loose-fit-baggy-tshirt-grey-d208,https://triprindia.com/products/men-back-printed-loose-fit-baggy-tshirt-grey-d208,false,0,200,product,Men Back Printed Loose Fit Baggy Tshirt Grey – TRIPR,"Product Description: Fashion-forward round neck oversized T-shirt designed for a relaxed, street-style silhouette Eye-catching back print design that adds a bold and modern statement to everyday wear Crafted from soft, breathable fabric for lasting comfort throughout the day Perfect for casual outings, travel, college",https://triprindia.com/products/men-back-printed-loose-fit-baggy-tshirt-grey-d208,,true,indexable,https://triprindia.com/products/men-back-printed-loose-fit-baggy-tshirt-grey-d208,true,Men Back Printed Loose Fit Baggy Tshirt Grey,1,1137,283,1190,41,11,1,1,4,2,6,high,false,17,6,46,ProductGroup|FAQPage,true,JudgeMe,meta_description_length|missing_image_alt|script_count_high|image_alt_duplicate_on_page|image_missing_dimensions
https://triprindia.com/products/men-back-printed-loose-fit-baggy-tshirt-olivegreen-d208,https://triprindia.com/products/men-back-printed-loose-fit-baggy-tshirt-olivegreen-d208,false,0,200,product,Men Back Printed Loose Fit Baggy Tshirt Olivegreen – TRIPR,"Product Description: Fashion-forward round neck oversized T-shirt designed for a relaxed, street-style silhouette Eye-catching back print design that adds a bold and modern statement to everyday wear Crafted from soft, breathable fabric for lasting comfort throughout the day Perfect for casual outings, travel, college",https://triprindia.com/products/men-back-printed-loose-fit-baggy-tshirt-olivegreen-d208,,true,indexable,https://triprindia.com/products/men-back-printed-loose-fit-baggy-tshirt-olivegreen-d208,true,Men Back Printed Loose Fit Baggy Tshirt Olivegreen,1,1137,284,1190,41,11,1,1,4,2,6,high,false,17,6,46,ProductGroup|FAQPage,true,JudgeMe,meta_description_length|missing_image_alt|script_count_high|image_alt_duplicate_on_page|image_missing_dimensions
https://triprindia.com/products/contrast-back-printed-oversized-tshirt-beige-z142,https://triprindia.com/products/contrast-back-printed-oversized-tshirt-beige-z142,false,0,200,product,Men Back Printed Oversized Tshirt Black – TRIPR,"Product Description: Fashion-forward round neck oversized T-shirt designed for a relaxed, street-style silhouette Eye-catching back print design that adds a bold and modern statement to everyday wear Crafted from soft, breathable fabric for lasting comfort throughout the day Perfect for casual outings, travel, college",https://triprindia.com/products/contrast-back-printed-oversized-tshirt-beige-z142,,true,indexable,https://triprindia.com/products/contrast-back-printed-oversized-tshirt-beige-z142,true,Men Back Printed Oversized Tshirt Black,1,1133,283,1190,41,11,1,1,4,2,6,high,false,17,6,46,ProductGroup|FAQPage,true,JudgeMe,meta_description_length|missing_image_alt|script_count_high|image_alt_duplicate_on_page|image_missing_dimensions
https://triprindia.com/products/men-back-printed-oversized-tshirt-beige,https://triprindia.com/products/men-back-printed-oversized-tshirt-beige,false,0,200,product,Men Back Printed Oversized Tshirt Beige – TRIPR,"Product Description: Trendy oversized men’s T-shirt with bold printed design. Made from soft, breathable cotton fabric ensuring all-day comfort. Features a relaxed drop-shoulder fit for a stylish, streetwear-inspired look. Perfect for casual outings, weekend wear, or daily comfort style. Easily pairs with joggers, carg",https://triprindia.com/products/men-back-printed-oversized-tshirt-beige,,true,indexable,https://triprindia.com/products/men-back-printed-oversized-tshirt-beige,true,Men Back Printed Oversized Tshirt Beige,1,1111,278,1180,41,11,1,1,4,2,6,high,false,17,6,46,ProductGroup|FAQPage,true,JudgeMe,meta_description_length|missing_image_alt|script_count_high|image_alt_duplicate_on_page|image_missing_dimensions
https://triprindia.com/products/men-back-printed-oversized-tshirt-black-d210,https://triprindia.com/products/men-back-printed-oversized-tshirt-black-d210,false,0,200,product,Men Back Printed Oversized Tshirt Black – TRIPR,"Product Description: Trendy oversized men’s T-shirt with bold printed design. Made from soft, breathable cotton fabric ensuring all-day comfort. Features a relaxed drop-shoulder fit for a stylish, streetwear-inspired look. Perfect for casual outings, weekend wear, or daily comfort style. Easily pairs with joggers, carg",https://triprindia.com/products/men-back-printed-oversized-tshirt-black-d210,,true,indexable,https://triprindia.com/products/men-back-printed-oversized-tshirt-black-d210,true,Men Back Printed Oversized Tshirt Black,1,1111,278,1180,41,11,1,1,4,2,6,high,false,17,6,46,ProductGroup|FAQPage,true,JudgeMe,meta_description_length|missing_image_alt|script_count_high|image_alt_duplicate_on_page|image_missing_dimensions
https://triprindia.com/products/men-back-printed-oversized-tshirt-grey-d210,https://triprindia.com/products/men-back-printed-oversized-tshirt-grey-d210,false,0,200,product,Men Back Printed Oversized Tshirt Grey – TRIPR,"Product Description: Trendy oversized men’s T-shirt with bold printed design. Made from soft, breathable cotton fabric ensuring all-day comfort. Features a relaxed drop-shoulder fit for a stylish, streetwear-inspired look. Perfect for casual outings, weekend wear, or daily comfort style. Easily pairs with joggers, carg",https://triprindia.com/products/men-back-printed-oversized-tshirt-grey-d210,,true,indexable,https://triprindia.com/products/men-back-printed-oversized-tshirt-grey-d210,true,Men Back Printed Oversized Tshirt Grey,1,1111,278,1180,41,11,1,1,4,2,6,high,false,17,6,46,ProductGroup|FAQPage,true,JudgeMe,meta_description_length|missing_image_alt|script_count_high|image_alt_duplicate_on_page|image_missing_dimensions
https://triprindia.com/products/men-back-printed-oversized-tshirt-maroon-d210,https://triprindia.com/products/men-back-printed-oversized-tshirt-maroon-d210,false,0,200,product,Men Back Printed Oversized Tshirt Maroon – TRIPR,"Product Description: Trendy oversized men’s T-shirt with bold printed design. Made from soft, breathable cotton fabric ensuring all-day comfort. Features a relaxed drop-shoulder fit for a stylish, streetwear-inspired look. Perfect for casual outings, weekend wear, or daily comfort style. Easily pairs with joggers, carg",https://triprindia.com/products/men-back-printed-oversized-tshirt-maroon-d210,,true,indexable,https://triprindia.com/products/men-back-printed-oversized-tshirt-maroon-d210,true,Men Back Printed Oversized Tshirt Maroon,1,1111,278,1180,41,11,1,1,4,2,6,high,false,17,6,46,ProductGroup|FAQPage,true,JudgeMe,meta_description_length|missing_image_alt|script_count_high|image_alt_duplicate_on_page|image_missing_dimensions
https://triprindia.com/products/men-back-printed-oversized-tshirt-olivegreen,https://triprindia.com/products/men-back-printed-oversized-tshirt-olivegreen,false,0,200,product,Men Back Printed Oversized Tshirt Olivegreen – TRIPR,"Product Description: Trendy oversized men’s T-shirt with bold printed design. Made from soft, breathable cotton fabric ensuring all-day comfort. Features a relaxed drop-shoulder fit for a stylish, streetwear-inspired look. Perfect for casual outings, weekend wear, or daily comfort style. Easily pairs with joggers, carg",https://triprindia.com/products/men-back-printed-oversized-tshirt-olivegreen,,true,indexable,https://triprindia.com/products/men-back-printed-oversized-tshirt-olivegreen,true,Men Back Printed Oversized Tshirt Olivegreen,1,1111,279,1180,41,11,1,1,4,2,6,high,false,17,6,46,ProductGroup|FAQPage,true,JudgeMe,meta_description_length|missing_image_alt|script_count_high|image_alt_duplicate_on_page|image_missing_dimensions
https://triprindia.com/products/japanese-dragon-printed-oversized-darkgrey-t-shirt-d214,https://triprindia.com/products/japanese-dragon-printed-oversized-darkgrey-t-shirt-d214,false,0,200,product,Japanese Dragon Printed Oversized Darkgrey T-shirt – TRIPR,"Product Description: Trendy oversized men’s T-shirt with bold printed design. Made from soft, breathable cotton fabric ensuring all-day comfort. Features a relaxed drop-shoulder fit for a stylish, streetwear-inspired look. Perfect for casual outings, weekend wear, or daily comfort style. Easily pairs with joggers, carg",https://triprindia.com/products/japanese-dragon-printed-oversized-darkgrey-t-shirt-d214,,true,indexable,https://triprindia.com/products/japanese-dragon-printed-oversized-darkgrey-t-shirt-d214,true,Japanese Dragon Printed Oversized Darkgrey T-shirt,1,1111,280,1180,41,11,1,1,4,2,6,high,false,17,6,46,ProductGroup|FAQPage,true,JudgeMe,meta_description_length|missing_image_alt|script_count_high|image_alt_duplicate_on_page|image_missing_dimensions
https://triprindia.com/products/japanese-dragon-printed-oversized-maroon-tshirt-d214,https://triprindia.com/products/japanese-dragon-printed-oversized-maroon-tshirt-d214,false,0,200,product,Japanese Dragon Printed Oversized Maroon Tshirt – TRIPR,"Product Description: Trendy oversized men’s T-shirt with bold printed design. Made from soft, breathable cotton fabric ensuring all-day comfort. Features a relaxed drop-shoulder fit for a stylish, streetwear-inspired look. Perfect for casual outings, weekend wear, or daily comfort style. Easily pairs with joggers, carg",https://triprindia.com/products/japanese-dragon-printed-oversized-maroon-tshirt-d214,,true,indexable,https://triprindia.com/products/japanese-dragon-printed-oversized-maroon-tshirt-d214,true,Japanese Dragon Printed Oversized Maroon Tshirt,1,1111,279,1180,41,11,1,1,4,2,6,high,false,17,6,46,ProductGroup|FAQPage,true,JudgeMe,meta_description_length|missing_image_alt|script_count_high|image_alt_duplicate_on_page|image_missing_dimensions
https://triprindia.com/products/japanese-dragon-printed-oversized-navyblue-tshirt-d214,https://triprindia.com/products/japanese-dragon-printed-oversized-navyblue-tshirt-d214,false,0,200,product,Japanese Dragon Printed Oversized Navyblue Tshirt – TRIPR,"Product Description: Trendy oversized men’s T-shirt with bold printed design. Made from soft, breathable cotton fabric ensuring all-day comfort. Features a relaxed drop-shoulder fit for a stylish, streetwear-inspired look. Perfect for casual outings, weekend wear, or daily comfort style. Easily pairs with joggers, carg",https://triprindia.com/products/japanese-dragon-printed-oversized-navyblue-tshirt-d214,,true,indexable,https://triprindia.com/products/japanese-dragon-printed-oversized-navyblue-tshirt-d214,true,Japanese Dragon Printed Oversized Navyblue Tshirt,1,1111,279,1180,41,11,1,1,4,2,6,high,false,17,6,46,ProductGroup|FAQPage,true,JudgeMe,meta_description_length|missing_image_alt|script_count_high|image_alt_duplicate_on_page|image_missing_dimensions
https://triprindia.com/products/japanese-dragon-printed-oversized-olivegreen-tshirt-d214,https://triprindia.com/products/japanese-dragon-printed-oversized-olivegreen-tshirt-d214,false,0,200,product,Japanese Dragon Printed Oversized Olivegreen Tshirt – TRIPR,"Product Description: Trendy oversized men’s T-shirt with bold printed design. Made from soft, breathable cotton fabric ensuring all-day comfort. Features a relaxed drop-shoulder fit for a stylish, streetwear-inspired look. Perfect for casual outings, weekend wear, or daily comfort style. Easily pairs with joggers, carg",https://triprindia.com/products/japanese-dragon-printed-oversized-olivegreen-tshirt-d214,,true,indexable,https://triprindia.com/products/japanese-dragon-printed-oversized-olivegreen-tshirt-d214,true,Japanese Dragon Printed Oversized Olivegreen Tshirt,1,1111,280,1180,41,11,1,1,4,2,6,high,false,17,6,46,ProductGroup|FAQPage,true,JudgeMe,meta_description_length|missing_image_alt|script_count_high|image_alt_duplicate_on_page|image_missing_dimensions
https://triprindia.com/products/anime-graphic-back-printed-oversized-tshirt-beige-d211,https://triprindia.com/products/anime-graphic-back-printed-oversized-tshirt-beige-d211,false,0,200,product,Anime Graphic Back Printed Oversized Tshirt Beige – TRIPR,"Product Description: Trendy oversized men’s T-shirt with bold printed design. Made from soft, breathable cotton fabric ensuring all-day comfort. Features a relaxed drop-shoulder fit for a stylish, streetwear-inspired look. Perfect for casual outings, weekend wear, or daily comfort style. Easily pairs with joggers, carg",https://triprindia.com/products/anime-graphic-back-printed-oversized-tshirt-beige-d211,,true,indexable,https://triprindia.com/products/anime-graphic-back-printed-oversized-tshirt-beige-d211,true,Anime Graphic Back Printed Oversized Tshirt Beige,1,1115,279,1178,41,11,1,1,4,2,6,high,false,17,6,46,ProductGroup|FAQPage,true,JudgeMe,meta_description_length|missing_image_alt|script_count_high|image_alt_duplicate_on_page|image_missing_dimensions
https://triprindia.com/products/anime-graphic-back-printed-oversized-tshirt-white,https://triprindia.com/products/anime-graphic-back-printed-oversized-tshirt-white,false,0,200,product,Anime Graphic Design Back Printed Oversized Tshirts – TRIPR,"Product Description: Trendy oversized men’s T-shirt with bold printed design. Made from soft, breathable cotton fabric ensuring all-day comfort. Features a relaxed drop-shoulder fit for a stylish, streetwear-inspired look. Perfect for casual outings, weekend wear, or daily comfort style. Easily pairs with joggers, carg",https://triprindia.com/products/anime-graphic-back-printed-oversized-tshirt-white,,true,indexable,https://triprindia.com/products/anime-graphic-back-printed-oversized-tshirt-white,true,Anime Graphic Design Back Printed Oversized Tshirts,1,1144,793,1458,41,11,1,1,4,2,25,high,false,20,4,47,ProductGroup|FAQPage,true,JudgeMe,meta_description_length|missing_image_alt|html_size_large|script_count_high|image_count_high|large_image_url_width|image_alt_too_long|image_alt_duplicate_on_page|image_missing_dimensions
https://triprindia.com/products/pack-of-two-mandain-collar-golden-zip-neck-combo-tshirts,https://triprindia.com/products/pack-of-two-mandain-collar-golden-zip-neck-combo-tshirts,false,0,200,product,Men Pack of 2 Mandarin Collar Golden Zip Neck Combo Tshirts – TRIPR,"Product Description: men’s logo printed T-shirts crafted for a sharp and modern appeal Available in half sleeve and full sleeve options for versatile styling Designed with a minimal front logo for a clean and classy finish Made from high-quality, soft-touch fabric that offers superior comfort Ideal for casual wear, out",https://triprindia.com/products/pack-of-two-mandain-collar-golden-zip-neck-combo-tshirts,,true,indexable,https://triprindia.com/products/pack-of-two-mandain-collar-golden-zip-neck-combo-tshirts,true,Men Pack of 2 Mandarin Collar Golden Zip Neck Combo Tshirts,1,1209,401,1257,41,11,1,1,4,2,9,high,false,20,4,46,ProductGroup|FAQPage,true,JudgeMe,title_length|meta_description_length|missing_image_alt|script_count_high|large_image_url_width|image_alt_duplicate_on_page|image_missing_dimensions
https://triprindia.com/products/high-neck-mandarin-zip-full-sleeve-t-shirts-with-track-pants-multicolor-tracksuit,https://triprindia.com/products/high-neck-mandarin-zip-full-sleeve-t-shirts-with-track-pants-multicolor-tracksuit,false,0,200,product,Mens Casual Tracksuit Set with Zip Neck T-Shirts – TRIPR,"Product Description: Stylish men’s tracksuit set featuring a zip-neck T-shirt and matching jogger pants. Made from soft, breathable fabric ensuring all-day comfort and flexibility. Solid color design offers a clean, modern, and versatile look. Elastic waistband with adjustable drawstring for a secure and perfect fit. I",https://triprindia.com/products/high-neck-mandarin-zip-full-sleeve-t-shirts-with-track-pants-multicolor-tracksuit,,true,indexable,https://triprindia.com/products/high-neck-mandarin-zip-full-sleeve-t-shirts-with-track-pants-multicolor-tracksuit,true,Mens Casual Tracksuit Set with Zip Neck T-Shirts,1,1162,486,1296,41,11,1,1,4,2,13,high,false,20,4,46,ProductGroup|FAQPage,true,JudgeMe,meta_description_length|missing_image_alt|script_count_high|large_image_url_width|image_alt_duplicate_on_page|image_missing_dimensions
https://triprindia.com/products/graphic-printed-oversize-t-shirts-and-track-pants-tracksuit-for-men,https://triprindia.com/products/graphic-printed-oversize-t-shirts-and-track-pants-tracksuit-for-men,false,0,200,product,Oversized Back Printed Tshirts Plain Matching Trackpants Outfit Sets – TRIPR,"Product Description: Trendy men’s oversized tracksuit featuring a stylish printed T-shirt Paired with comfortable jogger pants designed for a clean, sporty look Made from soft, breathable fabric for all-day comfort and ease of movement Perfect for casual wear, travel, gym sessions, and weekend outings Modern fit with a",https://triprindia.com/products/graphic-printed-oversize-t-shirts-and-track-pants-tracksuit-for-men,,true,indexable,https://triprindia.com/products/graphic-printed-oversize-t-shirts-and-track-pants-tracksuit-for-men,true,Oversized Back Printed Tshirts Plain Matching Trackpants Outfit Sets,1,1138,619,1375,41,11,1,1,4,2,20,high,false,20,4,46,ProductGroup|FAQPage,true,JudgeMe,title_length|meta_description_length|html_size_large|script_count_high|image_count_high|large_image_url_width|image_alt_duplicate_on_page
https://triprindia.com/products/graphics-printed-oversize-t-shirts-and-track-pants-tracksuit,https://triprindia.com/products/graphics-printed-oversize-t-shirts-and-track-pants-tracksuit,false,0,200,product,Men Tracksuit Oversized Back Printed Tshirts Plain Trackpants – TRIPR,"Product Description: Trendy men’s oversized tracksuit featuring a stylish printed T-shirt Paired with comfortable jogger pants designed for a clean, sporty look Made from soft, breathable fabric for all-day comfort and ease of movement Perfect for casual wear, travel, gym sessions, and weekend outings Modern fit with a",https://triprindia.com/products/graphics-printed-oversize-t-shirts-and-track-pants-tracksuit,,true,indexable,https://triprindia.com/products/graphics-printed-oversize-t-shirts-and-track-pants-tracksuit,true,Men Tracksuit Oversized Back Printed Tshirts Plain Trackpants,1,1130,517,1310,41,11,1,1,4,2,15,high,false,20,4,46,ProductGroup|FAQPage,true,JudgeMe,title_length|meta_description_length|html_size_large|script_count_high|large_image_url_width|image_alt_duplicate_on_page
https://triprindia.com/products/mens-all-over-print-4-pockets-cargo-jogger-black-cargo36,https://triprindia.com/products/mens-all-over-print-4-pockets-cargo-jogger-black-cargo36,false,0,200,product,Mens All Over Print 4 Pockets Cargo Jogger Black – TRIPR,Product Description: Trendy Ankle-Fit with Cuffed Bottoms – Modern fit with ribbed cuffs for a sharp and stylish finish. All-Over Printed Design – Bold black base with striking prints for a standout streetwear vibe. Available in Cargo ; Jogger Styles – Choose your vibe: structured cargo jogger fit. Multiple Utility Poc,https://triprindia.com/products/mens-all-over-print-4-pockets-cargo-jogger-black-cargo36,,true,indexable,https://triprindia.com/products/mens-all-over-print-4-pockets-cargo-jogger-black-cargo36,true,Mens All Over Print 4 Pockets Cargo Jogger Black,1,1146,273,1170,41,11,1,1,4,2,6,high,false,17,6,46,ProductGroup|FAQPage,true,JudgeMe,meta_description_length|missing_image_alt|script_count_high|image_alt_duplicate_on_page|image_missing_dimensions
https://triprindia.com/products/mens-all-over-print-4-pockets-cargo-jogger-black-cargo37,https://triprindia.com/products/mens-all-over-print-4-pockets-cargo-jogger-black-cargo37,false,0,200,product,Mens All Over Print 4 Pockets Cargo Jogger Black – TRIPR,Product Description: Trendy Ankle-Fit with Cuffed Bottoms – Modern fit with ribbed cuffs for a sharp and stylish finish. All-Over Printed Design – Bold black base with striking prints for a standout streetwear vibe. Available in Cargo ; Jogger Styles – Choose your vibe: structured cargo jogger fit. Multiple Utility Poc,https://triprindia.com/products/mens-all-over-print-4-pockets-cargo-jogger-black-cargo37,,true,indexable,https://triprindia.com/products/mens-all-over-print-4-pockets-cargo-jogger-black-cargo37,true,Mens All Over Print 4 Pockets Cargo Jogger Black,1,1148,273,1168,41,11,1,1,4,2,6,high,false,17,6,46,ProductGroup|FAQPage,true,JudgeMe,meta_description_length|missing_image_alt|script_count_high|image_alt_duplicate_on_page|image_missing_dimensions
https://triprindia.com/products/mens-anime-printed-4-pockets-cargo-jogger-black-cargo41,https://triprindia.com/products/mens-anime-printed-4-pockets-cargo-jogger-black-cargo41,false,0,200,product,Mens Anime Printed 4 Pockets Cargo Jogger Black – TRIPR,"Product Description: Trendy men’s cargo pants available in printed, solid, and color-blocked designs Stylish cuffed bottom hems for a modern streetwear finish Crafted from durable yet breathable fabric for lasting comfort Functional multiple cargo pockets for utility and convenience Designed with an elastic waistband a",https://triprindia.com/products/mens-anime-printed-4-pockets-cargo-jogger-black-cargo41,,true,indexable,https://triprindia.com/products/mens-anime-printed-4-pockets-cargo-jogger-black-cargo41,true,Mens Anime Printed 4 Pockets Cargo Jogger Black,1,1155,277,1197,41,11,1,1,4,2,6,high,false,17,6,46,ProductGroup|FAQPage,true,JudgeMe,meta_description_length|missing_image_alt|script_count_high|image_alt_duplicate_on_page|image_missing_dimensions
https://triprindia.com/products/mens-oversized-graphic-print-t-shirt-black-z143,https://triprindia.com/products/mens-oversized-graphic-print-t-shirt-black-z143,false,0,200,product,Mens Oversized Graphic Back Printed T-Shirt Black – TRIPR,"Product Description: Fashion-forward round neck oversized T-shirt designed for a relaxed, street-style silhouette Eye-catching back print design that adds a bold and modern statement to everyday wear Crafted from soft, breathable fabric for lasting comfort throughout the day Perfect for casual outings, travel, college",https://triprindia.com/products/mens-oversized-graphic-print-t-shirt-black-z143,,true,indexable,https://triprindia.com/products/mens-oversized-graphic-print-t-shirt-black-z143,true,Mens Oversized Graphic Back Printed T-Shirt Black,1,1135,283,1190,41,11,1,1,4,2,6,high,false,17,6,46,ProductGroup|FAQPage,true,JudgeMe,meta_description_length|missing_image_alt|script_count_high|image_alt_duplicate_on_page|image_missing_dimensions
https://triprindia.com/products/men-pack-of-2-all-over-printed-design-regular-fit-shorts,https://triprindia.com/products/men-pack-of-2-all-over-printed-design-regular-fit-shorts,false,0,200,product,Men (Pack Of 2) All Over Printed Design Regular Fit Shorts – TRIPR,"Product Description: Made from smooth and breathable fabric for all-day comfort. Features a stylish printed and Printed Design for a trendy look. Available in multiple vibrant colors to match your style. Designed for casual wear, gym, sports, or lounging. Elastic waistband with an adjustable drawstring for a secure and",https://triprindia.com/products/men-pack-of-2-all-over-printed-design-regular-fit-shorts,,true,indexable,https://triprindia.com/products/men-pack-of-2-all-over-printed-design-regular-fit-shorts,true,Men (Pack Of 2) All Over Printed Design Regular Fit Shorts,1,1157,605,1386,41,11,1,1,4,2,19,high,false,20,4,46,ProductGroup|FAQPage,true,JudgeMe,title_length|meta_description_length|html_size_large|script_count_high|image_count_high|large_image_url_width|image_alt_duplicate_on_page|image_missing_dimensions
https://triprindia.com/products/men-half-sleeve-graphic-parinted-t-shirts,https://triprindia.com/products/men-half-sleeve-graphic-parinted-t-shirts,false,0,200,product,Mens (Pack Of 3) Half Sleeve Printed Tshirts – TRIPR,"Product Description: Upgrade your wardrobe with this combo pack of stylish half sleeve printed t-shirts. Each t-shirt features unique and eye-catching patterns, perfect for everyday wear. Crafted from soft, breathable fabric that ensures comfort all day long. Ideal for streetwear fashion, casual outings, or relaxed wee",https://triprindia.com/products/men-half-sleeve-graphic-parinted-t-shirts,,true,indexable,https://triprindia.com/products/men-half-sleeve-graphic-parinted-t-shirts,true,Mens (Pack Of 3) Half Sleeve Printed Tshirts,1,1162,493,1327,41,11,1,1,4,2,14,high,false,20,4,46,ProductGroup|FAQPage,true,JudgeMe,meta_description_length|missing_image_alt|script_count_high|large_image_url_width|image_alt_duplicate_on_page|image_missing_dimensions
https://triprindia.com/products/men-half-sleeve-design-printed-tshirt-black,https://triprindia.com/products/men-half-sleeve-design-printed-tshirt-black,false,0,200,product,Men Half Sleeve Design Printed Tshirt Black – TRIPR,"Product Description: Stylish half sleeve round neck t-shirt for a trendy and versatile look. Features a unique printed design, adding a modern and fashionable touch. Made from soft and breathable fabric for all-day comfort. Perfect for casual wear, outings, or layering in any season. Available in sizes S, M, L, XL, and",https://triprindia.com/products/men-half-sleeve-design-printed-tshirt-black,,true,indexable,https://triprindia.com/products/men-half-sleeve-design-printed-tshirt-black,true,Men Half Sleeve Design Printed Tshirt Black,1,1122,271,1165,41,11,1,1,4,2,6,high,false,17,6,46,ProductGroup|FAQPage,true,JudgeMe,meta_description_length|missing_image_alt|script_count_high|image_alt_duplicate_on_page|image_missing_dimensions
https://triprindia.com/products/men-half-sleeve-design-printed-tshirt-black-d240,https://triprindia.com/products/men-half-sleeve-design-printed-tshirt-black-d240,false,0,200,product,Men Half Sleeve Design Printed Tshirt Black – TRIPR,"Product Description: Stylish half sleeve round neck t-shirt for a trendy and versatile look. Features a unique printed design, adding a modern and fashionable touch. Made from soft and breathable fabric for all-day comfort. Perfect for casual wear, outings, or layering in any season. Available in sizes S, M, L, XL, and",https://triprindia.com/products/men-half-sleeve-design-printed-tshirt-black-d240,,true,indexable,https://triprindia.com/products/men-half-sleeve-design-printed-tshirt-black-d240,true,Men Half Sleeve Design Printed Tshirt Black,1,1122,272,1165,41,11,1,1,4,2,6,high,false,17,6,46,ProductGroup|FAQPage,true,JudgeMe,meta_description_length|missing_image_alt|script_count_high|image_alt_duplicate_on_page|image_missing_dimensions
https://triprindia.com/products/mens-all-over-print-4-pockets-black-cargo-jogger,https://triprindia.com/products/mens-all-over-print-4-pockets-black-cargo-jogger,false,0,200,product,Mens All Over Print Multi Pockets Black Cargo Jogger – TRIPR,Product Description: Trendy Ankle-Fit with Cuffed Bottoms – Modern fit with ribbed cuffs for a sharp and stylish finish. All-Over Printed Design – Bold black base with striking prints for a standout streetwear vibe. Available in Cargo ; Jogger Styles – Choose your vibe: structured cargo jogger fit. Multiple Utility Poc,https://triprindia.com/products/mens-all-over-print-4-pockets-black-cargo-jogger,,true,indexable,https://triprindia.com/products/mens-all-over-print-4-pockets-black-cargo-jogger,true,Mens All Over Print Multi Pockets Black Cargo Jogger,1,1146,272,1170,41,11,1,1,4,2,6,high,false,17,6,46,ProductGroup|FAQPage,true,JudgeMe,meta_description_length|missing_image_alt|script_count_high|image_alt_duplicate_on_page|image_missing_dimensions
https://triprindia.com/products/mens-all-over-print-multi-pockets-black-cargo-39-jogger,https://triprindia.com/products/mens-all-over-print-multi-pockets-black-cargo-39-jogger,false,0,200,product,Mens All Over Print Multi Pockets Black Cargo Jogger – TRIPR,Product Description: Trendy Ankle-Fit with Cuffed Bottoms – Modern fit with ribbed cuffs for a sharp and stylish finish. All-Over Printed Design – Bold black base with striking prints for a standout streetwear vibe. Available in Cargo ; Jogger Styles – Choose your vibe: structured cargo jogger fit. Multiple Utility Poc,https://triprindia.com/products/mens-all-over-print-multi-pockets-black-cargo-39-jogger,,true,indexable,https://triprindia.com/products/mens-all-over-print-multi-pockets-black-cargo-39-jogger,true,Mens All Over Print Multi Pockets Black Cargo Jogger,1,1146,273,1170,41,11,1,1,4,2,6,high,false,17,6,46,ProductGroup|FAQPage,true,JudgeMe,meta_description_length|missing_image_alt|script_count_high|image_alt_duplicate_on_page|image_missing_dimensions
https://triprindia.com/products/mens-all-over-print-multi-pockets-black-brown-cargo-40-jogger,https://triprindia.com/products/mens-all-over-print-multi-pockets-black-brown-cargo-40-jogger,false,0,200,product,Mens All Over Print Multi Pockets Black & Brown Cargo Jogger – TRIPR,Product Description: Trendy Ankle-Fit with Cuffed Bottoms – Modern fit with ribbed cuffs for a sharp and stylish finish. All-Over Printed Design – Bold black base with striking prints for a standout streetwear vibe. Available in Cargo ; Jogger Styles – Choose your vibe: structured cargo jogger fit. Multiple Utility Poc,https://triprindia.com/products/mens-all-over-print-multi-pockets-black-brown-cargo-40-jogger,,true,indexable,https://triprindia.com/products/mens-all-over-print-multi-pockets-black-brown-cargo-40-jogger,true,Mens All Over Print Multi Pockets Black & Brown Cargo Jogger,1,1150,274,1170,41,11,1,1,4,2,6,high,false,17,6,46,ProductGroup|FAQPage,true,JudgeMe,title_length|meta_description_length|missing_image_alt|script_count_high|image_alt_duplicate_on_page|image_missing_dimensions
https://triprindia.com/products/mens-solied-cotton-blend-shorts-multicolor-s46,https://triprindia.com/products/mens-solied-cotton-blend-shorts-multicolor-s46,false,0,200,product,Mens Plain Cotton Blend Shorts – TRIPR,"Product Description: Made from smooth and breathable fabric for all-day comfort. Features a stylish solid Design for a trendy look. Available in multiple vibrant colors to match your style. Designed for casual wear, gym, sports, or lounging. Elastic waistband with an adjustable drawstring for a secure and comfortable f",https://triprindia.com/products/mens-solied-cotton-blend-shorts-multicolor-s46,,true,indexable,https://triprindia.com/products/mens-solied-cotton-blend-shorts-multicolor-s46,true,Mens Plain Cotton Blend Shorts,1,1140,456,1351,41,11,1,1,4,2,21,high,false,20,4,46,ProductGroup|FAQPage,true,JudgeMe,meta_description_length|script_count_high|image_count_high|large_image_url_width|image_alt_duplicate_on_page|image_missing_dimensions
https://triprindia.com/products/half-sleeve-typography-printed-t-shirts-for-men,https://triprindia.com/products/half-sleeve-typography-printed-t-shirts-for-men,false,0,200,product,(Pack Of 2) Half Sleeve Typography Printed T-shirts – TRIPR,"Product Description: Trendy half sleeve t-shirt with a unique printed design for a stylish look. Available in black, beige, and white to match your personality. Crafted from soft and breathable fabric for all-day comfort. Perfect for casual outings, weekend wear, or everyday styling. Available in sizes S, M, L, XL, and",https://triprindia.com/products/half-sleeve-typography-printed-t-shirts-for-men,,true,indexable,https://triprindia.com/products/half-sleeve-typography-printed-t-shirts-for-men,true,(Pack Of 2) Half Sleeve Typography Printed T-shirts,1,1158,621,1410,41,11,1,1,4,2,21,high,false,20,4,46,ProductGroup|FAQPage,true,JudgeMe,meta_description_length|missing_image_alt|html_size_large|script_count_high|image_count_high|large_image_url_width|image_alt_duplicate_on_page|image_missing_dimensions
https://triprindia.com/products/half-sleeve-pack-of-3-typography-printed-t-shirts-for-men,https://triprindia.com/products/half-sleeve-pack-of-3-typography-printed-t-shirts-for-men,false,0,200,product,(Pack Of 3) Mens Half Sleeve Typography Printed T-shirts – TRIPR,"Product Description: Trendy half sleeve t-shirt with a unique printed design for a stylish look. Available in black, beige, and white to match your personality. Crafted from soft and breathable fabric for all-day comfort. Perfect for casual outings, weekend wear, or everyday styling. Available in sizes S, M, L, XL, and",https://triprindia.com/products/half-sleeve-pack-of-3-typography-printed-t-shirts-for-men,,true,indexable,https://triprindia.com/products/half-sleeve-pack-of-3-typography-printed-t-shirts-for-men,true,(Pack Of 3) Mens Half Sleeve Typography Printed T-shirts,1,1161,671,1423,41,11,1,1,4,2,22,high,false,20,4,46,ProductGroup|FAQPage,true,JudgeMe,meta_description_length|missing_image_alt|html_size_large|script_count_high|image_count_high|large_image_url_width|image_alt_duplicate_on_page|image_missing_dimensions
https://triprindia.com/products/mens-solid-co-ord-set-half-sleeve-t-shirt-shorts-combo,https://triprindia.com/products/mens-solid-co-ord-set-half-sleeve-t-shirt-shorts-combo,false,0,200,product,Mens Solid T-Shirts & Shorts Co-Ord Set – TRIPR,"Product Description: Stylish men’s cord set featuring a matching T-shirt and shorts for a coordinated look Designed with a minimal, solid pattern for a clean and modern appeal Made from soft, breathable fabric ensuring all-day comfort Offers a relaxed fit for easy movement and casual styling Perfect for sports, gym, tr",https://triprindia.com/products/mens-solid-co-ord-set-half-sleeve-t-shirt-shorts-combo,,true,indexable,https://triprindia.com/products/mens-solid-co-ord-set-half-sleeve-t-shirt-shorts-combo,true,Mens Solid T-Shirts & Shorts Co-Ord Set,1,1146,440,1253,41,11,1,1,4,2,10,high,false,20,4,46,ProductGroup|FAQPage,true,JudgeMe,meta_description_length|missing_image_alt|script_count_high|large_image_url_width|image_alt_duplicate_on_page|image_missing_dimensions
https://triprindia.com/products/pack-of-2-men-plain-shorts-s46,https://triprindia.com/products/pack-of-2-men-plain-shorts-s46,false,0,200,product,(Pack Of 2) Plain Cotton Blend Shorts – TRIPR,"Product Description: Made from smooth and breathable fabric for all-day comfort. Features a stylish solid Design for a trendy look. Available in multiple vibrant colors to match your style. Designed for casual wear, gym, sports, or lounging. Elastic waistband with an adjustable drawstring for a secure and comfortable f",https://triprindia.com/products/pack-of-2-men-plain-shorts-s46,,true,indexable,https://triprindia.com/products/pack-of-2-men-plain-shorts-s46,true,(Pack Of 2) Plain Cotton Blend Shorts,1,1142,522,1359,41,11,1,1,4,2,17,high,false,20,4,46,ProductGroup|FAQPage,true,JudgeMe,meta_description_length|html_size_large|script_count_high|large_image_url_width|image_alt_duplicate_on_page|image_missing_dimensions
https://triprindia.com/products/pack-of-3-plain-cotton-blend-shorts-men-s46,https://triprindia.com/products/pack-of-3-plain-cotton-blend-shorts-men-s46,false,0,200,product,(Pack Of 3) Plain Cotton Blend Shorts – TRIPR,"Product Description: Made from smooth and breathable fabric for all-day comfort. Features a stylish solid Design for a trendy look. Available in multiple vibrant colors to match your style. Designed for casual wear, gym, sports, or lounging. Elastic waistband with an adjustable drawstring for a secure and comfortable f",https://triprindia.com/products/pack-of-3-plain-cotton-blend-shorts-men-s46,,true,indexable,https://triprindia.com/products/pack-of-3-plain-cotton-blend-shorts-men-s46,true,(Pack Of 3) Plain Cotton Blend Shorts,1,1136,430,1281,41,11,1,1,4,2,11,high,false,20,4,46,ProductGroup|FAQPage,true,JudgeMe,meta_description_length|script_count_high|large_image_url_width|image_alt_duplicate_on_page|image_missing_dimensions
https://triprindia.com/products/mens-naruto-anime-back-printed-grey-oversized-tshirt,https://triprindia.com/products/mens-naruto-anime-back-printed-grey-oversized-tshirt,false,0,200,product,Mens Naruto Anime Back Printed Grey Oversized Tshirt – TRIPR,"Product Description: Trendy oversized men’s T-shirt with bold printed design. Made from soft, breathable cotton fabric ensuring all-day comfort. Features a relaxed drop-shoulder fit for a stylish, streetwear-inspired look. Perfect for casual outings, weekend wear, or daily comfort style. Easily pairs with joggers, carg",https://triprindia.com/products/mens-naruto-anime-back-printed-grey-oversized-tshirt,,true,indexable,https://triprindia.com/products/mens-naruto-anime-back-printed-grey-oversized-tshirt,true,Mens Naruto Anime Back Printed Grey Oversized Tshirt,1,1116,285,1180,41,11,1,1,4,2,6,high,false,17,6,46,ProductGroup|FAQPage,true,JudgeMe,meta_description_length|missing_image_alt|script_count_high|image_alt_duplicate_on_page|image_missing_dimensions
https://triprindia.com/products/mens-oversized-graphic-printed-t-shirt-black-z147,https://triprindia.com/products/mens-oversized-graphic-printed-t-shirt-black-z147,false,0,200,product,Men’s Oversized Graphic Printed T-Shirt Black – TRIPR,"Product Description: Trendy oversized men’s T-shirt with bold printed design. Made from soft, breathable cotton fabric ensuring all-day comfort. Features a relaxed drop-shoulder fit for a stylish, streetwear-inspired look. Perfect for casual outings, weekend wear, or daily comfort style. Easily pairs with joggers, carg",https://triprindia.com/products/mens-oversized-graphic-printed-t-shirt-black-z147,,true,indexable,https://triprindia.com/products/mens-oversized-graphic-printed-t-shirt-black-z147,true,Men’s Oversized Graphic Printed T-Shirt Black,1,1112,287,1194,41,11,1,1,4,2,8,high,false,20,5,46,ProductGroup|FAQPage,true,JudgeMe,meta_description_length|missing_image_alt|script_count_high|large_image_url_width|image_alt_duplicate_on_page|image_missing_dimensions
https://triprindia.com/products/mens-oversized-graphic-printed-t-shirt-maroon-z147,https://triprindia.com/products/mens-oversized-graphic-printed-t-shirt-maroon-z147,false,0,200,product,Mens Oversized Graphic Printed T-Shirt Maroon – TRIPR,"Product Description: Trendy oversized men’s T-shirt with bold printed design. Made from soft, breathable cotton fabric ensuring all-day comfort. Features a relaxed drop-shoulder fit for a stylish, streetwear-inspired look. Perfect for casual outings, weekend wear, or daily comfort style. Easily pairs with joggers, carg",https://triprindia.com/products/mens-oversized-graphic-printed-t-shirt-maroon-z147,,true,indexable,https://triprindia.com/products/mens-oversized-graphic-printed-t-shirt-maroon-z147,true,Mens Oversized Graphic Printed T-Shirt Maroon,1,1114,272,1164,41,11,1,1,4,2,4,high,false,13,6,46,ProductGroup|FAQPage,true,JudgeMe,meta_description_length|missing_image_alt|script_count_high|image_alt_duplicate_on_page|image_missing_dimensions
https://triprindia.com/products/mens-back-printed-oversized-t-shirt-black-z151,https://triprindia.com/products/mens-back-printed-oversized-t-shirt-black-z151,false,0,200,product,Mens Back Printed Oversized T-Shirt Black – TRIPR,"Product Description: Trendy oversized men’s T-shirt with bold printed design. Made from soft, breathable cotton fabric ensuring all-day comfort. Features a relaxed drop-shoulder fit for a stylish, streetwear-inspired look. Perfect for casual outings, weekend wear, or daily comfort style. Easily pairs with joggers, carg",https://triprindia.com/products/mens-back-printed-oversized-t-shirt-black-z151,,true,indexable,https://triprindia.com/products/mens-back-printed-oversized-t-shirt-black-z151,true,Mens Back Printed Oversized T-Shirt Black,1,1112,293,1194,41,11,1,1,4,2,8,high,false,20,5,46,ProductGroup|FAQPage,true,JudgeMe,meta_description_length|missing_image_alt|script_count_high|large_image_url_width|image_alt_duplicate_on_page|image_missing_dimensions
https://triprindia.com/products/men-full-sleeve-polo-neck-striped-printed-t-shirts,https://triprindia.com/products/men-full-sleeve-polo-neck-striped-printed-t-shirts,false,0,200,product,Men's Full Sleeve Printed Zip Neck Polo Tshirts – TRIPR,"Product Description: Stylish men’s full sleeve polo t-shirt with bold Vertical Striped – “Versatile Printed” Made from soft cotton blend fabric for all-day comfort and breathability polo neck design with ribbed hem and cuffs for a neat finish Perfect for casual outings, streetwear style, and travel wear Durable stitchi",https://triprindia.com/products/men-full-sleeve-polo-neck-striped-printed-t-shirts,,true,indexable,https://triprindia.com/products/men-full-sleeve-polo-neck-striped-printed-t-shirts,true,Men's Full Sleeve Printed Zip Neck Polo Tshirts,1,1145,470,1334,41,11,1,1,4,2,11,high,false,20,4,46,ProductGroup|FAQPage,true,JudgeMe,meta_description_length|script_count_high|large_image_url_width|image_alt_duplicate_on_page|image_missing_dimensions
https://triprindia.com/products/men-back-printed-round-neck-vest-black-vt14,https://triprindia.com/products/men-back-printed-round-neck-vest-black-vt14,false,0,200,product,Men Back Printed Round Neck Vest Black – TRIPR,"Product Description: Trendy men’s sleeveless vest designed for a bold and modern streetwear look Features a striking back print graphic with a unique artistic design Crafted from soft, breathable fabric for all-day comfort and ease Sleeveless cut allows free movement, perfect for active lifestyles Ideal for gym, casual",https://triprindia.com/products/men-back-printed-round-neck-vest-black-vt14,,true,indexable,https://triprindia.com/products/men-back-printed-round-neck-vest-black-vt14,true,Men Back Printed Round Neck Vest Black,1,1111,274,1172,41,11,1,1,4,2,6,high,false,17,6,46,ProductGroup|FAQPage,true,JudgeMe,meta_description_length|missing_image_alt|script_count_high|image_alt_duplicate_on_page|image_missing_dimensions
https://triprindia.com/products/men-back-printed-round-neck-vest-black-vt15,https://triprindia.com/products/men-back-printed-round-neck-vest-black-vt15,false,0,200,product,Men Back Printed Round Neck Vest Black – TRIPR,"Product Description: Trendy men’s sleeveless vest designed for a bold and modern streetwear look Features a striking back print graphic with a unique artistic design Crafted from soft, breathable fabric for all-day comfort and ease Sleeveless cut allows free movement, perfect for active lifestyles Ideal for gym, casual",https://triprindia.com/products/men-back-printed-round-neck-vest-black-vt15,,true,indexable,https://triprindia.com/products/men-back-printed-round-neck-vest-black-vt15,true,Men Back Printed Round Neck Vest Black,1,1111,274,1172,41,11,1,1,4,2,6,high,false,17,6,46,ProductGroup|FAQPage,true,JudgeMe,meta_description_length|missing_image_alt|script_count_high|image_alt_duplicate_on_page|image_missing_dimensions
https://triprindia.com/products/men-back-printed-round-neck-vest-black-vt17,https://triprindia.com/products/men-back-printed-round-neck-vest-black-vt17,false,0,200,product,Men Back Printed Round Neck Vest Black – TRIPR,"Product Description: Trendy men’s sleeveless vest designed for a bold and modern streetwear look Features a striking back print graphic with a unique artistic design Crafted from soft, breathable fabric for all-day comfort and ease Sleeveless cut allows free movement, perfect for active lifestyles Ideal for gym, casual",https://triprindia.com/products/men-back-printed-round-neck-vest-black-vt17,,true,indexable,https://triprindia.com/products/men-back-printed-round-neck-vest-black-vt17,true,Men Back Printed Round Neck Vest Black,1,1111,274,1174,43,12,1,1,4,2,6,high,false,17,6,46,ProductGroup|FAQPage,true,JudgeMe,meta_description_length|missing_image_alt|script_count_high|image_alt_duplicate_on_page|image_missing_dimensions
https://triprindia.com/products/mens-baggy-fit-printed-trackpant-black-j89,https://triprindia.com/products/mens-baggy-fit-printed-trackpant-black-j89,false,0,200,product,Mens Baggy Fit Printed Trackpant Black – TRIPR,"Product Description: Comfortable Loose Fit Design: Relaxed silhouette for maximum comfort and freedom of movement. Waffle Cotton Fabric: Soft, breathable, and textured fabric that keeps you cool and comfortable all day. Stylish Printed Look: Minimalist design perfect for casual, lounge, or travel wear. Stay Relaxed Any",https://triprindia.com/products/mens-baggy-fit-printed-trackpant-black-j89,,true,indexable,https://triprindia.com/products/mens-baggy-fit-printed-trackpant-black-j89,true,Mens Baggy Fit Printed Trackpant Black,1,1120,274,1167,41,11,1,1,4,2,6,high,false,17,6,46,ProductGroup|FAQPage,true,JudgeMe,meta_description_length|missing_image_alt|script_count_high|image_alt_duplicate_on_page|image_missing_dimensions
https://triprindia.com/products/mens-baggy-fit-warm-less-printed-trackpant-black-j90,https://triprindia.com/products/mens-baggy-fit-warm-less-printed-trackpant-black-j90,false,0,200,product,"Mens Baggy Fit ""WARM LESS"" Printed Trackpant Black – TRIPR","Product Description: Comfortable Loose Fit Design: Relaxed silhouette for maximum comfort and freedom of movement. Waffle Cotton Fabric: Soft, breathable, and textured fabric that keeps you cool and comfortable all day. Stylish Printed Look: Minimalist design perfect for casual, lounge, or travel wear. Stay Relaxed Any",https://triprindia.com/products/mens-baggy-fit-warm-less-printed-trackpant-black-j90,,true,indexable,https://triprindia.com/products/mens-baggy-fit-warm-less-printed-trackpant-black-j90,true,"Mens Baggy Fit ""WARM LESS"" Printed Trackpant Black",1,1124,275,1167,41,11,1,1,4,2,6,high,false,17,6,46,ProductGroup|FAQPage,true,JudgeMe,meta_description_length|missing_image_alt|script_count_high|image_alt_duplicate_on_page|image_missing_dimensions
https://triprindia.com/products/mens-baggy-fit-myself-printed-trackpant-black-j91,https://triprindia.com/products/mens-baggy-fit-myself-printed-trackpant-black-j91,false,0,200,product,"Mens Baggy Fit ""MYSELF"" Printed Trackpant Black – TRIPR","Product Description: Comfortable Loose Fit Design: Relaxed silhouette for maximum comfort and freedom of movement. Waffle Cotton Fabric: Soft, breathable, and textured fabric that keeps you cool and comfortable all day. Stylish Printed Look: Minimalist design perfect for casual, lounge, or travel wear. Stay Relaxed Any",https://triprindia.com/products/mens-baggy-fit-myself-printed-trackpant-black-j91,,true,indexable,https://triprindia.com/products/mens-baggy-fit-myself-printed-trackpant-black-j91,true,"Mens Baggy Fit ""MYSELF"" Printed Trackpant Black",1,1122,275,1167,41,11,1,1,4,2,6,high,false,17,6,46,ProductGroup|FAQPage,true,JudgeMe,meta_description_length|missing_image_alt|script_count_high|image_alt_duplicate_on_page|image_missing_dimensions
https://triprindia.com/products/mens-combo-pack-back-print-sleeve-less-baniyans,https://triprindia.com/products/mens-combo-pack-back-print-sleeve-less-baniyans,false,0,200,product,Mens Back Printed Sleeveless Vest Multicolors – TRIPR,"Product Description: Fabric: Crafted with a soft and breathable cotton blend for all-day comfort. Stylish Printed Design: Trendy prints that add a touch of personality to your daily gym look. Versatile Gym Wear: Perfectly designed for workouts, casual outings, or lounging at home. Available in Multiple Colors: Choose f",https://triprindia.com/products/mens-combo-pack-back-print-sleeve-less-baniyans,,true,indexable,https://triprindia.com/products/mens-combo-pack-back-print-sleeve-less-baniyans,true,Mens Back Printed Sleeveless Vest Multicolors,1,1130,680,1437,41,11,1,1,4,2,24,high,false,20,4,46,ProductGroup|FAQPage,true,JudgeMe,meta_description_length|missing_image_alt|html_size_large|script_count_high|image_count_high|large_image_url_width|image_alt_duplicate_on_page|image_missing_dimensions
https://triprindia.com/products/men-scoop-neck-legendary-printed-vest-white-blue,https://triprindia.com/products/men-scoop-neck-legendary-printed-vest-white-blue,false,0,200,product,Men Scoop Neck 'LEGENDARY' Printed Vest White & Blue – TRIPR,"Product Description: Trendy men’s sleeveless vest designed for a bold and modern streetwear look Features a striking back print graphic with a unique artistic design Crafted from soft, breathable fabric for all-day comfort and ease Sleeveless cut allows free movement, perfect for active lifestyles Ideal for gym, casual",https://triprindia.com/products/men-scoop-neck-legendary-printed-vest-white-blue,,true,indexable,https://triprindia.com/products/men-scoop-neck-legendary-printed-vest-white-blue,true,Men Scoop Neck 'LEGENDARY' Printed Vest White & Blue,1,1113,276,1174,41,11,1,1,4,2,6,high,false,17,6,46,ProductGroup|FAQPage,true,JudgeMe,meta_description_length|missing_image_alt|script_count_high|image_alt_duplicate_on_page|image_missing_dimensions
https://triprindia.com/products/men-samurai-printed-round-neck-vest-black-vt24,https://triprindia.com/products/men-samurai-printed-round-neck-vest-black-vt24,false,0,200,product,Men Samurai Printed Round Neck Vest Black – TRIPR,"Product Description: Trendy men’s sleeveless vest designed for a bold and modern streetwear look Features a striking back print graphic with a unique artistic design Crafted from soft, breathable fabric for all-day comfort and ease Sleeveless cut allows free movement, perfect for active lifestyles Ideal for gym, casual",https://triprindia.com/products/men-samurai-printed-round-neck-vest-black-vt24,,true,indexable,https://triprindia.com/products/men-samurai-printed-round-neck-vest-black-vt24,true,Men Samurai Printed Round Neck Vest Black,1,1109,279,1176,43,12,1,1,4,2,6,high,false,17,6,46,ProductGroup|FAQPage,true,JudgeMe,meta_description_length|missing_image_alt|script_count_high|image_alt_duplicate_on_page|image_missing_dimensions
https://triprindia.com/products/men-printed-round-neck-vest-white-vt25,https://triprindia.com/products/men-printed-round-neck-vest-white-vt25,false,0,200,product,Men Printed Round Neck Vest White – TRIPR,"Product Description: Trendy men’s sleeveless vest designed for a bold and modern streetwear look Features a striking back print graphic with a unique artistic design Crafted from soft, breathable fabric for all-day comfort and ease Sleeveless cut allows free movement, perfect for active lifestyles Ideal for gym, casual",https://triprindia.com/products/men-printed-round-neck-vest-white-vt25,,true,indexable,https://triprindia.com/products/men-printed-round-neck-vest-white-vt25,true,Men Printed Round Neck Vest White,1,1109,278,1172,41,11,1,1,4,2,6,high,false,17,6,46,ProductGroup|FAQPage,true,JudgeMe,meta_description_length|missing_image_alt|script_count_high|image_alt_duplicate_on_page|image_missing_dimensions
https://triprindia.com/products/men-scoop-neck-graphic-design-printed-vest-white-vs6,https://triprindia.com/products/men-scoop-neck-graphic-design-printed-vest-white-vs6,false,0,200,product,Men Scoop Neck Graphic Design Printed Vest White – TRIPR,"Product Description: Trendy men’s sleeveless vest designed for a bold and modern streetwear look Features a striking back print graphic with a unique artistic design Crafted from soft, breathable fabric for all-day comfort and ease Sleeveless cut allows free movement, perfect for active lifestyles Ideal for gym, casual",https://triprindia.com/products/men-scoop-neck-graphic-design-printed-vest-white-vs6,,true,indexable,https://triprindia.com/products/men-scoop-neck-graphic-design-printed-vest-white-vs6,true,Men Scoop Neck Graphic Design Printed Vest White,1,1113,275,1172,41,11,1,1,4,2,6,high,false,17,6,46,ProductGroup|FAQPage,true,JudgeMe,meta_description_length|missing_image_alt|script_count_high|image_alt_duplicate_on_page|image_missing_dimensions
https://triprindia.com/products/pack-of-2-quarter-zip-polo-neck-full-sleeve-combo-tshirts,https://triprindia.com/products/pack-of-2-quarter-zip-polo-neck-full-sleeve-combo-tshirts,false,0,200,product,(Pack Of 2) Quarter Zip Polo Neck Full Sleeve Combo Tshirts – TRIPR,"Product Description: Stylish men’s full sleeve polo t-shirt with bold Vertical Striped – “Versatile Printed” Made from soft cotton blend fabric for all-day comfort and breathability polo neck design with ribbed hem and cuffs for a neat finish Perfect for casual outings, streetwear style, and travel wear Durable stitchi",https://triprindia.com/products/pack-of-2-quarter-zip-polo-neck-full-sleeve-combo-tshirts,,true,indexable,https://triprindia.com/products/pack-of-2-quarter-zip-polo-neck-full-sleeve-combo-tshirts,true,(Pack Of 2) Quarter Zip Polo Neck Full Sleeve Combo Tshirts,1,1143,308,1192,41,11,1,1,4,2,4,high,false,13,5,46,ProductGroup|FAQPage,true,JudgeMe,title_length|meta_description_length|script_count_high|image_alt_duplicate_on_page|image_missing_dimensions
https://triprindia.com/products/tripr-men-solid-loose-fit-trackpant-beige-plainj95,https://triprindia.com/products/tripr-men-solid-loose-fit-trackpant-beige-plainj95,false,0,200,product,TRIPR Men Solid Loose Fit TrackPant Beige,"Product Description: Comfortable men’s loose fit baggy track pants designed for a relaxed and modern look Crafted from soft, breathable fabric for all-day ease and comfort Features a wide-leg silhouette for extra room and freedom of movement Elastic waistband with adjustable drawstring for a secure and flexible fit Per",https://triprindia.com/products/tripr-men-solid-loose-fit-trackpant-beige-plainj95,,true,indexable,https://triprindia.com/products/tripr-men-solid-loose-fit-trackpant-beige-plainj95,true,TRIPR Men Solid Loose Fit TrackPant Beige,1,1145,276,1170,41,11,1,1,4,2,6,high,false,17,6,46,ProductGroup|FAQPage,true,JudgeMe,meta_description_length|missing_image_alt|script_count_high|image_alt_duplicate_on_page|image_missing_dimensions
https://triprindia.com/products/tripr-men-solid-loose-fit-track-pant-black-plainj95,https://triprindia.com/products/tripr-men-solid-loose-fit-track-pant-black-plainj95,false,0,200,product,TRIPR Men Solid Loose Fit TrackPant Black,"Product Description: Comfortable men’s loose fit baggy track pants designed for a relaxed and modern look Crafted from soft, breathable fabric for all-day ease and comfort Features a wide-leg silhouette for extra room and freedom of movement Elastic waistband with adjustable drawstring for a secure and flexible fit Per",https://triprindia.com/products/tripr-men-solid-loose-fit-track-pant-black-plainj95,,true,indexable,https://triprindia.com/products/tripr-men-solid-loose-fit-track-pant-black-plainj95,true,TRIPR Men Solid Loose Fit TrackPant Black,1,1145,276,1170,41,11,1,1,4,2,6,high,false,17,6,46,ProductGroup|FAQPage,true,JudgeMe,meta_description_length|missing_image_alt|script_count_high|image_alt_duplicate_on_page|image_missing_dimensions
https://triprindia.com/products/tripr-men-solid-loose-fit-trackpant-maroon-plainj95,https://triprindia.com/products/tripr-men-solid-loose-fit-trackpant-maroon-plainj95,false,0,200,product,TRIPR Men Solid Loose Fit TrackPant Maroon,"Product Description: Comfortable men’s loose fit baggy track pants designed for a relaxed and modern look Crafted from soft, breathable fabric for all-day ease and comfort Features a wide-leg silhouette for extra room and freedom of movement Elastic waistband with adjustable drawstring for a secure and flexible fit Per",https://triprindia.com/products/tripr-men-solid-loose-fit-trackpant-maroon-plainj95,,true,indexable,https://triprindia.com/products/tripr-men-solid-loose-fit-trackpant-maroon-plainj95,true,TRIPR Men Solid Loose Fit TrackPant Maroon,1,1145,276,1170,41,11,1,1,4,2,6,high,false,17,6,46,ProductGroup|FAQPage,true,JudgeMe,meta_description_length|missing_image_alt|script_count_high|image_alt_duplicate_on_page|image_missing_dimensions
https://triprindia.com/products/tripr-men-solid-loose-fit-trackpant-olivegreen-plainj95,https://triprindia.com/products/tripr-men-solid-loose-fit-trackpant-olivegreen-plainj95,false,0,200,product,TRIPR Men Solid Loose Fit TrackPant Olivegreen,"Product Description: Comfortable men’s loose fit baggy track pants designed for a relaxed and modern look Crafted from soft, breathable fabric for all-day ease and comfort Features a wide-leg silhouette for extra room and freedom of movement Elastic waistband with adjustable drawstring for a secure and flexible fit Per",https://triprindia.com/products/tripr-men-solid-loose-fit-trackpant-olivegreen-plainj95,,true,indexable,https://triprindia.com/products/tripr-men-solid-loose-fit-trackpant-olivegreen-plainj95,true,TRIPR Men Solid Loose Fit TrackPant Olivegreen,1,1145,276,1170,41,11,1,1,4,2,6,high,false,17,6,46,ProductGroup|FAQPage,true,JudgeMe,meta_description_length|missing_image_alt|script_count_high|image_alt_duplicate_on_page|image_missing_dimensions
https://triprindia.com/products/tripr-men-solid-loose-fit-trackpant-grey-plainj95,https://triprindia.com/products/tripr-men-solid-loose-fit-trackpant-grey-plainj95,false,0,200,product,TRIPR Men Solid Loose Fit TrackPant Grey,"Product Description: Comfortable men’s loose fit baggy track pants designed for a relaxed and modern look Crafted from soft, breathable fabric for all-day ease and comfort Features a wide-leg silhouette for extra room and freedom of movement Elastic waistband with adjustable drawstring for a secure and flexible fit Per",https://triprindia.com/products/tripr-men-solid-loose-fit-trackpant-grey-plainj95,,true,indexable,https://triprindia.com/products/tripr-men-solid-loose-fit-trackpant-grey-plainj95,true,TRIPR Men Solid Loose Fit TrackPant Grey,1,1145,276,1170,41,11,1,1,4,2,6,high,false,17,6,46,ProductGroup|FAQPage,true,JudgeMe,meta_description_length|missing_image_alt|script_count_high|image_alt_duplicate_on_page|image_missing_dimensions
https://triprindia.com/products/tripr-men-solid-loose-fit-trackpant-nayblue-plainj95,https://triprindia.com/products/tripr-men-solid-loose-fit-trackpant-nayblue-plainj95,false,0,200,product,TRIPR Men Solid Loose Fit TrackPant Nayblue,"Product Description: Comfortable men’s loose fit baggy track pants designed for a relaxed and modern look Crafted from soft, breathable fabric for all-day ease and comfort Features a wide-leg silhouette for extra room and freedom of movement Elastic waistband with adjustable drawstring for a secure and flexible fit Per",https://triprindia.com/products/tripr-men-solid-loose-fit-trackpant-nayblue-plainj95,,true,indexable,https://triprindia.com/products/tripr-men-solid-loose-fit-trackpant-nayblue-plainj95,true,TRIPR Men Solid Loose Fit TrackPant Nayblue,1,1145,276,1170,41,11,1,1,4,2,6,high,false,17,6,46,ProductGroup|FAQPage,true,JudgeMe,meta_description_length|missing_image_alt|script_count_high|image_alt_duplicate_on_page|image_missing_dimensions
https://triprindia.com/products/mens-loose-fit-printed-trackpant-black-j93,https://triprindia.com/products/mens-loose-fit-printed-trackpant-black-j93,false,0,200,product,Mens Loose Fit Printed Trackpant Black – TRIPR,"Product Description: Comfortable Loose Fit Design: Relaxed silhouette for maximum comfort and freedom of movement. Waffle Cotton Fabric: Soft, breathable, and textured fabric that keeps you cool and comfortable all day. Stylish Printed Look: Minimalist design perfect for casual, lounge, or travel wear. Stay Relaxed Any",https://triprindia.com/products/mens-loose-fit-printed-trackpant-black-j93,,true,indexable,https://triprindia.com/products/mens-loose-fit-printed-trackpant-black-j93,true,Mens Loose Fit Printed Trackpant Black,1,1122,273,1165,41,11,1,1,4,2,6,high,false,17,6,46,ProductGroup|FAQPage,true,JudgeMe,meta_description_length|missing_image_alt|script_count_high|image_alt_duplicate_on_page|image_missing_dimensions
https://triprindia.com/products/mens-loose-fit-dragon-ball-anime-printed-trackpant-black-j94,https://triprindia.com/products/mens-loose-fit-dragon-ball-anime-printed-trackpant-black-j94,false,0,200,product,"Mens Loose Fit ""Dragon Ball"" Anime Printed Trackpant Black – TRIPR","Product Description: Comfortable Loose Fit Design: Relaxed silhouette for maximum comfort and freedom of movement. Waffle Cotton Fabric: Soft, breathable, and textured fabric that keeps you cool and comfortable all day. Stylish Printed Look: Minimalist design perfect for casual, lounge, or travel wear. Stay Relaxed Any",https://triprindia.com/products/mens-loose-fit-dragon-ball-anime-printed-trackpant-black-j94,,true,indexable,https://triprindia.com/products/mens-loose-fit-dragon-ball-anime-printed-trackpant-black-j94,true,"Mens Loose Fit ""Dragon Ball"" Anime Printed Trackpant Black",1,1128,275,1165,41,11,1,1,4,2,6,high,false,17,6,46,ProductGroup|FAQPage,true,JudgeMe,title_length|meta_description_length|missing_image_alt|script_count_high|image_alt_duplicate_on_page|image_missing_dimensions
https://triprindia.com/products/mens-oversized-eagle-graphic-printed-t-shirt-black-d244,https://triprindia.com/products/mens-oversized-eagle-graphic-printed-t-shirt-black-d244,false,0,200,product,Mens Oversized Eagle Graphic Printed T-Shirt Black – TRIPR,"Product Description: Trendy oversized men’s T-shirt with bold printed design. Made from soft, breathable cotton fabric ensuring all-day comfort. Features a relaxed drop-shoulder fit for a stylish, streetwear-inspired look. Perfect for casual outings, weekend wear, or daily comfort style. Easily pairs with joggers, carg",https://triprindia.com/products/mens-oversized-eagle-graphic-printed-t-shirt-black-d244,,true,indexable,https://triprindia.com/products/mens-oversized-eagle-graphic-printed-t-shirt-black-d244,true,Mens Oversized Eagle Graphic Printed T-Shirt Black,1,1114,279,1180,41,11,1,1,4,2,6,high,false,17,6,46,ProductGroup|FAQPage,true,JudgeMe,meta_description_length|missing_image_alt|script_count_high|image_alt_duplicate_on_page|image_missing_dimensions
https://triprindia.com/products/mens-oversized-graphic-design-printed-t-shirt-black-d245,https://triprindia.com/products/mens-oversized-graphic-design-printed-t-shirt-black-d245,false,0,200,product,Mens Oversized Graphic Design Printed T-Shirt Black – TRIPR,"Product Description: Trendy oversized men’s T-shirt with bold printed design. Made from soft, breathable cotton fabric ensuring all-day comfort. Features a relaxed drop-shoulder fit for a stylish, streetwear-inspired look. Perfect for casual outings, weekend wear, or daily comfort style. Easily pairs with joggers, carg",https://triprindia.com/products/mens-oversized-graphic-design-printed-t-shirt-black-d245,,true,indexable,https://triprindia.com/products/mens-oversized-graphic-design-printed-t-shirt-black-d245,true,Mens Oversized Graphic Design Printed T-Shirt Black,1,1116,279,1178,41,11,1,1,4,2,6,high,false,17,6,46,ProductGroup|FAQPage,true,JudgeMe,meta_description_length|missing_image_alt|script_count_high|image_alt_duplicate_on_page|image_missing_dimensions
https://triprindia.com/products/men-quarter-zip-polo-neck-printed-t-shirts,https://triprindia.com/products/men-quarter-zip-polo-neck-printed-t-shirts,false,0,200,product,Men Quarter Zip Polo Neck Printed T-shirts – TRIPR,"Product Description: Stylish men’s half sleeve polo t-shirt with bold Vertical Striped – “Versatile Printed” Made from soft cotton blend fabric for all-day comfort and breathability polo neck design with ribbed hem and cuffs for a neat finish Perfect for casual outings, streetwear style, and travel wear Durable stitchi",https://triprindia.com/products/men-quarter-zip-polo-neck-printed-t-shirts,,true,indexable,https://triprindia.com/products/men-quarter-zip-polo-neck-printed-t-shirts,true,Men Quarter Zip Polo Neck Printed T-shirts,1,1152,600,1413,41,11,1,1,4,2,21,high,false,20,4,46,ProductGroup|FAQPage,true,JudgeMe,meta_description_length|html_size_large|script_count_high|image_count_high|large_image_url_width|image_alt_duplicate_on_page|image_missing_dimensions
https://triprindia.com/pages/about-us,https://triprindia.com/pages/about-us,false,0,200,page,About Us – TRIPR,"About Tripr: Triprindia.com is the online brand venture of renowned Tirupur based Garment manufacturers - Chakra Production. Started in 1992, we are the leading manufacturers of Apparel products in Tirupur. Our products ranges from Men’s clothing (Tshirts, POLOs, Shirts, Vests, Briefs, etc) to Women’s Clothing (Legging",https://triprindia.com/pages/about-us,,true,indexable,https://triprindia.com/pages/about-us,true,About Us|The Tripr Advantage,2,726,158,614,38,11,1,1,4,2,0,,false,5,5,40,,true,JudgeMe,title_length|meta_description_length|multiple_h1|script_count_high|missing_expected_schema
https://triprindia.com/pages/contact-us,https://triprindia.com/pages/contact-us,false,0,200,page,Contact Us – TRIPR,Call: 08031406054 Email: queries@triprindia.com   You can also write your query using the below form,https://triprindia.com/pages/contact-us,,true,indexable,https://triprindia.com/pages/contact-us,true,,0,302,164,673,38,11,1,1,4,2,0,,false,5,5,45,,true,JudgeMe,title_length|missing_h1|script_count_high|missing_expected_schema
https://triprindia.com/pages/exchange-policy,https://triprindia.com/pages/exchange-policy,false,0,200,page,Return/Exchange Policy – TRIPR,"🚨Product Opening Video is Mandatory for all ClaimsWe are sorry that we made you think about Return/Exchange. We work hard to give you the right fit, but sometimes miss! Need not worry, we have a 7 days Return/Exchange Policy!!  If you feel that the T-Shirt/other apparel is not the right fit for you, you can return/exch",https://triprindia.com/pages/exchange-policy,,true,indexable,https://triprindia.com/pages/exchange-policy,true,Return/Exchange Policy,1,490,157,635,38,11,1,1,4,2,0,,false,5,5,41,,true,JudgeMe,meta_description_length|script_count_high|missing_expected_schema
https://triprindia.com/pages/privacy-policy,https://triprindia.com/pages/privacy-policy,false,0,200,page,Privacy Policy – TRIPR,"This privacy policy sets out how Triprindia.com uses and protects any information that you give Triprindia.com  when you use this website. Triprindia.com  is committed to ensuring that your privacy is protected. Should we ask you to provide certain information by which you can be identified when using this website, the",https://triprindia.com/pages/privacy-policy,,true,indexable,https://triprindia.com/pages/privacy-policy,true,Privacy Policy,1,989,160,654,38,11,1,1,4,2,0,,false,5,5,40,,true,JudgeMe,title_length|meta_description_length|script_count_high|missing_expected_schema
https://triprindia.com/pages/terms-conditions,https://triprindia.com/pages/terms-conditions,false,0,200,page,Terms & Conditions – TRIPR,"The Website Owner, including subsidiaries and affiliates (“triprindia.com” or “Chakra Production” or “we” or “us” or “our”) provides the information contained on the website or any of the pages comprising the website (“website”) to visitors (“visitors”) (cumulatively referred to as “you” or “your” hereinafter subject t",https://triprindia.com/pages/terms-conditions,,true,indexable,https://triprindia.com/pages/terms-conditions,true,Terms & Conditions,1,1431,163,665,38,11,1,1,4,2,0,,false,5,5,40,,true,JudgeMe,meta_description_length|script_count_high|missing_expected_schema
https://triprindia.com/pages/return-exchange,https://triprindia.com/pages/return-exchange,false,0,200,page,"RETURN, EXCHANGE and REFUND POLICY – TRIPR","🚨Product Opening Video is Mandatory for all ClaimsEXCHANGE POLICY Ensuring the perfect product is our priority! If you find that the product you ordered doesn't match your expectations, don't worry!  • Apologies, currently we do not provide pick-up services for exchange requests. You will need to arrange for the manual",https://triprindia.com/pages/return-exchange,,true,indexable,https://triprindia.com/pages/return-exchange,true,"RETURN, EXCHANGE and REFUND POLICY",1,771,160,652,38,11,1,1,4,2,0,,false,5,5,41,,true,JudgeMe,meta_description_length|script_count_high|missing_expected_schema
https://triprindia.com/pages/profile-edit,https://triprindia.com/pages/profile-edit,false,0,200,page,Profile Edit – TRIPR,,https://triprindia.com/pages/profile-edit,,true,indexable,https://triprindia.com/pages/profile-edit,true,Profile Edit,1,242,155,592,38,11,1,1,4,2,0,,false,5,5,40,,true,JudgeMe,title_length|missing_meta_description|script_count_high|missing_expected_schema
https://triprindia.com/pages/edit-notifications,https://triprindia.com/pages/edit-notifications,false,0,200,page,Edit Notifications – TRIPR,,https://triprindia.com/pages/edit-notifications,,true,indexable,https://triprindia.com/pages/edit-notifications,true,Edit Notifications,1,242,155,592,38,11,1,1,4,2,0,,false,5,5,40,,true,JudgeMe,missing_meta_description|script_count_high|missing_expected_schema
https://triprindia.com/pages/travel-jacket,https://triprindia.com/pages/travel-jacket,false,0,200,page,Travel Jacket – TRIPR,"16 in 1 Multi Utility Unisex Travel Jacket with 100% Cotton 320 GSM Fabric. We have designed this Travel Jacket so you can travel the world with peace of mind. 15 Day Return Policy | Full Refund Guaranteed | Free Shipping Pan India | 1,00,000+ Happy Customers",https://triprindia.com/pages/travel-jacket,,true,indexable,https://triprindia.com/pages/travel-jacket,true,Travel Jacket|Travel Hoodie - Full Sleeve Unisex Jackets,2,947,320,1185,41,11,1,1,4,2,1,high,false,20,4,47,ProductGroup|FAQPage,true,JudgeMe,title_length|meta_description_length|multiple_h1|serp_boilerplate_meta_description|script_count_high|image_count_high|missing_expected_schema|image_alt_duplicate_on_page
https://triprindia.com/pages/size-chart,https://triprindia.com/pages/size-chart,false,0,200,page,Mens SweatShirts & Jackets Size Chart – TRIPR,,https://triprindia.com/pages/size-chart,,true,indexable,https://triprindia.com/pages/size-chart,true,Mens SweatShirts & Jackets Size Chart,1,250,155,594,38,11,1,1,4,2,0,,false,6,6,40,,true,JudgeMe,missing_meta_description|missing_image_alt|script_count_high|missing_expected_schema|image_missing_dimensions
https://triprindia.com/pages/mens-cargos-size-chart,https://triprindia.com/pages/mens-cargos-size-chart,false,0,200,page,Mens Cargos Size Chart – TRIPR,,https://triprindia.com/pages/mens-cargos-size-chart,,true,indexable,https://triprindia.com/pages/mens-cargos-size-chart,true,Mens Cargos Size Chart,1,246,155,595,38,11,1,1,4,2,0,,false,6,6,40,,true,JudgeMe,missing_meta_description|missing_image_alt|script_count_high|missing_expected_schema|image_missing_dimensions
https://triprindia.com/pages/mens-shirt-size-chart,https://triprindia.com/pages/mens-shirt-size-chart,false,0,200,page,Mens Shirt Size Chart – TRIPR,,https://triprindia.com/pages/mens-shirt-size-chart,,true,indexable,https://triprindia.com/pages/mens-shirt-size-chart,true,Mens Shirt Size Chart,1,246,155,595,38,11,1,1,4,2,0,,false,6,5,40,,true,JudgeMe,missing_meta_description|script_count_high|missing_expected_schema|image_missing_dimensions
https://triprindia.com/pages/mens-vest-size-chart,https://triprindia.com/pages/mens-vest-size-chart,false,0,200,page,Mens Vest Size Chart – TRIPR,,https://triprindia.com/pages/mens-vest-size-chart,,true,indexable,https://triprindia.com/pages/mens-vest-size-chart,true,Mens Vest Size Chart,1,246,155,595,38,11,1,1,4,2,0,,false,6,6,40,,true,JudgeMe,missing_meta_description|missing_image_alt|script_count_high|missing_expected_schema|image_missing_dimensions
https://triprindia.com/pages/boys-t-shirt-size-chart,https://triprindia.com/pages/boys-t-shirt-size-chart,false,0,200,page,Boys T-Shirt Size Chart – TRIPR,,https://triprindia.com/pages/boys-t-shirt-size-chart,,true,indexable,https://triprindia.com/pages/boys-t-shirt-size-chart,true,Boys T-Shirt Size Chart,1,246,155,595,38,11,1,1,4,2,0,,false,6,6,40,,true,JudgeMe,missing_meta_description|missing_image_alt|script_count_high|missing_expected_schema|image_missing_dimensions
https://triprindia.com/pages/oversized-t-shirt-size-chart,https://triprindia.com/pages/oversized-t-shirt-size-chart,false,0,200,page,Oversized T-Shirt Size Chart – TRIPR,,https://triprindia.com/pages/oversized-t-shirt-size-chart,,true,indexable,https://triprindia.com/pages/oversized-t-shirt-size-chart,true,Oversized T-Shirt Size Chart,1,246,155,595,38,11,1,1,4,2,0,,false,6,6,40,,true,JudgeMe,missing_meta_description|missing_image_alt|script_count_high|missing_expected_schema|image_missing_dimensions
https://triprindia.com/pages/co-ords-size-chart,https://triprindia.com/pages/co-ords-size-chart,false,0,200,page,Co-ords Size Chart – TRIPR,,https://triprindia.com/pages/co-ords-size-chart,,true,indexable,https://triprindia.com/pages/co-ords-size-chart,true,Co-ords Size Chart,1,244,155,594,38,11,1,1,4,2,0,,false,6,6,40,,true,JudgeMe,missing_meta_description|missing_image_alt|script_count_high|missing_expected_schema|image_missing_dimensions
https://triprindia.com/pages/mens-shirt-size-chart-1,https://triprindia.com/pages/mens-shirt-size-chart-1,false,0,200,page,Mens Shirt Size Chart – TRIPR,,https://triprindia.com/pages/mens-shirt-size-chart-1,,true,indexable,https://triprindia.com/pages/mens-shirt-size-chart-1,true,Mens Shirt Size Chart,1,246,155,594,38,11,1,1,4,2,0,,false,6,6,40,,true,JudgeMe,missing_meta_description|missing_image_alt|script_count_high|missing_expected_schema|image_missing_dimensions
https://triprindia.com/pages/track-order,https://triprindia.com/pages/track-order,false,0,200,page,Track Order – TRIPR,Order number Please provide the order number of the order to be tracked. Email / Phone Please provide your phone number or email id. Fetch details Order details Tracking details Shipping address Order items Error,https://triprindia.com/pages/track-order,,true,indexable,https://triprindia.com/pages/track-order,true,Track Order,1,277,166,652,40,12,2,1,4,2,0,,false,5,5,40,,true,JudgeMe,title_length|meta_description_length|script_count_high|missing_expected_schema
https://triprindia.com/pages/polo-size-chart,https://triprindia.com/pages/polo-size-chart,false,0,200,page,polo size chart – TRIPR,,https://triprindia.com/pages/polo-size-chart,,true,indexable,https://triprindia.com/pages/polo-size-chart,true,polo size chart,1,244,155,595,38,11,1,1,4,2,0,,false,6,5,40,,true,JudgeMe,title_length|missing_meta_description|script_count_high|missing_expected_schema|image_missing_dimensions
https://triprindia.com/pages/fk-sweatshirt-size-chart,https://triprindia.com/pages/fk-sweatshirt-size-chart,false,0,200,page,(FK) Sweatshirt Size Chart – TRIPR,,https://triprindia.com/pages/fk-sweatshirt-size-chart,,true,indexable,https://triprindia.com/pages/fk-sweatshirt-size-chart,true,(FK) Sweatshirt Size Chart,1,246,155,595,38,11,1,1,4,2,0,,false,6,6,40,,true,JudgeMe,missing_meta_description|missing_image_alt|script_count_high|missing_expected_schema|image_missing_dimensions
https://triprindia.com/pages/fk-jacket-size-chart,https://triprindia.com/pages/fk-jacket-size-chart,false,0,200,page,(FK) Jacket Size Chart – TRIPR,,https://triprindia.com/pages/fk-jacket-size-chart,,true,indexable,https://triprindia.com/pages/fk-jacket-size-chart,true,(FK) Jacket Size Chart,1,246,155,595,38,11,1,1,4,2,0,,false,6,6,40,,true,JudgeMe,missing_meta_description|missing_image_alt|script_count_high|missing_expected_schema|image_missing_dimensions
https://triprindia.com/pages/size-chart-full-hand-t-shirtfk,https://triprindia.com/pages/size-chart-full-hand-t-shirtfk,false,0,200,page,Size Chart Full Hand T-shirt(FK) – TRIPR,,https://triprindia.com/pages/size-chart-full-hand-t-shirtfk,,true,indexable,https://triprindia.com/pages/size-chart-full-hand-t-shirtfk,true,Size Chart Full Hand T-shirt(FK),1,248,155,595,38,11,1,1,4,2,0,,false,6,6,40,,true,JudgeMe,missing_meta_description|missing_image_alt|script_count_high|missing_expected_schema|image_missing_dimensions
https://triprindia.com/pages/size-chat-loose-fit-t-shirtfk,https://triprindia.com/pages/size-chat-loose-fit-t-shirtfk,false,0,200,page,Loose Fit T-shirt Size Chart – TRIPR,,https://triprindia.com/pages/size-chat-loose-fit-t-shirtfk,,true,indexable,https://triprindia.com/pages/size-chat-loose-fit-t-shirtfk,true,Loose Fit T-shirt Size Chart,1,248,155,595,38,11,1,1,4,2,0,,false,6,6,40,,true,JudgeMe,missing_meta_description|missing_image_alt|script_count_high|missing_expected_schema|image_missing_dimensions
https://triprindia.com/pages/cargo-pant-size-chart-fk,https://triprindia.com/pages/cargo-pant-size-chart-fk,false,0,200,page,Cargo Pant Size Chart – TRIPR,,https://triprindia.com/pages/cargo-pant-size-chart-fk,,true,indexable,https://triprindia.com/pages/cargo-pant-size-chart-fk,true,Cargo Pant Size Chart,1,246,155,595,38,11,1,1,4,2,0,,false,6,6,40,,true,JudgeMe,missing_meta_description|missing_image_alt|script_count_high|missing_expected_schema|image_missing_dimensions
https://triprindia.com/pages/trackpant-size-chart-fk,https://triprindia.com/pages/trackpant-size-chart-fk,false,0,200,page,Track Pant Size Chart – TRIPR,,https://triprindia.com/pages/trackpant-size-chart-fk,,true,indexable,https://triprindia.com/pages/trackpant-size-chart-fk,true,Track Pant Size Chart,1,246,155,595,38,11,1,1,4,2,0,,false,6,6,40,,true,JudgeMe,missing_meta_description|missing_image_alt|script_count_high|missing_expected_schema|image_missing_dimensions
https://triprindia.com/pages/tracksuit-fullsleeve-trackpant-fk,https://triprindia.com/pages/tracksuit-fullsleeve-trackpant-fk,false,0,200,page,Tracksuit - Fullsleeve T-Shirt + Trackpant – TRIPR,,https://triprindia.com/pages/tracksuit-fullsleeve-trackpant-fk,,true,indexable,https://triprindia.com/pages/tracksuit-fullsleeve-trackpant-fk,true,Tracksuit - Fullsleeve T-Shirt + Trackpant,1,250,155,595,38,11,1,1,4,2,0,,false,6,6,40,,true,JudgeMe,missing_meta_description|missing_image_alt|script_count_high|missing_expected_schema|image_missing_dimensions
https://triprindia.com/pages/tracksuit-halfsleeve-trackpant-fk,https://triprindia.com/pages/tracksuit-halfsleeve-trackpant-fk,false,0,200,page,Tracksuit - Halfsleeve T-Shirt + Trackpant – TRIPR,,https://triprindia.com/pages/tracksuit-halfsleeve-trackpant-fk,,true,indexable,https://triprindia.com/pages/tracksuit-halfsleeve-trackpant-fk,true,Tracksuit - Halfsleeve T-Shirt + Trackpant,1,250,155,595,38,11,1,1,4,2,0,,false,6,6,40,,true,JudgeMe,missing_meta_description|missing_image_alt|script_count_high|missing_expected_schema|image_missing_dimensions
https://triprindia.com/pages/tracksuit-loosefit-trackpant-fk,https://triprindia.com/pages/tracksuit-loosefit-trackpant-fk,false,0,200,page,Tracksuit - LooseFit + Trackpant – TRIPR,,https://triprindia.com/pages/tracksuit-loosefit-trackpant-fk,,true,indexable,https://triprindia.com/pages/tracksuit-loosefit-trackpant-fk,true,Tracksuit - LooseFit + Trackpant,1,248,155,595,38,11,1,1,4,2,0,,false,6,6,40,,true,JudgeMe,missing_meta_description|missing_image_alt|script_count_high|missing_expected_schema|image_missing_dimensions
https://triprindia.com/pages/loose-fit-cargo-size-chart,https://triprindia.com/pages/loose-fit-cargo-size-chart,false,0,200,page,Baggy Cargos Size Chart – TRIPR,,https://triprindia.com/pages/loose-fit-cargo-size-chart,,true,indexable,https://triprindia.com/pages/loose-fit-cargo-size-chart,true,Baggy Cargos Size Chart,1,246,155,595,38,11,1,1,4,2,0,,false,6,6,40,,true,JudgeMe,missing_meta_description|missing_image_alt|script_count_high|missing_expected_schema|image_missing_dimensions
https://triprindia.com/pages/men-trunks-size-chart,https://triprindia.com/pages/men-trunks-size-chart,false,0,200,page,Men Trunks Size Chart – TRIPR,,https://triprindia.com/pages/men-trunks-size-chart,,true,indexable,https://triprindia.com/pages/men-trunks-size-chart,true,Men Trunks Size Chart,1,246,155,595,38,11,1,1,4,2,0,,false,6,6,40,,true,JudgeMe,missing_meta_description|missing_image_alt|script_count_high|missing_expected_schema|image_missing_dimensions
https://triprindia.com/pages/big-tripr-festival,https://triprindia.com/pages/big-tripr-festival,false,0,200,page,BIG TRIPR FESTIVAL,,https://triprindia.com/pages/big-tripr-festival,,true,indexable,https://triprindia.com/pages/big-tripr-festival,true,BIG TRIPR FESTIVAL,1,242,155,592,38,11,1,1,4,2,0,,false,5,5,40,,true,JudgeMe,title_length|missing_meta_description|script_count_high|missing_expected_schema
https://triprindia.com/pages/kids-t-shirt-age-10-16-size-chart,https://triprindia.com/pages/kids-t-shirt-age-10-16-size-chart,false,0,200,page,Kids T-shirt (Age 10 - 16) Size Chart – TRIPR,,https://triprindia.com/pages/kids-t-shirt-age-10-16-size-chart,,true,indexable,https://triprindia.com/pages/kids-t-shirt-age-10-16-size-chart,true,Kids T-shirt (Age 10 - 16) Size Chart,1,254,155,595,38,11,1,1,4,2,0,,false,6,6,40,,true,JudgeMe,missing_meta_description|missing_image_alt|script_count_high|missing_expected_schema|image_missing_dimensions
https://triprindia.com/pages/kids-wear-size-chart,https://triprindia.com/pages/kids-wear-size-chart,false,0,200,page,Kids Wear Size Chart – TRIPR,,https://triprindia.com/pages/kids-wear-size-chart,,true,indexable,https://triprindia.com/pages/kids-wear-size-chart,true,Kids Wear Size Chart,1,246,155,595,38,11,1,1,4,2,0,,false,6,6,40,,true,JudgeMe,missing_meta_description|missing_image_alt|script_count_high|missing_expected_schema|image_missing_dimensions
https://triprindia.com/pages/buy-3-at-999,https://triprindia.com/pages/buy-3-at-999,false,0,200,page,Buy 3 Sweatshirts and More For ₹999 Online Bundle Sale – TRIPR,Shop Any 3 Sweatshirts and more For 999 Rs. Online Bundle Sale Offer. Select Your Own 3 Products and more For Just ₹999/- From Our Stylish Bundle Collections and Enjoy Fastest Delivery | Easy 7 Days Returns,https://triprindia.com/pages/buy-3-at-999,,true,indexable,https://triprindia.com/pages/buy-3-at-999,true,,0,248,159,595,39,11,1,1,4,2,0,,false,5,5,40,,true,JudgeMe,meta_description_length|missing_h1|serp_boilerplate_meta_description|script_count_high|missing_expected_schema
https://triprindia.com/pages/men-sweatshirt-jacket-size-chart,https://triprindia.com/pages/men-sweatshirt-jacket-size-chart,false,0,200,page,*Men Sweatshirt & Jacket - Size Chart* – TRIPR,,https://triprindia.com/pages/men-sweatshirt-jacket-size-chart,,true,indexable,https://triprindia.com/pages/men-sweatshirt-jacket-size-chart,true,*Men Sweatshirt & Jacket - Size Chart*,1,252,155,595,38,11,1,1,4,2,0,,false,6,6,40,,true,JudgeMe,missing_meta_description|missing_image_alt|script_count_high|missing_expected_schema|image_missing_dimensions
https://triprindia.com/pages/buy-3-for-799,https://triprindia.com/pages/buy-3-for-799,false,0,200,page,Buy 3 for ₹799 Online - Pick any 3 for 799 Rs – TRIPR,"Buy any 3 for 799 Rs. Bundle sale Online, Mix and match your favorite cloths and enjoy fastest delivery only at triprindia.com",https://triprindia.com/pages/buy-3-for-799,,true,indexable,https://triprindia.com/pages/buy-3-for-799,true,,0,250,160,595,39,11,1,1,4,2,0,,false,5,5,40,,true,JudgeMe,missing_h1|serp_boilerplate_meta_description|script_count_high|missing_expected_schema
https://triprindia.com/pages/men-shorts-size-chart,https://triprindia.com/pages/men-shorts-size-chart,false,0,200,page,Men Shorts Size Chart* – TRIPR,,https://triprindia.com/pages/men-shorts-size-chart,,true,indexable,https://triprindia.com/pages/men-shorts-size-chart,true,Men Shorts Size Chart*,1,246,155,595,38,11,1,1,4,2,0,,false,6,5,40,,true,JudgeMe,missing_meta_description|script_count_high|missing_expected_schema|image_missing_dimensions
https://triprindia.com/pages/full-and-half-sleeves-mens-t-shirt-size-chart-in-inches,https://triprindia.com/pages/full-and-half-sleeves-mens-t-shirt-size-chart-in-inches,false,0,200,page,Full and Half Sleeves Men's T-Shirt Size Chart in Inches – TRIPR,,https://triprindia.com/pages/full-and-half-sleeves-mens-t-shirt-size-chart-in-inches,,true,indexable,https://triprindia.com/pages/full-and-half-sleeves-mens-t-shirt-size-chart-in-inches,true,Full and Half Sleeves Men's T-Shirt Size Chart in Inches,1,258,155,595,38,11,1,1,4,2,0,,false,6,6,40,,true,JudgeMe,missing_meta_description|missing_image_alt|script_count_high|missing_expected_schema|image_missing_dimensions
https://triprindia.com/pages/tracksuit-set-shirt-and-short-size-chart,https://triprindia.com/pages/tracksuit-set-shirt-and-short-size-chart,false,0,200,page,Tracksuit Set - Shirt and Shorts Size Chart – TRIPR,,https://triprindia.com/pages/tracksuit-set-shirt-and-short-size-chart,,true,indexable,https://triprindia.com/pages/tracksuit-set-shirt-and-short-size-chart,true,Tracksuit Set - Shirt and Shorts Size Chart,1,254,155,595,38,11,1,1,4,2,0,,false,6,6,40,,true,JudgeMe,missing_meta_description|missing_image_alt|script_count_high|missing_expected_schema|image_missing_dimensions
https://triprindia.com/pages/tracksuit-set-halfsleeve-tshirt-shorts-size-chart,https://triprindia.com/pages/tracksuit-set-halfsleeve-tshirt-shorts-size-chart,false,0,200,page,Tracksuit Set - Halfsleeve Tshirt + Shorts Size Chart – TRIPR,,https://triprindia.com/pages/tracksuit-set-halfsleeve-tshirt-shorts-size-chart,,true,indexable,https://triprindia.com/pages/tracksuit-set-halfsleeve-tshirt-shorts-size-chart,true,Tracksuit Set - Halfsleeve Tshirt + Shorts Size Chart,1,256,155,595,38,11,1,1,4,2,0,,false,6,6,40,,true,JudgeMe,missing_meta_description|missing_image_alt|script_count_high|missing_expected_schema|image_missing_dimensions
https://triprindia.com/pages/tracksuit-sweatshirt-jacket-cargo-jogger-size-chart,https://triprindia.com/pages/tracksuit-sweatshirt-jacket-cargo-jogger-size-chart,false,0,200,page,Tracksuit - Sweatshirt/Jacket & Cargo Jogger Size chart – TRIPR,,https://triprindia.com/pages/tracksuit-sweatshirt-jacket-cargo-jogger-size-chart,,true,indexable,https://triprindia.com/pages/tracksuit-sweatshirt-jacket-cargo-jogger-size-chart,true,Tracksuit - Sweatshirt/Jacket & Cargo Jogger Size chart,1,254,155,595,38,11,1,1,4,2,0,,false,6,6,40,,true,JudgeMe,missing_meta_description|missing_image_alt|script_count_high|missing_expected_schema|image_missing_dimensions
https://triprindia.com/pages/tracksuit-sweatshirt-jacket-baggy-cargo-size-chart,https://triprindia.com/pages/tracksuit-sweatshirt-jacket-baggy-cargo-size-chart,false,0,200,page,Tracksuit - Sweatshirt/Jacket + Baggy Cargo Size Chart – TRIPR,,https://triprindia.com/pages/tracksuit-sweatshirt-jacket-baggy-cargo-size-chart,,true,indexable,https://triprindia.com/pages/tracksuit-sweatshirt-jacket-baggy-cargo-size-chart,true,Tracksuit - Sweatshirt/Jacket + Baggy Cargo Size Chart,1,254,155,595,38,11,1,1,4,2,0,,false,6,5,40,,true,JudgeMe,missing_meta_description|script_count_high|missing_expected_schema|image_missing_dimensions
https://triprindia.com/pages/baggy-track-pant-size-chart,https://triprindia.com/pages/baggy-track-pant-size-chart,false,0,200,page,Baggy Track pant Size Chart – TRIPR,,https://triprindia.com/pages/baggy-track-pant-size-chart,,true,indexable,https://triprindia.com/pages/baggy-track-pant-size-chart,true,Baggy Track pant Size Chart,1,248,155,595,38,11,1,1,4,2,0,,false,6,6,40,,true,JudgeMe,missing_meta_description|missing_image_alt|script_count_high|missing_expected_schema|image_missing_dimensions
https://triprindia.com/pages/tracksuit-polo-tshirt-and-track-pant-size-chart,https://triprindia.com/pages/tracksuit-polo-tshirt-and-track-pant-size-chart,false,0,200,page,Tracksuit - Polo tshirt and Track Pant Size Chart – TRIPR,,https://triprindia.com/pages/tracksuit-polo-tshirt-and-track-pant-size-chart,,true,indexable,https://triprindia.com/pages/tracksuit-polo-tshirt-and-track-pant-size-chart,true,Tracksuit - Polo tshirt and Track Pant Size Chart,1,256,155,595,38,11,1,1,4,2,0,,false,6,5,40,,true,JudgeMe,missing_meta_description|script_count_high|missing_expected_schema|image_missing_dimensions
https://triprindia.com/pages/tracksuit-polo-tshirt-and-cargo,https://triprindia.com/pages/tracksuit-polo-tshirt-and-cargo,false,0,200,page,Tracksuit - Polo tshirt and Cargo – TRIPR,,https://triprindia.com/pages/tracksuit-polo-tshirt-and-cargo,,true,indexable,https://triprindia.com/pages/tracksuit-polo-tshirt-and-cargo,true,Tracksuit - Polo tshirt and Cargo,1,250,155,595,38,11,1,1,4,2,0,,false,6,6,40,,true,JudgeMe,missing_meta_description|missing_image_alt|script_count_high|missing_expected_schema|image_missing_dimensions
https://triprindia.com/pages/tracksuit-polo-tshirt-and-baggy-cargo,https://triprindia.com/pages/tracksuit-polo-tshirt-and-baggy-cargo,false,0,200,page,Tracksuit - Polo tshirt and Baggy cargo – TRIPR,,https://triprindia.com/pages/tracksuit-polo-tshirt-and-baggy-cargo,,true,indexable,https://triprindia.com/pages/tracksuit-polo-tshirt-and-baggy-cargo,true,Tracksuit - Polo tshirt and Baggy cargo,1,252,155,595,38,11,1,1,4,2,0,,false,6,6,40,,true,JudgeMe,missing_meta_description|missing_image_alt|script_count_high|missing_expected_schema|image_missing_dimensions
https://triprindia.com/pages/tracksuit-tshirt-and-baggy-track-pant-size-chart,https://triprindia.com/pages/tracksuit-tshirt-and-baggy-track-pant-size-chart,false,0,200,page,Tracksuit - Tshirt and Baggy Track Pant Size Chart – TRIPR,,https://triprindia.com/pages/tracksuit-tshirt-and-baggy-track-pant-size-chart,,true,indexable,https://triprindia.com/pages/tracksuit-tshirt-and-baggy-track-pant-size-chart,true,Tracksuit - Tshirt and Baggy Track Pant Size Chart,1,256,155,595,38,11,1,1,4,2,0,,false,6,6,40,,true,JudgeMe,missing_meta_description|missing_image_alt|script_count_high|missing_expected_schema|image_missing_dimensions
https://triprindia.com/collections/printed-vest,https://triprindia.com/collections/printed-vest,false,0,200,collection,Buy Men’s Vest Starting At ₹169 | Vest Combos For ₹299 Online – TRIPR,"Buy Vests for Men Online at Just ₹169, Vest Combos for ₹299. Shop Graphic Printed, Sleeveless and Casual Vests from TRIPR India.",https://triprindia.com/collections/printed-vest,,true,indexable,https://triprindia.com/collections/printed-vest,true,Vest for Men,1,1035,364,2186,40,12,1,1,4,2,42,,true,20,4,57,CollectionPage,true,JudgeMe,title_length|dom_size_large|script_count_high|image_count_high|large_image_url_width|primary_image_lazy_loaded|schema_name_h1_mismatch|image_alt_duplicate_on_page|collection_missing_itemlist_schema|collection_missing_faq_content
https://triprindia.com/collections/track-pants-for-men,https://triprindia.com/collections/track-pants-for-men,false,0,200,collection,Buy Track Pants For Men & Track pants Combo Online – TRIPR,"Shop Men's Track Pants Starting at ₹249 & Combos at ₹399 Online Affordable Sale. Explore Solid, Printed, Multi Colour, Cuffed & Baggy Track Pants in One Place and Get Coupons Offers at Checkout.",https://triprindia.com/collections/track-pants-for-men,,true,indexable,https://triprindia.com/collections/track-pants-for-men,true,Track Pants For Men,1,1496,334,1870,40,12,1,1,4,2,45,,true,20,4,60,CollectionPage,true,JudgeMe,meta_description_length|dom_size_large|script_count_high|image_count_high|large_image_url_width|primary_image_lazy_loaded|image_alt_duplicate_on_page|collection_missing_itemlist_schema|collection_missing_faq_content
https://triprindia.com/collections/sweatshirt-for-mens,https://triprindia.com/collections/sweatshirt-for-mens,false,0,200,collection,Buy Sweatshirts For Men Online at ₹389 – TRIPR,Keep the chill off in style with Winter Sweatshirts starting at just ₹389. Find warm sweatshirts featuring trendy styles at TRIPR India. Enjoy Your perfect winter look is waiting for you.,https://triprindia.com/collections/sweatshirt-for-mens,,true,indexable,https://triprindia.com/collections/sweatshirt-for-mens,true,Sweatshirts For Men,1,1662,378,1884,41,12,1,1,4,2,51,,true,20,4,60,CollectionPage|FAQPage,true,JudgeMe,meta_description_length|dom_size_large|script_count_high|image_count_high|large_image_url_width|primary_image_lazy_loaded|image_alt_duplicate_on_page|collection_missing_itemlist_schema|collection_excessive_duplicate_product_links
https://triprindia.com/collections/shirts,https://triprindia.com/collections/shirts,false,0,200,collection,Buy Shirts For Men Online at ₹249 – TRIPR,Shop Shirts for men at just ₹249 Online. Huge Collections of Mens Shirts Available on Smart Casuals and Formals at affordable prices. Get the Fastest Shipping & Easy Returns for 7 Days.,https://triprindia.com/collections/shirts,,true,indexable,https://triprindia.com/collections/shirts,true,Shirts For Men,1,613,269,1176,40,12,1,1,4,2,55,,true,20,4,53,CollectionPage,true,JudgeMe,meta_description_length|script_count_high|image_count_high|large_image_url_width|primary_image_lazy_loaded|image_alt_duplicate_on_page|collection_missing_itemlist_schema|collection_missing_faq_content
https://triprindia.com/collections/all-tshirt,https://triprindia.com/collections/all-tshirt,false,0,200,collection,Buy New Arrival T-Shirts For Men Online – TRIPR,Shop Newly Dropped Tshirts Online. Explore Latest Collections of Tshirts for men at TRIPR India. Shop Now and Enjoy ✓fastest delivery ✓Easy Return & Exchanges.,https://triprindia.com/collections/all-tshirt,,true,indexable,https://triprindia.com/collections/all-tshirt,true,Latest TShirts for Men,1,1126,375,2224,40,12,1,1,4,2,55,,true,20,4,57,CollectionPage,true,JudgeMe,serp_boilerplate_meta_description|dom_size_large|script_count_high|image_count_high|large_image_url_width|primary_image_lazy_loaded|image_alt_duplicate_on_page|collection_meta_description_boilerplate|collection_missing_itemlist_schema|collection_missing_faq_content
https://triprindia.com/collections/top-pick-travel-jacket,https://triprindia.com/collections/top-pick-travel-jacket,false,0,200,collection,Buy Top Pick Travel Jacket Online | TRIPR INDIA,Buy top pick travel jacket online in India at best prices. Explore the huge collection of latest travel jacket online. Shop Now!,https://triprindia.com/collections/top-pick-travel-jacket,,true,indexable,https://triprindia.com/collections/top-pick-travel-jacket,true,Top Pick Travel Jackets,1,486,249,1131,40,12,1,1,4,2,0,,true,20,4,52,CollectionPage,true,JudgeMe,script_count_high|primary_image_lazy_loaded|image_alt_duplicate_on_page|collection_missing_itemlist_schema|collection_missing_faq_content
https://triprindia.com/collections/kids-tshirt,https://triprindia.com/collections/kids-tshirt,false,0,200,collection,Buy Kids T-Shirts Online Sale at an Affordable Prices – TRIPR,"Explore Latest Collection of Kid Boys & Kid Girls t-shirts online at an Affordable Prices in India. Shop for stylish Printed, Polo, Solid, Hooded t-shirts for Kids and Combo tshirts as well. Order NOW!",https://triprindia.com/collections/kids-tshirt,,true,indexable,https://triprindia.com/collections/kids-tshirt,true,Kids Wear,1,439,202,951,40,12,1,1,4,2,0,,true,10,5,47,CollectionPage,true,JudgeMe,meta_description_length|script_count_high|primary_image_lazy_loaded|image_alt_duplicate_on_page|collection_missing_itemlist_schema|collection_missing_faq_content|thin_collection_product_count
https://triprindia.com/collections/polos,https://triprindia.com/collections/polos,false,0,200,collection,Buy Polo T-Shirts For Men | Polo Combos for ₹459 Online – TRIPR,Shop Polo T-shirts for Men at ₹299 and Polo Combos for ₹459. Perfect for Office or Casual wear.,https://triprindia.com/collections/polos,,true,indexable,https://triprindia.com/collections/polos,true,Polo T-Shirts For Men,1,1315,355,1848,40,12,1,1,4,2,53,,true,20,5,60,CollectionPage,true,JudgeMe,missing_image_alt|dom_size_large|script_count_high|image_count_high|large_image_url_width|primary_image_lazy_loaded|schema_name_h1_mismatch|image_alt_duplicate_on_page|collection_missing_itemlist_schema|collection_missing_faq_content|collection_excessive_duplicate_product_links
https://triprindia.com/collections/jacket,https://triprindia.com/collections/jacket,false,0,200,collection,Buy Jackets For Men at ₹399 Online – TRIPR,"Shop Men's Jackets for Just ₹399. Explore Casual Jackets, Plain Jackets, Printed Jackets and More Jackets Below ₹500 Offer Price from TRIPR India and enjoy ✓fastest delivery ✓ Easy 7 days Return",https://triprindia.com/collections/jacket,,true,indexable,https://triprindia.com/collections/jacket,true,Jackets for Men,1,611,272,1254,40,12,1,1,4,2,8,,true,20,4,59,CollectionPage,true,JudgeMe,meta_description_length|serp_boilerplate_meta_description|script_count_high|image_count_high|large_image_url_width|primary_image_lazy_loaded|image_alt_duplicate_on_page|collection_meta_description_boilerplate|collection_missing_itemlist_schema|collection_missing_faq_content
https://triprindia.com/collections/track-suite,https://triprindia.com/collections/track-suite,false,0,200,collection,Buy Track Suit For Men Starting at Rs.379 Online – TRIPR,Shop Track Suit For Men Starting at ₹379 Online. Explore Various Top and Bottom Matching Sets of Track Suits at budget friendly prices.,https://triprindia.com/collections/track-suite,,true,indexable,https://triprindia.com/collections/track-suite,true,Track Suits For Men,1,1735,470,2423,40,12,1,1,4,2,35,,true,20,9,60,CollectionPage,true,JudgeMe,missing_image_alt|dom_size_large|script_count_high|image_count_high|large_image_url_width|primary_image_lazy_loaded|schema_name_h1_mismatch|image_alt_duplicate_on_page|collection_missing_itemlist_schema|collection_missing_faq_content|collection_excessive_duplicate_product_links
https://triprindia.com/collections/shorts,https://triprindia.com/collections/shorts,false,0,200,collection,Shop Men’s Shorts | Shorts Combos for ₹339 Online – TRIPR,"Shop Men’s Shorts Online starting at just ₹229 Get combo packs at ₹339. Experience the best in comfort & quality with regular fit shorts. Explore printed, solid, and striped designs only at TRIPR India and Enjoy✓Quick Delivery✓7 Days Returns",https://triprindia.com/collections/shorts,,true,indexable,https://triprindia.com/collections/shorts,true,Shorts For Men,1,1050,496,2323,40,12,1,1,4,2,35,,true,20,4,60,CollectionPage,true,JudgeMe,meta_description_length|dom_size_large|script_count_high|image_count_high|large_image_url_width|primary_image_lazy_loaded|image_alt_duplicate_on_page|collection_missing_itemlist_schema|collection_missing_faq_content|collection_excessive_duplicate_product_links
https://triprindia.com/collections/new-collections,https://triprindia.com/collections/new-collections,false,0,200,collection,Shop New Arrivals Men Clothes Online – TRIPR,Buy men's fashion clothes new arrival collection online Tripr India. Explore new arrivals & variety of fashionable cotton clothes. Shop now,https://triprindia.com/collections/new-collections,,true,indexable,https://triprindia.com/collections/new-collections,true,New Arrivals,1,1035,386,2222,40,12,1,1,4,2,55,,true,20,4,57,CollectionPage,true,JudgeMe,dom_size_large|script_count_high|image_count_high|large_image_url_width|primary_image_lazy_loaded|image_alt_duplicate_on_page|collection_title_too_generic|collection_missing_itemlist_schema|collection_missing_faq_content
https://triprindia.com/collections/half-sleeve-t-shirt,https://triprindia.com/collections/half-sleeve-t-shirt,false,0,200,collection,Buy Half Sleeve T-Shirts For Men Online at ₹189 – TRIPR,Buy Half Sleeve T-Shirts for Men Starts From ₹189. Discover a wide range of Designs & Styles with Fastest delivery and Hassle-free 7-day returns or exchanges.,https://triprindia.com/collections/half-sleeve-t-shirt,,true,indexable,https://triprindia.com/collections/half-sleeve-t-shirt,true,Half Sleeve T-Shirts For Men,1,1118,376,2225,40,12,1,1,4,2,45,,true,20,4,58,CollectionPage,true,JudgeMe,serp_boilerplate_meta_description|dom_size_large|script_count_high|image_count_high|large_image_url_width|primary_image_lazy_loaded|image_alt_duplicate_on_page|collection_meta_description_boilerplate|collection_missing_itemlist_schema|collection_missing_faq_content
https://triprindia.com/collections/full-sleeve-t-shirt-for-men,https://triprindia.com/collections/full-sleeve-t-shirt-for-men,false,0,200,collection,Buy Full Sleeve T-Shirts For Men Online – TRIPR,Shop Full Sleeve Men's T-Shirts Starting at ₹239 | Explore Huge Collections Of Full Sleeve T-shirts for men at Affordable prices and Enjoy Fastest Delivery | Easy 7 days Returns,https://triprindia.com/collections/full-sleeve-t-shirt-for-men,,true,indexable,https://triprindia.com/collections/full-sleeve-t-shirt-for-men,true,Full Sleeve T-Shirts For Men,1,1299,427,2290,40,12,1,1,4,2,38,,true,20,4,60,CollectionPage,true,JudgeMe,meta_description_length|serp_boilerplate_meta_description|dom_size_large|script_count_high|image_count_high|large_image_url_width|primary_image_lazy_loaded|image_alt_duplicate_on_page|collection_meta_description_boilerplate|collection_missing_itemlist_schema|collection_missing_faq_content|collection_excessive_duplicate_product_links
https://triprindia.com/collections/oversized-tshirt,https://triprindia.com/collections/oversized-tshirt,false,0,200,collection,Buy Oversized T-Shirts For Men From ₹239 Online – TRIPR,Buy Oversized T-Shirts for Men at ₹239 | Oversized T-Shirts Combo at ₹349 Online. Explore Graphic and Plain Oversized T-Shirts at affordable prices & Enjoy Fastest delivery and 7-day returns.,https://triprindia.com/collections/oversized-tshirt,,true,indexable,https://triprindia.com/collections/oversized-tshirt,true,Oversized T-Shirts For Men,1,985,401,2013,40,12,1,1,4,2,54,,true,20,4,60,CollectionPage,true,JudgeMe,meta_description_length|serp_boilerplate_meta_description|dom_size_large|script_count_high|image_count_high|large_image_url_width|primary_image_lazy_loaded|image_alt_duplicate_on_page|collection_meta_description_boilerplate|collection_missing_itemlist_schema|collection_missing_faq_content
https://triprindia.com/collections/printed-tshirt,https://triprindia.com/collections/printed-tshirt,false,0,200,collection,Buy Printed T-shirts For Men | Graphics & Typography Tees Online – TRIPR,"Shop Printed T-Shirts Starts From ₹189 Online - Explore Graphics Design Printed T-shirts, Typography T-Shirts and More at TRIPR India and Enjoy ✓fastest delivery ✓Easy 7 Days Returns",https://triprindia.com/collections/printed-tshirt,,true,indexable,https://triprindia.com/collections/printed-tshirt,true,Printed T-shirts For Men,1,1028,361,2195,40,12,1,1,4,2,15,,true,20,4,53,CollectionPage,true,JudgeMe,title_length|meta_description_length|serp_boilerplate_meta_description|dom_size_large|script_count_high|image_count_high|large_image_url_width|primary_image_lazy_loaded|image_alt_duplicate_on_page|collection_meta_description_boilerplate|collection_missing_itemlist_schema|collection_missing_faq_content
https://triprindia.com/collections/plain-tshirt,https://triprindia.com/collections/plain-tshirt,false,0,200,collection,Buy Plain T-Shirts For Men Starting at ₹189 – TRIPR,Shop Plain Colour T-Shirts For Men Online Starting at Just ₹189. Choose from a wide range of Plain Colour T-shirts at Affordable prices from TRIPR India. Enjoy ✓fastest delivery and ✓easy 7-day returns.,https://triprindia.com/collections/plain-tshirt,,true,indexable,https://triprindia.com/collections/plain-tshirt,true,Plain T-shirts for Men,1,1185,508,2315,40,12,1,1,4,2,18,,true,20,4,60,CollectionPage,true,JudgeMe,meta_description_length|serp_boilerplate_meta_description|html_size_large|dom_size_large|script_count_high|image_count_high|large_image_url_width|primary_image_lazy_loaded|image_alt_duplicate_on_page|collection_meta_description_boilerplate|collection_missing_itemlist_schema|collection_missing_faq_content|collection_excessive_duplicate_product_links
https://triprindia.com/collections/travel-jacket,https://triprindia.com/collections/travel-jacket,false,0,200,collection,Travel Jacket – TRIPR,Travel Jacket,https://triprindia.com/collections/travel-jacket,,true,indexable,https://triprindia.com/collections/travel-jacket,true,Travel Jacket,1,436,226,1025,40,12,1,1,4,2,0,,true,20,4,47,CollectionPage,true,JudgeMe,title_length|meta_description_length|serp_description_duplicates_title|serp_description_duplicates_h1|script_count_high|primary_image_lazy_loaded|image_alt_duplicate_on_page|collection_missing_itemlist_schema|collection_missing_faq_content
https://triprindia.com/collections/all,https://triprindia.com/collections/all,false,0,200,collection,Men's Fashion - Shop Men Clothes Online at an Affordable Prices – TRIPR,Shop Men's Apparels From ₹209 Online. Explore Various Clothes and Combo Apparels at TRIPR INDIA and Get ✓Quick delivery ✓7 Days Returns,https://triprindia.com/collections/all,,true,indexable,https://triprindia.com/collections/all,true,TRIPR FASHION SALE,1,1212,510,2404,40,12,1,1,4,2,41,,true,20,5,60,CollectionPage,true,JudgeMe,title_length|serp_title_h1_mismatch|html_size_large|dom_size_large|script_count_high|image_count_high|large_image_url_width|primary_image_lazy_loaded|image_alt_duplicate_on_page|collection_missing_itemlist_schema|collection_missing_faq_content|collection_excessive_duplicate_product_links
https://triprindia.com/collections/cargo-pants-for-men,https://triprindia.com/collections/cargo-pants-for-men,false,0,200,collection,Buy Cargo Pants and Joggers For Men Online – TRIPR,Buy Cargo Pants & Joggers For Men Starting at Rs.299. Online Sale on huge variety of men Cargo Pants & Joggers at TRIPR India - Get the perfect Cargo Pant and enjoy ✓Fastest delivery,https://triprindia.com/collections/cargo-pants-for-men,,true,indexable,https://triprindia.com/collections/cargo-pants-for-men,true,Cargo Pants For Men,1,1466,349,1914,40,12,1,1,4,2,45,,true,20,4,60,CollectionPage,true,JudgeMe,meta_description_length|serp_boilerplate_meta_description|dom_size_large|script_count_high|image_count_high|large_image_url_width|primary_image_lazy_loaded|image_alt_duplicate_on_page|collection_meta_description_boilerplate|collection_missing_itemlist_schema|collection_missing_faq_content
https://triprindia.com/collections/t-shirt,https://triprindia.com/collections/t-shirt,false,0,200,collection,Buy T-Shirts For Men Online Starting at ₹209 – TRIPR,"Buy Men's T-Shirts Online at TRIPR India for ₹209, Explore Our Largest Collection of T-Shirts at Affordable Prices, and Take Advantage of Our Quickest Shipping and Easy 7-Day Return/Exchange Policy.",https://triprindia.com/collections/t-shirt,,true,indexable,https://triprindia.com/collections/t-shirt,true,T-Shirts for Men,1,1566,396,2354,40,12,1,1,4,2,50,,true,20,12,60,CollectionPage,true,JudgeMe,meta_description_length|missing_image_alt|dom_size_large|script_count_high|image_count_high|large_image_url_width|primary_image_lazy_loaded|image_alt_duplicate_on_page|collection_missing_itemlist_schema|collection_missing_faq_content
https://triprindia.com/collections/bottom-wear,https://triprindia.com/collections/bottom-wear,false,0,200,collection,Shop Men's Bottom Wear Online – TRIPR,"Buy Bottom Wears For Men at Affordable prices. Explore Solid, Printed and Combo Bottom Wear Collections for Men Online. Enjoy Discounts and Coupons.",https://triprindia.com/collections/bottom-wear,,true,indexable,https://triprindia.com/collections/bottom-wear,true,Bottom Wear for Men,1,1037,408,2233,40,12,1,1,4,2,45,,true,20,4,60,CollectionPage,true,JudgeMe,dom_size_large|script_count_high|image_count_high|large_image_url_width|primary_image_lazy_loaded|image_alt_duplicate_on_page|collection_missing_itemlist_schema|collection_missing_faq_content|collection_excessive_duplicate_product_links
https://triprindia.com/collections/men-innerwear-trunks,https://triprindia.com/collections/men-innerwear-trunks,false,0,200,collection,Buy Underwear Trunks For Men Online | Trunks Combo For Men Online – TRIPR,Shop Men Trunks For ₹199 | Trunks Combo for ₹349. Comfy Fabric Printed and Plain with Combo Packs at an Affordable Price From TRIPR India and Enjoy Fastest Delivery,https://triprindia.com/collections/men-innerwear-trunks,,true,indexable,https://triprindia.com/collections/men-innerwear-trunks,true,Trunks / Combo for Men,1,627,298,1379,40,12,1,1,4,2,2,,true,20,4,60,CollectionPage,true,JudgeMe,title_length|meta_description_length|serp_boilerplate_meta_description|script_count_high|image_count_high|primary_image_lazy_loaded|schema_name_h1_mismatch|image_alt_duplicate_on_page|collection_meta_description_boilerplate|collection_missing_itemlist_schema|collection_missing_faq_content
https://triprindia.com/collections/drop-shoulder-t-shirts,https://triprindia.com/collections/drop-shoulder-t-shirts,false,0,200,collection,Buy Drop Shoulder T-shirt For Men Online – TRIPR,Shop Drop Shoulder T-shirts for men online at 249 Rs. Available in various styles and colors. Get Offers and Coupons only at TRIPR INDIA.,https://triprindia.com/collections/drop-shoulder-t-shirts,,true,indexable,https://triprindia.com/collections/drop-shoulder-t-shirts,true,Drop Shoulder T-Shirts for Men,1,586,272,1233,40,12,1,1,4,2,30,,true,20,4,55,CollectionPage,true,JudgeMe,script_count_high|image_count_high|large_image_url_width|primary_image_lazy_loaded|image_alt_duplicate_on_page|collection_missing_itemlist_schema|collection_missing_faq_content
https://triprindia.com/collections/t-shirt-combo,https://triprindia.com/collections/t-shirt-combo,false,0,200,collection,Buy T-Shirts Combos For Men Online – TRIPR,Shop T-Shirts Combos For Men Starts From ₹309. Explore Various Packs Of Combo Tees for Men Online. Shop Now,https://triprindia.com/collections/t-shirt-combo,,true,indexable,https://triprindia.com/collections/t-shirt-combo,true,T-Shirt Combos For Men,1,1294,462,2281,40,12,1,1,4,2,1,,true,20,4,60,CollectionPage,true,JudgeMe,dom_size_large|script_count_high|image_count_high|primary_image_lazy_loaded|image_alt_duplicate_on_page|collection_missing_itemlist_schema|collection_missing_faq_content|collection_excessive_duplicate_product_links
https://triprindia.com/collections/hooded-t-shirt,https://triprindia.com/collections/hooded-t-shirt,false,0,200,collection,Buy Hooded T-Shirts For Men Online – TRIPR,"Shop Hooded T Shirts For Men Online. Buy 2 for ₹429. Explore Hooded T-shirt with Mask, Printed Hooded T-shirts and More Varieties Of Hoodie T-shirts at Best Prices.",https://triprindia.com/collections/hooded-t-shirt,,true,indexable,https://triprindia.com/collections/hooded-t-shirt,true,Hooded T-Shirts For Men,1,913,337,1604,40,12,1,1,4,2,40,,true,20,4,60,CollectionPage,true,JudgeMe,meta_description_length|dom_size_large|script_count_high|image_count_high|large_image_url_width|primary_image_lazy_loaded|image_alt_duplicate_on_page|collection_missing_itemlist_schema|collection_missing_faq_content|collection_excessive_duplicate_product_links
https://triprindia.com/collections/winter-jackets-and-sweatshirts-for-men,https://triprindia.com/collections/winter-jackets-and-sweatshirts-for-men,false,0,200,collection,Buy Jackets & Sweatshirts for Men Starting at ₹389 Online – TRIPR,Shop Sweatshirts & Jackets for Men starting at just ₹389. Grab the Best Sweatshirts and Jackets at affordable prices. Enjoy fastest delivery | East returns and exchanges.,https://triprindia.com/collections/winter-jackets-and-sweatshirts-for-men,,true,indexable,https://triprindia.com/collections/winter-jackets-and-sweatshirts-for-men,true,Jackets & Sweatshirts for Men,1,990,326,1664,40,12,1,1,4,2,39,,true,20,4,60,CollectionPage,true,JudgeMe,meta_description_length|serp_boilerplate_meta_description|dom_size_large|script_count_high|image_count_high|large_image_url_width|primary_image_lazy_loaded|image_alt_duplicate_on_page|collection_meta_description_boilerplate|collection_missing_itemlist_schema|collection_missing_faq_content|collection_excessive_duplicate_product_links
https://triprindia.com/collections/best-seller,https://triprindia.com/collections/best-seller,false,0,200,collection,Shop TRIPR INDIA Best Sellers Online,"Buy Our Best Selling Tees, Trackpants, Jackets, Sweatshirts and more online at triprindia.com and enjoy fastest delivery",https://triprindia.com/collections/best-seller,,true,indexable,https://triprindia.com/collections/best-seller,true,Best Sellers,1,1095,406,2265,40,12,1,1,4,2,34,,true,20,4,60,CollectionPage,true,JudgeMe,serp_boilerplate_meta_description|dom_size_large|script_count_high|image_count_high|large_image_url_width|primary_image_lazy_loaded|image_alt_duplicate_on_page|collection_meta_description_boilerplate|collection_missing_itemlist_schema|collection_missing_faq_content|collection_excessive_duplicate_product_links
https://triprindia.com/collections/top-sellers,https://triprindia.com/collections/top-sellers,false,0,200,collection,Buy Top Sellers of TRIPR INDIA Online,Expore Top Selling Products Of TRIPR INDIA Online. Enjoy Coupons and Offers at Checkout.,https://triprindia.com/collections/top-sellers,,true,indexable,https://triprindia.com/collections/top-sellers,true,Top Sellers,1,1048,454,2253,40,12,1,1,4,2,35,,true,20,4,60,CollectionPage,true,JudgeMe,dom_size_large|script_count_high|image_count_high|large_image_url_width|primary_image_lazy_loaded|image_alt_duplicate_on_page|collection_missing_itemlist_schema|collection_missing_faq_content|collection_excessive_duplicate_product_links
https://triprindia.com/collections/loose-fit-cargo-trousers,https://triprindia.com/collections/loose-fit-cargo-trousers,false,0,200,collection,Buy Baggy Cargo Pants For Men at ₹359 Online – TRIPR,Shop Loose fit Baggy Style cargo pants for men online at ₹359 | Get 2 for ₹649. Explore Our Baggy cargo pants at affodable prices.,https://triprindia.com/collections/loose-fit-cargo-trousers,,true,indexable,https://triprindia.com/collections/loose-fit-cargo-trousers,true,Baggy Cargo Pants For Men,1,716,312,1435,40,12,1,1,4,2,45,,true,20,4,60,CollectionPage,true,JudgeMe,script_count_high|image_count_high|large_image_url_width|primary_image_lazy_loaded|image_alt_duplicate_on_page|collection_missing_itemlist_schema|collection_missing_faq_content|collection_excessive_duplicate_product_links
https://triprindia.com/collections/top-wear-collections,https://triprindia.com/collections/top-wear-collections,false,0,200,collection,Buy Men Top Wear Collections Online | Affordabe Prices – TRIPR,"Explore Top wears - Tshirts Under ₹100 | Sweatshirts Hoodies Under ₹500 | Jackets Under ₹500 and More Top Trending Collections of Men Tshirts, Hoodies, Jackets, Sweatshirts at an affordable prices and enjoy fast delivery | easy 7 days return",https://triprindia.com/collections/top-wear-collections,,true,indexable,https://triprindia.com/collections/top-wear-collections,true,,0,1072,410,2262,40,12,1,1,4,2,34,,true,20,4,60,CollectionPage,true,JudgeMe,meta_description_length|missing_h1|dom_size_large|script_count_high|image_count_high|large_image_url_width|primary_image_lazy_loaded|image_alt_duplicate_on_page|collection_missing_itemlist_schema|collection_missing_faq_content|collection_excessive_duplicate_product_links
https://triprindia.com/collections/high-neck-t-shirts,https://triprindia.com/collections/high-neck-t-shirts,false,0,200,collection,Buy High Neck T-Shirts With Zip For Men Online – TRIPR,"Shop High Neck T-Shirts For Men at just ₹239. Made of Cotton Fabric, Regular Fit and Enjoy Fastest Delivery, Easy 7 Days Returns Only at TRIPR India",https://triprindia.com/collections/high-neck-t-shirts,,true,indexable,https://triprindia.com/collections/high-neck-t-shirts,true,High Neck T-Shirts for Men,1,1615,352,1874,40,12,1,1,4,2,34,,true,20,4,60,CollectionPage,true,JudgeMe,serp_boilerplate_meta_description|dom_size_large|script_count_high|image_count_high|large_image_url_width|primary_image_lazy_loaded|image_alt_duplicate_on_page|collection_meta_description_boilerplate|collection_missing_itemlist_schema|collection_missing_faq_content
https://triprindia.com/collections/mandarin-collar-t-shirts,https://triprindia.com/collections/mandarin-collar-t-shirts,false,0,200,collection,Buy Mandarin Collar T-Shirts For Men Online – TRIPR,"Shop Mandarin Collar T-shirts. Now Buy Half & Full Sleeves at the Same Prices ₹259 Online Sale, Wear Unique Mandarin Collar Tshirts and Enjoy Fastest Delivery | Easy Returns Exchanges.",https://triprindia.com/collections/mandarin-collar-t-shirts,,true,indexable,https://triprindia.com/collections/mandarin-collar-t-shirts,true,Mandarin Collar T-Shirts,1,855,308,1578,40,12,1,1,4,2,0,,true,20,4,60,CollectionPage,true,JudgeMe,meta_description_length|serp_boilerplate_meta_description|dom_size_large|script_count_high|image_count_high|primary_image_lazy_loaded|schema_name_h1_mismatch|image_alt_duplicate_on_page|collection_meta_description_boilerplate|collection_missing_itemlist_schema|collection_missing_faq_content
https://triprindia.com/collections/winter-tracksuits,https://triprindia.com/collections/winter-tracksuits,false,0,200,collection,Buy Any Winter Tracksuits @ 699 Same Prices Online – TRIPR,Buy Winter Tracksuits for just ₹699 in our Winter Season Sale. Set includes a warm sweatshirt or jacket with jogger pant to keep you cozy in chilly weather. Order now for the lowest prices.,https://triprindia.com/collections/winter-tracksuits,,true,indexable,https://triprindia.com/collections/winter-tracksuits,true,Winter Track suits for Men,1,994,410,1833,40,12,1,1,4,2,35,,true,20,4,60,CollectionPage,true,JudgeMe,meta_description_length|serp_title_h1_mismatch|dom_size_large|script_count_high|large_image_url_width|primary_image_lazy_loaded|image_alt_duplicate_on_page|collection_missing_itemlist_schema|collection_missing_faq_content|collection_excessive_duplicate_product_links
https://triprindia.com/collections/baniyan-for-men,https://triprindia.com/collections/baniyan-for-men,false,0,200,collection,Buy Baniyan For Men Online – TRIPR,"Shop Baniyan For Men Online at 129 Rs, Combos for 249 Rs. Cotton blend Fabric, all day comfortable, and enjoy fastest delivery, Easy return and exchanges",https://triprindia.com/collections/baniyan-for-men,,true,indexable,https://triprindia.com/collections/baniyan-for-men,true,Baniyan For Men,1,895,321,1863,40,12,1,1,4,2,45,,true,20,4,53,CollectionPage,true,JudgeMe,serp_boilerplate_meta_description|dom_size_large|script_count_high|image_count_high|large_image_url_width|primary_image_lazy_loaded|image_alt_duplicate_on_page|collection_meta_description_boilerplate|collection_missing_itemlist_schema|collection_missing_faq_content
https://triprindia.com/collections/textured-tshirts-for-men,https://triprindia.com/collections/textured-tshirts-for-men,false,0,200,collection,Buy Textured T-Shirts For Men Online – TRIPR,Shop Textured T-Shirts for Men at Affordable Prices Online. Stylish Waffle Pattern Textured T-Shirts available and enjoy fastest delivery and easy 7 days return,https://triprindia.com/collections/textured-tshirts-for-men,,true,indexable,https://triprindia.com/collections/textured-tshirts-for-men,true,Textured T-Shirts for Men,1,407,192,891,40,12,1,1,4,2,5,,true,10,5,43,CollectionPage,true,JudgeMe,serp_boilerplate_meta_description|script_count_high|primary_image_lazy_loaded|image_alt_duplicate_on_page|collection_meta_description_boilerplate|collection_missing_itemlist_schema|collection_missing_faq_content|thin_collection_product_count
https://triprindia.com/collections/combos,https://triprindia.com/collections/combos,false,0,200,collection,Buy Combo Clothes For Men Online | Combo sets – TRIPR,Shop Combo Dresses For Men Online Starts From ₹309. Explore Various Combo Dress Sets for men at Affordable Prices from TRIPR INDIA.,https://triprindia.com/collections/combos,,true,indexable,https://triprindia.com/collections/combos,true,Combos for Men,1,1131,527,2336,40,12,1,1,4,2,35,,true,20,4,60,CollectionPage,true,JudgeMe,html_size_large|dom_size_large|script_count_high|image_count_high|large_image_url_width|primary_image_lazy_loaded|image_alt_duplicate_on_page|collection_missing_itemlist_schema|collection_missing_faq_content|collection_excessive_duplicate_product_links
https://triprindia.com/collections/innerwear,https://triprindia.com/collections/innerwear,false,0,200,collection,Buy Men's Innerwear at Best Price Online – TRIPR,Shop Men's Innerwears Online at Low Price Offer. Best for Everyday comfortable at TRIPR INDIA.,https://triprindia.com/collections/innerwear,,true,indexable,https://triprindia.com/collections/innerwear,true,,0,667,322,1545,40,12,1,1,4,2,30,,true,20,4,60,CollectionPage,true,JudgeMe,missing_h1|dom_size_large|script_count_high|image_count_high|large_image_url_width|primary_image_lazy_loaded|image_alt_duplicate_on_page|collection_missing_itemlist_schema|collection_missing_faq_content
https://triprindia.com/blogs/news,https://triprindia.com/blogs/news,false,0,200,blog,Blogs – TRIPR,,https://triprindia.com/blogs/news,,true,indexable,https://triprindia.com/blogs/news,true,Blogs,1,763,194,801,39,12,1,1,5,3,4,,false,12,5,60,,true,JudgeMe,title_length|missing_meta_description|script_count_high|missing_expected_schema
https://triprindia.com/blogs/news/common-terms-of-the-t-shirt-designs,https://triprindia.com/blogs/news/common-terms-of-the-t-shirt-designs,false,0,200,article,Common terms of the T-Shirt Designs – TRIPR,"Today the modern T-shirt has laid a massive textile and fashion industry, value over two-billion dollars to the world's retail trade. In India, Tirupur T Shirts are the best clothing materials desired by most of the consumers in India. They provide the humble piece of attire to various kinds of styles and fashion cultu",https://triprindia.com/blogs/news/common-terms-of-the-t-shirt-designs,,true,indexable,https://triprindia.com/blogs/news/common-terms-of-the-t-shirt-designs,true,Common terms of the T-Shirt Designs,1,748,188,748,39,11,1,1,6,3,0,,false,7,6,51,Article,true,JudgeMe,meta_description_length|missing_image_alt|script_count_high|image_missing_dimensions
https://triprindia.com/blogs/news/essential-lookout-of-t-shirt-wardrobe,https://triprindia.com/blogs/news/essential-lookout-of-t-shirt-wardrobe,false,0,200,article,Essential lookout of T Shirt wardrobe – TRIPR,People across the world began to adopt more and more comfortable alternative shirt models. Due to the highly recognizable Lexion cultural the word “T Shirt” was coined. A consumer can get lots of individuality by wearing T Shirts and lot of regaining the dressing sense of style. Nowadays people are not satisfied with t,https://triprindia.com/blogs/news/essential-lookout-of-t-shirt-wardrobe,,true,indexable,https://triprindia.com/blogs/news/essential-lookout-of-t-shirt-wardrobe,true,Essential lookout of T Shirt wardrobe,1,722,188,755,39,11,1,1,6,3,0,,false,7,5,50,Article,true,JudgeMe,meta_description_length|script_count_high|image_alt_too_short
https://triprindia.com/blogs/news/how-clothes-influence-our-performance,https://triprindia.com/blogs/news/how-clothes-influence-our-performance,false,0,200,article,How Clothes Influence Our Performance – TRIPR,"The person’s appearance strongly influences the perception of the other people that can be reflected in your financial success, authority, suitability and reality for promotion or to getting a new job.  Whether if you can speak or not, but your clothings can able to communicate with others.  What you wear not only used",https://triprindia.com/blogs/news/how-clothes-influence-our-performance,,true,indexable,https://triprindia.com/blogs/news/how-clothes-influence-our-performance,true,How Clothes Influence Our Performance,1,877,192,766,39,11,1,1,6,3,0,,false,7,5,51,Article,true,JudgeMe,meta_description_length|script_count_high|image_alt_too_short|image_missing_dimensions
https://triprindia.com/blogs/news/t-shirt-transfer-printing-method,https://triprindia.com/blogs/news/t-shirt-transfer-printing-method,false,0,200,article,T Shirt Transfer Printing Method – TRIPR,"Transfer Printing is the inexpensive method to make a bulk T Shirt order within our budget. The Basic method of the Transfer Printing is to transfer an image from the one surface to the other surface. Transfer Printing is the permanent solution to provide last longer T Shirt designs. Firstly, this printing method used",https://triprindia.com/blogs/news/t-shirt-transfer-printing-method,,true,indexable,https://triprindia.com/blogs/news/t-shirt-transfer-printing-method,true,T Shirt Transfer Printing Method,1,567,186,766,39,11,1,1,6,3,0,,false,6,5,49,Article,true,JudgeMe,meta_description_length|script_count_high
https://triprindia.com/blogs/news/benefits-of-wearing-sweatpants,https://triprindia.com/blogs/news/benefits-of-wearing-sweatpants,false,0,200,article,Benefits of Wearing Sweatpants – TRIPR,"The sweatpants are not really used for sweating, the sweatpants are the second pattern coming from the “sew fit” storyboard assortment words.  The dressing pattern to fit is now the trend of the garment’s market. The sweatpants gives some traditional looks with room around legs without the dragging of hems and being fl",https://triprindia.com/blogs/news/benefits-of-wearing-sweatpants,,true,indexable,https://triprindia.com/blogs/news/benefits-of-wearing-sweatpants,true,Benefits of Wearing Sweatpants,1,608,186,759,39,11,1,1,6,3,0,,false,6,5,49,Article,true,JudgeMe,meta_description_length|script_count_high
https://triprindia.com/blogs/news/how-to-buy-indian-ethnic-wear-outfit,https://triprindia.com/blogs/news/how-to-buy-indian-ethnic-wear-outfit,false,0,200,article,How to buy Indian Ethnic wear outfit – TRIPR,Indian ethnic wear is one of the elegant and classy outfit materials in the Indian fashion. Ethnic wears are the most famous outlook apparels across the globe. Ethnic wear that has used to grabbed the eyeballs of the Indian fashion Industry. Most of the fashion experts and people believe that the ethnic wear of the Ind,https://triprindia.com/blogs/news/how-to-buy-indian-ethnic-wear-outfit,,true,indexable,https://triprindia.com/blogs/news/how-to-buy-indian-ethnic-wear-outfit,true,How to buy Indian Ethnic wear outfit,1,673,187,750,39,11,1,1,6,3,0,,false,6,5,49,Article,true,JudgeMe,meta_description_length|script_count_high
https://triprindia.com/blogs/news/best-online-clothing-shops-in-india,https://triprindia.com/blogs/news/best-online-clothing-shops-in-india,false,0,200,article,Best online clothing shops in India – TRIPR,Online shopping is one of the trendiest technique for purchasing latest model clothing materials for you. Here in this hub we will provide some useful information about the best sites for online clothes shopping in India. Myntra Jabang Tripr Flipkart Koovs Myntra The Myntra is one of the biggest online shopping website,https://triprindia.com/blogs/news/best-online-clothing-shops-in-india,,true,indexable,https://triprindia.com/blogs/news/best-online-clothing-shops-in-india,true,Best online clothing shops in India,1,708,190,813,39,11,1,1,6,3,0,,false,6,5,50,Article,true,JudgeMe,meta_description_length|script_count_high
https://triprindia.com/blogs/news/the-essential-thing-an-army-man-need,https://triprindia.com/blogs/news/the-essential-thing-an-army-man-need,false,0,200,article,"The essential thing, An Army man need – TRIPR","The time change, tactics change and equipment also change, but the military man does not change. An Indian Army Forces are the largest land based component. The primary mission of the Indian Army is to defend the nation from the internal and external threat aggression and the national unity and national security. They",https://triprindia.com/blogs/news/the-essential-thing-an-army-man-need,,true,indexable,https://triprindia.com/blogs/news/the-essential-thing-an-army-man-need,true,"The essential thing, An Army man need",1,934,193,779,39,11,1,1,6,3,0,,false,6,5,51,Article,true,JudgeMe,meta_description_length|script_count_high
https://triprindia.com/blogs/news/fashion-tips-for-choosing-your-best-clothings,https://triprindia.com/blogs/news/fashion-tips-for-choosing-your-best-clothings,false,0,200,article,Fashion Tips for Choosing Your Best Clothing's – TRIPR,Everyone wants the convenient online shopping experience at an inexpensive price! The fashion clothing online shopping techniques have taken today’s youth’s fascination. The fashionable trending cloth designs provide maximum availability and numerous options to get spoilt for choices for buying fashionable clothes. Now,https://triprindia.com/blogs/news/fashion-tips-for-choosing-your-best-clothings,,true,indexable,https://triprindia.com/blogs/news/fashion-tips-for-choosing-your-best-clothings,true,Fashion Tips for Choosing Your Best Clothing's,1,858,193,772,39,11,1,1,6,3,0,,false,6,5,49,Article,true,JudgeMe,meta_description_length|script_count_high
https://triprindia.com/blogs/news/5-reasons-why-online-shopping-is-better-than-offline-shopping,https://triprindia.com/blogs/news/5-reasons-why-online-shopping-is-better-than-offline-shopping,false,0,200,article,5 Reasons why online shopping is better than offline shopping – TRIPR,Online shopping is the well-known shopping techniques was used by the most of the shoppers in India. Online shopping has lot of benefits more than a normal offline store shopping. Online shopping for both men and women consist of the multiple collections of stuffs. Buying a branded wardrobe collection is the top sellin,https://triprindia.com/blogs/news/5-reasons-why-online-shopping-is-better-than-offline-shopping,,true,indexable,https://triprindia.com/blogs/news/5-reasons-why-online-shopping-is-better-than-offline-shopping,true,5 Reasons why online shopping is better than offline shopping,1,873,192,769,39,11,1,1,6,3,0,,false,6,5,49,Article,true,JudgeMe,title_length|meta_description_length|script_count_high
https://triprindia.com/blogs/news/do-you-know-the-types-of-shorts,https://triprindia.com/blogs/news/do-you-know-the-types-of-shorts,false,0,200,article,Do you know the types of shorts? – TRIPR,Shorts are one of the appropriate clothing material to get more comfy at all time. Shorts Online Shopping is one of the best ways to avail the latest collections of shorts at best pricing deals. Today’s modern world the clothing markets are endless. The new innovative ideas and designs be appropriate to the present clo,https://triprindia.com/blogs/news/do-you-know-the-types-of-shorts,,true,indexable,https://triprindia.com/blogs/news/do-you-know-the-types-of-shorts,true,Do you know the types of shorts?,1,1129,199,828,39,11,1,1,6,3,0,,false,6,5,51,Article,true,JudgeMe,meta_description_length|script_count_high
https://triprindia.com/blogs/news/types-of-winter-wear-jackets-for-women,https://triprindia.com/blogs/news/types-of-winter-wear-jackets-for-women,false,0,200,article,Types of winter wear jackets for women – TRIPR,Buy winter wear jackets through online retail shopping portals through online is one of the best way to get all of your clothing stuffs at affordable price rate. There are more numbers of online retail shopping platforms are available in the market to deliver the maximum amount of shopping experience to their users. Th,https://triprindia.com/blogs/news/types-of-winter-wear-jackets-for-women,,true,indexable,https://triprindia.com/blogs/news/types-of-winter-wear-jackets-for-women,true,Types of winter wear jackets for women,1,958,195,784,39,11,1,1,6,3,0,,false,6,5,49,Article,true,JudgeMe,meta_description_length|script_count_high
https://triprindia.com/blogs/news/how-to-choose-the-best-summer-fashion-clothing-collections,https://triprindia.com/blogs/news/how-to-choose-the-best-summer-fashion-clothing-collections,false,0,200,article,How to choose the best summer fashion clothing collections? – TRIPR,The heat is coming! Are you ready to prevent your body into the heat rash? Wearing the right clothes for the summer season is the best option to beat the heat and protect yourself. Tirupur T shirts Wholesale Market and cotton shirt manufacture in tirupur will delivers the best fabric clothing materials for all season.,https://triprindia.com/blogs/news/how-to-choose-the-best-summer-fashion-clothing-collections,,true,indexable,https://triprindia.com/blogs/news/how-to-choose-the-best-summer-fashion-clothing-collections,true,How to choose the best summer fashion clothing collections?,1,786,190,767,39,11,1,1,6,3,0,,false,6,5,50,Article,true,JudgeMe,title_length|meta_description_length|script_count_high
https://triprindia.com/blogs/news/best-types-of-clothings-for-print-a-t-shirt,https://triprindia.com/blogs/news/best-types-of-clothings-for-print-a-t-shirt,false,0,200,article,Best Types of Clothings to Print a T Shirt – TRIPR,The process of choosing the right clothing materials to print a T-shirts play vital role in manufacturing the best quality wardrobe collections. The T Shirt printing process might be a bit complicated process. Apart from that if you find out the best quality of garment collections for your t shirt printing process that,https://triprindia.com/blogs/news/best-types-of-clothings-for-print-a-t-shirt,,true,indexable,https://triprindia.com/blogs/news/best-types-of-clothings-for-print-a-t-shirt,true,Best Types of Clothings to Print a T Shirt,1,650,187,749,39,11,1,1,6,3,1,,false,6,5,49,Article,true,JudgeMe,meta_description_length|script_count_high
https://triprindia.com/blogs/news/best-shirts-to-wear-with-jeans,https://triprindia.com/blogs/news/best-shirts-to-wear-with-jeans,false,0,200,article,Best shirts to wear with jeans – TRIPR,"Now let’s go through the fashion clothing sections, you already have a lot of outfit in your wardrobe collection. Most of them wondering about the best matching shirts and fashion apparels to wear with the jeans. Don’t need to think too much to make your choice here we will let you the best shirts to wear with the jean",https://triprindia.com/blogs/news/best-shirts-to-wear-with-jeans,,true,indexable,https://triprindia.com/blogs/news/best-shirts-to-wear-with-jeans,true,Best shirts to wear with jeans,1,637,185,760,39,11,1,1,6,3,0,,false,6,5,49,Article,true,JudgeMe,meta_description_length|script_count_high
https://triprindia.com/blogs/news/seamless-attires-for-memorable-day-and-beyond,https://triprindia.com/blogs/news/seamless-attires-for-memorable-day-and-beyond,false,0,200,article,Seamless Attires for Memorable Day and Beyond – TRIPR,"You have zipped yourself up with the awesome wardrobe collections in your special occasional events to make your day as a memorable one. Now, most of the people get excited over the changing in the fashion to get something worth for your money and valuable time. Here in this hub we will provide a lack of better descrip",https://triprindia.com/blogs/news/seamless-attires-for-memorable-day-and-beyond,,true,indexable,https://triprindia.com/blogs/news/seamless-attires-for-memorable-day-and-beyond,true,Seamless Attires for Memorable Day and Beyond,1,593,186,758,39,11,1,1,6,3,1,,false,6,5,49,Article,true,JudgeMe,meta_description_length|script_count_high
https://triprindia.com/blogs/news/everything-you-need-to-know-about-t-shirts,https://triprindia.com/blogs/news/everything-you-need-to-know-about-t-shirts,false,0,200,article,Everything You Need to Know About T Shirts – TRIPR,The T Shirt clothing are the most popular wardrobe collections for all time. In the clothing retail trade market T Shirt are the top most selling clothing collection preferred by all kind of users. The T shirt is the symbol of fashion industry revolution changes. The fact in the eighteenth century most of the men likes,https://triprindia.com/blogs/news/everything-you-need-to-know-about-t-shirts,,true,indexable,https://triprindia.com/blogs/news/everything-you-need-to-know-about-t-shirts,true,Everything You Need to Know About T Shirts,1,566,185,763,39,11,1,1,6,3,0,,false,6,5,49,Article,true,JudgeMe,meta_description_length|script_count_high
https://triprindia.com/blogs/news/tips-for-online-garment-shopping,https://triprindia.com/blogs/news/tips-for-online-garment-shopping,false,0,200,article,Tips for online garment shopping – TRIPR,The online cloth shopping is the complete convenience process for all kind of people. The online shopping process is the one kind of pleasure activity to get all of your desired stuff at affordable price rate. T Shirt Exporters in Tirupur is the best option to get all of your desired clothing materials within your budg,https://triprindia.com/blogs/news/tips-for-online-garment-shopping,,true,indexable,https://triprindia.com/blogs/news/tips-for-online-garment-shopping,true,Tips for online garment shopping,1,588,185,755,39,11,1,1,6,3,0,,false,6,5,49,Article,true,JudgeMe,meta_description_length|script_count_high
https://triprindia.com/blogs/news/how-to-make-your-online-clothes-shopping-easy-and-comfortable,https://triprindia.com/blogs/news/how-to-make-your-online-clothes-shopping-easy-and-comfortable,false,0,200,article,How to make your online clothes shopping easy and comfortable – TRIPR,The shopping is the difficult process in today’s modern world. No one has time to go shop to get their products. Online shopping is the latest trend to get all our desired stuffs without leaving home. Online shopping is one of the best way to make our hassle-free purchasing and we need only few minutes to make their sh,https://triprindia.com/blogs/news/how-to-make-your-online-clothes-shopping-easy-and-comfortable,,true,indexable,https://triprindia.com/blogs/news/how-to-make-your-online-clothes-shopping-easy-and-comfortable,true,How to make your online clothes shopping easy and comfortable,1,652,188,760,39,11,1,1,6,3,0,,false,6,5,50,Article,true,JudgeMe,title_length|meta_description_length|script_count_high
https://triprindia.com/blogs/news/why-people-love-wool-coats-than-the-normal-coats,https://triprindia.com/blogs/news/why-people-love-wool-coats-than-the-normal-coats,false,0,200,article,Why people love wool coats than the normal coats? – TRIPR,"When you looking to buy the best coat collection, there are many reasons behind to choose wool coats for your purchase. Not only to keep your body in a warm condition in all kind of environmental changes. The wool coats are more flameproof and provide more resistance than the normal cotton coat. The wool coat is also a",https://triprindia.com/blogs/news/why-people-love-wool-coats-than-the-normal-coats,,true,indexable,https://triprindia.com/blogs/news/why-people-love-wool-coats-than-the-normal-coats,true,Why people love wool coats than the normal coats?,1,678,187,751,39,11,1,1,6,3,0,,false,6,5,49,Article,true,JudgeMe,meta_description_length|script_count_high
https://triprindia.com/blogs/news/how-t-shirts-become-hotter-in-india,https://triprindia.com/blogs/news/how-t-shirts-become-hotter-in-india,false,0,200,article,How T Shirts become hotter in India – TRIPR,T Shirts are the most comfy and simple cotton shirt models to wear. Wearing trendy T Shirts is to become hot in India. Tirupur T Shirts are also one of the blends of latest Indian style cotton type T Shirt models. Most of then agree with that the what you wear will uses to show your attitude and personality type. T Shi,https://triprindia.com/blogs/news/how-t-shirts-become-hotter-in-india,,true,indexable,https://triprindia.com/blogs/news/how-t-shirts-become-hotter-in-india,true,How T Shirts become hotter in India,1,650,186,750,39,11,1,1,6,3,0,,false,6,5,49,Article,true,JudgeMe,meta_description_length|script_count_high
https://triprindia.com/blogs/news/things-to-consider-when-you-are-buying-clothes,https://triprindia.com/blogs/news/things-to-consider-when-you-are-buying-clothes,false,0,200,article,Things to consider when you are buying clothes – TRIPR,The style and comfy are the remarkable thing to consider when you are desire to buy new clothing collection. The fashion trends of the clothing collection are fits for your needs then we will feel perfect comfortable and confident level through our outfit wearing. Branded shirts online shopping is the best way to get t,https://triprindia.com/blogs/news/things-to-consider-when-you-are-buying-clothes,,true,indexable,https://triprindia.com/blogs/news/things-to-consider-when-you-are-buying-clothes,true,Things to consider when you are buying clothes,1,674,187,763,39,11,1,1,6,3,0,,false,6,5,49,Article,true,JudgeMe,meta_description_length|script_count_high
https://triprindia.com/blogs/news/what-you-should-wear-while-taking-photos,https://triprindia.com/blogs/news/what-you-should-wear-while-taking-photos,false,0,200,article,What you should wear while taking photos – TRIPR,"Nowadays most of the men dressed up well only for any kind of special events like as traditional events, business meetings, family occasions and so on. Looking good in front of the camera also the special for all even when it is a family picture and any kind of business slashes. Here in this article we will take one st",https://triprindia.com/blogs/news/what-you-should-wear-while-taking-photos,,true,indexable,https://triprindia.com/blogs/news/what-you-should-wear-while-taking-photos,true,What you should wear while taking photos,1,661,187,762,39,11,1,1,6,3,0,,false,6,5,49,Article,true,JudgeMe,meta_description_length|script_count_high
https://triprindia.com/blogs/news/how-to-steam-your-best-clothes-for-iron,https://triprindia.com/blogs/news/how-to-steam-your-best-clothes-for-iron,false,0,200,article,How to steam your best clothes for iron – TRIPR,Use your clothes for iron is a difficult way it can able to ended up looking worse than before. The irons are heavy and flat tools that could used to create smooth and wrinkle free clothing outlook surface to our garment collections. The steam iron is the one step process to keep the depth wrinkle surface into your clo,https://triprindia.com/blogs/news/how-to-steam-your-best-clothes-for-iron,,true,indexable,https://triprindia.com/blogs/news/how-to-steam-your-best-clothes-for-iron,true,How to steam your best clothes for iron,1,613,185,757,39,11,1,1,6,3,0,,false,6,5,49,Article,true,JudgeMe,meta_description_length|script_count_high
https://triprindia.com/blogs/news/how-to-choose-the-best-clothing-collections,https://triprindia.com/blogs/news/how-to-choose-the-best-clothing-collections,false,0,200,article,How to choose the best clothing collections? – TRIPR,When the summer season ends you may now not experience with your favourite clothing collections. In all kind of summer clothing materials have few layers and that the layers of clothing should be skinny and insulated.  This type of insulated thin clothing features is used to delivers the more modernised wardrobe collec,https://triprindia.com/blogs/news/how-to-choose-the-best-clothing-collections,,true,indexable,https://triprindia.com/blogs/news/how-to-choose-the-best-clothing-collections,true,How to choose the best clothing collections?,1,530,183,749,39,11,1,1,6,3,0,,false,6,5,49,Article,true,JudgeMe,meta_description_length|script_count_high
https://triprindia.com/blogs/news/significant-element-of-online-clothes-shopping,https://triprindia.com/blogs/news/significant-element-of-online-clothes-shopping,false,0,200,article,Significant element of online clothes shopping – TRIPR,The online shopping is the trendiest way to get all of our fashionable clothing stuffs at affordable price rate. There are huge numbers of online shopping portals offers the greatest shopping experience features to their users. Here we will let you to know some significant element of the online fashion clothes shopping,https://triprindia.com/blogs/news/significant-element-of-online-clothes-shopping,,true,indexable,https://triprindia.com/blogs/news/significant-element-of-online-clothes-shopping,true,Significant element of online clothes shopping,1,613,186,759,39,11,1,1,6,3,0,,false,6,5,49,Article,true,JudgeMe,meta_description_length|script_count_high
https://triprindia.com/blogs/news/how-to-choose-the-best-t-shirt-designs,https://triprindia.com/blogs/news/how-to-choose-the-best-t-shirt-designs,false,0,200,article,How to choose the best t shirt designs – TRIPR,The t shirt is one of the most preferred clothing collections that will provide huge look and feel features when we wear this compare than the any other clothing collection. Tirupur Cotton Dress Online shopping is the top most selling stuffs among the top most online retail shopping portals in India. The Tirupur cotton,https://triprindia.com/blogs/news/how-to-choose-the-best-t-shirt-designs,,true,indexable,https://triprindia.com/blogs/news/how-to-choose-the-best-t-shirt-designs,true,How to choose the best t shirt designs,1,623,186,765,39,11,1,1,6,3,0,,false,6,5,49,Article,true,JudgeMe,meta_description_length|script_count_high
https://triprindia.com/blogs/news/how-to-choose-the-best-sportswear-shorts,https://triprindia.com/blogs/news/how-to-choose-the-best-sportswear-shorts,false,0,200,article,How to choose the best sportswear shorts – TRIPR,Nowadays most of the people things that they can able to purchase their sport wear shorts just go and get without any taught. But the thing is not that we should consider many small things when we decide to get the new sport wear shorts. Shorts Online Shopping is the best way to get our sportswear t-shirts at an afford,https://triprindia.com/blogs/news/how-to-choose-the-best-sportswear-shorts,,true,indexable,https://triprindia.com/blogs/news/how-to-choose-the-best-sportswear-shorts,true,How to choose the best sportswear shorts,1,642,186,767,39,11,1,1,6,3,0,,false,6,5,49,Article,true,JudgeMe,meta_description_length|script_count_high
https://triprindia.com/blogs/news/benefits-of-wearing-polo-t-shirts,https://triprindia.com/blogs/news/benefits-of-wearing-polo-t-shirts,false,0,200,article,Benefits of wearing polo t shirts – TRIPR,The polo t shirts are actually first wear by the tennis players. The polo t shirts are having some unique features whenever we wear this kind of t shirt models to get unique style and comfort like formal clothing’s. now the office goers and the workers are also preferring to wear the polo t shirts to get comfier when t,https://triprindia.com/blogs/news/benefits-of-wearing-polo-t-shirts,,true,indexable,https://triprindia.com/blogs/news/benefits-of-wearing-polo-t-shirts,true,Benefits of wearing polo t shirts,1,663,187,762,39,11,1,1,6,3,0,,false,6,5,49,Article,true,JudgeMe,meta_description_length|script_count_high
https://triprindia.com/blogs/news/most-significant-element-to-check-when-you-are-buying-vintage-clothing,https://triprindia.com/blogs/news/most-significant-element-to-check-when-you-are-buying-vintage-clothing,false,0,200,article,Most significant element to check when you are buying vintage clothing – TRIPR,All we like to get the stylish and best fit clothing collection for all time. The clothing is one of the essential stuffs for all. There are more and more numbers of wardrobe collections are available in the market. The vintage garment also the one among of that and we can get our most preferred vintage garment collect,https://triprindia.com/blogs/news/most-significant-element-to-check-when-you-are-buying-vintage-clothing,,true,indexable,https://triprindia.com/blogs/news/most-significant-element-to-check-when-you-are-buying-vintage-clothing,true,Most significant element to check when you are buying vintage clothing,1,639,187,752,39,11,1,1,6,3,0,,false,6,5,49,Article,true,JudgeMe,title_length|meta_description_length|script_count_high
https://triprindia.com/blogs/news/types-of-shirts-men-should-have-to-wear,https://triprindia.com/blogs/news/types-of-shirts-men-should-have-to-wear,false,0,200,article,Types of shirts men should have to wear – TRIPR,"Wearing the nice wardrobe is the important factor to differentiate yourself from others. Of course, most of the people like that the same way you think. But no one like to wear the same model shirts manufacturing the best kind of shirt models with the unique kind of designs is not at all the easiest process. There are",https://triprindia.com/blogs/news/types-of-shirts-men-should-have-to-wear,,true,indexable,https://triprindia.com/blogs/news/types-of-shirts-men-should-have-to-wear,true,Types of shirts men should have to wear,1,724,188,770,39,11,1,1,6,3,0,,false,6,5,49,Article,true,JudgeMe,meta_description_length|script_count_high
https://triprindia.com/blogs/news/reason-behind-for-the-attraction-of-online-shopping-process,https://triprindia.com/blogs/news/reason-behind-for-the-attraction-of-online-shopping-process,false,0,200,article,Reason behind for the attraction of online shopping process – TRIPR,Nowadays in the competitive world all of us want to save our precious time. no one like to spend more time to complete their tasks in their day to day life activity. to achieve this benefit the online shopping services are introduced in the market. there are more and more numbers of people are preferring online as the,https://triprindia.com/blogs/news/reason-behind-for-the-attraction-of-online-shopping-process,,true,indexable,https://triprindia.com/blogs/news/reason-behind-for-the-attraction-of-online-shopping-process,true,Reason behind for the attraction of online shopping process,1,652,187,752,39,11,1,1,6,3,0,,false,6,5,50,Article,true,JudgeMe,title_length|meta_description_length|script_count_high
https://triprindia.com/blogs/news/things-to-consider-when-you-are-looking-for-the-fashion-online-shopping,https://triprindia.com/blogs/news/things-to-consider-when-you-are-looking-for-the-fashion-online-shopping,false,0,200,article,Things to consider when you are looking for the fashion online shoppin – TRIPR,Online fashion shopping trends have lot of shopping convenience to the shoppers. Through the online fashion shopping process is the best option we can avail the huge range of benefits like from the comfort of our home we can able to place our order with a hassle-free shopping experience. Through the online fashion shop,https://triprindia.com/blogs/news/things-to-consider-when-you-are-looking-for-the-fashion-online-shopping,,true,indexable,https://triprindia.com/blogs/news/things-to-consider-when-you-are-looking-for-the-fashion-online-shopping,true,Things to consider when you are looking for the fashion online shopping,1,652,188,768,39,11,1,1,6,3,0,,false,6,5,50,Article,true,JudgeMe,title_length|meta_description_length|script_count_high
https://triprindia.com/blogs/news/why-cotton-shirts-are-more-cool-and-comfy,https://triprindia.com/blogs/news/why-cotton-shirts-are-more-cool-and-comfy,false,0,200,article,Why cotton shirts are more cool and comfy – TRIPR,The cotton is the shirt for all season. when we try to buying the new shirt collections then cotton is the right fabric materials for all of your clothing collections. The cotton is the most preferred clothing among the all age group people in the clothing market. The Tirupur cotton dress online shopping is the best wa,https://triprindia.com/blogs/news/why-cotton-shirts-are-more-cool-and-comfy,,true,indexable,https://triprindia.com/blogs/news/why-cotton-shirts-are-more-cool-and-comfy,true,Why cotton shirts are more cool and comfy,1,572,185,763,39,11,1,1,6,3,0,,false,6,5,49,Article,true,JudgeMe,meta_description_length|script_count_high
https://triprindia.com/blogs/news/why-online-shopping-is-better-than-offline-shopping,https://triprindia.com/blogs/news/why-online-shopping-is-better-than-offline-shopping,false,0,200,article,Why online shopping is better than offline shopping – TRIPR,Nowadays the online shopping industry has huge range of population among the all age group people. Most of the people like to get all of their products through the trusted online retail shopping portals start from the vegetables to the air conditioners and many other household products that will uses in our day to day,https://triprindia.com/blogs/news/why-online-shopping-is-better-than-offline-shopping,,true,indexable,https://triprindia.com/blogs/news/why-online-shopping-is-better-than-offline-shopping,true,Why online shopping is better than offline shopping,1,648,186,767,39,11,1,1,6,3,0,,false,6,5,49,Article,true,JudgeMe,meta_description_length|script_count_high
https://triprindia.com/blogs/news/why-we-should-to-wear-cotton-shirts,https://triprindia.com/blogs/news/why-we-should-to-wear-cotton-shirts,false,0,200,article,Why we should to wear cotton shirts? – TRIPR,Usually the summer dressings are only associated with the cool cotton shirts to keep our body in the warm temperature. The cotton shirts are the such kind of clothing items that will delivers the stand out comfy whenever we wear this. Mainly the cotton type of clothing collections is the presentable outfit and the well,https://triprindia.com/blogs/news/why-we-should-to-wear-cotton-shirts,,true,indexable,https://triprindia.com/blogs/news/why-we-should-to-wear-cotton-shirts,true,Why we should to wear cotton shirts?,1,633,186,756,39,11,1,1,6,3,0,,false,6,5,49,Article,true,JudgeMe,meta_description_length|script_count_high
https://triprindia.com/blogs/news/online-shop-the-best-way-to-find-the-perfect-clothing-s,https://triprindia.com/blogs/news/online-shop-the-best-way-to-find-the-perfect-clothing-s,false,0,200,article,Online Shop - The Best Way to Find the Perfect Clothing’s – TRIPR,The online shopping is still so popular among the all kind of people across the globe because of its convenience and hassle-free shopping purposes. Nowadays there are huge range of modern features and technologies are arising in the online shopping technologies. Online garment shopping is one among that holds half of t,https://triprindia.com/blogs/news/online-shop-the-best-way-to-find-the-perfect-clothing-s,,true,indexable,https://triprindia.com/blogs/news/online-shop-the-best-way-to-find-the-perfect-clothing-s,true,Online Shop - The Best Way to Find the Perfect Clothing’s,1,633,186,750,39,11,1,1,6,3,0,,false,6,5,49,Article,true,JudgeMe,meta_description_length|script_count_high
https://triprindia.com/blogs/news/how-wholesale-t-shirts-impact-the-fashion,https://triprindia.com/blogs/news/how-wholesale-t-shirts-impact-the-fashion,false,0,200,article,How wholesale t shirts impact the fashion – TRIPR,The wholesale t shirts now become the most popular fashion trend that everyone in the world like to get the huge range of t shirt collections to wear. The t shirts collections are reflecting the huge impacts on the fashion industry. The wholesale t shirt evolved to delivers the trendy types of best t shirt collections,https://triprindia.com/blogs/news/how-wholesale-t-shirts-impact-the-fashion,,true,indexable,https://triprindia.com/blogs/news/how-wholesale-t-shirts-impact-the-fashion,true,How wholesale t shirts impact the fashion,1,635,185,751,39,11,1,1,6,3,0,,false,6,5,49,Article,true,JudgeMe,meta_description_length|script_count_high
https://triprindia.com/blogs/news/summer-with-a-splash-of-colourful-clothes,https://triprindia.com/blogs/news/summer-with-a-splash-of-colourful-clothes,false,0,200,article,Summers with a Splash of Colourful Clothes - TRIPR,"Hot, sunny, summery days are already here! Summers knocked on early this year, while we were still prepping for our wardrobe collection.",https://triprindia.com/blogs/news/summer-with-a-splash-of-colourful-clothes,,true,indexable,https://triprindia.com/blogs/news/summer-with-a-splash-of-colourful-clothes,true,Welcome Summers with a Splash of Colourful Clothes!,1,734,190,767,39,11,1,1,6,3,1,,false,7,5,54,Article,true,JudgeMe,script_count_high|image_missing_dimensions
https://triprindia.com/blogs/news/best-choice-mens-tracksuit,https://triprindia.com/blogs/news/best-choice-mens-tracksuit,false,0,200,article,Best Choice Men's Tracksuit - TRIPR,Men's tracksuit are one of the most comfortable and popular sports wear. Men prefer them because of their numerous advantages.,https://triprindia.com/blogs/news/best-choice-mens-tracksuit,,true,indexable,https://triprindia.com/blogs/news/best-choice-mens-tracksuit,true,Track Suits Are Much More Than Just Fashion!,1,742,190,765,39,11,1,1,6,3,1,,false,6,5,52,Article,true,JudgeMe,serp_title_h1_mismatch|script_count_high|image_alt_too_short
https://triprindia.com/blogs/news/level-up-your-jacket-styling,https://triprindia.com/blogs/news/level-up-your-jacket-styling,false,0,200,article,Level Up Your Jacket Styling - TRIPR,Level up your jacket styling: Jackets can be done quiet interestingly. Jackets are liked by men in all age groups. Read More..,https://triprindia.com/blogs/news/level-up-your-jacket-styling,,true,indexable,https://triprindia.com/blogs/news/level-up-your-jacket-styling,true,Level Up your Jacket Styling,1,758,190,776,39,11,1,1,6,3,1,,false,6,5,53,Article,true,JudgeMe,script_count_high
https://triprindia.com/blogs/news/5-ways-to-style-your-casual-shirts,https://triprindia.com/blogs/news/5-ways-to-style-your-casual-shirts,false,0,200,article,5 ways to style your Casual Shirts – TRIPR,"Tripr India is one of the leading online clothing stores in India. We have a wide variety of best casual shirts for men, available in different styling patterns and designs. Casual shirts are a must for your casual wardrobe collection.",https://triprindia.com/blogs/news/5-ways-to-style-your-casual-shirts,,true,indexable,https://triprindia.com/blogs/news/5-ways-to-style-your-casual-shirts,true,5 ways to style your Casual Shirts,1,1048,197,785,39,11,1,1,6,3,1,,false,6,5,56,Article,true,JudgeMe,meta_description_length|script_count_high
https://triprindia.com/blogs/news/changing-market-trends-of-kid-s-fashion,https://triprindia.com/blogs/news/changing-market-trends-of-kid-s-fashion,false,0,200,article,Changing Market Trends of Kid’s Fashion – TRIPR,Buy kids jacket online at Tripr India. We have a wide collection of Kid’s apparel for boys and girls that too at affordable prices. We are one of the fastest growing online clothing stores in India.,https://triprindia.com/blogs/news/changing-market-trends-of-kid-s-fashion,,true,indexable,https://triprindia.com/blogs/news/changing-market-trends-of-kid-s-fashion,true,Changing Market Trends of Kid’s Fashion,1,1088,199,778,39,11,1,1,6,3,1,,false,6,5,55,Article,true,JudgeMe,meta_description_length|script_count_high|image_filename_not_descriptive
https://triprindia.com/blogs/news/shop-our-new-collection-of-men-s-shirts,https://triprindia.com/blogs/news/shop-our-new-collection-of-men-s-shirts,false,0,200,article,Shop our New Collection of Men’s Shirts – TRIPR,"Enjoy this season with our printed, colour block and solid colour shirts for men. Visit our website to shop our vibrant collection of best printed shirts for men. We are a one-stop shopping destination for all your fashion needs.",https://triprindia.com/blogs/news/shop-our-new-collection-of-men-s-shirts,,true,indexable,https://triprindia.com/blogs/news/shop-our-new-collection-of-men-s-shirts,true,Shop our New Collection of Men’s Shirts,1,1051,197,786,39,11,1,1,6,3,1,,false,6,5,54,Article,true,JudgeMe,meta_description_length|script_count_high|image_filename_not_descriptive
https://triprindia.com/blogs/news/sweatshirts-styling-for-men,https://triprindia.com/blogs/news/sweatshirts-styling-for-men,false,0,200,article,Sweatshirts Styling for Men – TRIPR,"We have a wide range of men’s clothing. Explore from sweatshirts for men T-shirts, casual shirts, track pants, cargo pants and more. Best quality garments at most affordable prices.",https://triprindia.com/blogs/news/sweatshirts-styling-for-men,,true,indexable,https://triprindia.com/blogs/news/sweatshirts-styling-for-men,true,Sweatshirts Styling for Men,1,1053,197,780,39,11,1,1,6,3,1,,false,6,5,53,Article,true,JudgeMe,meta_description_length|script_count_high
https://triprindia.com/blogs/news/how-to-choose-perfect-shorts-for-your-different-requirements,https://triprindia.com/blogs/news/how-to-choose-perfect-shorts-for-your-different-requirements,false,0,200,article,How To Choose Perfect Shorts For Your Different Requirements? – TRIPR,"Buy sports shorts for men at Tripr India at most affordable prices. Choose from our wide collection of shorts, track pants, joggers, tank tops and vests for your workout and training session.",https://triprindia.com/blogs/news/how-to-choose-perfect-shorts-for-your-different-requirements,,true,indexable,https://triprindia.com/blogs/news/how-to-choose-perfect-shorts-for-your-different-requirements,true,How To Choose Perfect Shorts For Your Different Requirements?,1,1080,198,766,39,11,1,1,6,3,1,,false,6,5,52,Article,true,JudgeMe,title_length|meta_description_length|script_count_high
https://triprindia.com/blogs/news/buying-guide-for-track-pants,https://triprindia.com/blogs/news/buying-guide-for-track-pants,false,0,200,article,Buying Guide For Track Pants – TRIPR,"Check out our wide collection of trackpants for men in different styles, prints, patterns and sizes at most affordable prices. We are a fastest growing fashion brand in India.",https://triprindia.com/blogs/news/buying-guide-for-track-pants,,true,indexable,https://triprindia.com/blogs/news/buying-guide-for-track-pants,true,Buying Guide For Track Pants,1,1066,197,757,39,11,1,1,6,3,1,,false,6,5,52,Article,true,JudgeMe,meta_description_length|script_count_high
https://triprindia.com/blogs/news/wardrobe-essentials-for-kids,https://triprindia.com/blogs/news/wardrobe-essentials-for-kids,false,0,200,article,Wardrobe Essentials for Kids – TRIPR,"Sub Title: There are lots of clothing options available for kids now days, but as parent you have to choose essential and appropriate clothes for your kids. Today, let’s dive in different staple clothing options for boys and girls. With Kids clothing evolving everyday and new and new fashion and styles coming up every",https://triprindia.com/blogs/news/wardrobe-essentials-for-kids,,true,indexable,https://triprindia.com/blogs/news/wardrobe-essentials-for-kids,true,Wardrobe Essentials for Kids,1,1098,197,765,39,11,1,1,6,3,1,,false,6,5,52,Article,true,JudgeMe,meta_description_length|script_count_high|image_filename_not_descriptive
https://triprindia.com/blogs/news/guide-for-best-clothing-options-for-boys-and-girls,https://triprindia.com/blogs/news/guide-for-best-clothing-options-for-boys-and-girls,false,0,200,article,Guide for Best Clothing Options for Boys and Girls – TRIPR,"At Tripr India, buy kids t-shirt combo at most competitive prices. We have a cool collection of kid’s clothing like t-shirts, track pants, joggers, tank tops, vests, shorts and more. Buy today and get heavy discounts.",https://triprindia.com/blogs/news/guide-for-best-clothing-options-for-boys-and-girls,,true,indexable,https://triprindia.com/blogs/news/guide-for-best-clothing-options-for-boys-and-girls,true,Guide for Best Clothing Options for Boys and Girls,1,1072,197,764,39,11,1,1,6,3,1,,false,6,5,54,Article,true,JudgeMe,meta_description_length|script_count_high
https://triprindia.com/blogs/news/buying-tips-for-stylish-and-comfortable-shorts-for-boys,https://triprindia.com/blogs/news/buying-tips-for-stylish-and-comfortable-shorts-for-boys,false,0,200,article,Buying Tips for Stylish and Comfortable Shorts for Boys – TRIPR,Buy boys shorts combo at Tripr India at discounted prices. We have easy return policy and ships within 48 hours of placing the order. Buy good quality kid’s clothing at affordable prices.,https://triprindia.com/blogs/news/buying-tips-for-stylish-and-comfortable-shorts-for-boys,,true,indexable,https://triprindia.com/blogs/news/buying-tips-for-stylish-and-comfortable-shorts-for-boys,true,Buying Tips for Stylish and Comfortable Shorts for Boys,1,1046,197,771,39,11,1,1,6,3,1,,false,6,5,51,Article,true,JudgeMe,meta_description_length|script_count_high
https://triprindia.com/blogs/news/guiding-tips-to-cope-up-with-summer-heat,https://triprindia.com/blogs/news/guiding-tips-to-cope-up-with-summer-heat,false,0,200,article,Guiding Tips to Cope-up with Summer Heat – TRIPR,"Explore our wide range of Kid’s clothing like t-shirts, shirts, kids vest combos, sweatshirts, trackpants, joggers and jeans. Choose from latest designs and styles available at heavy discounts. Pan India shopping and easy return policy.",https://triprindia.com/blogs/news/guiding-tips-to-cope-up-with-summer-heat,,true,indexable,https://triprindia.com/blogs/news/guiding-tips-to-cope-up-with-summer-heat,true,Guiding Tips to Cope-up with Summer Heat,1,1071,196,764,39,11,1,1,6,3,0,,false,6,5,51,Article,true,JudgeMe,meta_description_length|script_count_high
https://triprindia.com/blogs/news/shopping-and-styling-guide-for-shorts-for-men,https://triprindia.com/blogs/news/shopping-and-styling-guide-for-shorts-for-men,false,0,200,article,Shopping and Styling Guide for Shorts for Men – TRIPR,"Buy men’s shorts online from Tripr India at lowest prices. Unique designs, fine quality fabric, perfect fit and very comfortable. We have Pan India Shipping with easy return policy. Check our collection at our website.",https://triprindia.com/blogs/news/shopping-and-styling-guide-for-shorts-for-men,,true,indexable,https://triprindia.com/blogs/news/shopping-and-styling-guide-for-shorts-for-men,true,Shopping and Styling Guide for Shorts for Men,1,1046,196,758,39,11,1,1,6,3,0,,false,6,5,51,Article,true,JudgeMe,meta_description_length|script_count_high
https://triprindia.com/blogs/news/styling-and-buying-tips-of-track-pants-for-men,https://triprindia.com/blogs/news/styling-and-buying-tips-of-track-pants-for-men,false,0,200,article,Styling and Buying Tips of Track Pants for Men – TRIPR,"Shop from a wide range of track pants for men from Tripr India website. Attractive prices, pan india shipping, cash on delivery and easy return policy. Best quality men’s wear and kid’s wear only at Tripr India.",https://triprindia.com/blogs/news/styling-and-buying-tips-of-track-pants-for-men,,true,indexable,https://triprindia.com/blogs/news/styling-and-buying-tips-of-track-pants-for-men,true,Styling and Buying Tips of Track Pants for Men,1,1046,196,753,39,11,1,1,6,3,0,,false,6,5,51,Article,true,JudgeMe,meta_description_length|serp_boilerplate_meta_description|script_count_high
https://triprindia.com/blogs/news/buy-hoodies-and-sweatshirts-for-men-from-tripr-india,https://triprindia.com/blogs/news/buy-hoodies-and-sweatshirts-for-men-from-tripr-india,false,0,200,article,Buy Hoodies and Sweatshirts for Men from Tripr India – TRIPR,Buy men’s hoodie and sweatshirts from Tripr India at attractive prices. We have a wide range of men’s wear and kid’s wear. Visit our website to avail big discounts. Pan India Shipping. Easy return Policy. Best Prices.,https://triprindia.com/blogs/news/buy-hoodies-and-sweatshirts-for-men-from-tripr-india,,true,indexable,https://triprindia.com/blogs/news/buy-hoodies-and-sweatshirts-for-men-from-tripr-india,true,Buy Hoodies and Sweatshirts for Men from Tripr India,1,1038,196,758,39,11,1,1,6,3,0,,false,6,5,51,Article,true,JudgeMe,meta_description_length|script_count_high
https://triprindia.com/blogs/news/best-outfits-ideas-for-kid-s-playtime,https://triprindia.com/blogs/news/best-outfits-ideas-for-kid-s-playtime,false,0,200,article,Best Outfits Ideas for kid’s Playtime – TRIPR,"Buy kids Jackets online only at Tripr India at attractive prices. We have a whole range of kid’s clothing for boys like T-shirts, Jackets, Track Pants, Joggers, Shirts, Vests, Shorts and Tank Tops. Easy to buy, pan India shipping and cash on delivery available.",https://triprindia.com/blogs/news/best-outfits-ideas-for-kid-s-playtime,,true,indexable,https://triprindia.com/blogs/news/best-outfits-ideas-for-kid-s-playtime,true,Best Outfits Ideas for kid’s Playtime,1,1027,194,760,39,11,1,1,6,3,0,,false,6,5,49,Article,true,JudgeMe,meta_description_length|serp_boilerplate_meta_description|script_count_high
https://triprindia.com/blogs/news/summer-fashion-dressing-ideas-for-little-boys,https://triprindia.com/blogs/news/summer-fashion-dressing-ideas-for-little-boys,false,0,200,article,Summer Fashion-Dressing Ideas for Little Boys – TRIPR,Style your little ones in beautiful and vibrant kid’s collection from Tripr India. We have a nice collection of boys shorts online. Buy at discounted prices and enjoy great savings. Visit our website now.,https://triprindia.com/blogs/news/summer-fashion-dressing-ideas-for-little-boys,,true,indexable,https://triprindia.com/blogs/news/summer-fashion-dressing-ideas-for-little-boys,true,Summer Fashion-Dressing Ideas for Little Boys,1,1024,195,762,39,11,1,1,6,3,0,,false,6,5,50,Article,true,JudgeMe,meta_description_length|script_count_high
https://triprindia.com/blogs/news/track-pants-for-men-stylish-and-comfortable,https://triprindia.com/blogs/news/track-pants-for-men-stylish-and-comfortable,false,0,200,article,Track Pants For Men- Stylish and Comfortable – TRIPR,"Shop track pants for men at most competitive prices from Tripr India. We have a wide collection of men’s wear like Joggers, Track Pants, Vests, Tank Tops, T-Shirts, Shirts and many more. Enjoy discounts all around the year. Buy now.",https://triprindia.com/blogs/news/track-pants-for-men-stylish-and-comfortable,,true,indexable,https://triprindia.com/blogs/news/track-pants-for-men-stylish-and-comfortable,true,Track Pants For Men- Stylish and Comfortable,1,1005,195,755,39,11,1,1,6,3,0,,false,6,5,52,Article,true,JudgeMe,meta_description_length|script_count_high
https://triprindia.com/blogs/news/sweatshirt-fashion-tips-for-men,https://triprindia.com/blogs/news/sweatshirt-fashion-tips-for-men,false,0,200,article,Sweatshirt Fashion Tips for Men – TRIPR,"Looking to buy sweatshirt for men online? Visit Tripr India, one of the fastest growing fashion brands in India and get great discounts and combo offers. Huge save and get the best quality and high fashion garments in fast delivery. Buy now.",https://triprindia.com/blogs/news/sweatshirt-fashion-tips-for-men,,true,indexable,https://triprindia.com/blogs/news/sweatshirt-fashion-tips-for-men,true,Sweatshirt Fashion Tips for Men,1,1042,195,763,39,11,1,1,6,3,0,,false,6,5,51,Article,true,JudgeMe,meta_description_length|script_count_high|image_alt_too_short
https://triprindia.com/blogs/news/5-best-ways-to-style-a-polo-t-shirt-for-men,https://triprindia.com/blogs/news/5-best-ways-to-style-a-polo-t-shirt-for-men,false,0,200,article,5 Best Ways To Style A Polo T-Shirt For Men – TRIPR,Polo t-shirt is a timeless piece of fashion for men. Here are 5 best ways to style a Polo t-shirt that will make you look like a uber-cool gentleman.,https://triprindia.com/blogs/news/5-best-ways-to-style-a-polo-t-shirt-for-men,,true,indexable,https://triprindia.com/blogs/news/5-best-ways-to-style-a-polo-t-shirt-for-men,true,5 Best Ways To Style A Polo T-Shirt For Men,1,1291,199,765,39,11,1,1,6,3,0,,false,6,5,49,Article,true,JudgeMe,script_count_high
https://triprindia.com/blogs/news/track-pants-for-men-a-quick-guide,https://triprindia.com/blogs/news/track-pants-for-men-a-quick-guide,false,0,200,article,Track Pants For Men: A Quick Guide – TRIPR,"From being just a sportswear, track pants for men have moved into a mainstream fashion. Here's a guide on how to style your track pants for cool & casual look.",https://triprindia.com/blogs/news/track-pants-for-men-a-quick-guide,,true,indexable,https://triprindia.com/blogs/news/track-pants-for-men-a-quick-guide,true,Track Pants For Men: A Quick Guide,1,1219,198,772,39,11,1,1,6,3,0,,false,6,5,50,Article,true,JudgeMe,script_count_high
https://triprindia.com/blogs/news/5-quick-easy-tips-to-style-a-mens-hoodie-by-colour,https://triprindia.com/blogs/news/5-quick-easy-tips-to-style-a-mens-hoodie-by-colour,false,0,200,article,5 Quick & Easy Tips To Style A Men's Hoodie By Colour – TRIPR,Men's hoodie is an essential piece of clothing for all seasons. Know the different types of hoodies & learn 5 easy tips on how to style a hoodie by colour.,https://triprindia.com/blogs/news/5-quick-easy-tips-to-style-a-mens-hoodie-by-colour,,true,indexable,https://triprindia.com/blogs/news/5-quick-easy-tips-to-style-a-mens-hoodie-by-colour,true,5 Quick & Easy Tips To Style A Men's Hoodie By Colour,1,1327,200,778,39,11,1,1,6,3,0,,false,6,5,49,Article,true,JudgeMe,script_count_high|image_alt_too_short
https://triprindia.com/blogs/news/the-best-type-of-tracksuit-for-men-for-every-occasion,https://triprindia.com/blogs/news/the-best-type-of-tracksuit-for-men-for-every-occasion,false,0,200,article,The Best Type of Tracksuit For Men For Every Occasion – TRIPR,"Tracksuit for men can be styled for various occasions like outdoor sports, camping and jogging. Wear a tracksuit for ultimate comfort & an edgy look.",https://triprindia.com/blogs/news/the-best-type-of-tracksuit-for-men-for-every-occasion,,true,indexable,https://triprindia.com/blogs/news/the-best-type-of-tracksuit-for-men-for-every-occasion,true,The Best Type of Tracksuit For Men For Every Occasion,1,1209,199,759,39,11,1,1,6,3,0,,false,6,5,49,Article,true,JudgeMe,script_count_high|image_alt_too_short
https://triprindia.com/blogs/news/best-online-clothing-store-for-mens-clothing,https://triprindia.com/blogs/news/best-online-clothing-store-for-mens-clothing,false,0,200,article,Best Online Clothing Store For Men's Clothing – TRIPR,"Tripr India is one of the best online clothing store for men if you are looking for best quality, at affordable price and trendy men's fashion wear.",https://triprindia.com/blogs/news/best-online-clothing-store-for-mens-clothing,,true,indexable,https://triprindia.com/blogs/news/best-online-clothing-store-for-mens-clothing,true,Best Online Clothing Store For Men's Clothing,1,1121,197,759,39,11,1,1,6,3,0,,false,6,5,49,Article,true,JudgeMe,script_count_high
https://triprindia.com/blogs/news/men-s-pullover-for-best-winter-looks,https://triprindia.com/blogs/news/men-s-pullover-for-best-winter-looks,false,0,200,article,Men’s Pullover for Best Winter Looks – TRIPR,"We have a wide range of men pullovers, jackets, and sweaters in numerous designs, prints and sizes. Buy at lowest prices, great discounts, easy return policy and cash on delivery available. Check our website now.",https://triprindia.com/blogs/news/men-s-pullover-for-best-winter-looks,,true,indexable,https://triprindia.com/blogs/news/men-s-pullover-for-best-winter-looks,true,Men’s Pullover for Best Winter Looks,1,1014,195,753,39,11,1,1,6,3,0,,false,6,5,50,Article,true,JudgeMe,meta_description_length|serp_boilerplate_meta_description|script_count_high|image_alt_too_short
https://triprindia.com/blogs/news/how-to-choose-most-comfortable-clothes-in-summers,https://triprindia.com/blogs/news/how-to-choose-most-comfortable-clothes-in-summers,false,0,200,article,How to Choose Most Comfortable Clothes in Summers – TRIPR,"Summer has officially arrived as sun is shining brightly and the temperature is rising every day. Let us learn about the best summertime fabrics, styles, fits, and clothing items today. It is very difficult to dress up for work every day while the summer heat is at its zenith. All men, whether they work in offices or a",https://triprindia.com/blogs/news/how-to-choose-most-comfortable-clothes-in-summers,,true,indexable,https://triprindia.com/blogs/news/how-to-choose-most-comfortable-clothes-in-summers,true,How to Choose Most Comfortable Clothes in Summers,1,1047,196,756,39,11,1,1,6,3,0,,false,6,5,50,Article,true,JudgeMe,meta_description_length|script_count_high
https://triprindia.com/blogs/news/buy-stylish-and-printed-tracksuits-for-men,https://triprindia.com/blogs/news/buy-stylish-and-printed-tracksuits-for-men,false,0,200,article,Buy Stylish and Printed Tracksuits for Men – TRIPR,"Offering a wide range of printed tracksuit for men in attractive designs and patterns at most competitive prices. We have the best quality tracksuits which you can wear for your daily jogging sessions or gym training. Buy only from Tripr India. Cash on deliver, easy returns, fast shipping and big discounts.",https://triprindia.com/blogs/news/buy-stylish-and-printed-tracksuits-for-men,,true,indexable,https://triprindia.com/blogs/news/buy-stylish-and-printed-tracksuits-for-men,true,Buy Stylish and Printed Tracksuits for Men,1,987,194,752,39,11,1,1,6,3,0,,false,6,5,50,Article,true,JudgeMe,meta_description_length|script_count_high
https://triprindia.com/blogs/news/look-unique-and-feel-comfortable-in-casual-jackets-for-men,https://triprindia.com/blogs/news/look-unique-and-feel-comfortable-in-casual-jackets-for-men,false,0,200,article,Look Unique and Feel Comfortable in Casual Jackets for Men – TRIPR,"Shop exquisite collection of casual jackets for men online from Tripr India. Fabulous prints, different sizes, best quality fabric, seamless stitching and unmatched comfort. Buy casual jackets at best prices from Tripr India online store.",https://triprindia.com/blogs/news/look-unique-and-feel-comfortable-in-casual-jackets-for-men,,true,indexable,https://triprindia.com/blogs/news/look-unique-and-feel-comfortable-in-casual-jackets-for-men,true,Look Unique and Feel Comfortable in Casual Jackets for Men,1,1050,196,754,39,11,1,1,6,3,0,,false,6,5,50,Article,true,JudgeMe,title_length|meta_description_length|script_count_high
https://triprindia.com/blogs/news/buy-tracksuits-for-men-online-at-best-prices,https://triprindia.com/blogs/news/buy-tracksuits-for-men-online-at-best-prices,false,0,200,article,Buy Tracksuits for Men Online at Best Prices – TRIPR,"Discover the stylish collection of training essentials like Joggers, Trackpants and Tracksuits from Tripr India. Buy tracksuit for men online at best prices. Choose from wide selection and enjoy great deals and save big. Cash on delivery and easy return policy.",https://triprindia.com/blogs/news/buy-tracksuits-for-men-online-at-best-prices,,true,indexable,https://triprindia.com/blogs/news/buy-tracksuits-for-men-online-at-best-prices,true,Buy Tracksuits for Men Online at Best Prices,1,1055,197,752,39,11,1,1,6,3,0,,false,6,5,50,Article,true,JudgeMe,meta_description_length|serp_boilerplate_meta_description|script_count_high
https://triprindia.com/blogs/news/be-winter-ready-with-tripr-s-range-of-men-s-pullover,https://triprindia.com/blogs/news/be-winter-ready-with-tripr-s-range-of-men-s-pullover,false,0,200,article,Be Winter Ready with Tripr’s Range of Men’s Pullover – TRIPR,"We have a wide collection of men pullover in different styles, prints, patterns and sizes at most competitive prices. Enjoy great savings and heavy discounts. Buy from Tripr India. We have our manufacturing unit in Tirupur where we manufacture everything inhouse and provides best quality garments.",https://triprindia.com/blogs/news/be-winter-ready-with-tripr-s-range-of-men-s-pullover,,true,indexable,https://triprindia.com/blogs/news/be-winter-ready-with-tripr-s-range-of-men-s-pullover,true,Be Winter Ready with Tripr’s Range of Men’s Pullover,1,1049,196,752,39,11,1,1,6,3,0,,false,6,5,50,Article,true,JudgeMe,meta_description_length|script_count_high
https://triprindia.com/blogs/news/buy-best-hoodies-for-men-online,https://triprindia.com/blogs/news/buy-best-hoodies-for-men-online,false,0,200,article,Buy Best Hoodies For Men Online – TRIPR,"Browse through our latest collection of printed men’s sweatshirt at best prices. Our sweatshirts are available in all sizes and is made of best quality fabric. Timely delivery, COD, heavy discounts, best quality garments and much more. Buy now from Tripr India.",https://triprindia.com/blogs/news/buy-best-hoodies-for-men-online,,true,indexable,https://triprindia.com/blogs/news/buy-best-hoodies-for-men-online,true,Buy Best Hoodies For Men Online,1,1054,195,755,39,11,1,1,6,3,0,,false,6,5,50,Article,true,JudgeMe,meta_description_length|script_count_high
https://triprindia.com/blogs/news/men-s-pullovers-a-timeless-winter-wear,https://triprindia.com/blogs/news/men-s-pullovers-a-timeless-winter-wear,false,0,200,article,Men’s Pullovers- A Timeless Winter Wear – TRIPR,"Sweatshirts are among the most adaptable and timeless items of winter clothing for men. Men of all ages simply adore this design because it is the only one that has thrived for so long. With fashion always changing, there are now various pullover choices available in terms of neck design, fabric, style, and fit. Let's",https://triprindia.com/blogs/news/men-s-pullovers-a-timeless-winter-wear,,true,indexable,https://triprindia.com/blogs/news/men-s-pullovers-a-timeless-winter-wear,true,Men’s Pullovers- A Timeless Winter Wear,1,1032,197,753,39,11,1,1,6,3,0,,false,6,5,50,Article,true,JudgeMe,meta_description_length|script_count_high|image_alt_too_short
https://triprindia.com/blogs/news/shopping-guide-to-buy-men-s-tracksuits-online,https://triprindia.com/blogs/news/shopping-guide-to-buy-men-s-tracksuits-online,false,0,200,article,Shopping Guide to Buy Men’s Tracksuits Online – TRIPR,"Discover the stylish collection of training essentials like Joggers, Trackpants and Tracksuits from Tripr India. Buy tracksuit for men online at best prices.",https://triprindia.com/blogs/news/shopping-guide-to-buy-men-s-tracksuits-online,,true,indexable,https://triprindia.com/blogs/news/shopping-guide-to-buy-men-s-tracksuits-online,true,Shopping Guide to Buy Men’s Tracksuits Online,1,1089,198,754,39,11,1,1,6,3,0,,false,6,5,50,Article,true,JudgeMe,script_count_high
https://triprindia.com/blogs/news/pick-the-best-printed-sweatshirts-this-winters,https://triprindia.com/blogs/news/pick-the-best-printed-sweatshirts-this-winters,false,0,200,article,Pick the Best Printed Sweatshirts This Winters – TRIPR,"Browse through our latest collection of printed men’s sweatshirt at best prices. Our sweatshirts are available in all sizes and is made of best quality fabric. Timely delivery, COD, heavy discounts, best quality garments and much more. Buy now from Tripr India.",https://triprindia.com/blogs/news/pick-the-best-printed-sweatshirts-this-winters,,true,indexable,https://triprindia.com/blogs/news/pick-the-best-printed-sweatshirts-this-winters,true,Pick the Best Printed Sweatshirts This Winters,1,1046,197,755,39,11,1,1,6,3,0,,false,6,5,50,Article,true,JudgeMe,meta_description_length|script_count_high
https://triprindia.com/blogs/news/buy-best-tracksuits-for-men-at-tripr-india,https://triprindia.com/blogs/news/buy-best-tracksuits-for-men-at-tripr-india,false,0,200,article,Buy Best Tracksuits for Men at Tripr India – TRIPR,"Best online shopping website to buy tracksuits for men at best prices. We are a leading men’s fashion brand offering a wide collection of tracksuits, trackpants, joggers, t-shirts, shorts, sweatshirts, hoodies, shirts, pullovers and more. *Cash on Delivery * Free Shipping etc. Buy now from Tripr India website.",https://triprindia.com/blogs/news/buy-best-tracksuits-for-men-at-tripr-india,,true,indexable,https://triprindia.com/blogs/news/buy-best-tracksuits-for-men-at-tripr-india,true,Buy Best Tracksuits for Men at Tripr India,1,1027,196,753,39,11,1,1,6,3,0,,false,6,5,50,Article,true,JudgeMe,meta_description_length|serp_boilerplate_meta_description|script_count_high
https://triprindia.com/blogs/news/best-winter-wear-for-men,https://triprindia.com/blogs/news/best-winter-wear-for-men,false,0,200,article,Best Winter Wear for Men – TRIPR,"We offer best men’s hoodie at best prices. Choose from wide collection of men’s hoodies that is available in different colours, sizes, styles, prints, fabric and print. We are a fast-growing online fashion brand in India who specializes in men’s wear and kid’s wear. Buy now from tripr india website.",https://triprindia.com/blogs/news/best-winter-wear-for-men,,true,indexable,https://triprindia.com/blogs/news/best-winter-wear-for-men,true,Best Winter Wear for Men,1,1027,195,752,39,11,1,1,6,3,0,,false,6,5,50,Article,true,JudgeMe,meta_description_length|script_count_high
https://triprindia.com/blogs/news/why-men-s-hoodies-are-best-winter-wear,https://triprindia.com/blogs/news/why-men-s-hoodies-are-best-winter-wear,false,0,200,article,Why Men’s Hoodies are Best Winter Wear? – TRIPR,"Get the best range of men’s hoodie in India online at Tripr Indi website. Browse through our website to check out and buy our latest collection of hoodies in prints, styles, colours and sizes. We give best offers and discounts which you can check on our website and save your money.",https://triprindia.com/blogs/news/why-men-s-hoodies-are-best-winter-wear,,true,indexable,https://triprindia.com/blogs/news/why-men-s-hoodies-are-best-winter-wear,true,Why Men’s Hoodies are Best Winter Wear?,1,1008,194,753,39,11,1,1,6,3,0,,false,6,5,50,Article,true,JudgeMe,meta_description_length|script_count_high
https://triprindia.com/blogs/news/amp-your-fashion-game-with-casual-jackets-for-men,https://triprindia.com/blogs/news/amp-your-fashion-game-with-casual-jackets-for-men,false,0,200,article,Amp Your Fashion Game with Casual Jackets for Men – TRIPR,"Tripr India brings you an exclusive range of casual jackets for men online. Puffer Jackets, Cotton Jackets, Long Jackets, Travel Jackets and much more. All these jackets at pocket friendly prices that fits in your budget. Avail offers and discount.",https://triprindia.com/blogs/news/amp-your-fashion-game-with-casual-jackets-for-men,,true,indexable,https://triprindia.com/blogs/news/amp-your-fashion-game-with-casual-jackets-for-men,true,Amp Your Fashion Game with Casual Jackets for Men,1,1016,195,752,39,11,1,1,6,3,0,,false,6,5,50,Article,true,JudgeMe,meta_description_length|script_count_high
https://triprindia.com/blogs/news/how-to-plan-a-hassle-free-and-convenient-travelling,https://triprindia.com/blogs/news/how-to-plan-a-hassle-free-and-convenient-travelling,false,0,200,article,How to Plan a Hassle-Free and Convenient Travelling – TRIPR,"Buy Top Travel Jacket Online from Tripr India website. Our travel jackets are available in many colours like Black, Olive Green, Navy Blue, Grey and Maroon. You can buy our travel jackets at best prices. COD is available. Buy now.",https://triprindia.com/blogs/news/how-to-plan-a-hassle-free-and-convenient-travelling,,true,indexable,https://triprindia.com/blogs/news/how-to-plan-a-hassle-free-and-convenient-travelling,true,How to Plan a Hassle-Free and Convenient Travelling,1,1045,196,751,39,11,1,1,6,3,0,,false,6,5,50,Article,true,JudgeMe,meta_description_length|script_count_high
https://triprindia.com/blogs/news/explore-best-kids-clothing-range-at-tripr-india,https://triprindia.com/blogs/news/explore-best-kids-clothing-range-at-tripr-india,false,0,200,article,Explore Best Kid's Clothing Range at Tripr India – TRIPR,"At Tripr India, we have an exclusive collection of sweatshirts for kids in plenty of designs, prints, sizes, colours and styles. Enjoy big discounts from winter sale and buy at best prices. Cash on delivery. Pan India shipping. Easy exchange policy.",https://triprindia.com/blogs/news/explore-best-kids-clothing-range-at-tripr-india,,true,indexable,https://triprindia.com/blogs/news/explore-best-kids-clothing-range-at-tripr-india,true,Explore Best Kid's Clothing Range at Tripr India,1,1033,195,751,39,11,1,1,6,3,0,,false,6,5,49,Article,true,JudgeMe,meta_description_length|serp_boilerplate_meta_description|script_count_high
https://triprindia.com/blogs/news/irresistible-kids-t-shirts-range-at-tripr-india,https://triprindia.com/blogs/news/irresistible-kids-t-shirts-range-at-tripr-india,false,0,200,article,Irresistible Kids T-shirts Range at Tripr India – TRIPR,"Buy kids t-shirts online at best prices from Tripr India. Our kid’s wear range has t-shirts, shorts, shirts, joggers, track pants, vests, boxers and more. Checkout our website to view full collection and get best deals and offers. Buy now.",https://triprindia.com/blogs/news/irresistible-kids-t-shirts-range-at-tripr-india,,true,indexable,https://triprindia.com/blogs/news/irresistible-kids-t-shirts-range-at-tripr-india,true,Irresistible Kids T-shirts Range at Tripr India,1,1020,195,753,39,11,1,1,6,3,0,,false,6,5,50,Article,true,JudgeMe,meta_description_length|script_count_high
https://triprindia.com/blogs/news/summer-fashion-ideas-for-your-little-ones,https://triprindia.com/blogs/news/summer-fashion-ideas-for-your-little-ones,false,0,200,article,Summer Fashion Ideas for your Little Ones – TRIPR,"Tripr India is a growing fashion brand in India. Shop kids wear like Joggers, t-shirts, shirts, shorts, vests, jackets, denims and more. Buy kid’s wear at competitive prices. Cash on delivery available.",https://triprindia.com/blogs/news/summer-fashion-ideas-for-your-little-ones,,true,indexable,https://triprindia.com/blogs/news/summer-fashion-ideas-for-your-little-ones,true,Summer Fashion Ideas for your Little Ones,1,1015,195,751,39,11,1,1,6,3,1,,false,6,5,50,Article,true,JudgeMe,meta_description_length|serp_boilerplate_meta_description|script_count_high
https://triprindia.com/blogs/news/stylish-and-comfortable-shorts-for-men-by-tripr-india,https://triprindia.com/blogs/news/stylish-and-comfortable-shorts-for-men-by-tripr-india,false,0,200,article,Stylish and Comfortable Shorts for Men by Tripr India – TRIPR,"Discover a wide range of comfortable and high-quality sports shorts for men at Tripr India website. We have lot more for men which includes t-shirts, joggers, track pants, tracksuits, shirts and jackets. COD available. Buy now.",https://triprindia.com/blogs/news/stylish-and-comfortable-shorts-for-men-by-tripr-india,,true,indexable,https://triprindia.com/blogs/news/stylish-and-comfortable-shorts-for-men-by-tripr-india,true,Stylish and Comfortable Shorts for Men by Tripr India,1,1026,195,752,39,11,1,1,6,3,1,,false,6,5,50,Article,true,JudgeMe,meta_description_length|script_count_high
https://triprindia.com/blogs/news/kid-s-outfit-ideas-for-spring-season,https://triprindia.com/blogs/news/kid-s-outfit-ideas-for-spring-season,false,0,200,article,Kid’s Outfit Ideas for Spring Season – TRIPR,Buy one of the latest and trendiest kids t-shirt combo packs at best prices from Tripr India. We are a leading kids fashion wear brand in India offering high fashion clothes at affordable prices. COD available. Buy now.,https://triprindia.com/blogs/news/kid-s-outfit-ideas-for-spring-season,,true,indexable,https://triprindia.com/blogs/news/kid-s-outfit-ideas-for-spring-season,true,Kid’s Outfit Ideas for Spring Season,1,1036,195,751,39,11,1,1,6,3,1,,false,6,5,50,Article,true,JudgeMe,meta_description_length|script_count_high
https://triprindia.com/blogs/news/presenting-best-casual-and-formal-shirts-for-your-wardrobe-2023,https://triprindia.com/blogs/news/presenting-best-casual-and-formal-shirts-for-your-wardrobe-2023,false,0,200,article,Presenting Best Casual and Formal Shirts for your Wardrobe 2023 – TRIPR,"Buy best casual shirts for men from Tripr India. We have a wide collection of casual and formal shirts for men in solid colours, colour block patterns and prints in different styles like mandarin collar, nehru collar, plain collar and more.",https://triprindia.com/blogs/news/presenting-best-casual-and-formal-shirts-for-your-wardrobe-2023,,true,indexable,https://triprindia.com/blogs/news/presenting-best-casual-and-formal-shirts-for-your-wardrobe-2023,true,Presenting Best Casual and Formal Shirts for your Wardrobe 2023,1,1029,196,753,39,11,1,1,6,3,1,,false,6,5,50,Article,true,JudgeMe,title_length|meta_description_length|script_count_high
https://triprindia.com/blogs/news/swag-in-comfort-and-style-men-s-oversized-t-shirts,https://triprindia.com/blogs/news/swag-in-comfort-and-style-men-s-oversized-t-shirts,false,0,200,article,Swag in Comfort and Style: Men’s Oversized T-shirts – TRIPR,Buy a wide range of stylish and comfortable oversized t-shirts online in India at Tripr India. Our collection of t-shirts is made using the best quality fabric. Buy at best prices. Cash on delivery option. Easy return and exchange policy.,https://triprindia.com/blogs/news/swag-in-comfort-and-style-men-s-oversized-t-shirts,,true,indexable,https://triprindia.com/blogs/news/swag-in-comfort-and-style-men-s-oversized-t-shirts,true,Swag in Comfort and Style: Men’s Oversized T-shirts,1,1027,196,754,39,11,1,1,6,3,0,,false,6,5,50,Article,true,JudgeMe,meta_description_length|serp_boilerplate_meta_description|script_count_high
https://triprindia.com/blogs/news/polo-t-shirts-for-men-a-timeless-fashion-staple,https://triprindia.com/blogs/news/polo-t-shirts-for-men-a-timeless-fashion-staple,false,0,200,article,Polo T-Shirts for Men: A Timeless Fashion Staple – TRIPR,"Shop from a wide range of Polo t-shirts for men from Tripr India. Exciting deals and discounts for everyone. Shop your favourite clothes at big discounts in plethora of designs, prints, patterns and styles. Cash on delivery.",https://triprindia.com/blogs/news/polo-t-shirts-for-men-a-timeless-fashion-staple,,true,indexable,https://triprindia.com/blogs/news/polo-t-shirts-for-men-a-timeless-fashion-staple,true,Polo T-Shirts for Men: A Timeless Fashion Staple,1,994,194,762,39,11,1,1,6,3,0,,false,6,5,50,Article,true,JudgeMe,meta_description_length|serp_boilerplate_meta_description|script_count_high
https://triprindia.com/blogs/news/make-unique-style-statement-with-printed-tracksuits-for-men,https://triprindia.com/blogs/news/make-unique-style-statement-with-printed-tracksuits-for-men,false,0,200,article,Make Unique Style Statement with Printed Tracksuits for Men! – TRIPR,"Buy a wide range of printed tracksuits for men at Tripr India. Latest designs, prints and styles in all sizes from small to double XL. Buy men’s joggers, tracksuits, t-shirts, shirts, vests, boxers, denims and more at best prices. Cash on delivery available.",https://triprindia.com/blogs/news/make-unique-style-statement-with-printed-tracksuits-for-men,,true,indexable,https://triprindia.com/blogs/news/make-unique-style-statement-with-printed-tracksuits-for-men,true,Make Unique Style Statement with Printed Tracksuits for Men!,1,1016,195,753,39,11,1,1,6,3,0,,false,6,5,51,Article,true,JudgeMe,title_length|meta_description_length|serp_boilerplate_meta_description|script_count_high
https://triprindia.com/blogs/news/stay-comfortable-and-active-in-sports-shorts-for-men-1,https://triprindia.com/blogs/news/stay-comfortable-and-active-in-sports-shorts-for-men-1,false,0,200,article,Stay Comfortable and Active in Sports Shorts for Men – TRIPR,"Shop from a wide range of sports shorts for men at best prices from Tripr India. Best quality fabric, perfect for summers, absorbs sweat, keeps body dry and pat. Made in various designs, prints and styles for different activities. Cash on delivery.",https://triprindia.com/blogs/news/stay-comfortable-and-active-in-sports-shorts-for-men-1,,true,indexable,https://triprindia.com/blogs/news/stay-comfortable-and-active-in-sports-shorts-for-men-1,true,Stay Comfortable and Active in Sports Shorts for Men,1,1014,197,781,39,11,1,1,6,3,0,,false,6,5,50,Article,true,JudgeMe,meta_description_length|serp_boilerplate_meta_description|script_count_high
https://triprindia.com/blogs/news/mens-printed-vests-elevate-your-style-with-vibrant-patterns,https://triprindia.com/blogs/news/mens-printed-vests-elevate-your-style-with-vibrant-patterns,false,0,200,article,Men's Printed Vests: Elevate Your Style with Vibrant Patterns – TRIPR,"Buy from a stylish range of men’s printed vests from Tripr India at best prices. High quality, soothing cotton fabric and latest prints and designs. Buy at lowest prices from our website. Cash on delivery, easy returns and exchange policy.",https://triprindia.com/blogs/news/mens-printed-vests-elevate-your-style-with-vibrant-patterns,,true,indexable,https://triprindia.com/blogs/news/mens-printed-vests-elevate-your-style-with-vibrant-patterns,true,Men's Printed Vests: Elevate Your Style with Vibrant Patterns,1,996,194,765,39,11,1,1,6,3,0,,false,5,5,51,Article,true,JudgeMe,title_length|meta_description_length|serp_boilerplate_meta_description|script_count_high|article_schema_missing_image
https://triprindia.com/blogs/news/mens-trackpants-the-versatile-and-comfortable-wardrobe-essential,https://triprindia.com/blogs/news/mens-trackpants-the-versatile-and-comfortable-wardrobe-essential,false,0,200,article,Men's Trackpants: The Versatile and Comfortable Wardrobe Essential – TRIPR,"We are a leading online fashion brand in India offering a wide range of stylish and printed men’s trackpants. We have other clothing range that includes Joggers, Sweatshirts, Shorts, T-shirts, Boxers, Vests, Tank tops and more.",https://triprindia.com/blogs/news/mens-trackpants-the-versatile-and-comfortable-wardrobe-essential,,true,indexable,https://triprindia.com/blogs/news/mens-trackpants-the-versatile-and-comfortable-wardrobe-essential,true,Men's Trackpants: The Versatile and Comfortable Wardrobe Essential,1,1009,197,792,39,11,1,1,6,3,0,,false,6,5,50,Article,true,JudgeMe,title_length|meta_description_length|script_count_high
https://triprindia.com/blogs/news/the-ultimate-guide-to-mens-regular-shorts-comfort-style-and-versatility,https://triprindia.com/blogs/news/the-ultimate-guide-to-mens-regular-shorts-comfort-style-and-versatility,false,0,200,article,"The Ultimate Guide to Men's Regular Shorts: Comfort, Style, and Versatility – TRIPR","Choose from a wide variety of men’s regular shorts on Tripr India website. We are a leading men’s wear brand in India offering complete collection of men’s clothing like Shorts, T-shirts, Tracksuits, Trackpants, Shirts and more.",https://triprindia.com/blogs/news/the-ultimate-guide-to-mens-regular-shorts-comfort-style-and-versatility,,true,indexable,https://triprindia.com/blogs/news/the-ultimate-guide-to-mens-regular-shorts-comfort-style-and-versatility,true,"The Ultimate Guide to Men's Regular Shorts: Comfort, Style, and Versatility",1,1024,198,770,39,11,1,1,6,3,0,,false,6,5,50,Article,true,JudgeMe,title_length|meta_description_length|script_count_high
https://triprindia.com/blogs/news/exploring-the-latest-mens-t-shirt-designs-from-minimalist-to-statement-making,https://triprindia.com/blogs/news/exploring-the-latest-mens-t-shirt-designs-from-minimalist-to-statement-making,false,0,200,article,Exploring the Latest Men's T-Shirt Designs: From Minimalist to Statement-Making – TRIPR,"Buy latest men’s t-shirt designs from Tripr India. We have a wide range of latest designs which are trendy, stylish and comfortable. Do not worry about the quality of the clothes. Our garments are made with best quality fabric.",https://triprindia.com/blogs/news/exploring-the-latest-mens-t-shirt-designs-from-minimalist-to-statement-making,,true,indexable,https://triprindia.com/blogs/news/exploring-the-latest-mens-t-shirt-designs-from-minimalist-to-statement-making,true,Exploring the Latest Men's T-Shirt Designs: From Minimalist to Statement-Making,1,1017,199,780,39,11,1,1,6,3,0,,false,6,5,50,Article,true,JudgeMe,title_length|meta_description_length|script_count_high
https://triprindia.com/blogs/news/the-perfect-travel-companion-the-mens-travel-hoodie,https://triprindia.com/blogs/news/the-perfect-travel-companion-the-mens-travel-hoodie,false,0,200,article,The Perfect Travel Companion: The Men's Travel Hoodie – TRIPR,"Buy a wide range of men’s travel hoodies from Tripr India website. Best material, great fit and affordable prices only at Tripr India. We are one of the leading fashion brands in India. Cash on Delivery and easy return policy.",https://triprindia.com/blogs/news/the-perfect-travel-companion-the-mens-travel-hoodie,,true,indexable,https://triprindia.com/blogs/news/the-perfect-travel-companion-the-mens-travel-hoodie,true,The Perfect Travel Companion: The Men's Travel Hoodie,1,1009,198,775,39,11,1,1,6,3,0,,false,6,5,50,Article,true,JudgeMe,meta_description_length|serp_boilerplate_meta_description|script_count_high
https://triprindia.com/blogs/news/the-timeless-appeal-of-polo-t-shirts-for-men-a-style-essential,https://triprindia.com/blogs/news/the-timeless-appeal-of-polo-t-shirts-for-men-a-style-essential,false,0,200,article,The Timeless Appeal of Polo T-Shirts for Men: A Style Essential – TRIPR,"We have a wide range of Polo T-shirt for men at Tripr India. Best quality, world class fitting and great prices. Enjoy great deals and offers this summer. Cash on delivery.",https://triprindia.com/blogs/news/the-timeless-appeal-of-polo-t-shirts-for-men-a-style-essential,,true,indexable,https://triprindia.com/blogs/news/the-timeless-appeal-of-polo-t-shirts-for-men-a-style-essential,true,The Timeless Appeal of Polo T-Shirts for Men: A Style Essential,1,1001,197,760,39,11,1,1,6,3,0,,false,6,5,50,Article,true,JudgeMe,title_length|meta_description_length|serp_boilerplate_meta_description|script_count_high
https://triprindia.com/blogs/news/unleash-your-style-with-hooded-neck-printed-mens-t-shirts,https://triprindia.com/blogs/news/unleash-your-style-with-hooded-neck-printed-mens-t-shirts,false,0,200,article,Unleash Your Style with Hooded Neck Printed Men's T-Shirts – TRIPR,"Buy a wide range of hooded neck printed men's t-shirts that are must to have in winters. Stylish, comfortable and high fashion winter clothes from the house of Tripr India. Cash on delivery, easy return and exchange policy.",https://triprindia.com/blogs/news/unleash-your-style-with-hooded-neck-printed-mens-t-shirts,,true,indexable,https://triprindia.com/blogs/news/unleash-your-style-with-hooded-neck-printed-mens-t-shirts,true,Unleash Your Style with Hooded Neck Printed Men's T-Shirts,1,1001,197,763,39,11,1,1,6,3,0,,false,6,5,50,Article,true,JudgeMe,title_length|meta_description_length|serp_boilerplate_meta_description|script_count_high
https://triprindia.com/blogs/news/embrace-comfort-and-style-with-mens-designer-oversized-t-shirts,https://triprindia.com/blogs/news/embrace-comfort-and-style-with-mens-designer-oversized-t-shirts,false,0,200,article,Embrace Comfort and Style with Men's Designer Oversized T-Shirts – TRIPR,Shop wide variety of men’s designer oversized t-shirts in various prints and colours from Tripr India. Our clothes are made of best quality fabric and offers great fit and style. Buy at best prices from our website. Best Summer Deals.,https://triprindia.com/blogs/news/embrace-comfort-and-style-with-mens-designer-oversized-t-shirts,,true,indexable,https://triprindia.com/blogs/news/embrace-comfort-and-style-with-mens-designer-oversized-t-shirts,true,Embrace Comfort and Style with Men's Designer Oversized T-Shirts,1,1015,198,759,39,11,1,1,6,3,0,,false,6,5,50,Article,true,JudgeMe,title_length|meta_description_length|script_count_high
https://triprindia.com/blogs/news/mens-casual-jackets-elevate-your-style-with-versatility-and-comfort,https://triprindia.com/blogs/news/mens-casual-jackets-elevate-your-style-with-versatility-and-comfort,false,0,200,article,Men's Casual Jackets: Elevate Your Style with Versatility and Comfort – TRIPR,"We have a wide range of men’s casual jackets in myriad of designs and prints at Tripr India. Best quality, world class fitting and great prices. Enjoy great deals and offers. Cash on delivery.",https://triprindia.com/blogs/news/mens-casual-jackets-elevate-your-style-with-versatility-and-comfort,,true,indexable,https://triprindia.com/blogs/news/mens-casual-jackets-elevate-your-style-with-versatility-and-comfort,true,Men's Casual Jackets: Elevate Your Style with Versatility and Comfort,1,1054,199,769,39,11,1,1,6,3,0,,false,6,5,50,Article,true,JudgeMe,title_length|meta_description_length|serp_boilerplate_meta_description|script_count_high
https://triprindia.com/blogs/news/abstract-printed-mens-track-suits-unleash-your-style-with-vibrant-versatility,https://triprindia.com/blogs/news/abstract-printed-mens-track-suits-unleash-your-style-with-vibrant-versatility,false,0,200,article,Abstract Printed Men's Track Suits: Unleash Your Style with Vibrant Versatility – TRIPR,Shop wide variety of abstract printed men’s track suits in various colours from Tripr India. Our clothes are made of best quality fabric and offers great fit and style. Buy at best prices from our website. Best Offers and Deals,https://triprindia.com/blogs/news/abstract-printed-mens-track-suits-unleash-your-style-with-vibrant-versatility,,true,indexable,https://triprindia.com/blogs/news/abstract-printed-mens-track-suits-unleash-your-style-with-vibrant-versatility,true,Abstract Printed Men's Track Suits: Unleash Your Style with Vibrant Versatility,1,993,198,767,39,11,1,1,6,3,0,,false,6,5,50,Article,true,JudgeMe,title_length|meta_description_length|script_count_high
https://triprindia.com/blogs/news/embrace-the-heat-in-style-mens-summer-collection,https://triprindia.com/blogs/news/embrace-the-heat-in-style-mens-summer-collection,false,0,200,article,Embrace the Heat in Style: Men's Summer Collection! – TRIPR,"Our Men’s summer collection is here. Shop from wide range of shirts, vests, tank tops, shorts, co-ord sets, t-shirts, marvel collection and much more. Available at best prices. Easy returns and exchange policy.",https://triprindia.com/blogs/news/embrace-the-heat-in-style-mens-summer-collection,,true,indexable,https://triprindia.com/blogs/news/embrace-the-heat-in-style-mens-summer-collection,true,Embrace the Heat in Style: Men's Summer Collection!,1,939,195,772,39,11,1,1,6,3,0,,false,6,5,54,Article,true,JudgeMe,meta_description_length|script_count_high
https://triprindia.com/blogs/news/elevate-your-athleisure-game-with-track-pants-combos-comfort-meets-style,https://triprindia.com/blogs/news/elevate-your-athleisure-game-with-track-pants-combos-comfort-meets-style,false,0,200,article,Elevate Your Athleisure Game with Track Pants Combos: Comfort meets Style – TRIPR,"Buy trackpants combos at best prices from Tripr India. Best quality, world class fitting and great prices. Enjoy great deals and offers this summer. Cash on delivery.",https://triprindia.com/blogs/news/elevate-your-athleisure-game-with-track-pants-combos-comfort-meets-style,,true,indexable,https://triprindia.com/blogs/news/elevate-your-athleisure-game-with-track-pants-combos-comfort-meets-style,true,Elevate Your Athleisure Game with Track Pants Combos: Comfort Meets Style,1,1013,199,765,39,11,1,1,6,3,0,,false,6,5,50,Article,true,JudgeMe,title_length|meta_description_length|serp_boilerplate_meta_description|script_count_high
https://triprindia.com/blogs/news/embrace-individuality-and-style-with-printed-mens-sweatshirts,https://triprindia.com/blogs/news/embrace-individuality-and-style-with-printed-mens-sweatshirts,false,0,200,article,Embrace Individuality and Style with Printed Men's Sweatshirts – TRIPR,"Shop fabulous, stylish and affordable men’s printed sweatshirts from Tripr India. Best designs, unique prints like abstract, colour-block, solids and more. All at best prices from Tripr India.",https://triprindia.com/blogs/news/embrace-individuality-and-style-with-printed-mens-sweatshirts,,true,indexable,https://triprindia.com/blogs/news/embrace-individuality-and-style-with-printed-mens-sweatshirts,true,Embrace Individuality and Style with Printed Men's Sweatshirts,1,1046,199,766,39,11,1,1,6,3,0,,false,6,5,50,Article,true,JudgeMe,title_length|meta_description_length|script_count_high
https://triprindia.com/blogs/news/stylish-tracksuits-for-men-the-perfect-blend-of-fashion-and-comfort,https://triprindia.com/blogs/news/stylish-tracksuits-for-men-the-perfect-blend-of-fashion-and-comfort,false,0,200,article,Stylish Tracksuits for Men: The Perfect Blend of Fashion and Comfort – TRIPR,"Buy a wide range of stylish tracksuits for men. Best quality, affordable prices. Easy return policy. Buy now.",https://triprindia.com/blogs/news/stylish-tracksuits-for-men-the-perfect-blend-of-fashion-and-comfort,,true,indexable,https://triprindia.com/blogs/news/stylish-tracksuits-for-men-the-perfect-blend-of-fashion-and-comfort,true,Stylish Tracksuits for Men: The Perfect Blend of Fashion and Comfort,1,1077,197,753,39,11,1,1,6,3,0,,false,5,5,51,Article,true,JudgeMe,title_length|script_count_high|article_schema_missing_image
https://triprindia.com/blogs/news/the-trendy-appeal-of-oversized-t-shirts-for-men-style-and-comfort-in-one,https://triprindia.com/blogs/news/the-trendy-appeal-of-oversized-t-shirts-for-men-style-and-comfort-in-one,false,0,200,article,The Trendy Appeal of Oversized T-Shirts for Men: Style and Comfort in One – TRIPR,"Buy a wide range of oversized t-shirts for men online from best fashion store-Tripr India. Unique designs which are available exclusively on Tripr India website. Affordable prices, great summer deals and easy return and exchange policy.",https://triprindia.com/blogs/news/the-trendy-appeal-of-oversized-t-shirts-for-men-style-and-comfort-in-one,,true,indexable,https://triprindia.com/blogs/news/the-trendy-appeal-of-oversized-t-shirts-for-men-style-and-comfort-in-one,true,The Trendy Appeal of Oversized T-Shirts for Men: Style and Comfort in One,1,1037,200,765,39,11,1,1,6,3,0,,false,6,5,50,Article,true,JudgeMe,title_length|meta_description_length|script_count_high
https://triprindia.com/blogs/news/mens-trackpants-the-ultimate-blend-of-comfort-and-style,https://triprindia.com/blogs/news/mens-trackpants-the-ultimate-blend-of-comfort-and-style,false,0,200,article,Men's Trackpants: The Ultimate Blend of Comfort and Style – TRIPR,"Buy a stylish collection of men’s trackpants from Tripr India. Superior quality, unique designs and affordable prices.",https://triprindia.com/blogs/news/mens-trackpants-the-ultimate-blend-of-comfort-and-style,,true,indexable,https://triprindia.com/blogs/news/mens-trackpants-the-ultimate-blend-of-comfort-and-style,true,Men's Trackpants: The Ultimate Blend of Comfort and Style,1,1035,200,761,39,11,1,1,6,3,0,,false,6,5,50,Article,true,JudgeMe,script_count_high|image_alt_too_short
https://triprindia.com/blogs/news/best-attire-for-men-cotton-blend-printed-shirts,https://triprindia.com/blogs/news/best-attire-for-men-cotton-blend-printed-shirts,false,0,200,article,Best Attire for Men-Cotton Blend Printed Shirts – TRIPR,"Buy a wide range of cotton blend printed men’s shirts from Tripr India. Best quality, affordable prices. Easy return policy. Buy now.",https://triprindia.com/blogs/news/best-attire-for-men-cotton-blend-printed-shirts,,true,indexable,https://triprindia.com/blogs/news/best-attire-for-men-cotton-blend-printed-shirts,true,Best Attire for Men-Cotton Blend Printed Shirts,1,1017,195,753,39,11,1,1,6,3,0,,false,5,5,51,Article,true,JudgeMe,script_count_high|article_schema_missing_image
https://triprindia.com/blogs/news/mastering-athletic-style-colour-block-mens-tracksuits,https://triprindia.com/blogs/news/mastering-athletic-style-colour-block-mens-tracksuits,false,0,200,article,Mastering Athletic Style: Colour block Men's Tracksuits – TRIPR,"Shop now from wide collection of colour block men’s tracksuits from the house of Tripr India. Best prices, unique designs and comfort fit. Easy return and exchange policy. Shop now.",https://triprindia.com/blogs/news/mastering-athletic-style-colour-block-mens-tracksuits,,true,indexable,https://triprindia.com/blogs/news/mastering-athletic-style-colour-block-mens-tracksuits,true,Mastering Matching Style: Colour block Men's Tracksuits,1,1012,196,755,39,11,1,1,6,3,0,,false,5,5,51,Article,true,JudgeMe,meta_description_length|script_count_high|article_schema_missing_image
https://triprindia.com/blogs/news/celebrate-ganesh-chaturthi-with-tripr-india-enjoy-great-offers-on-men-s-collection,https://triprindia.com/blogs/news/celebrate-ganesh-chaturthi-with-tripr-india-enjoy-great-offers-on-men-s-collection,false,0,200,article,Celebrate Ganesh Chaturthi with Tripr India & Enjoy Great Offers TRIPR,"Ganesh Chaturthi is one of India's most beloved festivals. Celebrate with our party wear shirt for a formal look, our polo t-shirt for a classy look, and our Marvel t-shirt for a trendy look by tripr india.",https://triprindia.com/blogs/news/celebrate-ganesh-chaturthi-with-tripr-india-enjoy-great-offers-on-men-s-collection,,true,indexable,https://triprindia.com/blogs/news/celebrate-ganesh-chaturthi-with-tripr-india-enjoy-great-offers-on-men-s-collection,true,Celebrate Ganesh Chaturthi with Tripr India & Enjoy Great Offers on Men’s Collection,1,1031,199,769,39,11,1,1,6,3,1,,false,6,5,52,Article,true,JudgeMe,title_length|meta_description_length|script_count_high
https://triprindia.com/blogs/news/the-artistry-of-party-wear-shirts-for-men,https://triprindia.com/blogs/news/the-artistry-of-party-wear-shirts-for-men,false,0,200,article,The Artistry of Party Wear Shirts for Men – TRIPR,We have a wide range of men’s party wear shirts in our collection. We are a leading men’s wear brand. Buy at best prices from Tripr India.,https://triprindia.com/blogs/news/the-artistry-of-party-wear-shirts-for-men,,true,indexable,https://triprindia.com/blogs/news/the-artistry-of-party-wear-shirts-for-men,true,The Artistry of Party Wear Shirts for Men,1,1015,197,769,39,11,1,1,6,3,0,,false,6,5,50,Article,true,JudgeMe,script_count_high
https://triprindia.com/blogs/news/why-customers-love-tripr-india-a-brand-that-redefines-mens-fashion,https://triprindia.com/blogs/news/why-customers-love-tripr-india-a-brand-that-redefines-mens-fashion,false,0,200,article,Why Customers Love Tripr India: A Brand That Redefines Men's Fashion – TRIPR,"In the ever-evolving world of men's fashion, finding a brand that ticks all the boxes can be a challenge. However, Tripr India has emerged as a beacon of style, quality, and affordability that customers just love. We have become one of the best clothing stores in India. Let's delve into what sets us apart and why we ha",https://triprindia.com/blogs/news/why-customers-love-tripr-india-a-brand-that-redefines-mens-fashion,,true,indexable,https://triprindia.com/blogs/news/why-customers-love-tripr-india-a-brand-that-redefines-mens-fashion,true,Why Customers Love Tripr India: A Brand That Redefines Men's Fashion,1,1061,200,779,39,11,1,1,6,3,1,,false,10,9,51,Article,true,JudgeMe,title_length|meta_description_length|missing_image_alt|script_count_high
https://triprindia.com/blogs/news/tripr-india-wishes-you-a-diwali-filled-with-style-and-sparkle,https://triprindia.com/blogs/news/tripr-india-wishes-you-a-diwali-filled-with-style-and-sparkle,false,0,200,article,Tripr India Wishes You a Diwali Filled with Style and Sparkle! – TRIPR,"Shop a wide range of men’s winter wear from Tripr India at best prices. Buy Sweatshirts, Jackets, Trackpants, Tracksuits, shirts and more from Tripr India.",https://triprindia.com/blogs/news/tripr-india-wishes-you-a-diwali-filled-with-style-and-sparkle,,true,indexable,https://triprindia.com/blogs/news/tripr-india-wishes-you-a-diwali-filled-with-style-and-sparkle,true,Tripr India Wishes You a Diwali Filled with Style and Sparkle!,1,972,198,779,39,11,1,1,6,3,1,,false,8,6,57,Article,true,JudgeMe,title_length|missing_image_alt|script_count_high|image_alt_too_short|image_missing_dimensions
https://triprindia.com/blogs/news/frequently-asked-questions-faqs-shopping-guide-for-tripr-india,https://triprindia.com/blogs/news/frequently-asked-questions-faqs-shopping-guide-for-tripr-india,false,0,200,article,Frequently Asked Questions (FAQs) – Shopping Guide for Tripr India – TRIPR,"Shopping for men’s fashion online should be smooth, convenient, and exciting. At Tripr India, we bring you a diverse range of stylish and high-quality apparel, designed for comfort and durability. Whether you're looking for trendy t-shirts, durable cargo joggers, or stylish jackets, we’ve got you covered! To help you s",https://triprindia.com/blogs/news/frequently-asked-questions-faqs-shopping-guide-for-tripr-india,,true,indexable,https://triprindia.com/blogs/news/frequently-asked-questions-faqs-shopping-guide-for-tripr-india,true,Frequently Asked Questions (FAQs) – Shopping Guide for Tripr India,1,1166,207,940,39,11,1,1,6,3,0,,false,6,5,60,Article,true,JudgeMe,title_length|meta_description_length|script_count_high
https://triprindia.com/blogs/news/wash-like-a-pro-the-ultimate-guide-to-caring-for-cotton-blend-fabric,https://triprindia.com/blogs/news/wash-like-a-pro-the-ultimate-guide-to-caring-for-cotton-blend-fabric,false,0,200,article,Best Washing Tips for Cotton Blend Fabric – Keep Clothes Fresh & Soft – TRIPR,"Discover expert washing tips for cotton blend fabric to prevent fading, shrinkage, and damage. Keep your clothes soft, fresh, and long-lasting with ease!",https://triprindia.com/blogs/news/wash-like-a-pro-the-ultimate-guide-to-caring-for-cotton-blend-fabric,,true,indexable,https://triprindia.com/blogs/news/wash-like-a-pro-the-ultimate-guide-to-caring-for-cotton-blend-fabric,true,Wash Like a Pro: The Ultimate Guide to Caring for Cotton Blend Fabric,1,1141,207,974,39,11,1,1,6,3,0,,false,6,5,57,Article,true,JudgeMe,title_length|serp_title_h1_mismatch|script_count_high
https://triprindia.com/blogs/news/tripr-india-real-or-fake,https://triprindia.com/blogs/news/tripr-india-real-or-fake,false,0,200,article,Is TRIPR INDIA Real or Fake? | Trusted Online Clothing Brand Since 2016,"Discover the real story of TRIPR INDIA. A genuine Indian clothing brand founded in 2016 in Tiruppur. Explore our journey, trusted marketplaces, offline stores, and why thousands of customers across India shop with confidence at triprindia.com",https://triprindia.com/blogs/news/tripr-india-real-or-fake,,true,indexable,https://triprindia.com/blogs/news/tripr-india-real-or-fake,true,"TRIPR INDIA - Real Brand, Real People, Unique Style|Our Story – From Tiruppur to All Over India",2,1542,220,1139,40,11,1,1,5,3,1,,false,9,8,57,Article|FAQPage,true,JudgeMe,title_length|meta_description_length|multiple_h1|missing_image_alt|script_count_high|image_missing_dimensions
