url,handle,discovery_source,inbound_count,pagerank_score,collection_memberships,collection_is_crawled,bucket,collections_count
https://triprindia.com/products/anime-graphic-back-printed-oversized-tshirt-beige-d211,anime-graphic-back-printed-oversized-tshirt-beige-d211,api_seed,0,0,all-tshirt|drop-shoulder-t-shirts|oversized-tshirt|printed-tshirt|t-shirt|top-wear-collections,all-tshirt:true|drop-shoulder-t-shirts:true|oversized-tshirt:true|printed-tshirt:true|t-shirt:true|top-wear-collections:true,B_collection_crawled_not_linked,6
https://triprindia.com/products/back-print-drop-shoulder-t-shirts-combo-for-men-multicolor,back-print-drop-shoulder-t-shirts-combo-for-men-multicolor,api_seed,0,0,combos|new-collections|oversized-tshirt,combos:true|new-collections:true|oversized-tshirt:true,B_collection_crawled_not_linked,3
https://triprindia.com/products/back-printed-loose-fit-baggy-tshirt-black-for-mens-d209,back-printed-loose-fit-baggy-tshirt-black-for-mens-d209,api_seed,0,0,all-tshirt|best-seller|new-collections|oversized-tshirt|printed-tshirt|top-sellers|top-wear-collections,all-tshirt:true|best-seller:true|new-collections:true|oversized-tshirt:true|printed-tshirt:true|top-sellers:true|top-wear-collections:true,B_collection_crawled_not_linked,7
https://triprindia.com/products/beige-cotton-track-pant-for-men,beige-cotton-track-pant-for-men,api_seed,0,0,bottom-wear|top-sellers|track-pants-for-men,bottom-wear:true|top-sellers:true|track-pants-for-men:true,B_collection_crawled_not_linked,3
https://triprindia.com/products/black-half-sleeve-printed-tshirts-track-pants-matching-outfits,black-half-sleeve-printed-tshirts-track-pants-matching-outfits,api_seed,0,0,best-seller|track-suite,best-seller:true|track-suite:true,B_collection_crawled_not_linked,2
https://triprindia.com/products/black-trunk-for-men-u13,black-trunk-for-men-u13,api_seed,0,0,innerwear|men-innerwear-trunks,innerwear:true|men-innerwear-trunks:true,B_collection_crawled_not_linked,2
https://triprindia.com/products/color-blaocked-quarter-zip-polo-neck-full-sleeve-t-shirt-white-darkgrey-p74,color-blaocked-quarter-zip-polo-neck-full-sleeve-t-shirt-white-darkgrey-p74,api_seed,0,0,all-tshirt|full-sleeve-t-shirt-for-men|new-collections|polos|printed-tshirt|t-shirt|top-wear-collections,all-tshirt:true|full-sleeve-t-shirt-for-men:true|new-collections:true|polos:true|printed-tshirt:true|t-shirt:true|top-wear-collections:true,B_collection_crawled_not_linked,7
https://triprindia.com/products/color-blaocked-quarter-zip-polo-neck-vertical-striped-full-sleeve-t-shirt-p73,color-blaocked-quarter-zip-polo-neck-vertical-striped-full-sleeve-t-shirt-p73,api_seed,0,0,all-tshirt|full-sleeve-t-shirt-for-men|new-collections|polos|printed-tshirt|t-shirt|top-wear-collections,all-tshirt:true|full-sleeve-t-shirt-for-men:true|new-collections:true|polos:true|printed-tshirt:true|t-shirt:true|top-wear-collections:true,B_collection_crawled_not_linked,7
https://triprindia.com/products/color-blaocked-quarter-zip-polo-neck-vertical-striped-full-sleeve-t-shirt-white-black-p73,color-blaocked-quarter-zip-polo-neck-vertical-striped-full-sleeve-t-shirt-white-black-p73,api_seed,0,0,all-tshirt|full-sleeve-t-shirt-for-men|new-collections|polos|printed-tshirt|t-shirt|top-wear-collections,all-tshirt:true|full-sleeve-t-shirt-for-men:true|new-collections:true|polos:true|printed-tshirt:true|t-shirt:true|top-wear-collections:true,B_collection_crawled_not_linked,7
https://triprindia.com/products/color-blaocked-quarter-zip-polo-neck-vertical-striped-full-sleeve-t-shirt-white-darkgrey-p73,color-blaocked-quarter-zip-polo-neck-vertical-striped-full-sleeve-t-shirt-white-darkgrey-p73,api_seed,0,0,all-tshirt|full-sleeve-t-shirt-for-men|new-collections|polos|printed-tshirt|t-shirt|top-wear-collections,all-tshirt:true|full-sleeve-t-shirt-for-men:true|new-collections:true|polos:true|printed-tshirt:true|t-shirt:true|top-wear-collections:true,B_collection_crawled_not_linked,7
https://triprindia.com/products/color-block-men-regular-fit-shorts-beige-black,color-block-men-regular-fit-shorts-beige-black,api_seed,0,0,best-seller|bottom-wear|shorts,best-seller:true|bottom-wear:true|shorts:true,B_collection_crawled_not_linked,3
https://triprindia.com/products/colorblocked-multipockets-cargo-42-jogger-black-grey,colorblocked-multipockets-cargo-42-jogger-black-grey,api_seed,0,0,bottom-wear|cargo-pants-for-men|loose-fit-cargo-trousers,bottom-wear:true|cargo-pants-for-men:true|loose-fit-cargo-trousers:true,B_collection_crawled_not_linked,3
https://triprindia.com/products/colorblocked-multipockets-cargo-42-jogger-olivegreen-grey,colorblocked-multipockets-cargo-42-jogger-olivegreen-grey,api_seed,0,0,bottom-wear|cargo-pants-for-men|loose-fit-cargo-trousers,bottom-wear:true|cargo-pants-for-men:true|loose-fit-cargo-trousers:true,B_collection_crawled_not_linked,3
https://triprindia.com/products/colorblocked-multipockets-cargo-43-jogger-beige-black,colorblocked-multipockets-cargo-43-jogger-beige-black,api_seed,0,0,bottom-wear|cargo-pants-for-men|loose-fit-cargo-trousers,bottom-wear:true|cargo-pants-for-men:true|loose-fit-cargo-trousers:true,B_collection_crawled_not_linked,3
https://triprindia.com/products/colorblocked-multipockets-cargo-jogger-beige-black,colorblocked-multipockets-cargo-jogger-beige-black,api_seed,0,0,bottom-wear|cargo-pants-for-men,bottom-wear:true|cargo-pants-for-men:true,B_collection_crawled_not_linked,2
https://triprindia.com/products/contrast-back-printed-oversized-tshirt-navyblue-d210,contrast-back-printed-oversized-tshirt-navyblue-d210,api_seed,0,0,all-tshirt|best-seller|new-collections|oversized-tshirt|printed-tshirt|t-shirt|top-wear-collections,all-tshirt:true|best-seller:true|new-collections:true|oversized-tshirt:true|printed-tshirt:true|t-shirt:true|top-wear-collections:true,B_collection_crawled_not_linked,7
https://triprindia.com/products/dark-blue-men-vest,dark-blue-men-vest,api_seed,0,0,baniyan-for-men|best-seller|innerwear|printed-vest,baniyan-for-men:true|best-seller:true|innerwear:true|printed-vest:true,B_collection_crawled_not_linked,4
https://triprindia.com/products/designer-cargo-black-jogger-with-side-print-panel,designer-cargo-black-jogger-with-side-print-panel,api_seed,0,0,bottom-wear|cargo-pants-for-men|loose-fit-cargo-trousers,bottom-wear:true|cargo-pants-for-men:true|loose-fit-cargo-trousers:true,B_collection_crawled_not_linked,3
https://triprindia.com/products/designer-cargo-olivegreen-jogger-with-side-print-panel,designer-cargo-olivegreen-jogger-with-side-print-panel,api_seed,0,0,bottom-wear|cargo-pants-for-men|loose-fit-cargo-trousers,bottom-wear:true|cargo-pants-for-men:true|loose-fit-cargo-trousers:true,B_collection_crawled_not_linked,3
https://triprindia.com/products/dragon-graphic-design-printed-oversized-tshirt-d215,dragon-graphic-design-printed-oversized-tshirt-d215,api_seed,0,0,all-tshirt|best-seller|new-collections|oversized-tshirt|printed-tshirt|t-shirt|top-wear-collections,all-tshirt:true|best-seller:true|new-collections:true|oversized-tshirt:true|printed-tshirt:true|t-shirt:true|top-wear-collections:true,B_collection_crawled_not_linked,7
https://triprindia.com/products/feather-printed-half-sleeve-round-neck-mens-t-shirt-beige-d173,feather-printed-half-sleeve-round-neck-mens-t-shirt-beige-d173,api_seed,0,0,half-sleeve-t-shirt|printed-tshirt|t-shirt|top-wear-collections,half-sleeve-t-shirt:true|printed-tshirt:true|t-shirt:true|top-wear-collections:true,B_collection_crawled_not_linked,4
https://triprindia.com/products/feather-printed-half-sleeve-round-neck-mens-t-shirt-charcoal-black-d173,feather-printed-half-sleeve-round-neck-mens-t-shirt-charcoal-black-d173,api_seed,0,0,half-sleeve-t-shirt|printed-tshirt|t-shirt|top-wear-collections,half-sleeve-t-shirt:true|printed-tshirt:true|t-shirt:true|top-wear-collections:true,B_collection_crawled_not_linked,4
https://triprindia.com/products/feather-printed-half-sleeve-round-neck-mens-t-shirt-maroon-d173,feather-printed-half-sleeve-round-neck-mens-t-shirt-maroon-d173,api_seed,0,0,all-tshirt|best-seller|half-sleeve-t-shirt|printed-tshirt|t-shirt|top-wear-collections,all-tshirt:true|best-seller:true|half-sleeve-t-shirt:true|printed-tshirt:true|t-shirt:true|top-wear-collections:true,B_collection_crawled_not_linked,6
https://triprindia.com/products/feather-printed-half-sleeve-round-neck-mens-t-shirt-olive-green-d173,feather-printed-half-sleeve-round-neck-mens-t-shirt-olive-green-d173,api_seed,0,0,best-seller|half-sleeve-t-shirt|printed-tshirt|t-shirt|top-wear-collections,best-seller:true|half-sleeve-t-shirt:true|printed-tshirt:true|t-shirt:true|top-wear-collections:true,B_collection_crawled_not_linked,5
https://triprindia.com/products/full-sleeve-high-neck-men-olive-green-t-shirt,full-sleeve-high-neck-men-olive-green-t-shirt,api_seed,0,0,best-seller|full-sleeve-t-shirt-for-men|high-neck-t-shirts|t-shirt|top-wear-collections,best-seller:true|full-sleeve-t-shirt-for-men:true|high-neck-t-shirts:true|t-shirt:true|top-wear-collections:true,B_collection_crawled_not_linked,5
https://triprindia.com/products/full-sleeve-hooded-neck-dual-color-printed-t-shirt-black-olive-green,full-sleeve-hooded-neck-dual-color-printed-t-shirt-black-olive-green,api_seed,0,0,full-sleeve-t-shirt-for-men|hooded-t-shirt|printed-tshirt|t-shirt|top-wear-collections,full-sleeve-t-shirt-for-men:true|hooded-t-shirt:true|printed-tshirt:true|t-shirt:true|top-wear-collections:true,B_collection_crawled_not_linked,5
https://triprindia.com/products/full-sleeve-hooded-neck-dual-color-printed-t-shirt-black-red,full-sleeve-hooded-neck-dual-color-printed-t-shirt-black-red,api_seed,0,0,best-seller|full-sleeve-t-shirt-for-men|hooded-t-shirt|printed-tshirt|top-wear-collections,best-seller:true|full-sleeve-t-shirt-for-men:true|hooded-t-shirt:true|printed-tshirt:true|top-wear-collections:true,B_collection_crawled_not_linked,5
https://triprindia.com/products/full-sleeve-hooded-neck-printed-t-shirt-black,full-sleeve-hooded-neck-printed-t-shirt-black,api_seed,0,0,best-seller|full-sleeve-t-shirt-for-men|hooded-t-shirt|printed-tshirt|t-shirt|top-wear-collections,best-seller:true|full-sleeve-t-shirt-for-men:true|hooded-t-shirt:true|printed-tshirt:true|t-shirt:true|top-wear-collections:true,B_collection_crawled_not_linked,6
https://triprindia.com/products/full-sleeve-hooded-neck-printed-t-shirt-maroon,full-sleeve-hooded-neck-printed-t-shirt-maroon,api_seed,0,0,best-seller|full-sleeve-t-shirt-for-men|hooded-t-shirt|printed-tshirt|top-wear-collections,best-seller:true|full-sleeve-t-shirt-for-men:true|hooded-t-shirt:true|printed-tshirt:true|top-wear-collections:true,B_collection_crawled_not_linked,5
https://triprindia.com/products/full-sleeve-men-solid-high-neck-cotton-blend-black-t-shirt,full-sleeve-men-solid-high-neck-cotton-blend-black-t-shirt,api_seed,0,0,best-seller|full-sleeve-t-shirt-for-men|high-neck-t-shirts|t-shirt|top-wear-collections,best-seller:true|full-sleeve-t-shirt-for-men:true|high-neck-t-shirts:true|t-shirt:true|top-wear-collections:true,B_collection_crawled_not_linked,5
https://triprindia.com/products/half-sleeve-pack-of-3-typography-printed-t-shirts-for-men,half-sleeve-pack-of-3-typography-printed-t-shirts-for-men,api_seed,0,0,all-tshirt|combos|half-sleeve-t-shirt|printed-tshirt|t-shirt|t-shirt-combo|top-sellers|top-wear-collections,all-tshirt:true|combos:true|half-sleeve-t-shirt:true|printed-tshirt:true|t-shirt:true|t-shirt-combo:true|top-sellers:true|top-wear-collections:true,B_collection_crawled_not_linked,8
https://triprindia.com/products/half-sleeve-polo-zip-type-white-contrast-collar-t-shirt-p69,half-sleeve-polo-zip-type-white-contrast-collar-t-shirt-p69,api_seed,0,0,all-tshirt|half-sleeve-t-shirt|polos|t-shirt|top-wear-collections,all-tshirt:true|half-sleeve-t-shirt:true|polos:true|t-shirt:true|top-wear-collections:true,B_collection_crawled_not_linked,5
https://triprindia.com/products/half-sleeve-printed-round-neck-cotton-blend-tshirt-beige-d218,half-sleeve-printed-round-neck-cotton-blend-tshirt-beige-d218,api_seed,0,0,all-tshirt|half-sleeve-t-shirt|printed-tshirt|t-shirt|top-wear-collections,all-tshirt:true|half-sleeve-t-shirt:true|printed-tshirt:true|t-shirt:true|top-wear-collections:true,B_collection_crawled_not_linked,5
https://triprindia.com/products/half-sleeve-printed-round-neck-cotton-blend-tshirt-black-d218,half-sleeve-printed-round-neck-cotton-blend-tshirt-black-d218,api_seed,0,0,all-tshirt|half-sleeve-t-shirt|new-collections|printed-tshirt|t-shirt|top-wear-collections,all-tshirt:true|half-sleeve-t-shirt:true|new-collections:true|printed-tshirt:true|t-shirt:true|top-wear-collections:true,B_collection_crawled_not_linked,6
https://triprindia.com/products/half-sleeve-star-printed-black-round-neck-cotton-blend-tshirt,half-sleeve-star-printed-black-round-neck-cotton-blend-tshirt,api_seed,0,0,all-tshirt|half-sleeve-t-shirt|printed-tshirt|t-shirt|top-wear-collections,all-tshirt:true|half-sleeve-t-shirt:true|printed-tshirt:true|t-shirt:true|top-wear-collections:true,B_collection_crawled_not_linked,5
https://triprindia.com/products/half-sleeve-typography-printed-t-shirts-for-men,half-sleeve-typography-printed-t-shirts-for-men,api_seed,0,0,best-seller|combos|half-sleeve-t-shirt|printed-tshirt|t-shirt|t-shirt-combo|top-sellers|top-wear-collections,best-seller:true|combos:true|half-sleeve-t-shirt:true|printed-tshirt:true|t-shirt:true|t-shirt-combo:true|top-sellers:true|top-wear-collections:true,B_collection_crawled_not_linked,8
https://triprindia.com/products/high-neck-full-sleeve-quarter-zip-t-shirt-black-white-d189,high-neck-full-sleeve-quarter-zip-t-shirt-black-white-d189,api_seed,0,0,all-tshirt|full-sleeve-t-shirt-for-men|high-neck-t-shirts|printed-tshirt|t-shirt,all-tshirt:true|full-sleeve-t-shirt-for-men:true|high-neck-t-shirts:true|printed-tshirt:true|t-shirt:true,B_collection_crawled_not_linked,5
https://triprindia.com/products/high-neck-full-sleeve-quarter-zip-t-shirt-grey-black-d189,high-neck-full-sleeve-quarter-zip-t-shirt-grey-black-d189,api_seed,0,0,all-tshirt|best-seller|full-sleeve-t-shirt-for-men|printed-tshirt|top-wear-collections,all-tshirt:true|best-seller:true|full-sleeve-t-shirt-for-men:true|printed-tshirt:true|top-wear-collections:true,B_collection_crawled_not_linked,5
https://triprindia.com/products/high-neck-half-sleeve-brown-t-shirt-for-mens,high-neck-half-sleeve-brown-t-shirt-for-mens,api_seed,0,0,all-tshirt|best-seller|half-sleeve-t-shirt|high-neck-t-shirts|plain-tshirt|t-shirt|top-wear-collections,all-tshirt:true|best-seller:true|half-sleeve-t-shirt:true|high-neck-t-shirts:true|plain-tshirt:true|t-shirt:true|top-wear-collections:true,B_collection_crawled_not_linked,7
https://triprindia.com/products/high-neck-mandarin-zip-full-sleeve-t-shirts-with-track-pants-multicolor-tracksuit,high-neck-mandarin-zip-full-sleeve-t-shirts-with-track-pants-multicolor-tracksuit,api_seed,0,0,track-suite,track-suite:true,B_collection_crawled_not_linked,1
https://triprindia.com/products/japanese-design-dragon-printed-oversized-tshirt-d214,japanese-design-dragon-printed-oversized-tshirt-d214,api_seed,0,0,all-tshirt|best-seller|new-collections|oversized-tshirt|printed-tshirt|t-shirt|top-sellers,all-tshirt:true|best-seller:true|new-collections:true|oversized-tshirt:true|printed-tshirt:true|t-shirt:true|top-sellers:true,B_collection_crawled_not_linked,7
https://triprindia.com/products/japanese-dragon-printed-oversized-darkgrey-t-shirt-d214,japanese-dragon-printed-oversized-darkgrey-t-shirt-d214,api_seed,0,0,all-tshirt|drop-shoulder-t-shirts|oversized-tshirt|printed-tshirt|t-shirt|top-wear-collections,all-tshirt:true|drop-shoulder-t-shirts:true|oversized-tshirt:true|printed-tshirt:true|t-shirt:true|top-wear-collections:true,B_collection_crawled_not_linked,6
https://triprindia.com/products/japanese-dragon-printed-oversized-maroon-tshirt-d214,japanese-dragon-printed-oversized-maroon-tshirt-d214,api_seed,0,0,all-tshirt|drop-shoulder-t-shirts|oversized-tshirt|printed-tshirt|t-shirt|top-wear-collections,all-tshirt:true|drop-shoulder-t-shirts:true|oversized-tshirt:true|printed-tshirt:true|t-shirt:true|top-wear-collections:true,B_collection_crawled_not_linked,6
https://triprindia.com/products/japanese-dragon-printed-oversized-navyblue-tshirt-d214,japanese-dragon-printed-oversized-navyblue-tshirt-d214,api_seed,0,0,all-tshirt|drop-shoulder-t-shirts|oversized-tshirt|printed-tshirt|t-shirt|top-wear-collections,all-tshirt:true|drop-shoulder-t-shirts:true|oversized-tshirt:true|printed-tshirt:true|t-shirt:true|top-wear-collections:true,B_collection_crawled_not_linked,6
https://triprindia.com/products/japanese-dragon-printed-oversized-olivegreen-tshirt-d214,japanese-dragon-printed-oversized-olivegreen-tshirt-d214,api_seed,0,0,all-tshirt|drop-shoulder-t-shirts|oversized-tshirt|printed-tshirt|t-shirt|top-wear-collections,all-tshirt:true|drop-shoulder-t-shirts:true|oversized-tshirt:true|printed-tshirt:true|t-shirt:true|top-wear-collections:true,B_collection_crawled_not_linked,6
https://triprindia.com/products/loose-fit-plain-baggy-cargo-j72-black,loose-fit-plain-baggy-cargo-j72-black,api_seed,0,0,bottom-wear|track-pants-for-men,bottom-wear:true|track-pants-for-men:true,B_collection_crawled_not_linked,2
https://triprindia.com/products/loose-fit-plain-baggy-cargo-j72-grey,loose-fit-plain-baggy-cargo-j72-grey,api_seed,0,0,bottom-wear|top-sellers|track-pants-for-men,bottom-wear:true|top-sellers:true|track-pants-for-men:true,B_collection_crawled_not_linked,3
https://triprindia.com/products/men-4-pockets-dual-color-baggy-cargo-pant-grey-black-os8,men-4-pockets-dual-color-baggy-cargo-pant-grey-black-os8,api_seed,0,0,best-seller|bottom-wear|cargo-pants-for-men|new-collections|top-sellers,best-seller:true|bottom-wear:true|cargo-pants-for-men:true|new-collections:true|top-sellers:true,B_collection_crawled_not_linked,5
https://triprindia.com/products/men-4-pockets-dual-color-baggy-cargo-pant-maroon-black-os8,men-4-pockets-dual-color-baggy-cargo-pant-maroon-black-os8,api_seed,0,0,bottom-wear|cargo-pants-for-men|top-sellers,bottom-wear:true|cargo-pants-for-men:true|top-sellers:true,B_collection_crawled_not_linked,3
https://triprindia.com/products/men-4-pockets-dual-color-baggy-cargo-pant-navyblue-grey-os8,men-4-pockets-dual-color-baggy-cargo-pant-navyblue-grey-os8,api_seed,0,0,bottom-wear|cargo-pants-for-men|top-sellers,bottom-wear:true|cargo-pants-for-men:true|top-sellers:true,B_collection_crawled_not_linked,3
https://triprindia.com/products/men-4-pockets-dual-color-baggy-cargo-pant-olivegreen-grey-os8,men-4-pockets-dual-color-baggy-cargo-pant-olivegreen-grey-os8,api_seed,0,0,bottom-wear|cargo-pants-for-men|new-collections|top-sellers,bottom-wear:true|cargo-pants-for-men:true|new-collections:true|top-sellers:true,B_collection_crawled_not_linked,4
https://triprindia.com/products/men-all-over-printed-short-black-s38,men-all-over-printed-short-black-s38,api_seed,0,0,bottom-wear|shorts,bottom-wear:true|shorts:true,B_collection_crawled_not_linked,2
https://triprindia.com/products/men-all-over-printed-short-black-s39,men-all-over-printed-short-black-s39,api_seed,0,0,bottom-wear|shorts,bottom-wear:true|shorts:true,B_collection_crawled_not_linked,2
https://triprindia.com/products/men-all-over-printed-short-black-s40,men-all-over-printed-short-black-s40,api_seed,0,0,bottom-wear|shorts,bottom-wear:true|shorts:true,B_collection_crawled_not_linked,2
https://triprindia.com/products/men-all-over-printed-short-black-s42,men-all-over-printed-short-black-s42,api_seed,0,0,bottom-wear|shorts,bottom-wear:true|shorts:true,B_collection_crawled_not_linked,2
https://triprindia.com/products/men-all-over-printed-short-grey,men-all-over-printed-short-grey,api_seed,0,0,bottom-wear|shorts,bottom-wear:true|shorts:true,B_collection_crawled_not_linked,2
https://triprindia.com/products/men-all-over-printed-short-maroon-s39,men-all-over-printed-short-maroon-s39,api_seed,0,0,bottom-wear|shorts,bottom-wear:true|shorts:true,B_collection_crawled_not_linked,2
https://triprindia.com/products/men-all-over-printed-short-maroon-s42,men-all-over-printed-short-maroon-s42,api_seed,0,0,bottom-wear|shorts,bottom-wear:true|shorts:true,B_collection_crawled_not_linked,2
https://triprindia.com/products/men-all-over-printed-short-navyblue-s42,men-all-over-printed-short-navyblue-s42,api_seed,0,0,bottom-wear|shorts,bottom-wear:true|shorts:true,B_collection_crawled_not_linked,2
https://triprindia.com/products/men-all-over-printed-short-olivegreen-s39,men-all-over-printed-short-olivegreen-s39,api_seed,0,0,bottom-wear|shorts,bottom-wear:true|shorts:true,B_collection_crawled_not_linked,2
https://triprindia.com/products/men-all-over-printed-short-olivegreen-s42,men-all-over-printed-short-olivegreen-s42,api_seed,0,0,bottom-wear|shorts,bottom-wear:true|shorts:true,B_collection_crawled_not_linked,2
https://triprindia.com/products/men-all-over-printed-short-red-s39,men-all-over-printed-short-red-s39,api_seed,0,0,bottom-wear|shorts,bottom-wear:true|shorts:true,B_collection_crawled_not_linked,2
https://triprindia.com/products/men-back-printed-loose-fit-baggy-tshirt-beige-d208,men-back-printed-loose-fit-baggy-tshirt-beige-d208,api_seed,0,0,all-tshirt|best-seller|half-sleeve-t-shirt|oversized-tshirt|printed-tshirt|t-shirt|top-wear-collections,all-tshirt:true|best-seller:true|half-sleeve-t-shirt:true|oversized-tshirt:true|printed-tshirt:true|t-shirt:true|top-wear-collections:true,B_collection_crawled_not_linked,7
https://triprindia.com/products/men-back-printed-loose-fit-baggy-tshirt-black-d208,men-back-printed-loose-fit-baggy-tshirt-black-d208,api_seed,0,0,all-tshirt|best-seller|new-collections|oversized-tshirt|printed-tshirt|top-wear-collections,all-tshirt:true|best-seller:true|new-collections:true|oversized-tshirt:true|printed-tshirt:true|top-wear-collections:true,B_collection_crawled_not_linked,6
https://triprindia.com/products/men-back-printed-oversized-tshirt-maroon-d210,men-back-printed-oversized-tshirt-maroon-d210,api_seed,0,0,all-tshirt|drop-shoulder-t-shirts|oversized-tshirt|printed-tshirt|t-shirt|top-wear-collections,all-tshirt:true|drop-shoulder-t-shirts:true|oversized-tshirt:true|printed-tshirt:true|t-shirt:true|top-wear-collections:true,B_collection_crawled_not_linked,6
https://triprindia.com/products/men-back-printed-oversized-tshirt-olivegreen,men-back-printed-oversized-tshirt-olivegreen,api_seed,0,0,all-tshirt|oversized-tshirt|printed-tshirt|t-shirt|top-wear-collections,all-tshirt:true|oversized-tshirt:true|printed-tshirt:true|t-shirt:true|top-wear-collections:true,B_collection_crawled_not_linked,5
https://triprindia.com/products/men-beach-green-v-neck-half-sleeve-zip-black-piping-t-shirt-d145,men-beach-green-v-neck-half-sleeve-zip-black-piping-t-shirt-d145,api_seed,0,0,half-sleeve-t-shirt|mandarin-collar-t-shirts|t-shirt,half-sleeve-t-shirt:true|mandarin-collar-t-shirts:true|t-shirt:true,B_collection_crawled_not_linked,3
https://triprindia.com/products/men-black-track-pant-bottom-with-cuffed-j84,men-black-track-pant-bottom-with-cuffed-j84,api_seed,0,0,bottom-wear|track-pants-for-men,bottom-wear:true|track-pants-for-men:true,B_collection_crawled_not_linked,2
https://triprindia.com/products/men-casual-round-neck-all-over-printed-top-vest-black-vt11,men-casual-round-neck-all-over-printed-top-vest-black-vt11,api_seed,0,0,best-seller|printed-vest,best-seller:true|printed-vest:true,B_collection_crawled_not_linked,2
https://triprindia.com/products/men-color-blocked-multi-color-shirt-olive-green-sh101,men-color-blocked-multi-color-shirt-olive-green-sh101,api_seed,0,0,best-seller|shirts,best-seller:true|shirts:true,B_collection_crawled_not_linked,2
https://triprindia.com/products/men-color-cuffed-jogger-pant-j63-olive-green,men-color-cuffed-jogger-pant-j63-olive-green,api_seed,0,0,bottom-wear|track-pants-for-men,bottom-wear:true|track-pants-for-men:true,B_collection_crawled_not_linked,2
https://triprindia.com/products/men-colorblock-polo-neck-full-sleeve-t-shirt-black-p54,men-colorblock-polo-neck-full-sleeve-t-shirt-black-p54,api_seed,0,0,all-tshirt|full-sleeve-t-shirt-for-men|new-collections|polos|t-shirt|top-sellers|top-wear-collections,all-tshirt:true|full-sleeve-t-shirt-for-men:true|new-collections:true|polos:true|t-shirt:true|top-sellers:true|top-wear-collections:true,B_collection_crawled_not_linked,7
https://triprindia.com/products/men-colorblock-quarter-zip-polo-neck-half-sleeve-t-shirt-black-p52,men-colorblock-quarter-zip-polo-neck-half-sleeve-t-shirt-black-p52,api_seed,0,0,half-sleeve-t-shirt|new-collections|polos|t-shirt|top-sellers|top-wear-collections,half-sleeve-t-shirt:true|new-collections:true|polos:true|t-shirt:true|top-sellers:true|top-wear-collections:true,B_collection_crawled_not_linked,6
https://triprindia.com/products/men-colorblock-tank-tops-pack-of-2,men-colorblock-tank-tops-pack-of-2,api_seed,0,0,baniyan-for-men|combos|printed-vest,baniyan-for-men:true|combos:true|printed-vest:true,B_collection_crawled_not_linked,3
https://triprindia.com/products/men-combo-plain-trunk-maroon-beige,men-combo-plain-trunk-maroon-beige,api_seed,0,0,innerwear|men-innerwear-trunks,innerwear:true|men-innerwear-trunks:true,B_collection_crawled_not_linked,2
https://triprindia.com/products/men-dark-grey-high-neck-full-sleeve-t-shirt,men-dark-grey-high-neck-full-sleeve-t-shirt,api_seed,0,0,all-tshirt|best-seller|full-sleeve-t-shirt-for-men|high-neck-t-shirts|t-shirt|top-wear-collections,all-tshirt:true|best-seller:true|full-sleeve-t-shirt-for-men:true|high-neck-t-shirts:true|t-shirt:true|top-wear-collections:true,B_collection_crawled_not_linked,6
https://triprindia.com/products/men-dark-grey-zipper-neck-full-seelve-t-shirt-copy,men-dark-grey-zipper-neck-full-seelve-t-shirt-copy,api_seed,0,0,all-tshirt|best-seller|full-sleeve-t-shirt-for-men|t-shirt,all-tshirt:true|best-seller:true|full-sleeve-t-shirt-for-men:true|t-shirt:true,B_collection_crawled_not_linked,4
https://triprindia.com/products/men-dual-color-cotton-blend-track-pant-j85-black-grey,men-dual-color-cotton-blend-track-pant-j85-black-grey,api_seed,0,0,bottom-wear|track-pants-for-men,bottom-wear:true|track-pants-for-men:true,B_collection_crawled_not_linked,2
https://triprindia.com/products/men-full-sleeve-henley-neck-pack-of-2-t-shirts-brown-black,men-full-sleeve-henley-neck-pack-of-2-t-shirts-brown-black,api_seed,0,0,combos|full-sleeve-t-shirt-for-men|t-shirt|top-wear-collections,combos:true|full-sleeve-t-shirt-for-men:true|t-shirt:true|top-wear-collections:true,B_collection_crawled_not_linked,4
https://triprindia.com/products/men-full-sleeve-henley-neck-pack-of-2-t-shirts-dark-grey-brown,men-full-sleeve-henley-neck-pack-of-2-t-shirts-dark-grey-brown,api_seed,0,0,combos|full-sleeve-t-shirt-for-men|mandarin-collar-t-shirts|t-shirt|top-wear-collections,combos:true|full-sleeve-t-shirt-for-men:true|mandarin-collar-t-shirts:true|t-shirt:true|top-wear-collections:true,B_collection_crawled_not_linked,5
https://triprindia.com/products/men-full-sleeve-henley-neck-pack-of-2-t-shirts-maroon-olive-green,men-full-sleeve-henley-neck-pack-of-2-t-shirts-maroon-olive-green,api_seed,0,0,combos|t-shirt|top-wear-collections,combos:true|t-shirt:true|top-wear-collections:true,B_collection_crawled_not_linked,3
https://triprindia.com/products/men-full-sleeve-henly-neck-t-shirt-black-01,men-full-sleeve-henly-neck-t-shirt-black-01,api_seed,0,0,best-seller|full-sleeve-t-shirt-for-men|high-neck-t-shirts|plain-tshirt|t-shirt|top-wear-collections,best-seller:true|full-sleeve-t-shirt-for-men:true|high-neck-t-shirts:true|plain-tshirt:true|t-shirt:true|top-wear-collections:true,B_collection_crawled_not_linked,6
https://triprindia.com/products/men-full-sleeve-plain-round-neck-pack-of-2-t-shirts-black-beige,men-full-sleeve-plain-round-neck-pack-of-2-t-shirts-black-beige,api_seed,0,0,combos|full-sleeve-t-shirt-for-men|plain-tshirt|t-shirt|top-wear-collections,combos:true|full-sleeve-t-shirt-for-men:true|plain-tshirt:true|t-shirt:true|top-wear-collections:true,B_collection_crawled_not_linked,5
https://triprindia.com/products/men-full-sleeve-plain-round-neck-pack-of-2-t-shirts-black-white,men-full-sleeve-plain-round-neck-pack-of-2-t-shirts-black-white,api_seed,0,0,combos|full-sleeve-t-shirt-for-men|plain-tshirt|t-shirt|top-wear-collections,combos:true|full-sleeve-t-shirt-for-men:true|plain-tshirt:true|t-shirt:true|top-wear-collections:true,B_collection_crawled_not_linked,5
https://triprindia.com/products/men-full-sleeve-plain-round-neck-pack-of-2-t-shirts-brown-black,men-full-sleeve-plain-round-neck-pack-of-2-t-shirts-brown-black,api_seed,0,0,combos|full-sleeve-t-shirt-for-men|plain-tshirt|t-shirt|top-wear-collections,combos:true|full-sleeve-t-shirt-for-men:true|plain-tshirt:true|t-shirt:true|top-wear-collections:true,B_collection_crawled_not_linked,5
https://triprindia.com/products/men-full-sleeve-plain-round-neck-pack-of-2-t-shirts-grey-charcoal-black,men-full-sleeve-plain-round-neck-pack-of-2-t-shirts-grey-charcoal-black,api_seed,0,0,combos|plain-tshirt|t-shirt|top-wear-collections,combos:true|plain-tshirt:true|t-shirt:true|top-wear-collections:true,B_collection_crawled_not_linked,4
https://triprindia.com/products/men-full-sleeve-plain-round-neck-pack-of-2-t-shirts-navy-charcoal-black,men-full-sleeve-plain-round-neck-pack-of-2-t-shirts-navy-charcoal-black,api_seed,0,0,combos|plain-tshirt|t-shirt|top-wear-collections,combos:true|plain-tshirt:true|t-shirt:true|top-wear-collections:true,B_collection_crawled_not_linked,4
https://triprindia.com/products/men-full-sleeve-plain-round-neck-t-shirt-beige,men-full-sleeve-plain-round-neck-t-shirt-beige,api_seed,0,0,full-sleeve-t-shirt-for-men|t-shirt|top-wear-collections,full-sleeve-t-shirt-for-men:true|t-shirt:true|top-wear-collections:true,B_collection_crawled_not_linked,3
https://triprindia.com/products/men-full-sleeve-plain-round-neck-t-shirt-brown,men-full-sleeve-plain-round-neck-t-shirt-brown,api_seed,0,0,all-tshirt|best-seller|full-sleeve-t-shirt-for-men|plain-tshirt|t-shirt|top-wear-collections,all-tshirt:true|best-seller:true|full-sleeve-t-shirt-for-men:true|plain-tshirt:true|t-shirt:true|top-wear-collections:true,B_collection_crawled_not_linked,6
https://triprindia.com/products/men-full-sleeve-plain-round-neck-t-shirt-charcoal-black,men-full-sleeve-plain-round-neck-t-shirt-charcoal-black,api_seed,0,0,all-tshirt|full-sleeve-t-shirt-for-men|plain-tshirt|t-shirt|top-wear-collections,all-tshirt:true|full-sleeve-t-shirt-for-men:true|plain-tshirt:true|t-shirt:true|top-wear-collections:true,B_collection_crawled_not_linked,5
https://triprindia.com/products/men-full-sleeve-plain-round-neck-t-shirt-dark-grey,men-full-sleeve-plain-round-neck-t-shirt-dark-grey,api_seed,0,0,best-seller|full-sleeve-t-shirt-for-men|plain-tshirt|t-shirt,best-seller:true|full-sleeve-t-shirt-for-men:true|plain-tshirt:true|t-shirt:true,B_collection_crawled_not_linked,4
https://triprindia.com/products/men-full-sleeve-plain-round-neck-t-shirt-maroon,men-full-sleeve-plain-round-neck-t-shirt-maroon,api_seed,0,0,best-seller|full-sleeve-t-shirt-for-men|plain-tshirt|t-shirt,best-seller:true|full-sleeve-t-shirt-for-men:true|plain-tshirt:true|t-shirt:true,B_collection_crawled_not_linked,4
https://triprindia.com/products/men-full-sleeve-plain-round-neck-t-shirt-navy-blue,men-full-sleeve-plain-round-neck-t-shirt-navy-blue,api_seed,0,0,all-tshirt|best-seller|full-sleeve-t-shirt-for-men|plain-tshirt|t-shirt|top-wear-collections,all-tshirt:true|best-seller:true|full-sleeve-t-shirt-for-men:true|plain-tshirt:true|t-shirt:true|top-wear-collections:true,B_collection_crawled_not_linked,6
https://triprindia.com/products/men-full-sleeve-plain-t-shirt-03,men-full-sleeve-plain-t-shirt-03,api_seed,0,0,best-seller|full-sleeve-t-shirt-for-men|plain-tshirt|t-shirt|top-wear-collections,best-seller:true|full-sleeve-t-shirt-for-men:true|plain-tshirt:true|t-shirt:true|top-wear-collections:true,B_collection_crawled_not_linked,5
https://triprindia.com/products/men-full-sleeve-star-printed-round-neck-t-shirts-beige-d194,men-full-sleeve-star-printed-round-neck-t-shirts-beige-d194,api_seed,0,0,full-sleeve-t-shirt-for-men|printed-tshirt|top-wear-collections,full-sleeve-t-shirt-for-men:true|printed-tshirt:true|top-wear-collections:true,B_collection_crawled_not_linked,3
https://triprindia.com/products/men-full-sleeve-star-printed-round-neck-t-shirts-dark-grey-d194,men-full-sleeve-star-printed-round-neck-t-shirts-dark-grey-d194,api_seed,0,0,all-tshirt|full-sleeve-t-shirt-for-men|printed-tshirt|t-shirt|top-wear-collections,all-tshirt:true|full-sleeve-t-shirt-for-men:true|printed-tshirt:true|t-shirt:true|top-wear-collections:true,B_collection_crawled_not_linked,5
https://triprindia.com/products/men-full-sleeve-star-printed-round-neck-t-shirts-maroon-d194,men-full-sleeve-star-printed-round-neck-t-shirts-maroon-d194,api_seed,0,0,full-sleeve-t-shirt-for-men|printed-tshirt|t-shirt|top-wear-collections,full-sleeve-t-shirt-for-men:true|printed-tshirt:true|t-shirt:true|top-wear-collections:true,B_collection_crawled_not_linked,4
https://triprindia.com/products/men-full-sleeve-star-printed-round-neck-t-shirts-navy-blue-d194,men-full-sleeve-star-printed-round-neck-t-shirts-navy-blue-d194,api_seed,0,0,full-sleeve-t-shirt-for-men|printed-tshirt|t-shirt|top-wear-collections,full-sleeve-t-shirt-for-men:true|printed-tshirt:true|t-shirt:true|top-wear-collections:true,B_collection_crawled_not_linked,4
https://triprindia.com/products/men-full-sleeve-star-printed-round-neck-t-shirts-olive-green-d194,men-full-sleeve-star-printed-round-neck-t-shirts-olive-green-d194,api_seed,0,0,full-sleeve-t-shirt-for-men|printed-tshirt|t-shirt|top-wear-collections,full-sleeve-t-shirt-for-men:true|printed-tshirt:true|t-shirt:true|top-wear-collections:true,B_collection_crawled_not_linked,4
https://triprindia.com/products/men-graphic-design-back-printed-round-neck-vest-white-vs3,men-graphic-design-back-printed-round-neck-vest-white-vs3,api_seed,0,0,new-collections|printed-vest,new-collections:true|printed-vest:true,B_collection_crawled_not_linked,2
https://triprindia.com/products/men-graphic-design-back-printed-vest-beige-vs2,men-graphic-design-back-printed-vest-beige-vs2,api_seed,0,0,new-collections|printed-vest,new-collections:true|printed-vest:true,B_collection_crawled_not_linked,2
https://triprindia.com/products/men-grey-design-printed-shorts-s38,men-grey-design-printed-shorts-s38,api_seed,0,0,bottom-wear|shorts,bottom-wear:true|shorts:true,B_collection_crawled_not_linked,2
https://triprindia.com/products/men-half-sleeve-design-printed-tshirt-black,men-half-sleeve-design-printed-tshirt-black,api_seed,0,0,all-tshirt|half-sleeve-t-shirt|printed-tshirt|t-shirt|top-wear-collections,all-tshirt:true|half-sleeve-t-shirt:true|printed-tshirt:true|t-shirt:true|top-wear-collections:true,B_collection_crawled_not_linked,5
https://triprindia.com/products/men-half-sleeve-design-printed-tshirt-black-d240,men-half-sleeve-design-printed-tshirt-black-d240,api_seed,0,0,all-tshirt|half-sleeve-t-shirt|new-collections|printed-tshirt|t-shirt|top-wear-collections,all-tshirt:true|half-sleeve-t-shirt:true|new-collections:true|printed-tshirt:true|t-shirt:true|top-wear-collections:true,B_collection_crawled_not_linked,6
https://triprindia.com/products/men-half-sleeve-graphic-parinted-t-shirts,men-half-sleeve-graphic-parinted-t-shirts,api_seed,0,0,all-tshirt|combos|half-sleeve-t-shirt|printed-tshirt|t-shirt|t-shirt-combo|top-sellers|top-wear-collections,all-tshirt:true|combos:true|half-sleeve-t-shirt:true|printed-tshirt:true|t-shirt:true|t-shirt-combo:true|top-sellers:true|top-wear-collections:true,B_collection_crawled_not_linked,8
https://triprindia.com/products/men-half-sleeve-high-neck-pack-of-2-t-shirts-brown-maroon,men-half-sleeve-high-neck-pack-of-2-t-shirts-brown-maroon,api_seed,0,0,all-tshirt|combos,all-tshirt:true|combos:true,B_collection_crawled_not_linked,2
https://triprindia.com/products/men-half-sleeve-pack-of-2-round-neck-plain-t-shirts-grey-navy,men-half-sleeve-pack-of-2-round-neck-plain-t-shirts-grey-navy,api_seed,0,0,combos|plain-tshirt|t-shirt|top-sellers|top-wear-collections,combos:true|plain-tshirt:true|t-shirt:true|top-sellers:true|top-wear-collections:true,B_collection_crawled_not_linked,5
https://triprindia.com/products/men-half-sleeve-printed-t-shirt-white-d189,men-half-sleeve-printed-t-shirt-white-d189,api_seed,0,0,best-seller|half-sleeve-t-shirt|printed-tshirt|t-shirt|top-wear-collections,best-seller:true|half-sleeve-t-shirt:true|printed-tshirt:true|t-shirt:true|top-wear-collections:true,B_collection_crawled_not_linked,5
https://triprindia.com/products/men-half-sleeve-rebel-printed-cotton-blend-tshirt-beige-d216,men-half-sleeve-rebel-printed-cotton-blend-tshirt-beige-d216,api_seed,0,0,all-tshirt|half-sleeve-t-shirt|new-collections|printed-tshirt|t-shirt|top-wear-collections,all-tshirt:true|half-sleeve-t-shirt:true|new-collections:true|printed-tshirt:true|t-shirt:true|top-wear-collections:true,B_collection_crawled_not_linked,6
https://triprindia.com/products/men-half-sleeve-rebel-printed-cotton-blend-tshirt-black-d216,men-half-sleeve-rebel-printed-cotton-blend-tshirt-black-d216,api_seed,0,0,all-tshirt|half-sleeve-t-shirt|new-collections|printed-tshirt|t-shirt|top-wear-collections,all-tshirt:true|half-sleeve-t-shirt:true|new-collections:true|printed-tshirt:true|t-shirt:true|top-wear-collections:true,B_collection_crawled_not_linked,6
https://triprindia.com/products/men-half-sleeve-round-neck-cotton-blend-t-shirt-maroon-white-d189,men-half-sleeve-round-neck-cotton-blend-t-shirt-maroon-white-d189,api_seed,0,0,best-seller|printed-tshirt|top-wear-collections,best-seller:true|printed-tshirt:true|top-wear-collections:true,B_collection_crawled_not_linked,3
https://triprindia.com/products/men-half-sleeve-round-neck-cotton-blend-t-shirt-olivegreen-whited189,men-half-sleeve-round-neck-cotton-blend-t-shirt-olivegreen-whited189,api_seed,0,0,all-tshirt|best-seller|half-sleeve-t-shirt|printed-tshirt|t-shirt|top-wear-collections,all-tshirt:true|best-seller:true|half-sleeve-t-shirt:true|printed-tshirt:true|t-shirt:true|top-wear-collections:true,B_collection_crawled_not_linked,6
https://triprindia.com/products/men-half-sleeve-round-neck-t-shirt-black-d233,men-half-sleeve-round-neck-t-shirt-black-d233,api_seed,0,0,all-tshirt|half-sleeve-t-shirt|printed-tshirt|t-shirt|top-wear-collections,all-tshirt:true|half-sleeve-t-shirt:true|printed-tshirt:true|t-shirt:true|top-wear-collections:true,B_collection_crawled_not_linked,5
https://triprindia.com/products/men-half-sleeve-round-neck-t-shirt-black-d234,men-half-sleeve-round-neck-t-shirt-black-d234,api_seed,0,0,all-tshirt|half-sleeve-t-shirt|printed-tshirt|t-shirt|top-wear-collections,all-tshirt:true|half-sleeve-t-shirt:true|printed-tshirt:true|t-shirt:true|top-wear-collections:true,B_collection_crawled_not_linked,5
https://triprindia.com/products/men-half-sleeve-round-neck-t-shirt-black-d235,men-half-sleeve-round-neck-t-shirt-black-d235,api_seed,0,0,all-tshirt|half-sleeve-t-shirt|printed-tshirt|t-shirt|top-wear-collections,all-tshirt:true|half-sleeve-t-shirt:true|printed-tshirt:true|t-shirt:true|top-wear-collections:true,B_collection_crawled_not_linked,5
https://triprindia.com/products/men-half-sleeve-round-neck-t-shirt-black-d236,men-half-sleeve-round-neck-t-shirt-black-d236,api_seed,0,0,all-tshirt|half-sleeve-t-shirt|printed-tshirt|t-shirt|top-wear-collections,all-tshirt:true|half-sleeve-t-shirt:true|printed-tshirt:true|t-shirt:true|top-wear-collections:true,B_collection_crawled_not_linked,5
https://triprindia.com/products/men-half-sleeve-round-neck-t-shirt-black-d237,men-half-sleeve-round-neck-t-shirt-black-d237,api_seed,0,0,all-tshirt|half-sleeve-t-shirt|printed-tshirt|t-shirt|top-wear-collections,all-tshirt:true|half-sleeve-t-shirt:true|printed-tshirt:true|t-shirt:true|top-wear-collections:true,B_collection_crawled_not_linked,5
https://triprindia.com/products/men-half-sleeve-round-neck-t-shirt-white-d237,men-half-sleeve-round-neck-t-shirt-white-d237,api_seed,0,0,all-tshirt|half-sleeve-t-shirt|printed-tshirt|t-shirt|top-wear-collections,all-tshirt:true|half-sleeve-t-shirt:true|printed-tshirt:true|t-shirt:true|top-wear-collections:true,B_collection_crawled_not_linked,5
https://triprindia.com/products/men-half-sleeve-simple-printed-round-neck-t-shirt-black-z157,men-half-sleeve-simple-printed-round-neck-t-shirt-black-z157,api_seed,0,0,all-tshirt|half-sleeve-t-shirt|new-collections|printed-tshirt|t-shirt|top-wear-collections,all-tshirt:true|half-sleeve-t-shirt:true|new-collections:true|printed-tshirt:true|t-shirt:true|top-wear-collections:true,B_collection_crawled_not_linked,6
https://triprindia.com/products/men-hooded-full-sleeve-zig-zag-printed-t-shirt-beige,men-hooded-full-sleeve-zig-zag-printed-t-shirt-beige,api_seed,0,0,full-sleeve-t-shirt-for-men|t-shirt|top-wear-collections,full-sleeve-t-shirt-for-men:true|t-shirt:true|top-wear-collections:true,B_collection_crawled_not_linked,3
https://triprindia.com/products/men-hooded-full-sleeve-zig-zag-printed-t-shirt-black,men-hooded-full-sleeve-zig-zag-printed-t-shirt-black,api_seed,0,0,best-seller|full-sleeve-t-shirt-for-men|t-shirt|top-wear-collections,best-seller:true|full-sleeve-t-shirt-for-men:true|t-shirt:true|top-wear-collections:true,B_collection_crawled_not_linked,4
https://triprindia.com/products/men-hooded-full-sleeve-zig-zag-printed-t-shirt-dark-grey,men-hooded-full-sleeve-zig-zag-printed-t-shirt-dark-grey,api_seed,0,0,best-seller|full-sleeve-t-shirt-for-men|printed-tshirt|t-shirt,best-seller:true|full-sleeve-t-shirt-for-men:true|printed-tshirt:true|t-shirt:true,B_collection_crawled_not_linked,4
https://triprindia.com/products/men-hooded-full-sleeve-zig-zag-printed-t-shirt-grey,men-hooded-full-sleeve-zig-zag-printed-t-shirt-grey,api_seed,0,0,best-seller|full-sleeve-t-shirt-for-men|printed-tshirt|t-shirt,best-seller:true|full-sleeve-t-shirt-for-men:true|printed-tshirt:true|t-shirt:true,B_collection_crawled_not_linked,4
https://triprindia.com/products/men-hooded-full-sleeve-zig-zag-printed-t-shirt-maroon,men-hooded-full-sleeve-zig-zag-printed-t-shirt-maroon,api_seed,0,0,best-seller|full-sleeve-t-shirt-for-men|printed-tshirt|t-shirt|top-wear-collections,best-seller:true|full-sleeve-t-shirt-for-men:true|printed-tshirt:true|t-shirt:true|top-wear-collections:true,B_collection_crawled_not_linked,5
https://triprindia.com/products/men-hooded-full-sleeve-zig-zag-printed-t-shirt-olive-green,men-hooded-full-sleeve-zig-zag-printed-t-shirt-olive-green,api_seed,0,0,best-seller|full-sleeve-t-shirt-for-men|t-shirt|top-wear-collections,best-seller:true|full-sleeve-t-shirt-for-men:true|t-shirt:true|top-wear-collections:true,B_collection_crawled_not_linked,4
https://triprindia.com/products/men-mandarin-collar-full-sleeve-zip-neck-contrast-t-shirts,men-mandarin-collar-full-sleeve-zip-neck-contrast-t-shirts,api_seed,0,0,all-tshirt|best-seller|full-sleeve-t-shirt-for-men|mandarin-collar-t-shirts|t-shirt|top-sellers|top-wear-collections,all-tshirt:true|best-seller:true|full-sleeve-t-shirt-for-men:true|mandarin-collar-t-shirts:true|t-shirt:true|top-sellers:true|top-wear-collections:true,B_collection_crawled_not_linked,7
https://triprindia.com/products/men-multi-pocket-plain-cargo-jogger-black,men-multi-pocket-plain-cargo-jogger-black,api_seed,0,0,best-seller|bottom-wear|cargo-pants-for-men,best-seller:true|bottom-wear:true|cargo-pants-for-men:true,B_collection_crawled_not_linked,3
https://triprindia.com/products/men-multi-pocket-plain-cargo-jogger-grey,men-multi-pocket-plain-cargo-jogger-grey,api_seed,0,0,best-seller|bottom-wear|cargo-pants-for-men,best-seller:true|bottom-wear:true|cargo-pants-for-men:true,B_collection_crawled_not_linked,3
https://triprindia.com/products/men-multi-pocket-plain-cargo-jogger-maroon,men-multi-pocket-plain-cargo-jogger-maroon,api_seed,0,0,best-seller|bottom-wear|cargo-pants-for-men,best-seller:true|bottom-wear:true|cargo-pants-for-men:true,B_collection_crawled_not_linked,3
https://triprindia.com/products/men-multi-pocket-plain-cargo-jogger-olive-green,men-multi-pocket-plain-cargo-jogger-olive-green,api_seed,0,0,best-seller|bottom-wear|cargo-pants-for-men,best-seller:true|bottom-wear:true|cargo-pants-for-men:true,B_collection_crawled_not_linked,3
https://triprindia.com/products/men-multi-pockets-anime-printed-baggy-cargo-olivegreen-os9,men-multi-pockets-anime-printed-baggy-cargo-olivegreen-os9,api_seed,0,0,bottom-wear|cargo-pants-for-men|new-collections|top-sellers,bottom-wear:true|cargo-pants-for-men:true|new-collections:true|top-sellers:true,B_collection_crawled_not_linked,4
https://triprindia.com/products/men-multi-pockets-colorblocked-plain-baggy-cargo-grey,men-multi-pockets-colorblocked-plain-baggy-cargo-grey,api_seed,0,0,bottom-wear|cargo-pants-for-men|new-collections|top-sellers,bottom-wear:true|cargo-pants-for-men:true|new-collections:true|top-sellers:true,B_collection_crawled_not_linked,4
https://triprindia.com/products/men-multi-pockets-designing-printed-baggy-cargo-grey-os10,men-multi-pockets-designing-printed-baggy-cargo-grey-os10,api_seed,0,0,bottom-wear|cargo-pants-for-men|new-collections|top-sellers,bottom-wear:true|cargo-pants-for-men:true|new-collections:true|top-sellers:true,B_collection_crawled_not_linked,4
https://triprindia.com/products/men-multi-pockets-designing-printed-baggy-cargo-maroon,men-multi-pockets-designing-printed-baggy-cargo-maroon,api_seed,0,0,bottom-wear|cargo-pants-for-men|top-sellers,bottom-wear:true|cargo-pants-for-men:true|top-sellers:true,B_collection_crawled_not_linked,3
https://triprindia.com/products/men-multi-pockets-designing-printed-baggy-cargo-olive-green-os10,men-multi-pockets-designing-printed-baggy-cargo-olive-green-os10,api_seed,0,0,bottom-wear|cargo-pants-for-men|new-collections|top-sellers,bottom-wear:true|cargo-pants-for-men:true|new-collections:true|top-sellers:true,B_collection_crawled_not_linked,4
https://triprindia.com/products/men-olive-green-cotton-joggers,men-olive-green-cotton-joggers,api_seed,0,0,bottom-wear|top-sellers|track-pants-for-men,bottom-wear:true|top-sellers:true|track-pants-for-men:true,B_collection_crawled_not_linked,3
https://triprindia.com/products/men-over-all-printed-over-size-t-shirt-white-d204,men-over-all-printed-over-size-t-shirt-white-d204,api_seed,0,0,best-seller|oversized-tshirt|printed-tshirt|t-shirt|top-wear-collections,best-seller:true|oversized-tshirt:true|printed-tshirt:true|t-shirt:true|top-wear-collections:true,B_collection_crawled_not_linked,5
https://triprindia.com/products/men-over-sized-baggy-t-shirt-black-d239,men-over-sized-baggy-t-shirt-black-d239,api_seed,0,0,all-tshirt|new-collections|oversized-tshirt|printed-tshirt|t-shirt|top-wear-collections,all-tshirt:true|new-collections:true|oversized-tshirt:true|printed-tshirt:true|t-shirt:true|top-wear-collections:true,B_collection_crawled_not_linked,6
https://triprindia.com/products/men-plain-cargo-jogger-beige,men-plain-cargo-jogger-beige,api_seed,0,0,best-seller|bottom-wear|cargo-pants-for-men,best-seller:true|bottom-wear:true|cargo-pants-for-men:true,B_collection_crawled_not_linked,3
https://triprindia.com/products/men-plain-textured-pattern-short-beige,men-plain-textured-pattern-short-beige,api_seed,0,0,bottom-wear|shorts,bottom-wear:true|shorts:true,B_collection_crawled_not_linked,2
https://triprindia.com/products/men-plain-textured-pattern-short-black,men-plain-textured-pattern-short-black,api_seed,0,0,best-seller|bottom-wear|shorts,best-seller:true|bottom-wear:true|shorts:true,B_collection_crawled_not_linked,3
https://triprindia.com/products/men-plain-textured-pattern-short-olive-green,men-plain-textured-pattern-short-olive-green,api_seed,0,0,best-seller|shorts,best-seller:true|shorts:true,B_collection_crawled_not_linked,2
https://triprindia.com/products/men-plain-waffle-short-navy-blue-s32,men-plain-waffle-short-navy-blue-s32,api_seed,0,0,bottom-wear|shorts,bottom-wear:true|shorts:true,B_collection_crawled_not_linked,2
https://triprindia.com/products/men-plain-waffle-short-s32-white,men-plain-waffle-short-s32-white,api_seed,0,0,best-seller|bottom-wear|shorts,best-seller:true|bottom-wear:true|shorts:true,B_collection_crawled_not_linked,3
https://triprindia.com/products/men-printed-ankle-fit-cuffed-jogger-charcoal-grey-j62,men-printed-ankle-fit-cuffed-jogger-charcoal-grey-j62,api_seed,0,0,bottom-wear|track-pants-for-men,bottom-wear:true|track-pants-for-men:true,B_collection_crawled_not_linked,2
https://triprindia.com/products/men-printed-ankle-fit-cuffed-jogger-j62-beige-black,men-printed-ankle-fit-cuffed-jogger-j62-beige-black,api_seed,0,0,bottom-wear|track-pants-for-men,bottom-wear:true|track-pants-for-men:true,B_collection_crawled_not_linked,2
https://triprindia.com/products/men-printed-ankle-fit-cuffed-jogger-j62-darkgrey-grey,men-printed-ankle-fit-cuffed-jogger-j62-darkgrey-grey,api_seed,0,0,best-seller|bottom-wear|track-pants-for-men,best-seller:true|bottom-wear:true|track-pants-for-men:true,B_collection_crawled_not_linked,3
https://triprindia.com/products/men-printed-ankle-fit-cuffed-jogger-j62-grey-black,men-printed-ankle-fit-cuffed-jogger-j62-grey-black,api_seed,0,0,best-seller|bottom-wear|track-pants-for-men,best-seller:true|bottom-wear:true|track-pants-for-men:true,B_collection_crawled_not_linked,3
https://triprindia.com/products/men-printed-ankle-fit-cuffed-jogger-j62-navy-grey,men-printed-ankle-fit-cuffed-jogger-j62-navy-grey,api_seed,0,0,best-seller|bottom-wear|track-pants-for-men,best-seller:true|bottom-wear:true|track-pants-for-men:true,B_collection_crawled_not_linked,3
https://triprindia.com/products/men-printed-ankle-fit-cuffed-jogger-j62-olivegreen-grey,men-printed-ankle-fit-cuffed-jogger-j62-olivegreen-grey,api_seed,0,0,best-seller|bottom-wear|track-pants-for-men,best-seller:true|bottom-wear:true|track-pants-for-men:true,B_collection_crawled_not_linked,3
https://triprindia.com/products/men-printed-cuffed-jogger-beige,men-printed-cuffed-jogger-beige,api_seed,0,0,best-seller|bottom-wear|track-pants-for-men,best-seller:true|bottom-wear:true|track-pants-for-men:true,B_collection_crawled_not_linked,3
https://triprindia.com/products/men-printed-cuffed-jogger-maroon,men-printed-cuffed-jogger-maroon,api_seed,0,0,best-seller|bottom-wear|track-pants-for-men,best-seller:true|bottom-wear:true|track-pants-for-men:true,B_collection_crawled_not_linked,3
https://triprindia.com/products/men-printed-cuffed-jogger-navy-blue,men-printed-cuffed-jogger-navy-blue,api_seed,0,0,best-seller|bottom-wear|track-pants-for-men,best-seller:true|bottom-wear:true|track-pants-for-men:true,B_collection_crawled_not_linked,3
https://triprindia.com/products/men-printed-half-sleeve-round-neck-cotton-blend-black-t-shirt,men-printed-half-sleeve-round-neck-cotton-blend-black-t-shirt,api_seed,0,0,best-seller|half-sleeve-t-shirt|printed-tshirt|t-shirt|top-wear-collections,best-seller:true|half-sleeve-t-shirt:true|printed-tshirt:true|t-shirt:true|top-wear-collections:true,B_collection_crawled_not_linked,5
https://triprindia.com/products/men-printed-half-sleeve-round-neck-cotton-blend-black-t-shirt-1,men-printed-half-sleeve-round-neck-cotton-blend-black-t-shirt-1,api_seed,0,0,best-seller|half-sleeve-t-shirt|printed-tshirt|t-shirt|top-wear-collections,best-seller:true|half-sleeve-t-shirt:true|printed-tshirt:true|t-shirt:true|top-wear-collections:true,B_collection_crawled_not_linked,5
https://triprindia.com/products/men-printed-half-sleeve-round-neck-cotton-blend-grey-t-shirt,men-printed-half-sleeve-round-neck-cotton-blend-grey-t-shirt,api_seed,0,0,best-seller|half-sleeve-t-shirt|printed-tshirt|t-shirt|top-sellers|top-wear-collections,best-seller:true|half-sleeve-t-shirt:true|printed-tshirt:true|t-shirt:true|top-sellers:true|top-wear-collections:true,B_collection_crawled_not_linked,6
https://triprindia.com/products/men-printed-half-sleeve-round-neck-cotton-blend-t-shirt-d185-grey,men-printed-half-sleeve-round-neck-cotton-blend-t-shirt-d185-grey,api_seed,0,0,all-tshirt|best-seller|half-sleeve-t-shirt|printed-tshirt|t-shirt|top-wear-collections,all-tshirt:true|best-seller:true|half-sleeve-t-shirt:true|printed-tshirt:true|t-shirt:true|top-wear-collections:true,B_collection_crawled_not_linked,6
https://triprindia.com/products/men-printed-half-sleeve-round-neck-cotton-blend-t-shirt-d185-maroon,men-printed-half-sleeve-round-neck-cotton-blend-t-shirt-d185-maroon,api_seed,0,0,all-tshirt|half-sleeve-t-shirt|printed-tshirt|t-shirt|top-wear-collections,all-tshirt:true|half-sleeve-t-shirt:true|printed-tshirt:true|t-shirt:true|top-wear-collections:true,B_collection_crawled_not_linked,5
https://triprindia.com/products/men-printed-half-sleeve-round-neck-cotton-blend-t-shirt-d185-navyblue,men-printed-half-sleeve-round-neck-cotton-blend-t-shirt-d185-navyblue,api_seed,0,0,all-tshirt|best-seller|half-sleeve-t-shirt|printed-tshirt|t-shirt|top-wear-collections,all-tshirt:true|best-seller:true|half-sleeve-t-shirt:true|printed-tshirt:true|t-shirt:true|top-wear-collections:true,B_collection_crawled_not_linked,6
https://triprindia.com/products/men-printed-half-sleeve-round-neck-cotton-blend-t-shirt-d185-olivegreen,men-printed-half-sleeve-round-neck-cotton-blend-t-shirt-d185-olivegreen,api_seed,0,0,best-seller|half-sleeve-t-shirt|printed-tshirt|t-shirt|top-wear-collections,best-seller:true|half-sleeve-t-shirt:true|printed-tshirt:true|t-shirt:true|top-wear-collections:true,B_collection_crawled_not_linked,5
https://triprindia.com/products/men-printed-half-sleeve-round-neck-d185-cotton-blend-t-shirt-charcoal-black,men-printed-half-sleeve-round-neck-d185-cotton-blend-t-shirt-charcoal-black,api_seed,0,0,best-seller|printed-tshirt|t-shirt|top-wear-collections,best-seller:true|printed-tshirt:true|t-shirt:true|top-wear-collections:true,B_collection_crawled_not_linked,4
https://triprindia.com/products/men-printed-half-sleeve-round-neck-d186-cotton-blend-grey-t-shirt,men-printed-half-sleeve-round-neck-d186-cotton-blend-grey-t-shirt,api_seed,0,0,all-tshirt|half-sleeve-t-shirt|printed-tshirt|t-shirt|top-wear-collections,all-tshirt:true|half-sleeve-t-shirt:true|printed-tshirt:true|t-shirt:true|top-wear-collections:true,B_collection_crawled_not_linked,5
https://triprindia.com/products/men-printed-half-sleeve-round-neck-d186-cotton-blend-navyblue-t-shirt,men-printed-half-sleeve-round-neck-d186-cotton-blend-navyblue-t-shirt,api_seed,0,0,no_collection,,A_no_collection,0
https://triprindia.com/products/men-printed-half-sleeve-round-neck-d186-cotton-blend-olivegreen-t-shirt-1,men-printed-half-sleeve-round-neck-d186-cotton-blend-olivegreen-t-shirt-1,api_seed,0,0,best-seller|half-sleeve-t-shirt|printed-tshirt|top-wear-collections,best-seller:true|half-sleeve-t-shirt:true|printed-tshirt:true|top-wear-collections:true,B_collection_crawled_not_linked,4
https://triprindia.com/products/men-printed-half-sleeve-t-shirt-beige,men-printed-half-sleeve-t-shirt-beige,api_seed,0,0,best-seller|half-sleeve-t-shirt|printed-tshirt|t-shirt|top-wear-collections,best-seller:true|half-sleeve-t-shirt:true|printed-tshirt:true|t-shirt:true|top-wear-collections:true,B_collection_crawled_not_linked,5
https://triprindia.com/products/men-printed-hooded-neck-full-sleeve-t-shirt-maroon,men-printed-hooded-neck-full-sleeve-t-shirt-maroon,api_seed,0,0,best-seller|hooded-t-shirt|t-shirt|top-wear-collections,best-seller:true|hooded-t-shirt:true|t-shirt:true|top-wear-collections:true,B_collection_crawled_not_linked,4
https://triprindia.com/products/men-printed-multicolor-trunk,men-printed-multicolor-trunk,api_seed,0,0,men-innerwear-trunks,men-innerwear-trunks:true,B_collection_crawled_not_linked,1
https://triprindia.com/products/men-printed-over-size-t-shirt-d201-black,men-printed-over-size-t-shirt-d201-black,api_seed,0,0,oversized-tshirt|t-shirt|top-wear-collections,oversized-tshirt:true|t-shirt:true|top-wear-collections:true,B_collection_crawled_not_linked,3
https://triprindia.com/products/men-printed-regular-fit-shorts-maroon-s44,men-printed-regular-fit-shorts-maroon-s44,api_seed,0,0,best-seller|bottom-wear|shorts,best-seller:true|bottom-wear:true|shorts:true,B_collection_crawled_not_linked,3
https://triprindia.com/products/men-printed-regular-fit-shorts-navyblue-s44,men-printed-regular-fit-shorts-navyblue-s44,api_seed,0,0,best-seller|bottom-wear|shorts,best-seller:true|bottom-wear:true|shorts:true,B_collection_crawled_not_linked,3
https://triprindia.com/products/men-printed-trunk-black,men-printed-trunk-black,api_seed,0,0,men-innerwear-trunks,men-innerwear-trunks:true,B_collection_crawled_not_linked,1
https://triprindia.com/products/men-quarter-zip-polo-neck-ful-sleeve-printed-t-shirt-black-white-p60,men-quarter-zip-polo-neck-ful-sleeve-printed-t-shirt-black-white-p60,api_seed,0,0,all-tshirt|polos|t-shirt|top-wear-collections,all-tshirt:true|polos:true|t-shirt:true|top-wear-collections:true,B_collection_crawled_not_linked,4
https://triprindia.com/products/men-quarter-zip-polo-neck-full-sleeve-printed-t-shirt-white-black-p68,men-quarter-zip-polo-neck-full-sleeve-printed-t-shirt-white-black-p68,api_seed,0,0,all-tshirt|best-seller|polos|t-shirt|top-wear-collections,all-tshirt:true|best-seller:true|polos:true|t-shirt:true|top-wear-collections:true,B_collection_crawled_not_linked,5
https://triprindia.com/products/men-quarter-zip-polo-neck-half-sleeve-t-shirt-black-white-p68,men-quarter-zip-polo-neck-half-sleeve-t-shirt-black-white-p68,api_seed,0,0,all-tshirt|half-sleeve-t-shirt|polos|t-shirt|top-wear-collections,all-tshirt:true|half-sleeve-t-shirt:true|polos:true|t-shirt:true|top-wear-collections:true,B_collection_crawled_not_linked,5
https://triprindia.com/products/men-quarter-zip-polo-neck-half-sleeve-t-shirt-white-black,men-quarter-zip-polo-neck-half-sleeve-t-shirt-white-black,api_seed,0,0,all-tshirt|polos|t-shirt|top-wear-collections,all-tshirt:true|polos:true|t-shirt:true|top-wear-collections:true,B_collection_crawled_not_linked,4
https://triprindia.com/products/men-quarter-zip-polo-neck-printed-t-shirts,men-quarter-zip-polo-neck-printed-t-shirts,api_seed,0,0,all-tshirt|best-seller|full-sleeve-t-shirt-for-men|half-sleeve-t-shirt|new-collections|polos|printed-tshirt|t-shirt|top-sellers|top-wear-collections,all-tshirt:true|best-seller:true|full-sleeve-t-shirt-for-men:true|half-sleeve-t-shirt:true|new-collections:true|polos:true|printed-tshirt:true|t-shirt:true|top-sellers:true|top-wear-collections:true,B_collection_crawled_not_linked,10
https://triprindia.com/products/men-quarter-zip-polo-neck-vertical-striped-full-sleeve-t-shirt-white-p58,men-quarter-zip-polo-neck-vertical-striped-full-sleeve-t-shirt-white-p58,api_seed,0,0,best-seller|full-sleeve-t-shirt-for-men|polos|t-shirt|top-wear-collections,best-seller:true|full-sleeve-t-shirt-for-men:true|polos:true|t-shirt:true|top-wear-collections:true,B_collection_crawled_not_linked,5
https://triprindia.com/products/men-red-printed-shorts,men-red-printed-shorts,api_seed,0,0,best-seller|bottom-wear|shorts,best-seller:true|bottom-wear:true|shorts:true,B_collection_crawled_not_linked,3
https://triprindia.com/products/men-round-neck-itachi-back-printed-vest-black-vs1,men-round-neck-itachi-back-printed-vest-black-vs1,api_seed,0,0,printed-vest,printed-vest:true,B_collection_crawled_not_linked,1
https://triprindia.com/products/men-scoop-neck-graphic-design-printed-vest-white-vs6,men-scoop-neck-graphic-design-printed-vest-white-vs6,api_seed,0,0,new-collections|printed-vest|top-sellers,new-collections:true|printed-vest:true|top-sellers:true,B_collection_crawled_not_linked,3
https://triprindia.com/products/men-scoop-neck-itachi-printed-vest-black-vs4,men-scoop-neck-itachi-printed-vest-black-vs4,api_seed,0,0,new-collections|printed-vest,new-collections:true|printed-vest:true,B_collection_crawled_not_linked,2
https://triprindia.com/products/men-short-1,men-short-1,api_seed,0,0,best-seller|bottom-wear|shorts,best-seller:true|bottom-wear:true|shorts:true,B_collection_crawled_not_linked,3
https://triprindia.com/products/men-short-2,men-short-2,api_seed,0,0,best-seller|bottom-wear|shorts,best-seller:true|bottom-wear:true|shorts:true,B_collection_crawled_not_linked,3
https://triprindia.com/products/men-short-3,men-short-3,api_seed,0,0,best-seller|bottom-wear|shorts,best-seller:true|bottom-wear:true|shorts:true,B_collection_crawled_not_linked,3
https://triprindia.com/products/men-sleeveless-men-printed-vest-white,men-sleeveless-men-printed-vest-white,api_seed,0,0,baniyan-for-men|best-seller|printed-vest,baniyan-for-men:true|best-seller:true|printed-vest:true,B_collection_crawled_not_linked,3
https://triprindia.com/products/men-solid-henley-neck-cotton-blend-white-t-shirt,men-solid-henley-neck-cotton-blend-white-t-shirt,api_seed,0,0,best-seller|full-sleeve-t-shirt-for-men|high-neck-t-shirts,best-seller:true|full-sleeve-t-shirt-for-men:true|high-neck-t-shirts:true,B_collection_crawled_not_linked,3
https://triprindia.com/products/men-solid-mandarin-collar-cotton-blend-full-seelve-t-shirt,men-solid-mandarin-collar-cotton-blend-full-seelve-t-shirt,api_seed,0,0,best-seller|full-sleeve-t-shirt-for-men|mandarin-collar-t-shirts|t-shirt|top-sellers|top-wear-collections,best-seller:true|full-sleeve-t-shirt-for-men:true|mandarin-collar-t-shirts:true|t-shirt:true|top-sellers:true|top-wear-collections:true,B_collection_crawled_not_linked,6
https://triprindia.com/products/men-solid-mandarin-collar-cotton-blend-full-seelve-t-shirt-copy,men-solid-mandarin-collar-cotton-blend-full-seelve-t-shirt-copy,api_seed,0,0,best-seller|full-sleeve-t-shirt-for-men|t-shirt|top-wear-collections,best-seller:true|full-sleeve-t-shirt-for-men:true|t-shirt:true|top-wear-collections:true,B_collection_crawled_not_linked,4
https://triprindia.com/products/men-solid-mandarin-collar-cotton-blend-multicolor-t-shirt,men-solid-mandarin-collar-cotton-blend-multicolor-t-shirt,api_seed,0,0,all-tshirt|full-sleeve-t-shirt-for-men|mandarin-collar-t-shirts|t-shirt|top-wear-collections,all-tshirt:true|full-sleeve-t-shirt-for-men:true|mandarin-collar-t-shirts:true|t-shirt:true|top-wear-collections:true,B_collection_crawled_not_linked,5
https://triprindia.com/products/men-solid-mandarin-collar-cotton-blend-multicolor-t-shirt-1,men-solid-mandarin-collar-cotton-blend-multicolor-t-shirt-1,api_seed,0,0,best-seller|full-sleeve-t-shirt-for-men|mandarin-collar-t-shirts|t-shirt|top-wear-collections,best-seller:true|full-sleeve-t-shirt-for-men:true|mandarin-collar-t-shirts:true|t-shirt:true|top-wear-collections:true,B_collection_crawled_not_linked,5
https://triprindia.com/products/men-solid-mandarin-collar-cotton-blend-multicolor-t-shirt-2,men-solid-mandarin-collar-cotton-blend-multicolor-t-shirt-2,api_seed,0,0,best-seller|full-sleeve-t-shirt-for-men|mandarin-collar-t-shirts|t-shirt|top-wear-collections,best-seller:true|full-sleeve-t-shirt-for-men:true|mandarin-collar-t-shirts:true|t-shirt:true|top-wear-collections:true,B_collection_crawled_not_linked,5
https://triprindia.com/products/men-star-printed-with-cuffed-trackpant-beige-black-j68,men-star-printed-with-cuffed-trackpant-beige-black-j68,api_seed,0,0,best-seller|bottom-wear|track-pants-for-men,best-seller:true|bottom-wear:true|track-pants-for-men:true,B_collection_crawled_not_linked,3
https://triprindia.com/products/men-star-printed-with-cuffed-trackpant-darkgrey-white-j68,men-star-printed-with-cuffed-trackpant-darkgrey-white-j68,api_seed,0,0,bottom-wear|track-pants-for-men,bottom-wear:true|track-pants-for-men:true,B_collection_crawled_not_linked,2
https://triprindia.com/products/men-star-printed-with-cuffed-trackpant-maroon-white-j68,men-star-printed-with-cuffed-trackpant-maroon-white-j68,api_seed,0,0,bottom-wear|track-pants-for-men,bottom-wear:true|track-pants-for-men:true,B_collection_crawled_not_linked,2
https://triprindia.com/products/men-star-printed-with-cuffed-trackpant-navyblue-white-j68,men-star-printed-with-cuffed-trackpant-navyblue-white-j68,api_seed,0,0,best-seller|bottom-wear|track-pants-for-men,best-seller:true|bottom-wear:true|track-pants-for-men:true,B_collection_crawled_not_linked,3
https://triprindia.com/products/men-star-printed-with-cuffed-trackpant-olivegreen-white-j68,men-star-printed-with-cuffed-trackpant-olivegreen-white-j68,api_seed,0,0,best-seller|bottom-wear|track-pants-for-men,best-seller:true|bottom-wear:true|track-pants-for-men:true,B_collection_crawled_not_linked,3
https://triprindia.com/products/men-t-shirts-under-200-150-300,men-t-shirts-under-200-150-300,api_seed,0,0,full-sleeve-t-shirt-for-men|plain-tshirt|t-shirt,full-sleeve-t-shirt-for-men:true|plain-tshirt:true|t-shirt:true,B_collection_crawled_not_linked,3
https://triprindia.com/products/men-tank-tops-pack-of-10,men-tank-tops-pack-of-10,api_seed,0,0,baniyan-for-men|combos|printed-vest,baniyan-for-men:true|combos:true|printed-vest:true,B_collection_crawled_not_linked,3
https://triprindia.com/products/men-tank-tops-pack-of-2,men-tank-tops-pack-of-2,api_seed,0,0,baniyan-for-men|printed-vest,baniyan-for-men:true|printed-vest:true,B_collection_crawled_not_linked,2
https://triprindia.com/products/men-tank-tops-pack-of-5,men-tank-tops-pack-of-5,api_seed,0,0,baniyan-for-men,baniyan-for-men:true,B_collection_crawled_not_linked,1
https://triprindia.com/products/men-tank-tops-pack-of-6,men-tank-tops-pack-of-6,api_seed,0,0,baniyan-for-men,baniyan-for-men:true,B_collection_crawled_not_linked,1
https://triprindia.com/products/men-tank-tops-pack-of-9,men-tank-tops-pack-of-9,api_seed,0,0,baniyan-for-men|combos|printed-vest,baniyan-for-men:true|combos:true|printed-vest:true,B_collection_crawled_not_linked,3
https://triprindia.com/products/men-textured-pattren-full-sleeve-shirt-white-sh102,men-textured-pattren-full-sleeve-shirt-white-sh102,api_seed,0,0,new-collections|shirts,new-collections:true|shirts:true,B_collection_crawled_not_linked,2
https://triprindia.com/products/men-top-printed-round-neck-vest-vt6-black,men-top-printed-round-neck-vest-vt6-black,api_seed,0,0,baniyan-for-men|best-seller|printed-vest,baniyan-for-men:true|best-seller:true|printed-vest:true,B_collection_crawled_not_linked,3
https://triprindia.com/products/men-track-pants-combo-under-200,men-track-pants-combo-under-200,api_seed,0,0,bottom-wear|top-sellers|track-pants-for-men,bottom-wear:true|top-sellers:true|track-pants-for-men:true,B_collection_crawled_not_linked,3
https://triprindia.com/products/men-track-suit-round-neck-printed-jogger-02,men-track-suit-round-neck-printed-jogger-02,api_seed,0,0,track-suite,track-suite:true,B_collection_crawled_not_linked,1
https://triprindia.com/products/men-tracksuit-018,men-tracksuit-018,api_seed,0,0,track-suite,track-suite:true,B_collection_crawled_not_linked,1
https://triprindia.com/products/men-trunk,men-trunk,api_seed,0,0,men-innerwear-trunks,men-innerwear-trunks:true,B_collection_crawled_not_linked,1
https://triprindia.com/products/men-v-neck-plain-vest-beige-vt2,men-v-neck-plain-vest-beige-vt2,api_seed,0,0,best-seller|printed-vest,best-seller:true|printed-vest:true,B_collection_crawled_not_linked,2
https://triprindia.com/products/men-v-neck-plain-vest-grey-vt2,men-v-neck-plain-vest-grey-vt2,api_seed,0,0,printed-vest,printed-vest:true,B_collection_crawled_not_linked,1
https://triprindia.com/products/men-v-neck-plain-vest-navy-blue-vt2,men-v-neck-plain-vest-navy-blue-vt2,api_seed,0,0,best-seller|printed-vest,best-seller:true|printed-vest:true,B_collection_crawled_not_linked,2
https://triprindia.com/products/men-vest-believer-printed-pack-of-4,men-vest-believer-printed-pack-of-4,api_seed,0,0,baniyan-for-men,baniyan-for-men:true,B_collection_crawled_not_linked,1
https://triprindia.com/products/men-vest-combo-pack-of-3,men-vest-combo-pack-of-3,api_seed,0,0,baniyan-for-men|best-seller|printed-vest|top-wear-collections,baniyan-for-men:true|best-seller:true|printed-vest:true|top-wear-collections:true,B_collection_crawled_not_linked,4
https://triprindia.com/products/men-vest-pack-of-3-combo,men-vest-pack-of-3-combo,api_seed,0,0,baniyan-for-men|best-seller|printed-vest|top-wear-collections,baniyan-for-men:true|best-seller:true|printed-vest:true|top-wear-collections:true,B_collection_crawled_not_linked,4
https://triprindia.com/products/men-vest-pack-of-4-grey-black,men-vest-pack-of-4-grey-black,api_seed,0,0,baniyan-for-men|printed-vest|top-sellers|top-wear-collections,baniyan-for-men:true|printed-vest:true|top-sellers:true|top-wear-collections:true,B_collection_crawled_not_linked,4
https://triprindia.com/products/men-white-plain-cargo-jogger,men-white-plain-cargo-jogger,api_seed,0,0,bottom-wear|cargo-pants-for-men,bottom-wear:true|cargo-pants-for-men:true,B_collection_crawled_not_linked,2
https://triprindia.com/products/men-white-zip-neck-half-sleeve-black-piping-t-shirt-copy,men-white-zip-neck-half-sleeve-black-piping-t-shirt-copy,api_seed,0,0,mandarin-collar-t-shirts|t-shirt|top-wear-collections,mandarin-collar-t-shirts:true|t-shirt:true|top-wear-collections:true,B_collection_crawled_not_linked,3
https://triprindia.com/products/mens-all-over-print-4-pockets-black-cargo-jogger,mens-all-over-print-4-pockets-black-cargo-jogger,api_seed,0,0,bottom-wear|cargo-pants-for-men|new-collections,bottom-wear:true|cargo-pants-for-men:true|new-collections:true,B_collection_crawled_not_linked,3
https://triprindia.com/products/mens-all-over-print-4-pockets-cargo-jogger-black-cargo36,mens-all-over-print-4-pockets-cargo-jogger-black-cargo36,api_seed,0,0,bottom-wear|cargo-pants-for-men|new-collections,bottom-wear:true|cargo-pants-for-men:true|new-collections:true,B_collection_crawled_not_linked,3
https://triprindia.com/products/mens-all-over-print-4-pockets-cargo-jogger-black-cargo37,mens-all-over-print-4-pockets-cargo-jogger-black-cargo37,api_seed,0,0,bottom-wear|cargo-pants-for-men,bottom-wear:true|cargo-pants-for-men:true,B_collection_crawled_not_linked,2
https://triprindia.com/products/mens-all-over-print-multi-pockets-black-brown-cargo-40-jogger,mens-all-over-print-multi-pockets-black-brown-cargo-40-jogger,api_seed,0,0,bottom-wear|cargo-pants-for-men|new-collections,bottom-wear:true|cargo-pants-for-men:true|new-collections:true,B_collection_crawled_not_linked,3
https://triprindia.com/products/mens-beach-shorts-printed-black,mens-beach-shorts-printed-black,api_seed,0,0,best-seller|bottom-wear|shorts,best-seller:true|bottom-wear:true|shorts:true,B_collection_crawled_not_linked,3
https://triprindia.com/products/mens-beach-shorts-printed-grey,mens-beach-shorts-printed-grey,api_seed,0,0,best-seller|bottom-wear|shorts,best-seller:true|bottom-wear:true|shorts:true,B_collection_crawled_not_linked,3
https://triprindia.com/products/mens-beige-full-sleeve-plain-hooded-t-shirt,mens-beige-full-sleeve-plain-hooded-t-shirt,api_seed,0,0,hooded-t-shirt|plain-tshirt|t-shirt|top-wear-collections,hooded-t-shirt:true|plain-tshirt:true|t-shirt:true|top-wear-collections:true,B_collection_crawled_not_linked,4
https://triprindia.com/products/mens-color-block-zipper-shirt-white-beige-sh96,mens-color-block-zipper-shirt-white-beige-sh96,api_seed,0,0,new-collections|shirts,new-collections:true|shirts:true,B_collection_crawled_not_linked,2
https://triprindia.com/products/mens-combo-pack-back-print-sleeve-less-baniyans,mens-combo-pack-back-print-sleeve-less-baniyans,api_seed,0,0,printed-vest,printed-vest:true,B_collection_crawled_not_linked,1
https://triprindia.com/products/mens-dual-tone-polo-t-shirt-with-zip-collar-olive-beige-p49,mens-dual-tone-polo-t-shirt-with-zip-collar-olive-beige-p49,api_seed,0,0,all-tshirt|polos|t-shirt|top-sellers|top-wear-collections,all-tshirt:true|polos:true|t-shirt:true|top-sellers:true|top-wear-collections:true,B_collection_crawled_not_linked,5
https://triprindia.com/products/mens-dual-tone-polo-t-shirt-with-zip-collar-olive-brown-p49,mens-dual-tone-polo-t-shirt-with-zip-collar-olive-brown-p49,api_seed,0,0,all-tshirt|polos|t-shirt|top-sellers|top-wear-collections,all-tshirt:true|polos:true|t-shirt:true|top-sellers:true|top-wear-collections:true,B_collection_crawled_not_linked,5
https://triprindia.com/products/mens-grey-full-sleeve-plain-hooded-t-shirt,mens-grey-full-sleeve-plain-hooded-t-shirt,api_seed,0,0,best-seller|full-sleeve-t-shirt-for-men|hooded-t-shirt|plain-tshirt|t-shirt|top-wear-collections,best-seller:true|full-sleeve-t-shirt-for-men:true|hooded-t-shirt:true|plain-tshirt:true|t-shirt:true|top-wear-collections:true,B_collection_crawled_not_linked,6
https://triprindia.com/products/mens-half-round-neck-dream-printed-tshirt-beige-d222,mens-half-round-neck-dream-printed-tshirt-beige-d222,api_seed,0,0,all-tshirt|best-seller|half-sleeve-t-shirt|new-collections|printed-tshirt|t-shirt|top-wear-collections,all-tshirt:true|best-seller:true|half-sleeve-t-shirt:true|new-collections:true|printed-tshirt:true|t-shirt:true|top-wear-collections:true,B_collection_crawled_not_linked,7
https://triprindia.com/products/mens-half-round-neck-hangover-printed-tshirt-black-d227,mens-half-round-neck-hangover-printed-tshirt-black-d227,api_seed,0,0,all-tshirt|best-seller|half-sleeve-t-shirt|new-collections|printed-tshirt|t-shirt|top-wear-collections,all-tshirt:true|best-seller:true|half-sleeve-t-shirt:true|new-collections:true|printed-tshirt:true|t-shirt:true|top-wear-collections:true,B_collection_crawled_not_linked,7
https://triprindia.com/products/mens-half-round-neck-printed-tshirt-black-d221,mens-half-round-neck-printed-tshirt-black-d221,api_seed,0,0,all-tshirt|best-seller|half-sleeve-t-shirt|printed-tshirt|t-shirt|top-wear-collections,all-tshirt:true|best-seller:true|half-sleeve-t-shirt:true|printed-tshirt:true|t-shirt:true|top-wear-collections:true,B_collection_crawled_not_linked,6
https://triprindia.com/products/mens-half-round-neck-printed-tshirt-black-d222,mens-half-round-neck-printed-tshirt-black-d222,api_seed,0,0,all-tshirt|best-seller|half-sleeve-t-shirt|printed-tshirt|t-shirt|top-wear-collections,all-tshirt:true|best-seller:true|half-sleeve-t-shirt:true|printed-tshirt:true|t-shirt:true|top-wear-collections:true,B_collection_crawled_not_linked,6
https://triprindia.com/products/mens-half-round-neck-printed-tshirt-black-d225,mens-half-round-neck-printed-tshirt-black-d225,api_seed,0,0,all-tshirt|best-seller|half-sleeve-t-shirt|printed-tshirt|t-shirt|top-wear-collections,all-tshirt:true|best-seller:true|half-sleeve-t-shirt:true|printed-tshirt:true|t-shirt:true|top-wear-collections:true,B_collection_crawled_not_linked,6
https://triprindia.com/products/mens-half-round-neck-rock-star-printed-tshirt-black-d226,mens-half-round-neck-rock-star-printed-tshirt-black-d226,api_seed,0,0,all-tshirt|best-seller|half-sleeve-t-shirt|printed-tshirt|t-shirt|top-wear-collections,all-tshirt:true|best-seller:true|half-sleeve-t-shirt:true|printed-tshirt:true|t-shirt:true|top-wear-collections:true,B_collection_crawled_not_linked,6
https://triprindia.com/products/mens-half-round-neck-xo-printed-tshirt-black-d223,mens-half-round-neck-xo-printed-tshirt-black-d223,api_seed,0,0,all-tshirt|best-seller|half-sleeve-t-shirt|printed-tshirt|t-shirt|top-wear-collections,all-tshirt:true|best-seller:true|half-sleeve-t-shirt:true|printed-tshirt:true|t-shirt:true|top-wear-collections:true,B_collection_crawled_not_linked,6
https://triprindia.com/products/mens-loose-fit-back-printed-oversized-tshirt-beige-z140,mens-loose-fit-back-printed-oversized-tshirt-beige-z140,api_seed,0,0,all-tshirt|best-seller|new-collections|oversized-tshirt|printed-tshirt|t-shirt|top-wear-collections,all-tshirt:true|best-seller:true|new-collections:true|oversized-tshirt:true|printed-tshirt:true|t-shirt:true|top-wear-collections:true,B_collection_crawled_not_linked,7
https://triprindia.com/products/mens-loose-fit-graphic-t-shirt-with-cute-panda-print-brown-z145,mens-loose-fit-graphic-t-shirt-with-cute-panda-print-brown-z145,api_seed,0,0,all-tshirt|drop-shoulder-t-shirts|new-collections|oversized-tshirt|printed-tshirt|t-shirt|top-wear-collections,all-tshirt:true|drop-shoulder-t-shirts:true|new-collections:true|oversized-tshirt:true|printed-tshirt:true|t-shirt:true|top-wear-collections:true,B_collection_crawled_not_linked,7
https://triprindia.com/products/mens-multi-pockets-all-over-printed-baggy-fit-oversized-cargo-jogger-black-brown-os5,mens-multi-pockets-all-over-printed-baggy-fit-oversized-cargo-jogger-black-brown-os5,api_seed,0,0,bottom-wear|cargo-pants-for-men,bottom-wear:true|cargo-pants-for-men:true,B_collection_crawled_not_linked,2
https://triprindia.com/products/mens-multi-pockets-all-over-printed-baggy-fit-oversized-cargo-jogger-grey-os6,mens-multi-pockets-all-over-printed-baggy-fit-oversized-cargo-jogger-grey-os6,api_seed,0,0,bottom-wear|cargo-pants-for-men|loose-fit-cargo-trousers,bottom-wear:true|cargo-pants-for-men:true|loose-fit-cargo-trousers:true,B_collection_crawled_not_linked,3
https://triprindia.com/products/mens-multi-pockets-all-over-printed-baggy-fit-oversized-cargo-jogger-maroon-os6,mens-multi-pockets-all-over-printed-baggy-fit-oversized-cargo-jogger-maroon-os6,api_seed,0,0,cargo-pants-for-men|loose-fit-cargo-trousers|top-sellers,cargo-pants-for-men:true|loose-fit-cargo-trousers:true|top-sellers:true,B_collection_crawled_not_linked,3
https://triprindia.com/products/mens-multi-pockets-plain-baggy-fit-oversized-cargo-jogger-beige,mens-multi-pockets-plain-baggy-fit-oversized-cargo-jogger-beige,api_seed,0,0,best-seller|bottom-wear|cargo-pants-for-men|loose-fit-cargo-trousers|new-collections|top-sellers,best-seller:true|bottom-wear:true|cargo-pants-for-men:true|loose-fit-cargo-trousers:true|new-collections:true|top-sellers:true,B_collection_crawled_not_linked,6
https://triprindia.com/products/mens-multi-pockets-plain-baggy-fit-oversized-cargo-jogger-black,mens-multi-pockets-plain-baggy-fit-oversized-cargo-jogger-black,api_seed,0,0,bottom-wear|cargo-pants-for-men|loose-fit-cargo-trousers|new-collections|top-sellers,bottom-wear:true|cargo-pants-for-men:true|loose-fit-cargo-trousers:true|new-collections:true|top-sellers:true,B_collection_crawled_not_linked,5
https://triprindia.com/products/mens-multi-pockets-plain-baggy-fit-oversized-cargo-jogger-grey,mens-multi-pockets-plain-baggy-fit-oversized-cargo-jogger-grey,api_seed,0,0,bottom-wear|cargo-pants-for-men|loose-fit-cargo-trousers|new-collections|top-sellers,bottom-wear:true|cargo-pants-for-men:true|loose-fit-cargo-trousers:true|new-collections:true|top-sellers:true,B_collection_crawled_not_linked,5
https://triprindia.com/products/mens-multi-pockets-plain-baggy-fit-oversized-cargo-jogger-olive-green,mens-multi-pockets-plain-baggy-fit-oversized-cargo-jogger-olive-green,api_seed,0,0,bottom-wear|cargo-pants-for-men|loose-fit-cargo-trousers|new-collections|top-sellers,bottom-wear:true|cargo-pants-for-men:true|loose-fit-cargo-trousers:true|new-collections:true|top-sellers:true,B_collection_crawled_not_linked,5
https://triprindia.com/products/mens-multi-pockets-plain-baggy-fit-oversized-cargo-jogger-white,mens-multi-pockets-plain-baggy-fit-oversized-cargo-jogger-white,api_seed,0,0,bottom-wear|cargo-pants-for-men|loose-fit-cargo-trousers|top-sellers,bottom-wear:true|cargo-pants-for-men:true|loose-fit-cargo-trousers:true|top-sellers:true,B_collection_crawled_not_linked,4
https://triprindia.com/products/mens-multi-pockets-plain-baggy-fit-solid-cargo-jogger-5-colors,mens-multi-pockets-plain-baggy-fit-solid-cargo-jogger-5-colors,api_seed,0,0,best-seller|bottom-wear|cargo-pants-for-men|new-collections,best-seller:true|bottom-wear:true|cargo-pants-for-men:true|new-collections:true,B_collection_crawled_not_linked,4
https://triprindia.com/products/mens-olivegreen-full-sleeve-plain-hooded-t-shirt,mens-olivegreen-full-sleeve-plain-hooded-t-shirt,api_seed,0,0,best-seller|full-sleeve-t-shirt-for-men|hooded-t-shirt|plain-tshirt|t-shirt|top-wear-collections,best-seller:true|full-sleeve-t-shirt-for-men:true|hooded-t-shirt:true|plain-tshirt:true|t-shirt:true|top-wear-collections:true,B_collection_crawled_not_linked,6
https://triprindia.com/products/mens-outdoor-shorts-red-printed,mens-outdoor-shorts-red-printed,api_seed,0,0,best-seller|shorts,best-seller:true|shorts:true,B_collection_crawled_not_linked,2
https://triprindia.com/products/mens-plain-combo-pack-track-pants-plain-j95,mens-plain-combo-pack-track-pants-plain-j95,api_seed,0,0,bottom-wear|combos|new-collections|track-pants-for-men,bottom-wear:true|combos:true|new-collections:true|track-pants-for-men:true,B_collection_crawled_not_linked,4
https://triprindia.com/products/mens-regular-brown-black-shorts,mens-regular-brown-black-shorts,api_seed,0,0,best-seller|bottom-wear|shorts,best-seller:true|bottom-wear:true|shorts:true,B_collection_crawled_not_linked,3
https://triprindia.com/products/mens-regular-fit-cotton-checked-shirt-blue-beige-sh103,mens-regular-fit-cotton-checked-shirt-blue-beige-sh103,api_seed,0,0,shirts,shirts:true,B_collection_crawled_not_linked,1
https://triprindia.com/products/mens-shorts-under-200-color-block-grey,mens-shorts-under-200-color-block-grey,api_seed,0,0,best-seller|bottom-wear|shorts,best-seller:true|bottom-wear:true|shorts:true,B_collection_crawled_not_linked,3
https://triprindia.com/products/mens-sleeveless-grey-printed-vest,mens-sleeveless-grey-printed-vest,api_seed,0,0,baniyan-for-men|best-seller|printed-vest,baniyan-for-men:true|best-seller:true|printed-vest:true,B_collection_crawled_not_linked,3
https://triprindia.com/products/mens-slim-fit-beige-shorts,mens-slim-fit-beige-shorts,api_seed,0,0,bottom-wear|shorts,bottom-wear:true|shorts:true,B_collection_crawled_not_linked,2
https://triprindia.com/products/mens-slim-fit-printed-shorts,mens-slim-fit-printed-shorts,api_seed,0,0,best-seller|bottom-wear|shorts,best-seller:true|bottom-wear:true|shorts:true,B_collection_crawled_not_linked,3
https://triprindia.com/products/mens-solid-full-hand-olive-green-tshirt,mens-solid-full-hand-olive-green-tshirt,api_seed,0,0,all-tshirt|full-sleeve-t-shirt-for-men|plain-tshirt|t-shirt|top-sellers,all-tshirt:true|full-sleeve-t-shirt-for-men:true|plain-tshirt:true|t-shirt:true|top-sellers:true,B_collection_crawled_not_linked,5
https://triprindia.com/products/mens-solid-full-sleeve-maroon-tshirt,mens-solid-full-sleeve-maroon-tshirt,api_seed,0,0,all-tshirt|full-sleeve-t-shirt-for-men|mandarin-collar-t-shirts|t-shirt|top-sellers,all-tshirt:true|full-sleeve-t-shirt-for-men:true|mandarin-collar-t-shirts:true|t-shirt:true|top-sellers:true,B_collection_crawled_not_linked,5
https://triprindia.com/products/mens-star-printed-trackpants-6-color-variants-j68,mens-star-printed-trackpants-6-color-variants-j68,api_seed,0,0,best-seller|bottom-wear|track-pants-for-men,best-seller:true|bottom-wear:true|track-pants-for-men:true,B_collection_crawled_not_linked,3
https://triprindia.com/products/mens-textured-pattren-full-sleeve-white-shirt-sh94,mens-textured-pattren-full-sleeve-white-shirt-sh94,api_seed,0,0,new-collections|shirts,new-collections:true|shirts:true,B_collection_crawled_not_linked,2
https://triprindia.com/products/mens-textured-pattren-striped-casual-shirt-multicolor-sh95,mens-textured-pattren-striped-casual-shirt-multicolor-sh95,api_seed,0,0,new-collections|shirts,new-collections:true|shirts:true,B_collection_crawled_not_linked,2
https://triprindia.com/products/mens-track-suit-full-sleeve-beige-t-shirt-black-track-pant,mens-track-suit-full-sleeve-beige-t-shirt-black-track-pant,api_seed,0,0,track-suite,track-suite:true,B_collection_crawled_not_linked,1
https://triprindia.com/products/mens-track-suit-full-sleeve-black-t-shirt-grey-track-pant,mens-track-suit-full-sleeve-black-t-shirt-grey-track-pant,api_seed,0,0,track-suite,track-suite:true,B_collection_crawled_not_linked,1
https://triprindia.com/products/mens-track-suit-full-sleeve-white-t-shirt-navy-track-pant,mens-track-suit-full-sleeve-white-t-shirt-navy-track-pant,api_seed,0,0,track-suite,track-suite:true,B_collection_crawled_not_linked,1
https://triprindia.com/products/mens-track-suit-olive-green-plain-half-sleeve-t-shirt-plain-jogger,mens-track-suit-olive-green-plain-half-sleeve-t-shirt-plain-jogger,api_seed,0,0,track-suite,track-suite:true,B_collection_crawled_not_linked,1
https://triprindia.com/products/mens-track-suit-white-plain-half-sleeve-t-shirt-plain-jogger,mens-track-suit-white-plain-half-sleeve-t-shirt-plain-jogger,api_seed,0,0,no_collection,,A_no_collection,0
https://triprindia.com/products/mens-tracksuit-17,mens-tracksuit-17,api_seed,0,0,track-suite,track-suite:true,B_collection_crawled_not_linked,1
https://triprindia.com/products/mens-tracksuit-24,mens-tracksuit-24,api_seed,0,0,track-suite,track-suite:true,B_collection_crawled_not_linked,1
https://triprindia.com/products/mens-tracksuit-8,mens-tracksuit-8,api_seed,0,0,track-suite,track-suite:true,B_collection_crawled_not_linked,1
https://triprindia.com/products/mens-tracksuit-half-sleeve-over-size-beige-t-shirt-black-plain-trackpant,mens-tracksuit-half-sleeve-over-size-beige-t-shirt-black-plain-trackpant,api_seed,0,0,track-suite,track-suite:true,B_collection_crawled_not_linked,1
https://triprindia.com/products/mens-tracksuit-maroon-black-4,mens-tracksuit-maroon-black-4,api_seed,0,0,track-suite,track-suite:true,B_collection_crawled_not_linked,1
https://triprindia.com/products/mens-tracksuit-maroon-tshirt-black-jogger-7,mens-tracksuit-maroon-tshirt-black-jogger-7,api_seed,0,0,top-wear-collections|track-suite,top-wear-collections:true|track-suite:true,B_collection_crawled_not_linked,2
https://triprindia.com/products/mens-tracksuit-olive-green-t-shirt-black-track-pant,mens-tracksuit-olive-green-t-shirt-black-track-pant,api_seed,0,0,track-suite,track-suite:true,B_collection_crawled_not_linked,1
https://triprindia.com/products/olive-green-mens-shorts-printed,olive-green-mens-shorts-printed,api_seed,0,0,best-seller|bottom-wear|shorts,best-seller:true|bottom-wear:true|shorts:true,B_collection_crawled_not_linked,3
https://triprindia.com/products/olivegreen-black-cargo-jogger-for-men,olivegreen-black-cargo-jogger-for-men,api_seed,0,0,best-seller|bottom-wear|cargo-pants-for-men|top-sellers,best-seller:true|bottom-wear:true|cargo-pants-for-men:true|top-sellers:true,B_collection_crawled_not_linked,4
https://triprindia.com/products/oversized-tshirt-under-500,oversized-tshirt-under-500,api_seed,0,0,oversized-tshirt|t-shirt|t-shirt-combo|top-wear-collections,oversized-tshirt:true|t-shirt:true|t-shirt-combo:true|top-wear-collections:true,B_collection_crawled_not_linked,4
https://triprindia.com/products/pack-of-1-men-half-sleeve-round-neck-plain-t-shirt-beige,pack-of-1-men-half-sleeve-round-neck-plain-t-shirt-beige,api_seed,0,0,half-sleeve-t-shirt|plain-tshirt|t-shirt|top-wear-collections,half-sleeve-t-shirt:true|plain-tshirt:true|t-shirt:true|top-wear-collections:true,B_collection_crawled_not_linked,4
https://triprindia.com/products/pack-of-1-men-half-sleeve-round-neck-plain-t-shirt-black,pack-of-1-men-half-sleeve-round-neck-plain-t-shirt-black,api_seed,0,0,half-sleeve-t-shirt|plain-tshirt|t-shirt|top-wear-collections,half-sleeve-t-shirt:true|plain-tshirt:true|t-shirt:true|top-wear-collections:true,B_collection_crawled_not_linked,4
https://triprindia.com/products/pack-of-1-men-half-sleeve-round-neck-plain-t-shirt-brown,pack-of-1-men-half-sleeve-round-neck-plain-t-shirt-brown,api_seed,0,0,half-sleeve-t-shirt|plain-tshirt|t-shirt|top-wear-collections,half-sleeve-t-shirt:true|plain-tshirt:true|t-shirt:true|top-wear-collections:true,B_collection_crawled_not_linked,4
https://triprindia.com/products/pack-of-1-men-half-sleeve-round-neck-plain-t-shirt-charcoal-black,pack-of-1-men-half-sleeve-round-neck-plain-t-shirt-charcoal-black,api_seed,0,0,best-seller|half-sleeve-t-shirt|plain-tshirt|t-shirt,best-seller:true|half-sleeve-t-shirt:true|plain-tshirt:true|t-shirt:true,B_collection_crawled_not_linked,4
https://triprindia.com/products/pack-of-1-men-half-sleeve-round-neck-plain-t-shirt-dark-grey,pack-of-1-men-half-sleeve-round-neck-plain-t-shirt-dark-grey,api_seed,0,0,half-sleeve-t-shirt|plain-tshirt|t-shirt|top-sellers|top-wear-collections,half-sleeve-t-shirt:true|plain-tshirt:true|t-shirt:true|top-sellers:true|top-wear-collections:true,B_collection_crawled_not_linked,5
https://triprindia.com/products/pack-of-1-men-half-sleeve-round-neck-plain-t-shirt-maroon,pack-of-1-men-half-sleeve-round-neck-plain-t-shirt-maroon,api_seed,0,0,half-sleeve-t-shirt|plain-tshirt|t-shirt|top-wear-collections,half-sleeve-t-shirt:true|plain-tshirt:true|t-shirt:true|top-wear-collections:true,B_collection_crawled_not_linked,4
https://triprindia.com/products/pack-of-1-men-half-sleeve-round-neck-plain-t-shirt-navy-blue,pack-of-1-men-half-sleeve-round-neck-plain-t-shirt-navy-blue,api_seed,0,0,half-sleeve-t-shirt|plain-tshirt|t-shirt|top-wear-collections,half-sleeve-t-shirt:true|plain-tshirt:true|t-shirt:true|top-wear-collections:true,B_collection_crawled_not_linked,4
https://triprindia.com/products/pack-of-2-all-over-printed-over-size-t-shirts-white,pack-of-2-all-over-printed-over-size-t-shirts-white,api_seed,0,0,combos|oversized-tshirt|t-shirt|t-shirt-combo,combos:true|oversized-tshirt:true|t-shirt:true|t-shirt-combo:true,B_collection_crawled_not_linked,4
https://triprindia.com/products/pack-of-2-half-sleeve-printed-t-shirts-d186-black-d173-white,pack-of-2-half-sleeve-printed-t-shirts-d186-black-d173-white,api_seed,0,0,all-tshirt|combos|half-sleeve-t-shirt|printed-tshirt|t-shirt|t-shirt-combo|top-wear-collections,all-tshirt:true|combos:true|half-sleeve-t-shirt:true|printed-tshirt:true|t-shirt:true|t-shirt-combo:true|top-wear-collections:true,B_collection_crawled_not_linked,7
https://triprindia.com/products/pack-of-2-men-multicolor-printed-trunk,pack-of-2-men-multicolor-printed-trunk,api_seed,0,0,men-innerwear-trunks,men-innerwear-trunks:true,B_collection_crawled_not_linked,1
https://triprindia.com/products/pack-of-2-men-plain-v-neck-top-vest-vt2-beige-vt2-olive-green,pack-of-2-men-plain-v-neck-top-vest-vt2-beige-vt2-olive-green,api_seed,0,0,best-seller|printed-vest,best-seller:true|printed-vest:true,B_collection_crawled_not_linked,2
https://triprindia.com/products/pack-of-2-men-plain-v-neck-top-vest-vt2-navy-vt2-beige,pack-of-2-men-plain-v-neck-top-vest-vt2-navy-vt2-beige,api_seed,0,0,best-seller|printed-vest,best-seller:true|printed-vest:true,B_collection_crawled_not_linked,2
https://triprindia.com/products/pack-of-2-men-plain-v-neck-top-vest-vt2-navy-vt2-grey,pack-of-2-men-plain-v-neck-top-vest-vt2-navy-vt2-grey,api_seed,0,0,printed-vest,printed-vest:true,B_collection_crawled_not_linked,1
https://triprindia.com/products/pack-of-2-men-printed-black-grey-j62-black-grey-j63-trackpants,pack-of-2-men-printed-black-grey-j62-black-grey-j63-trackpants,api_seed,0,0,bottom-wear|combos|new-collections|top-sellers|track-pants-for-men,bottom-wear:true|combos:true|new-collections:true|top-sellers:true|track-pants-for-men:true,B_collection_crawled_not_linked,5
https://triprindia.com/products/pack-of-2-men-printed-multicolor-trunks,pack-of-2-men-printed-multicolor-trunks,api_seed,0,0,men-innerwear-trunks,men-innerwear-trunks:true,B_collection_crawled_not_linked,1
https://triprindia.com/products/pack-of-2-mens-cotton-blend-solid-navyblue-black-joggers,pack-of-2-mens-cotton-blend-solid-navyblue-black-joggers,api_seed,0,0,bottom-wear|track-pants-for-men,bottom-wear:true|track-pants-for-men:true,B_collection_crawled_not_linked,2
https://triprindia.com/products/pack-of-2-mens-cotton-blend-solid-olive-black-joggers,pack-of-2-mens-cotton-blend-solid-olive-black-joggers,api_seed,0,0,bottom-wear|combos|new-collections|top-sellers|track-pants-for-men,bottom-wear:true|combos:true|new-collections:true|top-sellers:true|track-pants-for-men:true,B_collection_crawled_not_linked,5
https://triprindia.com/products/pack-of-2-mens-cotton-blend-solid-olive-navyblue-joggers,pack-of-2-mens-cotton-blend-solid-olive-navyblue-joggers,api_seed,0,0,bottom-wear|track-pants-for-men,bottom-wear:true|track-pants-for-men:true,B_collection_crawled_not_linked,2
https://triprindia.com/products/pack-of-2-mens-full-sleeve-high-neck-printed-t-shirts-black-white-d189,pack-of-2-mens-full-sleeve-high-neck-printed-t-shirts-black-white-d189,api_seed,0,0,best-seller|combos|full-sleeve-t-shirt-for-men|printed-tshirt|t-shirt-combo|top-wear-collections,best-seller:true|combos:true|full-sleeve-t-shirt-for-men:true|printed-tshirt:true|t-shirt-combo:true|top-wear-collections:true,B_collection_crawled_not_linked,6
https://triprindia.com/products/pack-of-2-mens-full-sleeve-plain-hooded-t-shirts-z133-grey-black,pack-of-2-mens-full-sleeve-plain-hooded-t-shirts-z133-grey-black,api_seed,0,0,best-seller|combos|full-sleeve-t-shirt-for-men|hooded-t-shirt|plain-tshirt|t-shirt|top-wear-collections,best-seller:true|combos:true|full-sleeve-t-shirt-for-men:true|hooded-t-shirt:true|plain-tshirt:true|t-shirt:true|top-wear-collections:true,B_collection_crawled_not_linked,7
https://triprindia.com/products/pack-of-2-mens-full-sleeve-plain-hooded-t-shirts-z133-grey-olivegreen,pack-of-2-mens-full-sleeve-plain-hooded-t-shirts-z133-grey-olivegreen,api_seed,0,0,best-seller|combos|full-sleeve-t-shirt-for-men|hooded-t-shirt|plain-tshirt|t-shirt|t-shirt-combo|top-sellers|top-wear-collections,best-seller:true|combos:true|full-sleeve-t-shirt-for-men:true|hooded-t-shirt:true|plain-tshirt:true|t-shirt:true|t-shirt-combo:true|top-sellers:true|top-wear-collections:true,B_collection_crawled_not_linked,9
https://triprindia.com/products/pack-of-2-mens-full-sleeve-plain-hooded-t-shirts-z133-olive-black,pack-of-2-mens-full-sleeve-plain-hooded-t-shirts-z133-olive-black,api_seed,0,0,best-seller|combos|full-sleeve-t-shirt-for-men|hooded-t-shirt|plain-tshirt|t-shirt|t-shirt-combo|top-wear-collections,best-seller:true|combos:true|full-sleeve-t-shirt-for-men:true|hooded-t-shirt:true|plain-tshirt:true|t-shirt:true|t-shirt-combo:true|top-wear-collections:true,B_collection_crawled_not_linked,8
https://triprindia.com/products/pack-of-2-plain-track-pant-balck-grey,pack-of-2-plain-track-pant-balck-grey,api_seed,0,0,best-seller|combos|track-pants-for-men,best-seller:true|combos:true|track-pants-for-men:true,B_collection_crawled_not_linked,3
https://triprindia.com/products/pack-of-2-plain-v-neck-vest-vt2-grey-olive-green,pack-of-2-plain-v-neck-vest-vt2-grey-olive-green,api_seed,0,0,printed-vest,printed-vest:true,B_collection_crawled_not_linked,1
https://triprindia.com/products/pack-of-2-plain-vest-vt2-olive-vt2-navy-blue,pack-of-2-plain-vest-vt2-olive-vt2-navy-blue,api_seed,0,0,printed-vest,printed-vest:true,B_collection_crawled_not_linked,1
https://triprindia.com/products/pack-of-2-quarter-zip-polo-neck-full-sleeve-combo-tshirts,pack-of-2-quarter-zip-polo-neck-full-sleeve-combo-tshirts,api_seed,0,0,best-seller|combos|full-sleeve-t-shirt-for-men|polos|t-shirt|top-sellers,best-seller:true|combos:true|full-sleeve-t-shirt-for-men:true|polos:true|t-shirt:true|top-sellers:true,B_collection_crawled_not_linked,6
https://triprindia.com/products/pack-of-3-black-beige-round-neck-printed-sleeveless-vest-combo-1,pack-of-3-black-beige-round-neck-printed-sleeveless-vest-combo-1,api_seed,0,0,best-seller|combos,best-seller:true|combos:true,B_collection_crawled_not_linked,2
https://triprindia.com/products/pack-of-3-half-sleeve-printed-tshirts-12-variants,pack-of-3-half-sleeve-printed-tshirts-12-variants,api_seed,0,0,all-tshirt|best-seller|combos|half-sleeve-t-shirt|printed-tshirt|t-shirt|t-shirt-combo|top-wear-collections,all-tshirt:true|best-seller:true|combos:true|half-sleeve-t-shirt:true|printed-tshirt:true|t-shirt:true|t-shirt-combo:true|top-wear-collections:true,B_collection_crawled_not_linked,8
https://triprindia.com/products/pack-of-3-half-sleeve-printed-tshirts-17-variants,pack-of-3-half-sleeve-printed-tshirts-17-variants,api_seed,0,0,all-tshirt|best-seller|combos|half-sleeve-t-shirt|printed-tshirt|t-shirt|top-sellers|top-wear-collections,all-tshirt:true|best-seller:true|combos:true|half-sleeve-t-shirt:true|printed-tshirt:true|t-shirt:true|top-sellers:true|top-wear-collections:true,B_collection_crawled_not_linked,8
https://triprindia.com/products/pack-of-3-men-round-neck-plain-waffle-vest-vt10-maroon-red-white,pack-of-3-men-round-neck-plain-waffle-vest-vt10-maroon-red-white,api_seed,0,0,printed-vest|top-sellers,printed-vest:true|top-sellers:true,B_collection_crawled_not_linked,2
https://triprindia.com/products/pack-of-3-printed-half-sleeve-tshirts-12-variants,pack-of-3-printed-half-sleeve-tshirts-12-variants,api_seed,0,0,all-tshirt|best-seller|combos|half-sleeve-t-shirt|printed-tshirt|t-shirt|t-shirt-combo|top-wear-collections,all-tshirt:true|best-seller:true|combos:true|half-sleeve-t-shirt:true|printed-tshirt:true|t-shirt:true|t-shirt-combo:true|top-wear-collections:true,B_collection_crawled_not_linked,8
https://triprindia.com/products/pack-of-3-round-neck-printed-vest-vt4-black-vt6-black-vt5-black,pack-of-3-round-neck-printed-vest-vt4-black-vt6-black-vt5-black,api_seed,0,0,best-seller,best-seller:true,B_collection_crawled_not_linked,1
https://triprindia.com/products/pack-of-4-men-tops-colorblock-vest-multicolour,pack-of-4-men-tops-colorblock-vest-multicolour,api_seed,0,0,combos|printed-vest,combos:true|printed-vest:true,B_collection_crawled_not_linked,2
https://triprindia.com/products/pack-of-4-mens-baniyans-black-grey,pack-of-4-mens-baniyans-black-grey,api_seed,0,0,baniyan-for-men|best-seller|printed-vest|top-sellers,baniyan-for-men:true|best-seller:true|printed-vest:true|top-sellers:true,B_collection_crawled_not_linked,4
https://triprindia.com/products/pack-of-4-mens-printed-vests-grey,pack-of-4-mens-printed-vests-grey,api_seed,0,0,baniyan-for-men|printed-vest|top-wear-collections,baniyan-for-men:true|printed-vest:true|top-wear-collections:true,B_collection_crawled_not_linked,3
https://triprindia.com/products/pack-of-4-mens-round-neck-printed-vest-vt-4-black-vt-5-black-vt-6-black-vt-8-black,pack-of-4-mens-round-neck-printed-vest-vt-4-black-vt-5-black-vt-6-black-vt-8-black,api_seed,0,0,best-seller|printed-vest,best-seller:true|printed-vest:true,B_collection_crawled_not_linked,2
https://triprindia.com/products/pack-of-4-mens-round-neck-printed-vest-vt-7-black-vt-4-black-vt-8-black-vt-5-black,pack-of-4-mens-round-neck-printed-vest-vt-7-black-vt-4-black-vt-8-black-vt-5-black,api_seed,0,0,best-seller|printed-vest,best-seller:true|printed-vest:true,B_collection_crawled_not_linked,2
https://triprindia.com/products/pink-trunk-for-men-u9,pink-trunk-for-men-u9,api_seed,0,0,innerwear|men-innerwear-trunks,innerwear:true|men-innerwear-trunks:true,B_collection_crawled_not_linked,2
https://triprindia.com/products/plain-gym-vest-for-men-black,plain-gym-vest-for-men-black,api_seed,0,0,printed-vest,printed-vest:true,B_collection_crawled_not_linked,1
https://triprindia.com/products/plain-gym-vest-for-men-olive-green,plain-gym-vest-for-men-olive-green,api_seed,0,0,best-seller|new-collections|printed-vest,best-seller:true|new-collections:true|printed-vest:true,B_collection_crawled_not_linked,3
https://triprindia.com/products/polo-fit-half-sleeve-zip-type-t-shirt-p46,polo-fit-half-sleeve-zip-type-t-shirt-p46,api_seed,0,0,all-tshirt|polos|t-shirt|top-wear-collections,all-tshirt:true|polos:true|t-shirt:true|top-wear-collections:true,B_collection_crawled_not_linked,4
https://triprindia.com/products/printed-men-vest-combo-pack-of-three,printed-men-vest-combo-pack-of-three,api_seed,0,0,baniyan-for-men|best-seller|printed-vest|top-wear-collections,baniyan-for-men:true|best-seller:true|printed-vest:true|top-wear-collections:true,B_collection_crawled_not_linked,4
https://triprindia.com/products/printed-vest-combo-pack-of-3-for-men,printed-vest-combo-pack-of-3-for-men,api_seed,0,0,baniyan-for-men|printed-vest|top-wear-collections,baniyan-for-men:true|printed-vest:true|top-wear-collections:true,B_collection_crawled_not_linked,3
https://triprindia.com/products/quarter-zip-dual-color-half-sleeve-high-neck-t-shirt-d189-black-white,quarter-zip-dual-color-half-sleeve-high-neck-t-shirt-d189-black-white,api_seed,0,0,all-tshirt|half-sleeve-t-shirt|high-neck-t-shirts|printed-tshirt|t-shirt|top-wear-collections,all-tshirt:true|half-sleeve-t-shirt:true|high-neck-t-shirts:true|printed-tshirt:true|t-shirt:true|top-wear-collections:true,B_collection_crawled_not_linked,6
https://triprindia.com/products/quarter-zip-dual-color-half-sleeve-high-neck-t-shirt-d189-grey-black,quarter-zip-dual-color-half-sleeve-high-neck-t-shirt-d189-grey-black,api_seed,0,0,all-tshirt|half-sleeve-t-shirt|printed-tshirt|t-shirt|top-wear-collections,all-tshirt:true|half-sleeve-t-shirt:true|printed-tshirt:true|t-shirt:true|top-wear-collections:true,B_collection_crawled_not_linked,5
https://triprindia.com/products/quarter-zip-dual-color-half-sleeve-high-neck-t-shirt-d189-white-black,quarter-zip-dual-color-half-sleeve-high-neck-t-shirt-d189-white-black,api_seed,0,0,all-tshirt|half-sleeve-t-shirt|high-neck-t-shirts|printed-tshirt|t-shirt|top-wear-collections,all-tshirt:true|half-sleeve-t-shirt:true|high-neck-t-shirts:true|printed-tshirt:true|t-shirt:true|top-wear-collections:true,B_collection_crawled_not_linked,6
https://triprindia.com/products/red-printed-men-vest,red-printed-men-vest,api_seed,0,0,baniyan-for-men|best-seller|printed-vest,baniyan-for-men:true|best-seller:true|printed-vest:true,B_collection_crawled_not_linked,3
https://triprindia.com/products/red-trunk-for-men-u11,red-trunk-for-men-u11,api_seed,0,0,innerwear|men-innerwear-trunks,innerwear:true|men-innerwear-trunks:true,B_collection_crawled_not_linked,2
https://triprindia.com/products/samurai-dragon-graphic-design-printed-oversized-tshirt-black-d215,samurai-dragon-graphic-design-printed-oversized-tshirt-black-d215,api_seed,0,0,all-tshirt|best-seller|oversized-tshirt|printed-tshirt|t-shirt|top-wear-collections,all-tshirt:true|best-seller:true|oversized-tshirt:true|printed-tshirt:true|t-shirt:true|top-wear-collections:true,B_collection_crawled_not_linked,6
https://triprindia.com/products/solid-men-black-navy-blue-track-pants-pack-of-2,solid-men-black-navy-blue-track-pants-pack-of-2,api_seed,0,0,bottom-wear,bottom-wear:true,B_collection_crawled_not_linked,1
https://triprindia.com/products/tank-tops-combo-pack-of-2-navyblue,tank-tops-combo-pack-of-2-navyblue,api_seed,0,0,baniyan-for-men|combos|printed-vest,baniyan-for-men:true|combos:true|printed-vest:true,B_collection_crawled_not_linked,3
https://triprindia.com/products/track-suit-black-wite-full-sleeve-d194-t-shirt-j68-black-track-pant,track-suit-black-wite-full-sleeve-d194-t-shirt-j68-black-track-pant,api_seed,0,0,track-suite,track-suite:true,B_collection_crawled_not_linked,1
https://triprindia.com/products/track-suit-for-men-beige-t-shirt-beige-track-pant,track-suit-for-men-beige-t-shirt-beige-track-pant,api_seed,0,0,track-suite,track-suite:true,B_collection_crawled_not_linked,1
https://triprindia.com/products/track-suit-for-men-grey-t-shirt-grey-track-pant,track-suit-for-men-grey-t-shirt-grey-track-pant,api_seed,0,0,track-suite,track-suite:true,B_collection_crawled_not_linked,1
https://triprindia.com/products/track-suit-for-round-neck-printed-t-shirt-plain-loose-fit-track-pant,track-suit-for-round-neck-printed-t-shirt-plain-loose-fit-track-pant,api_seed,0,0,combos|new-collections|track-suite,combos:true|new-collections:true|track-suite:true,B_collection_crawled_not_linked,3
https://triprindia.com/products/track-suit-olive-green-half-sleeve-t-shirt-with-plain-grey-track-pant,track-suit-olive-green-half-sleeve-t-shirt-with-plain-grey-track-pant,api_seed,0,0,track-suite,track-suite:true,B_collection_crawled_not_linked,1
https://triprindia.com/products/track-suit-printed-d184-beige-t-shirt-with-printed-track-pant-j61-black,track-suit-printed-d184-beige-t-shirt-with-printed-track-pant-j61-black,api_seed,0,0,track-suite,track-suite:true,B_collection_crawled_not_linked,1
https://triprindia.com/products/track-suit-printed-d184-black-t-shirt-with-plain-track-pant-grey,track-suit-printed-d184-black-t-shirt-with-plain-track-pant-grey,api_seed,0,0,track-suite,track-suite:true,B_collection_crawled_not_linked,1
https://triprindia.com/products/track-suit-printed-d184-black-t-shirt-with-printed-track-pant-j61-beige,track-suit-printed-d184-black-t-shirt-with-printed-track-pant-j61-beige,api_seed,0,0,track-suite,track-suite:true,B_collection_crawled_not_linked,1
https://triprindia.com/products/track-suit-printed-d184-black-t-shirt-with-printed-track-pant-j61-grey,track-suit-printed-d184-black-t-shirt-with-printed-track-pant-j61-grey,api_seed,0,0,track-suite,track-suite:true,B_collection_crawled_not_linked,1
https://triprindia.com/products/track-suit-printed-d184-black-t-shirt-with-printed-track-pant-j61-olive-green,track-suit-printed-d184-black-t-shirt-with-printed-track-pant-j61-olive-green,api_seed,0,0,track-suite,track-suite:true,B_collection_crawled_not_linked,1
https://triprindia.com/products/track-suit-printed-d184-grey-t-shirt-with-plain-track-pant-black,track-suit-printed-d184-grey-t-shirt-with-plain-track-pant-black,api_seed,0,0,track-suite,track-suite:true,B_collection_crawled_not_linked,1
https://triprindia.com/products/track-suit-printed-d184-grey-t-shirt-with-printed-track-pant-j61-maroon,track-suit-printed-d184-grey-t-shirt-with-printed-track-pant-j61-maroon,api_seed,0,0,track-suite,track-suite:true,B_collection_crawled_not_linked,1
https://triprindia.com/products/track-suit-printed-d184-grey-t-shirt-with-printed-track-pant-j61-olive-green,track-suit-printed-d184-grey-t-shirt-with-printed-track-pant-j61-olive-green,api_seed,0,0,track-suite,track-suite:true,B_collection_crawled_not_linked,1
https://triprindia.com/products/track-suit-printed-d184-maroon-t-shirt-with-plain-track-pant-black,track-suit-printed-d184-maroon-t-shirt-with-plain-track-pant-black,api_seed,0,0,track-suite,track-suite:true,B_collection_crawled_not_linked,1
https://triprindia.com/products/track-suit-printed-d184-maroon-t-shirt-with-plain-track-pant-grey,track-suit-printed-d184-maroon-t-shirt-with-plain-track-pant-grey,api_seed,0,0,track-suite,track-suite:true,B_collection_crawled_not_linked,1
https://triprindia.com/products/track-suit-printed-d184-maroon-t-shirt-with-printed-track-pant-j61-black,track-suit-printed-d184-maroon-t-shirt-with-printed-track-pant-j61-black,api_seed,0,0,track-suite,track-suite:true,B_collection_crawled_not_linked,1
https://triprindia.com/products/track-suit-printed-d184-maroon-t-shirt-with-printed-track-pant-j61-grey,track-suit-printed-d184-maroon-t-shirt-with-printed-track-pant-j61-grey,api_seed,0,0,track-suite,track-suite:true,B_collection_crawled_not_linked,1
https://triprindia.com/products/track-suit-printed-d184-olive-green-t-shirt-with-plain-track-pant-black,track-suit-printed-d184-olive-green-t-shirt-with-plain-track-pant-black,api_seed,0,0,track-suite,track-suite:true,B_collection_crawled_not_linked,1
https://triprindia.com/products/track-suit-printed-d184-olive-green-t-shirt-with-plain-track-pant-grey,track-suit-printed-d184-olive-green-t-shirt-with-plain-track-pant-grey,api_seed,0,0,track-suite,track-suite:true,B_collection_crawled_not_linked,1
https://triprindia.com/products/track-suit-printed-d184-olive-green-t-shirt-with-printed-track-pant-j61-grey,track-suit-printed-d184-olive-green-t-shirt-with-printed-track-pant-j61-grey,api_seed,0,0,track-suite,track-suite:true,B_collection_crawled_not_linked,1
https://triprindia.com/products/track-suit-star-printed-beige-full-sleeve-t-shirt-with-star-printed-track-pant-beige,track-suit-star-printed-beige-full-sleeve-t-shirt-with-star-printed-track-pant-beige,api_seed,0,0,track-suite,track-suite:true,B_collection_crawled_not_linked,1
https://triprindia.com/products/track-suit-star-printed-dark-grey-full-sleeve-t-shirt-with-star-printed-track-pant-dark-grey,track-suit-star-printed-dark-grey-full-sleeve-t-shirt-with-star-printed-track-pant-dark-grey,api_seed,0,0,track-suite,track-suite:true,B_collection_crawled_not_linked,1
https://triprindia.com/products/track-suit-star-printed-full-sleeve-beige-t-shirt-plain-black-track-pant,track-suit-star-printed-full-sleeve-beige-t-shirt-plain-black-track-pant,api_seed,0,0,track-suite,track-suite:true,B_collection_crawled_not_linked,1
https://triprindia.com/products/track-suit-star-printed-full-sleeve-black-t-shirt-plain-grey-track-pant,track-suit-star-printed-full-sleeve-black-t-shirt-plain-grey-track-pant,api_seed,0,0,track-suite,track-suite:true,B_collection_crawled_not_linked,1
https://triprindia.com/products/track-suit-star-printed-full-sleeve-dark-grey-t-shirt-plain-grey-track-pant,track-suit-star-printed-full-sleeve-dark-grey-t-shirt-plain-grey-track-pant,api_seed,0,0,track-suite,track-suite:true,B_collection_crawled_not_linked,1
https://triprindia.com/products/track-suit-star-printed-full-sleeve-maroon-t-shirt-plain-black-track-pant,track-suit-star-printed-full-sleeve-maroon-t-shirt-plain-black-track-pant,api_seed,0,0,track-suite,track-suite:true,B_collection_crawled_not_linked,1
https://triprindia.com/products/track-suit-star-printed-full-sleeve-maroon-t-shirt-plain-grey-track-pant,track-suit-star-printed-full-sleeve-maroon-t-shirt-plain-grey-track-pant,api_seed,0,0,track-suite,track-suite:true,B_collection_crawled_not_linked,1
https://triprindia.com/products/track-suit-star-printed-full-sleeve-navy-blue-t-shirt-plain-grey-track-pant,track-suit-star-printed-full-sleeve-navy-blue-t-shirt-plain-grey-track-pant,api_seed,0,0,track-suite,track-suite:true,B_collection_crawled_not_linked,1
https://triprindia.com/products/track-suit-star-printed-full-sleeve-olive-green-t-shirt-plain-black-track-pant,track-suit-star-printed-full-sleeve-olive-green-t-shirt-plain-black-track-pant,api_seed,0,0,track-suite,track-suite:true,B_collection_crawled_not_linked,1
https://triprindia.com/products/track-suit-star-printed-maroon-full-sleeve-t-shirt-with-star-printed-track-pant-maroon,track-suit-star-printed-maroon-full-sleeve-t-shirt-with-star-printed-track-pant-maroon,api_seed,0,0,track-suite,track-suite:true,B_collection_crawled_not_linked,1
https://triprindia.com/products/track-suit-star-printed-navy-blue-full-sleeve-t-shirt-with-star-printed-track-pant-navy-blue,track-suit-star-printed-navy-blue-full-sleeve-t-shirt-with-star-printed-track-pant-navy-blue,api_seed,0,0,track-suite,track-suite:true,B_collection_crawled_not_linked,1
https://triprindia.com/products/track-suit-star-printed-olive-green-full-sleeve-t-shirt-with-star-printed-track-pant-olive-green,track-suit-star-printed-olive-green-full-sleeve-t-shirt-with-star-printed-track-pant-olive-green,api_seed,0,0,track-suite,track-suite:true,B_collection_crawled_not_linked,1
https://triprindia.com/products/track-suuit-half-sleeve-d186-olive-green-printed-t-shirt-with-plain-track-pant-grey,track-suuit-half-sleeve-d186-olive-green-printed-t-shirt-with-plain-track-pant-grey,api_seed,0,0,track-suite,track-suite:true,B_collection_crawled_not_linked,1
https://triprindia.com/products/tracksuit-for-high-neck-tshirt-plain-trackpants-17-variants,tracksuit-for-high-neck-tshirt-plain-trackpants-17-variants,api_seed,0,0,track-suite,track-suite:true,B_collection_crawled_not_linked,1
https://triprindia.com/products/tracksuit-for-men-half-sleeve-black-t-shirt-black-printed-trackpant,tracksuit-for-men-half-sleeve-black-t-shirt-black-printed-trackpant,api_seed,0,0,track-suite,track-suite:true,B_collection_crawled_not_linked,1
https://triprindia.com/products/tracksuit-for-men-half-sleeve-grey-t-shirt-grey-printed-trackpant,tracksuit-for-men-half-sleeve-grey-t-shirt-grey-printed-trackpant,api_seed,0,0,track-suite,track-suite:true,B_collection_crawled_not_linked,1
https://triprindia.com/products/tracksuit-for-men-half-sleeve-olivegreen-t-shirt-olivegreen-printed-trackpant,tracksuit-for-men-half-sleeve-olivegreen-t-shirt-olivegreen-printed-trackpant,api_seed,0,0,track-suite,track-suite:true,B_collection_crawled_not_linked,1
https://triprindia.com/products/tracksuit-for-men-high-neck-full-sleeve-d189-tshirt-plain-j72-baggy-pants-15-variants,tracksuit-for-men-high-neck-full-sleeve-d189-tshirt-plain-j72-baggy-pants-15-variants,api_seed,0,0,track-suite,track-suite:true,B_collection_crawled_not_linked,1
https://triprindia.com/products/tracksuit-for-men-over-sized-printed-d199-white-blue-t-shirt-with-plain-black-track-pant,tracksuit-for-men-over-sized-printed-d199-white-blue-t-shirt-with-plain-black-track-pant,api_seed,0,0,track-suite,track-suite:true,B_collection_crawled_not_linked,1
https://triprindia.com/products/tripr-men-vest-black,tripr-men-vest-black,api_seed,0,0,baniyan-for-men|best-seller|printed-vest,baniyan-for-men:true|best-seller:true|printed-vest:true,B_collection_crawled_not_linked,3
https://triprindia.com/products/tripr-men-vest-combo-of-black-grey-navy-blue,tripr-men-vest-combo-of-black-grey-navy-blue,api_seed,0,0,baniyan-for-men|combos|printed-vest,baniyan-for-men:true|combos:true|printed-vest:true,B_collection_crawled_not_linked,3
https://triprindia.com/products/tripr-men-vest-combo-of-black-navyblue-olive-green,tripr-men-vest-combo-of-black-navyblue-olive-green,api_seed,0,0,baniyan-for-men|printed-vest,baniyan-for-men:true|printed-vest:true,B_collection_crawled_not_linked,2
https://triprindia.com/products/tripr-men-vest-combo-of-black-red-navyblue,tripr-men-vest-combo-of-black-red-navyblue,api_seed,0,0,baniyan-for-men|best-seller|printed-vest|top-wear-collections,baniyan-for-men:true|best-seller:true|printed-vest:true|top-wear-collections:true,B_collection_crawled_not_linked,4
https://triprindia.com/products/tripr-men-vest-combo-of-black-white-olive-green,tripr-men-vest-combo-of-black-white-olive-green,api_seed,0,0,baniyan-for-men|best-seller|printed-vest|top-wear-collections,baniyan-for-men:true|best-seller:true|printed-vest:true|top-wear-collections:true,B_collection_crawled_not_linked,4
https://triprindia.com/products/tripr-men-vest-navy-blue,tripr-men-vest-navy-blue,api_seed,0,0,baniyan-for-men|best-seller,baniyan-for-men:true|best-seller:true,B_collection_crawled_not_linked,2
https://triprindia.com/products/tripr-men-vest-pack-of-2-black-grey,tripr-men-vest-pack-of-2-black-grey,api_seed,0,0,baniyan-for-men|best-seller|combos|printed-vest|top-sellers,baniyan-for-men:true|best-seller:true|combos:true|printed-vest:true|top-sellers:true,B_collection_crawled_not_linked,5
https://triprindia.com/products/tripr-mens-printed-vest-1,tripr-mens-printed-vest-1,api_seed,0,0,baniyan-for-men|best-seller|printed-vest,baniyan-for-men:true|best-seller:true|printed-vest:true,B_collection_crawled_not_linked,3
https://triprindia.com/products/tripr-mens-printed-vest-2,tripr-mens-printed-vest-2,api_seed,0,0,baniyan-for-men|best-seller|printed-vest,baniyan-for-men:true|best-seller:true|printed-vest:true,B_collection_crawled_not_linked,3
https://triprindia.com/products/tripr-mens-printed-vest-3,tripr-mens-printed-vest-3,api_seed,0,0,baniyan-for-men|best-seller|printed-vest,baniyan-for-men:true|best-seller:true|printed-vest:true,B_collection_crawled_not_linked,3
https://triprindia.com/products/tripr-printed-men-black-regular-shorts,tripr-printed-men-black-regular-shorts,api_seed,0,0,best-seller|bottom-wear|shorts,best-seller:true|bottom-wear:true|shorts:true,B_collection_crawled_not_linked,3
https://triprindia.com/products/tripr-printed-men-blue-regular-shorts,tripr-printed-men-blue-regular-shorts,api_seed,0,0,best-seller|bottom-wear|shorts,best-seller:true|bottom-wear:true|shorts:true,B_collection_crawled_not_linked,3
https://triprindia.com/products/white-cargo-trousers,white-cargo-trousers,api_seed,0,0,bottom-wear|cargo-pants-for-men|top-sellers,bottom-wear:true|cargo-pants-for-men:true|top-sellers:true,B_collection_crawled_not_linked,3
https://triprindia.com/products/white-short-sleeve-half-zip-high-neck-tshirts-for-men,white-short-sleeve-half-zip-high-neck-tshirts-for-men,api_seed,0,0,all-tshirt|high-neck-t-shirts|top-wear-collections,all-tshirt:true|high-neck-t-shirts:true|top-wear-collections:true,B_collection_crawled_not_linked,3
